decoding_mode,temperature,top_p,top_k,prompt_id,n_answers,n_pairs,semantic_cosine_distance,semantic_near_duplicate_rate,semantic_similarity_mean,semantic_similarity_sd
pure_top_k,0.1,1.0,10,0,25,300,0.0,1.0,1.0,0.0
pure_top_k,0.1,1.0,10,1,25,300,0.00666113430634141,1.0,0.993338942527771,0.00732699129730463
pure_top_k,0.1,1.0,10,2,25,300,0.03474663943052292,0.8466666666666667,0.9652534127235413,0.08178535848855972
pure_top_k,0.1,1.0,10,3,25,300,0.0023272510152310133,1.0,0.9976727366447449,0.0022697518579661846
pure_top_k,0.1,1.0,10,4,25,300,9.536743306171047e-08,1.0,1.0,1.1699592761260647e-07
pure_top_k,0.1,1.0,10,5,25,300,1.9073486612342094e-07,1.0,0.9999998211860657,1.3562194567384722e-07
pure_top_k,0.1,1.0,10,6,25,300,0.06739339232444763,0.6466666666666666,0.9326066374778748,0.08934400230646133
pure_top_k,0.1,1.0,10,7,25,300,0.04774513095617294,0.5166666666666667,0.9522548317909241,0.029611891135573387
pure_top_k,0.1,1.0,10,8,25,300,3.099441414633475e-08,1.0,1.0,5.970423444523476e-08
pure_top_k,0.1,1.0,10,9,25,300,0.0,1.0,1.0,0.0
pure_top_k,0.1,1.0,10,10,25,300,0.0,1.0,1.0,0.0
pure_top_k,0.1,1.0,10,11,25,300,0.07999646663665771,0.8466666666666667,0.9200034737586975,0.18829263746738434
pure_top_k,0.1,1.0,10,12,25,300,2.384185791015625e-07,1.0,0.9999998211860657,1.7262681240026723e-07
pure_top_k,0.1,1.0,10,13,25,300,0.019278375431895256,0.8466666666666667,0.980721652507782,0.04537655785679817
pure_top_k,0.1,1.0,10,14,25,300,0.0,1.0,1.0,0.0
pure_top_k,0.1,1.0,10,15,25,300,2.3841858265427618e-08,1.0,1.0,8.443453936024525e-08
pure_top_k,0.1,1.0,10,16,25,300,1.0490417423625331e-07,1.0,1.0,1.3925300379469263e-07
pure_top_k,0.1,1.0,10,17,25,300,4.2915345943583816e-08,1.0,1.0,5.066072361614715e-08
pure_top_k,0.1,1.0,10,18,25,300,0.0009802099084481597,1.0,0.9990198016166687,0.00332960719242692
pure_top_k,0.1,1.0,10,19,25,300,0.0,1.0,1.0,0.0
pure_top_k,0.1,1.0,10,20,25,300,0.011039434932172298,1.0,0.9889605641365051,0.011057860217988491
pure_top_k,0.1,1.0,10,21,25,300,0.026316750794649124,0.6566666666666666,0.9736832976341248,0.03943232446908951
pure_top_k,0.1,1.0,10,22,25,300,0.06942937523126602,0.37,0.930570662021637,0.05195077136158943
pure_top_k,0.1,1.0,10,23,25,300,0.0,1.0,1.0,0.0
pure_top_k,0.1,1.0,10,24,25,300,0.10001454502344131,0.4033333333333333,0.8999854326248169,0.07974736392498016
pure_top_k,0.1,1.0,10,25,25,300,0.0,1.0,1.0,0.0
pure_top_k,0.1,1.0,10,26,25,300,0.010491804219782352,1.0,0.9895082712173462,0.00897806603461504
pure_top_k,0.1,1.0,10,27,25,300,0.0,1.0,1.0,0.0
pure_top_k,0.1,1.0,10,28,25,300,0.017493728548288345,0.92,0.9825063347816467,0.04359196871519089
pure_top_k,0.1,1.0,10,29,25,300,0.03818628937005997,0.7733333333333333,0.961813747882843,0.08023731410503387
pure_top_k,0.1,1.0,10,30,25,300,1.6212463549436507e-07,1.0,0.9999998807907104,1.1453258252913656e-07
pure_top_k,0.1,1.0,10,31,25,300,1.4305114426349519e-08,1.0,1.0,5.066072361614715e-08
pure_top_k,0.1,1.0,10,32,25,300,0.008374787867069244,0.9166666666666666,0.991625189781189,0.01794297620654106
pure_top_k,0.1,1.0,10,33,25,300,0.0,1.0,1.0,0.0
pure_top_k,0.1,1.0,10,34,25,300,0.06391610950231552,0.8466666666666667,0.9360838532447815,0.15044346451759338
pure_top_k,0.1,1.0,10,35,25,300,9.536743306171047e-08,1.0,1.0,1.1699592761260647e-07
pure_top_k,0.1,1.0,10,36,25,300,0.0,1.0,1.0,0.0
pure_top_k,0.1,1.0,10,37,25,300,1.668930060816365e-08,1.0,1.0,3.1592509941447133e-08
pure_top_k,0.1,1.0,10,38,25,300,2.1457672971791908e-08,1.0,1.0,3.582254137768359e-08
pure_top_k,0.1,1.0,10,39,25,300,4.7683716530855236e-08,1.0,1.0,5.849796380630323e-08
pure_top_k,0.1,1.0,10,40,25,300,0.012293276377022266,0.92,0.98770672082901,0.041758179664611816
pure_top_k,0.1,1.0,10,41,25,300,8.583069188716763e-08,1.0,1.0,1.013214472322943e-07
pure_top_k,0.1,1.0,10,42,25,300,3.814697180359872e-08,1.0,1.0,4.776338613510234e-08
pure_top_k,0.1,1.0,10,43,25,300,0.10259144753217697,0.6666666666666666,0.897408664226532,0.1453283727169037
pure_top_k,0.1,1.0,10,44,25,300,0.029491612687706947,0.72,0.9705083966255188,0.047370802611112595
pure_top_k,0.1,1.0,10,45,25,300,0.08009746670722961,0.5766666666666667,0.9199025630950928,0.09329419583082199
pure_top_k,0.1,1.0,10,46,25,300,0.0,1.0,1.0,0.0
pure_top_k,0.1,1.0,10,47,25,300,0.08339615166187286,0.25,0.9166038036346436,0.054453205317258835
pure_top_k,0.1,1.0,10,48,25,300,9.298324243900424e-08,1.0,1.0,1.0061536670491478e-07
pure_top_k,0.1,1.0,10,49,25,300,0.0,1.0,1.0,0.0
pure_top_k,0.1,1.0,15,0,25,300,0.0,1.0,1.0,0.0
pure_top_k,0.1,1.0,15,1,25,300,0.0061713471077382565,1.0,0.9938287138938904,0.00726430956274271
pure_top_k,0.1,1.0,15,2,25,300,0.049853868782520294,0.78,0.9501461982727051,0.0940285474061966
pure_top_k,0.1,1.0,15,3,25,300,0.0019041072810068727,1.0,0.9980959296226501,0.002241317881271243
pure_top_k,0.1,1.0,15,4,25,300,9.536743306171047e-08,1.0,1.0,1.1699592761260647e-07
pure_top_k,0.1,1.0,15,5,25,300,1.9073486612342094e-07,1.0,0.9999998211860657,1.3562194567384722e-07
pure_top_k,0.1,1.0,15,6,25,300,0.0643208771944046,0.6533333333333333,0.9356791377067566,0.08634290099143982
pure_top_k,0.1,1.0,15,7,25,300,0.049358662217855453,0.43666666666666665,0.9506414532661438,0.03555532917380333
pure_top_k,0.1,1.0,15,8,25,300,3.099441414633475e-08,1.0,1.0,5.970423444523476e-08
pure_top_k,0.1,1.0,15,9,25,300,0.0,1.0,1.0,0.0
pure_top_k,0.1,1.0,15,10,25,300,0.0,1.0,1.0,0.0
pure_top_k,0.1,1.0,15,11,25,300,0.11476389318704605,0.78,0.8852360844612122,0.2164541780948639
pure_top_k,0.1,1.0,15,12,25,300,0.012510486878454685,0.92,0.9874895215034485,0.042495205998420715
pure_top_k,0.1,1.0,15,13,25,300,0.010058320127427578,0.92,0.9899417161941528,0.03416614234447479
pure_top_k,0.1,1.0,15,14,25,300,0.0,1.0,1.0,0.0
pure_top_k,0.1,1.0,15,15,25,300,2.3841858265427618e-08,1.0,1.0,8.443453936024525e-08
pure_top_k,0.1,1.0,15,16,25,300,1.0490417423625331e-07,1.0,1.0,1.3925300379469263e-07
pure_top_k,0.1,1.0,15,17,25,300,0.00023458719078917056,1.0,0.9997653961181641,0.0005520624108612537
pure_top_k,0.1,1.0,15,18,25,300,0.004980236757546663,1.0,0.9950197339057922,0.006509433966130018
pure_top_k,0.1,1.0,15,19,25,300,0.0,1.0,1.0,0.0
pure_top_k,0.1,1.0,15,20,25,300,0.010009112767875195,1.0,0.9899908304214478,0.011009570211172104
pure_top_k,0.1,1.0,15,21,25,300,0.018597368150949478,0.8,0.981402575969696,0.02688208408653736
pure_top_k,0.1,1.0,15,22,25,300,0.07265613228082657,0.43,0.9273438453674316,0.06222514063119888
pure_top_k,0.1,1.0,15,23,25,300,0.0,1.0,1.0,0.0
pure_top_k,0.1,1.0,15,24,25,300,0.13919350504875183,0.30333333333333334,0.8608064651489258,0.0929010733962059
pure_top_k,0.1,1.0,15,25,25,300,0.0,1.0,1.0,0.0
pure_top_k,0.1,1.0,15,26,25,300,0.010359999723732471,1.0,0.9896398782730103,0.009546236135065556
pure_top_k,0.1,1.0,15,27,25,300,0.08171019703149796,0.71,0.9182897806167603,0.12938250601291656
pure_top_k,0.1,1.0,15,28,25,300,0.0025572648737579584,1.0,0.9974428415298462,0.00868659745901823
pure_top_k,0.1,1.0,15,29,25,300,0.009888002648949623,0.92,0.9901120066642761,0.03358761593699455
pure_top_k,0.1,1.0,15,30,25,300,1.6212463549436507e-07,1.0,0.9999998807907104,1.1453258252913656e-07
pure_top_k,0.1,1.0,15,31,25,300,1.4305114426349519e-08,1.0,1.0,5.066072361614715e-08
pure_top_k,0.1,1.0,15,32,25,300,0.003447900991886854,1.0,0.9965521097183228,0.011711937375366688
pure_top_k,0.1,1.0,15,33,25,300,0.0,1.0,1.0,0.0
pure_top_k,0.1,1.0,15,34,25,300,0.033347535878419876,0.92,0.9666524529457092,0.11327595263719559
pure_top_k,0.1,1.0,15,35,25,300,9.536743306171047e-08,1.0,1.0,1.1699592761260647e-07
pure_top_k,0.1,1.0,15,36,25,300,0.0,1.0,1.0,0.0
pure_top_k,0.1,1.0,15,37,25,300,1.668930060816365e-08,1.0,1.0,3.1592509941447133e-08
pure_top_k,0.1,1.0,15,38,25,300,2.1457672971791908e-08,1.0,1.0,3.582254137768359e-08
pure_top_k,0.1,1.0,15,39,25,300,4.7683716530855236e-08,1.0,1.0,5.849796380630323e-08
pure_top_k,0.1,1.0,15,40,25,300,0.0,1.0,1.0,0.0
pure_top_k,0.1,1.0,15,41,25,300,8.583069188716763e-08,1.0,1.0,1.013214472322943e-07
pure_top_k,0.1,1.0,15,42,25,300,3.814697180359872e-08,1.0,1.0,4.776338613510234e-08
pure_top_k,0.1,1.0,15,43,25,300,0.04771457612514496,0.8466666666666667,0.9522854685783386,0.11045828461647034
pure_top_k,0.1,1.0,15,44,25,300,0.04774831235408783,0.5466666666666666,0.952251672744751,0.05252130702137947
pure_top_k,0.1,1.0,15,45,25,300,0.12057388573884964,0.29333333333333333,0.8794260621070862,0.08202081173658371
pure_top_k,0.1,1.0,15,46,25,300,0.0,1.0,1.0,0.0
pure_top_k,0.1,1.0,15,47,25,300,0.10599276423454285,0.16,0.89400714635849,0.05692228674888611
pure_top_k,0.1,1.0,15,48,25,300,9.298324243900424e-08,1.0,1.0,1.0061536670491478e-07
pure_top_k,0.1,1.0,15,49,25,300,0.0,1.0,1.0,0.0
pure_top_k,0.1,1.0,20,0,25,300,0.0,1.0,1.0,0.0
pure_top_k,0.1,1.0,20,1,25,300,0.007542761042714119,1.0,0.9924572706222534,0.0073565030470490456
pure_top_k,0.1,1.0,20,2,25,300,0.12190745025873184,0.5833333333333334,0.8780925273895264,0.15195798873901367
pure_top_k,0.1,1.0,20,3,25,300,0.0019041072810068727,1.0,0.9980959296226501,0.002241318579763174
pure_top_k,0.1,1.0,20,4,25,300,9.536743306171047e-08,1.0,1.0,1.1699592761260647e-07
pure_top_k,0.1,1.0,20,5,25,300,1.9073486612342094e-07,1.0,0.9999998211860657,1.3562194567384722e-07
pure_top_k,0.1,1.0,20,6,25,300,0.08313383162021637,0.5466666666666666,0.9168661236763,0.09234482795000076
pure_top_k,0.1,1.0,20,7,25,300,0.04586823657155037,0.56,0.9541317820549011,0.033812135457992554
pure_top_k,0.1,1.0,20,8,25,300,3.099441414633475e-08,1.0,1.0,5.970423444523476e-08
pure_top_k,0.1,1.0,20,9,25,300,0.0,1.0,1.0,0.0
pure_top_k,0.1,1.0,20,10,25,300,0.0,1.0,1.0,0.0
pure_top_k,0.1,1.0,20,11,25,300,0.07999645173549652,0.8466666666666667,0.9200036525726318,0.18829263746738434
pure_top_k,0.1,1.0,20,12,25,300,2.384185791015625e-07,1.0,0.9999998211860657,1.7262681240026723e-07
pure_top_k,0.1,1.0,20,13,25,300,0.03520392253994942,0.72,0.9647960662841797,0.056546058505773544
pure_top_k,0.1,1.0,20,14,25,300,0.0,1.0,1.0,0.0
pure_top_k,0.1,1.0,20,15,25,300,2.3841858265427618e-08,1.0,1.0,8.443453936024525e-08
pure_top_k,0.1,1.0,20,16,25,300,1.0490417423625331e-07,1.0,1.0,1.3925300379469263e-07
pure_top_k,0.1,1.0,20,17,25,300,4.2915345943583816e-08,1.0,1.0,5.066072361614715e-08
pure_top_k,0.1,1.0,20,18,25,300,0.019614694640040398,0.92,0.9803853631019592,0.04664360359311104
pure_top_k,0.1,1.0,20,19,25,300,0.0,1.0,1.0,0.0
pure_top_k,0.1,1.0,20,20,25,300,0.011039461940526962,1.0,0.9889605641365051,0.011057831346988678
pure_top_k,0.1,1.0,20,21,25,300,0.026523631066083908,0.5966666666666667,0.9734763503074646,0.03136122226715088
pure_top_k,0.1,1.0,20,22,25,300,0.052001651376485825,0.5933333333333334,0.9479983448982239,0.04620412364602089
pure_top_k,0.1,1.0,20,23,25,300,0.0,1.0,1.0,0.0
pure_top_k,0.1,1.0,20,24,25,300,0.12139696627855301,0.3433333333333333,0.8786029815673828,0.08903341740369797
pure_top_k,0.1,1.0,20,25,25,300,0.0,1.0,1.0,0.0
pure_top_k,0.1,1.0,20,26,25,300,0.01049400307238102,1.0,0.9895059466362,0.009068544022738934
pure_top_k,0.1,1.0,20,27,25,300,0.022525468841195107,0.92,0.977474570274353,0.07651522010564804
pure_top_k,0.1,1.0,20,28,25,300,0.004901424050331116,1.0,0.9950986504554749,0.011536798439919949
pure_top_k,0.1,1.0,20,29,25,300,0.009888002648949623,0.92,0.9901120066642761,0.03358761966228485
pure_top_k,0.1,1.0,20,30,25,300,0.0023727829102426767,1.0,0.9976272583007812,0.008059391751885414
pure_top_k,0.1,1.0,20,31,25,300,1.4305114426349519e-08,1.0,1.0,5.066072361614715e-08
pure_top_k,0.1,1.0,20,32,25,300,0.003934192471206188,1.0,0.9960658550262451,0.013363787904381752
pure_top_k,0.1,1.0,20,33,25,300,0.0,1.0,1.0,0.0
pure_top_k,0.1,1.0,20,34,25,300,0.06391610950231552,0.8466666666666667,0.9360838532447815,0.15044346451759338
pure_top_k,0.1,1.0,20,35,25,300,9.536743306171047e-08,1.0,1.0,1.1699592761260647e-07
pure_top_k,0.1,1.0,20,36,25,300,0.0,1.0,1.0,0.0
pure_top_k,0.1,1.0,20,37,25,300,1.668930060816365e-08,1.0,1.0,3.1592509941447133e-08
pure_top_k,0.1,1.0,20,38,25,300,2.1457672971791908e-08,1.0,1.0,3.582254137768359e-08
pure_top_k,0.1,1.0,20,39,25,300,4.7683716530855236e-08,1.0,1.0,5.849796380630323e-08
pure_top_k,0.1,1.0,20,40,25,300,0.004131088498979807,1.0,0.9958689212799072,0.009723608382046223
pure_top_k,0.1,1.0,20,41,25,300,8.583069188716763e-08,1.0,1.0,1.013214472322943e-07
pure_top_k,0.1,1.0,20,42,25,300,3.814697180359872e-08,1.0,1.0,4.776338613510234e-08
pure_top_k,0.1,1.0,20,43,25,300,0.08617684990167618,0.72,0.913823127746582,0.1384209841489792
pure_top_k,0.1,1.0,20,44,25,300,0.04002431780099869,0.62,0.9599756598472595,0.051209788769483566
pure_top_k,0.1,1.0,20,45,25,300,0.07754760980606079,0.5733333333333334,0.9224523901939392,0.09316317737102509
pure_top_k,0.1,1.0,20,46,25,300,0.0,1.0,1.0,0.0
pure_top_k,0.1,1.0,20,47,25,300,0.09570181369781494,0.17666666666666667,0.9042980670928955,0.0509658008813858
pure_top_k,0.1,1.0,20,48,25,300,9.298324243900424e-08,1.0,1.0,1.0061536670491478e-07
pure_top_k,0.1,1.0,20,49,25,300,0.0,1.0,1.0,0.0
pure_top_k,0.1,1.0,25,0,25,300,0.002663042861968279,1.0,0.9973369240760803,0.00904590729624033
pure_top_k,0.1,1.0,25,1,25,300,0.007542755454778671,1.0,0.9924572706222534,0.00735649885609746
pure_top_k,0.1,1.0,25,2,25,300,0.07039349526166916,0.77,0.9296064972877502,0.13271065056324005
pure_top_k,0.1,1.0,25,3,25,300,0.0021761273965239525,1.0,0.9978238940238953,0.0022687504533678293
pure_top_k,0.1,1.0,25,4,25,300,9.536743306171047e-08,1.0,1.0,1.1699592761260647e-07
pure_top_k,0.1,1.0,25,5,25,300,1.9073486612342094e-07,1.0,0.9999998211860657,1.3562194567384722e-07
pure_top_k,0.1,1.0,25,6,25,300,0.07698126882314682,0.59,0.9230186939239502,0.09137934446334839
pure_top_k,0.1,1.0,25,7,25,300,0.04451092705130577,0.55,0.9554890990257263,0.029310759156942368
pure_top_k,0.1,1.0,25,8,25,300,3.099441414633475e-08,1.0,1.0,5.970423444523476e-08
pure_top_k,0.1,1.0,25,9,25,300,0.0,1.0,1.0,0.0
pure_top_k,0.1,1.0,25,10,25,300,0.0,1.0,1.0,0.0
pure_top_k,0.1,1.0,25,11,25,300,0.04173237457871437,0.92,0.9582676291465759,0.1417575627565384
pure_top_k,0.1,1.0,25,12,25,300,2.384185791015625e-07,1.0,0.9999998211860657,1.7262681240026723e-07
pure_top_k,0.1,1.0,25,13,25,300,0.010058320127427578,0.92,0.9899417161941528,0.03416614234447479
pure_top_k,0.1,1.0,25,14,25,300,0.0,1.0,1.0,0.0
pure_top_k,0.1,1.0,25,15,25,300,2.3841858265427618e-08,1.0,1.0,8.443453936024525e-08
pure_top_k,0.1,1.0,25,16,25,300,1.0490417423625331e-07,1.0,1.0,1.3925300379469263e-07
pure_top_k,0.1,1.0,25,17,25,300,0.00012241402873769403,1.0,0.9998776316642761,0.0004156737995799631
pure_top_k,0.1,1.0,25,18,25,300,0.004185252822935581,1.0,0.9958147406578064,0.005129482131451368
pure_top_k,0.1,1.0,25,19,25,300,0.0,1.0,1.0,0.0
pure_top_k,0.1,1.0,25,20,25,300,0.011039451695978642,1.0,0.9889604449272156,0.011057842522859573
pure_top_k,0.1,1.0,25,21,25,300,0.04199910908937454,0.41333333333333333,0.958000898361206,0.03655943647027016
pure_top_k,0.1,1.0,25,22,25,300,0.06846527010202408,0.31333333333333335,0.9315347075462341,0.053918175399303436
pure_top_k,0.1,1.0,25,23,25,300,0.0,1.0,1.0,0.0
pure_top_k,0.1,1.0,25,24,25,300,0.13427971303462982,0.27,0.8657203912734985,0.08558569103479385
pure_top_k,0.1,1.0,25,25,25,300,0.0072240703739225864,1.0,0.9927758574485779,0.017003759741783142
pure_top_k,0.1,1.0,25,26,25,300,0.010398664511740208,1.0,0.9896012544631958,0.00907884631305933
pure_top_k,0.1,1.0,25,27,25,300,0.024546118453145027,0.92,0.9754539132118225,0.08337902277708054
pure_top_k,0.1,1.0,25,28,25,300,0.03585761412978172,0.8433333333333334,0.964142382144928,0.06800628453493118
pure_top_k,0.1,1.0,25,29,25,300,0.03314800187945366,0.72,0.9668520092964172,0.05294542387127876
pure_top_k,0.1,1.0,25,30,25,300,1.6212463549436507e-07,1.0,0.9999998807907104,1.1453258252913656e-07
pure_top_k,0.1,1.0,25,31,25,300,1.4305114426349519e-08,1.0,1.0,5.066072361614715e-08
pure_top_k,0.1,1.0,25,32,25,300,0.0,1.0,1.0,0.0
pure_top_k,0.1,1.0,25,33,25,300,0.0,1.0,1.0,0.0
pure_top_k,0.1,1.0,25,34,25,300,0.033347561955451965,0.92,0.9666524529457092,0.11327604204416275
pure_top_k,0.1,1.0,25,35,25,300,9.536743306171047e-08,1.0,1.0,1.1699592761260647e-07
pure_top_k,0.1,1.0,25,36,25,300,0.0,1.0,1.0,0.0
pure_top_k,0.1,1.0,25,37,25,300,1.668930060816365e-08,1.0,1.0,3.1592509941447133e-08
pure_top_k,0.1,1.0,25,38,25,300,2.1457672971791908e-08,1.0,1.0,3.582254137768359e-08
pure_top_k,0.1,1.0,25,39,25,300,4.7683716530855236e-08,1.0,1.0,5.849796380630323e-08
pure_top_k,0.1,1.0,25,40,25,300,0.0021553507540374994,1.0,0.9978446364402771,0.007321361918002367
pure_top_k,0.1,1.0,25,41,25,300,8.583069188716763e-08,1.0,1.0,1.013214472322943e-07
pure_top_k,0.1,1.0,25,42,25,300,3.814697180359872e-08,1.0,1.0,4.776338613510234e-08
pure_top_k,0.1,1.0,25,43,25,300,0.11695422977209091,0.62,0.8830456733703613,0.149638831615448
pure_top_k,0.1,1.0,25,44,25,300,0.05266357958316803,0.5,0.9473364353179932,0.0527515709400177
pure_top_k,0.1,1.0,25,45,25,300,0.08219865709543228,0.5233333333333333,0.9178013205528259,0.08698086440563202
pure_top_k,0.1,1.0,25,46,25,300,0.0,1.0,1.0,0.0
pure_top_k,0.1,1.0,25,47,25,300,0.09602131694555283,0.19333333333333333,0.903978705406189,0.056053124368190765
pure_top_k,0.1,1.0,25,48,25,300,9.298324243900424e-08,1.0,1.0,1.0061536670491478e-07
pure_top_k,0.1,1.0,25,49,25,300,0.0,1.0,1.0,0.0
pure_top_k,0.1,1.0,30,0,25,300,0.0,1.0,1.0,0.0
pure_top_k,0.1,1.0,30,1,25,300,0.005583598744124174,1.0,0.9944164752960205,0.007144030183553696
pure_top_k,0.1,1.0,30,2,25,300,0.08225083351135254,0.7733333333333333,0.9177491068840027,0.15282875299453735
pure_top_k,0.1,1.0,30,3,25,300,0.001722762593999505,1.0,0.9982771873474121,0.002204208867624402
pure_top_k,0.1,1.0,30,4,25,300,9.536743306171047e-08,1.0,1.0,1.1699592761260647e-07
pure_top_k,0.1,1.0,30,5,25,300,1.9073486612342094e-07,1.0,0.9999998211860657,1.3562194567384722e-07
pure_top_k,0.1,1.0,30,6,25,300,0.10020577907562256,0.46,0.899794340133667,0.09300883114337921
pure_top_k,0.1,1.0,30,7,25,300,0.045448172837495804,0.5966666666666667,0.9545518159866333,0.03202337399125099
pure_top_k,0.1,1.0,30,8,25,300,3.099441414633475e-08,1.0,1.0,5.970423444523476e-08
pure_top_k,0.1,1.0,30,9,25,300,0.0,1.0,1.0,0.0
pure_top_k,0.1,1.0,30,10,25,300,0.00011739790352294222,1.0,0.9998826384544373,0.00039878085954114795
pure_top_k,0.1,1.0,30,11,25,300,0.07998697459697723,0.8466666666666667,0.9200130105018616,0.18827031552791595
pure_top_k,0.1,1.0,30,12,25,300,2.384185791015625e-07,1.0,0.9999998211860657,1.7262681240026723e-07
pure_top_k,0.1,1.0,30,13,25,300,0.019278373569250107,0.8466666666666667,0.980721652507782,0.04537656158208847
pure_top_k,0.1,1.0,30,14,25,300,0.0,1.0,1.0,0.0
pure_top_k,0.1,1.0,30,15,25,300,2.3841858265427618e-08,1.0,1.0,8.443453936024525e-08
pure_top_k,0.1,1.0,30,16,25,300,1.0490417423625331e-07,1.0,1.0,1.3925300379469263e-07
pure_top_k,0.1,1.0,30,17,25,300,4.2915345943583816e-08,1.0,1.0,5.066072361614715e-08
pure_top_k,0.1,1.0,30,18,25,300,0.005146121606230736,1.0,0.9948537945747375,0.006057477556169033
pure_top_k,0.1,1.0,30,19,25,300,0.0,1.0,1.0,0.0
pure_top_k,0.1,1.0,30,20,25,300,0.011481033638119698,1.0,0.9885188937187195,0.01104898564517498
pure_top_k,0.1,1.0,30,21,25,300,0.039464835077524185,0.5033333333333333,0.9605350494384766,0.03515179082751274
pure_top_k,0.1,1.0,30,22,25,300,0.09790673106908798,0.18,0.9020932912826538,0.05399578437209129
pure_top_k,0.1,1.0,30,23,25,300,0.0,1.0,1.0,0.0
pure_top_k,0.1,1.0,30,24,25,300,0.13256144523620605,0.2833333333333333,0.867438554763794,0.08870594203472137
pure_top_k,0.1,1.0,30,25,25,300,0.0,1.0,1.0,0.0
pure_top_k,0.1,1.0,30,26,25,300,0.010930866934359074,1.0,0.9890689849853516,0.008844103664159775
pure_top_k,0.1,1.0,30,27,25,300,0.08524632453918457,0.71,0.9147536158561707,0.13503733277320862
pure_top_k,0.1,1.0,30,28,25,300,0.03099221922457218,0.8466666666666667,0.9690077900886536,0.05658562481403351
pure_top_k,0.1,1.0,30,29,25,300,0.018951937556266785,0.8466666666666667,0.9810481667518616,0.044608213007450104
pure_top_k,0.1,1.0,30,30,25,300,1.6212463549436507e-07,1.0,0.9999998807907104,1.1453258252913656e-07
pure_top_k,0.1,1.0,30,31,25,300,1.4305114426349519e-08,1.0,1.0,5.066072361614715e-08
pure_top_k,0.1,1.0,30,32,25,300,0.0,1.0,1.0,0.0
pure_top_k,0.1,1.0,30,33,25,300,0.0,1.0,1.0,0.0
pure_top_k,0.1,1.0,30,34,25,300,0.13858431577682495,0.6666666666666666,0.861415684223175,0.19614054262638092
pure_top_k,0.1,1.0,30,35,25,300,9.536743306171047e-08,1.0,1.0,1.1699592761260647e-07
pure_top_k,0.1,1.0,30,36,25,300,0.0,1.0,1.0,0.0
pure_top_k,0.1,1.0,30,37,25,300,1.668930060816365e-08,1.0,1.0,3.1592509941447133e-08
pure_top_k,0.1,1.0,30,38,25,300,2.1457672971791908e-08,1.0,1.0,3.582254137768359e-08
pure_top_k,0.1,1.0,30,39,25,300,4.7683716530855236e-08,1.0,1.0,5.849796380630323e-08
pure_top_k,0.1,1.0,30,40,25,300,0.0021553507540374994,1.0,0.9978446364402771,0.00732136145234108
pure_top_k,0.1,1.0,30,41,25,300,8.583069188716763e-08,1.0,1.0,1.013214472322943e-07
pure_top_k,0.1,1.0,30,42,25,300,3.814697180359872e-08,1.0,1.0,4.776338613510234e-08
pure_top_k,0.1,1.0,30,43,25,300,0.13948041200637817,0.5466666666666666,0.8605195879936218,0.15292154252529144
pure_top_k,0.1,1.0,30,44,25,300,0.04002431780099869,0.62,0.9599756598472595,0.051209792494773865
pure_top_k,0.1,1.0,30,45,25,300,0.10530027747154236,0.41333333333333333,0.8946996927261353,0.09516913443803787
pure_top_k,0.1,1.0,30,46,25,300,0.0,1.0,1.0,0.0
pure_top_k,0.1,1.0,30,47,25,300,0.09421005845069885,0.23,0.9057899117469788,0.0568959005177021
pure_top_k,0.1,1.0,30,48,25,300,9.298324243900424e-08,1.0,1.0,1.0061536670491478e-07
pure_top_k,0.1,1.0,30,49,25,300,0.0,1.0,1.0,0.0
pure_top_k,0.3,1.0,10,0,25,300,0.0128493532538414,0.92,0.9871506690979004,0.035265933722257614
pure_top_k,0.3,1.0,10,1,25,300,0.022517165169119835,0.8533333333333334,0.977482795715332,0.027225540950894356
pure_top_k,0.3,1.0,10,2,25,300,0.2393645942211151,0.23666666666666666,0.7606354355812073,0.14924578368663788
pure_top_k,0.3,1.0,10,3,25,300,0.042256489396095276,0.72,0.9577435255050659,0.063227578997612
pure_top_k,0.3,1.0,10,4,25,300,0.05276060104370117,0.78,0.9472394585609436,0.09951073676347733
pure_top_k,0.3,1.0,10,5,25,300,1.9073486612342094e-07,1.0,0.9999998211860657,1.3562194567384722e-07
pure_top_k,0.3,1.0,10,6,25,300,0.1206812635064125,0.20333333333333334,0.8793187737464905,0.0711960643529892
pure_top_k,0.3,1.0,10,7,25,300,0.06245389208197594,0.3566666666666667,0.9375461935997009,0.03500231355428696
pure_top_k,0.3,1.0,10,8,25,300,0.07894017547369003,0.8466666666666667,0.921059787273407,0.1858064830303192
pure_top_k,0.3,1.0,10,9,25,300,0.0,1.0,1.0,0.0
pure_top_k,0.3,1.0,10,10,25,300,0.011449746787548065,1.0,0.9885501861572266,0.01376490667462349
pure_top_k,0.3,1.0,10,11,25,300,0.2519929111003876,0.5,0.7480071187019348,0.24781754612922668
pure_top_k,0.3,1.0,10,12,25,300,0.030989615246653557,0.8433333333333334,0.9690104126930237,0.06394651532173157
pure_top_k,0.3,1.0,10,13,25,300,0.05895498767495155,0.5433333333333333,0.9410451054573059,0.06732188165187836
pure_top_k,0.3,1.0,10,14,25,300,0.0,1.0,1.0,0.0
pure_top_k,0.3,1.0,10,15,25,300,0.0050798156298696995,1.0,0.9949202537536621,0.01199505478143692
pure_top_k,0.3,1.0,10,16,25,300,0.002210574457421899,1.0,0.9977893829345703,0.007508588023483753
pure_top_k,0.3,1.0,10,17,25,300,0.028670305386185646,0.7033333333333334,0.9713297486305237,0.04125521704554558
pure_top_k,0.3,1.0,10,18,25,300,0.1503078043460846,0.07,0.849692165851593,0.05709967389702797
pure_top_k,0.3,1.0,10,19,25,300,0.0,1.0,1.0,0.0
pure_top_k,0.3,1.0,10,20,25,300,0.0455944687128067,0.5833333333333334,0.9544055461883545,0.041627317667007446
pure_top_k,0.3,1.0,10,21,25,300,0.12036196142435074,0.17,0.8796379566192627,0.06557910144329071
pure_top_k,0.3,1.0,10,22,25,300,0.10514499992132187,0.12,0.8948549628257751,0.04614201560616493
pure_top_k,0.3,1.0,10,23,25,300,0.06438558548688889,0.7733333333333333,0.9356144070625305,0.14680372178554535
pure_top_k,0.3,1.0,10,24,25,300,0.18516583740711212,0.06333333333333334,0.8148341774940491,0.07426489889621735
pure_top_k,0.3,1.0,10,25,25,300,0.022867945954203606,0.9,0.9771320819854736,0.03215323016047478
pure_top_k,0.3,1.0,10,26,25,300,0.020988482981920242,0.92,0.9790115356445312,0.029969900846481323
pure_top_k,0.3,1.0,10,27,25,300,0.18339873850345612,0.36333333333333334,0.8166012167930603,0.15424573421478271
pure_top_k,0.3,1.0,10,28,25,300,0.06847348064184189,0.6433333333333333,0.9315266013145447,0.07118271291255951
pure_top_k,0.3,1.0,10,29,25,300,0.14374318718910217,0.12333333333333334,0.8562568426132202,0.08643326908349991
pure_top_k,0.3,1.0,10,30,25,300,0.04625655338168144,0.5466666666666666,0.9537433981895447,0.04562852904200554
pure_top_k,0.3,1.0,10,31,25,300,1.4305114426349519e-08,1.0,1.0,5.066072361614715e-08
pure_top_k,0.3,1.0,10,32,25,300,0.042505670338869095,0.5566666666666666,0.95749431848526,0.025073299184441566
pure_top_k,0.3,1.0,10,33,25,300,0.0,1.0,1.0,0.0
pure_top_k,0.3,1.0,10,34,25,300,0.21387988328933716,0.4866666666666667,0.7861201167106628,0.20817624032497406
pure_top_k,0.3,1.0,10,35,25,300,0.000881106243468821,1.0,0.999118983745575,0.0014151446521282196
pure_top_k,0.3,1.0,10,36,25,300,0.0022623103577643633,1.0,0.9977376461029053,0.007502761669456959
pure_top_k,0.3,1.0,10,37,25,300,0.0006105409120209515,1.0,0.9993894696235657,0.0020738476887345314
pure_top_k,0.3,1.0,10,38,25,300,0.0008853100007399917,1.0,0.9991146922111511,0.0030071751680225134
pure_top_k,0.3,1.0,10,39,25,300,0.025172261521220207,0.92,0.9748277068138123,0.0684426948428154
pure_top_k,0.3,1.0,10,40,25,300,0.0722302719950676,0.5833333333333334,0.9277697801589966,0.07257714867591858
pure_top_k,0.3,1.0,10,41,25,300,0.012819782830774784,0.8466666666666667,0.9871801733970642,0.03017454594373703
pure_top_k,0.3,1.0,10,42,25,300,3.814697180359872e-08,1.0,1.0,4.776338613510234e-08
pure_top_k,0.3,1.0,10,43,25,300,0.16177339851856232,0.48,0.8382264971733093,0.15239427983760834
pure_top_k,0.3,1.0,10,44,25,300,0.0540679432451725,0.4866666666666667,0.9459320306777954,0.052732814103364944
pure_top_k,0.3,1.0,10,45,25,300,0.16312649846076965,0.11333333333333333,0.836873471736908,0.07739932090044022
pure_top_k,0.3,1.0,10,46,25,300,0.0,1.0,1.0,0.0
pure_top_k,0.3,1.0,10,47,25,300,0.11182422935962677,0.1,0.8881758451461792,0.04711452126502991
pure_top_k,0.3,1.0,10,48,25,300,9.298324243900424e-08,1.0,1.0,1.0061536670491478e-07
pure_top_k,0.3,1.0,10,49,25,300,0.008426171727478504,0.92,0.9915738105773926,0.028622280806303024
pure_top_k,0.3,1.0,15,0,25,300,0.025204183533787727,0.8433333333333334,0.9747958183288574,0.04804106429219246
pure_top_k,0.3,1.0,15,1,25,300,0.018390202894806862,0.9133333333333333,0.9816098213195801,0.02137286216020584
pure_top_k,0.3,1.0,15,2,25,300,0.21015657484531403,0.21666666666666667,0.7898434400558472,0.13499411940574646
pure_top_k,0.3,1.0,15,3,25,300,0.02253519371151924,0.8466666666666667,0.9774647951126099,0.04470372945070267
pure_top_k,0.3,1.0,15,4,25,300,0.019185736775398254,0.92,0.9808143377304077,0.06517037749290466
pure_top_k,0.3,1.0,15,5,25,300,1.9073486612342094e-07,1.0,0.9999998211860657,1.3562194567384722e-07
pure_top_k,0.3,1.0,15,6,25,300,0.1205461397767067,0.14333333333333334,0.8794538378715515,0.06329808384180069
pure_top_k,0.3,1.0,15,7,25,300,0.06223306059837341,0.3433333333333333,0.9377670288085938,0.031745053827762604
pure_top_k,0.3,1.0,15,8,25,300,3.099441414633475e-08,1.0,1.0,5.970423444523476e-08
pure_top_k,0.3,1.0,15,9,25,300,0.0,1.0,1.0,0.0
pure_top_k,0.3,1.0,15,10,25,300,0.007197903003543615,0.9966666666666667,0.9928021430969238,0.01284030731767416
pure_top_k,0.3,1.0,15,11,25,300,0.2121191918849945,0.58,0.7878808379173279,0.24755248427391052
pure_top_k,0.3,1.0,15,12,25,300,0.06026624143123627,0.58,0.9397336840629578,0.07453641295433044
pure_top_k,0.3,1.0,15,13,25,300,0.09030242264270782,0.39,0.9096975922584534,0.07913702726364136
pure_top_k,0.3,1.0,15,14,25,300,0.0,1.0,1.0,0.0
pure_top_k,0.3,1.0,15,15,25,300,0.024012543261051178,0.92,0.975987434387207,0.07363446056842804
pure_top_k,0.3,1.0,15,16,25,300,0.0002561213623266667,1.0,0.9997439384460449,0.0008696415461599827
pure_top_k,0.3,1.0,15,17,25,300,0.035578638315200806,0.71,0.9644213914871216,0.045285388827323914
pure_top_k,0.3,1.0,15,18,25,300,0.158749058842659,0.15333333333333332,0.8412509560585022,0.08959304541349411
pure_top_k,0.3,1.0,15,19,25,300,0.0,1.0,1.0,0.0
pure_top_k,0.3,1.0,15,20,25,300,0.05443209782242775,0.4633333333333333,0.9455678462982178,0.04150304198265076
pure_top_k,0.3,1.0,15,21,25,300,0.093043752014637,0.23666666666666666,0.9069562554359436,0.06766092777252197
pure_top_k,0.3,1.0,15,22,25,300,0.09534551948308945,0.10333333333333333,0.9046545624732971,0.03522438183426857
pure_top_k,0.3,1.0,15,23,25,300,0.08275480568408966,0.8433333333333334,0.9172451496124268,0.19387218356132507
pure_top_k,0.3,1.0,15,24,25,300,0.17394278943538666,0.05333333333333334,0.8260571956634521,0.07048565149307251
pure_top_k,0.3,1.0,15,25,25,300,0.032708678394556046,0.8433333333333334,0.9672913551330566,0.032248903065919876
pure_top_k,0.3,1.0,15,26,25,300,0.025301793590188026,0.92,0.9746981859207153,0.04046724736690521
pure_top_k,0.3,1.0,15,27,25,300,0.1723061054944992,0.39,0.8276938796043396,0.15176822245121002
pure_top_k,0.3,1.0,15,28,25,300,0.10214121639728546,0.44333333333333336,0.8978587985038757,0.08331691473722458
pure_top_k,0.3,1.0,15,29,25,300,0.13692064583301544,0.26666666666666666,0.8630794286727905,0.09985344856977463
pure_top_k,0.3,1.0,15,30,25,300,0.026043377816677094,0.7133333333333334,0.9739567041397095,0.03145720437169075
pure_top_k,0.3,1.0,15,31,25,300,1.4305114426349519e-08,1.0,1.0,5.066072361614715e-08
pure_top_k,0.3,1.0,15,32,25,300,0.0426802895963192,0.49,0.9573197364807129,0.021975940093398094
pure_top_k,0.3,1.0,15,33,25,300,0.009954539127647877,0.92,0.9900454878807068,0.03381389006972313
pure_top_k,0.3,1.0,15,34,25,300,0.21460866928100586,0.49333333333333335,0.7853912711143494,0.21552839875221252
pure_top_k,0.3,1.0,15,35,25,300,0.005525842308998108,0.92,0.9944741725921631,0.01638159528374672
pure_top_k,0.3,1.0,15,36,25,300,0.01955599896609783,0.8433333333333334,0.9804439544677734,0.03737287223339081
pure_top_k,0.3,1.0,15,37,25,300,0.011608554981648922,0.78,0.9883913993835449,0.02070039138197899
pure_top_k,0.3,1.0,15,38,25,300,0.0008853100007399917,1.0,0.9991148114204407,0.0030071749351918697
pure_top_k,0.3,1.0,15,39,25,300,0.0012478746939450502,1.0,0.9987521171569824,0.004238657187670469
pure_top_k,0.3,1.0,15,40,25,300,0.05154331773519516,0.6466666666666666,0.9484567046165466,0.06473544985055923
pure_top_k,0.3,1.0,15,41,25,300,0.00668862322345376,0.92,0.9933114647865295,0.022719833999872208
pure_top_k,0.3,1.0,15,42,25,300,3.814697180359872e-08,1.0,1.0,4.776338613510234e-08
pure_top_k,0.3,1.0,15,43,25,300,0.16022227704524994,0.4866666666666667,0.8397777080535889,0.15401393175125122
pure_top_k,0.3,1.0,15,44,25,300,0.0540679432451725,0.4866666666666667,0.9459320306777954,0.052732814103364944
pure_top_k,0.3,1.0,15,45,25,300,0.15093044936656952,0.14333333333333334,0.8490695953369141,0.07300408184528351
pure_top_k,0.3,1.0,15,46,25,300,0.0,1.0,1.0,0.0
pure_top_k,0.3,1.0,15,47,25,300,0.1034345030784607,0.15,0.8965655565261841,0.04545534774661064
pure_top_k,0.3,1.0,15,48,25,300,9.298324243900424e-08,1.0,1.0,1.0061536670491478e-07
pure_top_k,0.3,1.0,15,49,25,300,0.0,1.0,1.0,0.0
pure_top_k,0.3,1.0,20,0,25,300,0.021015850827097893,0.8466666666666667,0.9789841771125793,0.04811942204833031
pure_top_k,0.3,1.0,20,1,25,300,0.023814551532268524,0.8433333333333334,0.9761853814125061,0.033115312457084656
pure_top_k,0.3,1.0,20,2,25,300,0.2371932417154312,0.15333333333333332,0.7628068327903748,0.1378527581691742
pure_top_k,0.3,1.0,20,3,25,300,0.0034497324377298355,1.0,0.9965503215789795,0.003980066627264023
pure_top_k,0.3,1.0,20,4,25,300,9.536743306171047e-08,1.0,1.0,1.1699592761260647e-07
pure_top_k,0.3,1.0,20,5,25,300,1.9073486612342094e-07,1.0,0.9999998211860657,1.3562194567384722e-07
pure_top_k,0.3,1.0,20,6,25,300,0.12239191681146622,0.29,0.8776081204414368,0.08340393751859665
pure_top_k,0.3,1.0,20,7,25,300,0.061885520815849304,0.33666666666666667,0.9381145238876343,0.03190755099058151
pure_top_k,0.3,1.0,20,8,25,300,3.099441414633475e-08,1.0,1.0,5.970423444523476e-08
pure_top_k,0.3,1.0,20,9,25,300,0.0,1.0,1.0,0.0
pure_top_k,0.3,1.0,20,10,25,300,0.0034371057990938425,1.0,0.9965628981590271,0.006683627609163523
pure_top_k,0.3,1.0,20,11,25,300,0.24197909235954285,0.52,0.7580209374427795,0.24866919219493866
pure_top_k,0.3,1.0,20,12,25,300,0.0449836365878582,0.49666666666666665,0.9550162553787231,0.04281316697597504
pure_top_k,0.3,1.0,20,13,25,300,0.09667077660560608,0.33666666666666667,0.9033292531967163,0.07598038762807846
pure_top_k,0.3,1.0,20,14,25,300,0.008426171727478504,0.92,0.9915738105773926,0.028622280806303024
pure_top_k,0.3,1.0,20,15,25,300,0.006516203749924898,1.0,0.9934837818145752,0.012290106154978275
pure_top_k,0.3,1.0,20,16,25,300,1.0490417423625331e-07,1.0,1.0,1.3925300379469263e-07
pure_top_k,0.3,1.0,20,17,25,300,0.01551783550530672,0.8466666666666667,0.9844822287559509,0.031168146058917046
pure_top_k,0.3,1.0,20,18,25,300,0.15372438728809357,0.08,0.8462756276130676,0.060063645243644714
pure_top_k,0.3,1.0,20,19,25,300,0.0,1.0,1.0,0.0
pure_top_k,0.3,1.0,20,20,25,300,0.05656759813427925,0.47,0.9434323906898499,0.04519311338663101
pure_top_k,0.3,1.0,20,21,25,300,0.13109099864959717,0.15333333333333332,0.8689090013504028,0.07696571946144104
pure_top_k,0.3,1.0,20,22,25,300,0.09637425094842911,0.18333333333333332,0.9036256670951843,0.05215664952993393
pure_top_k,0.3,1.0,20,23,25,300,0.13839587569236755,0.64,0.8616040945053101,0.21518832445144653
pure_top_k,0.3,1.0,20,24,25,300,0.18262121081352234,0.08333333333333333,0.8173787593841553,0.0786416232585907
pure_top_k,0.3,1.0,20,25,25,300,0.025355784222483635,0.8366666666666667,0.9746441841125488,0.03840133175253868
pure_top_k,0.3,1.0,20,26,25,300,0.047230351716279984,0.7566666666666667,0.9527695775032043,0.056194569915533066
pure_top_k,0.3,1.0,20,27,25,300,0.1090422049164772,0.5733333333333334,0.890957772731781,0.13971196115016937
pure_top_k,0.3,1.0,20,28,25,300,0.1278737187385559,0.33666666666666667,0.8721262812614441,0.09267418831586838
pure_top_k,0.3,1.0,20,29,25,300,0.1205713301897049,0.19666666666666666,0.8794286251068115,0.08510393649339676
pure_top_k,0.3,1.0,20,30,25,300,0.0313350185751915,0.7733333333333333,0.9686649441719055,0.04276290908455849
pure_top_k,0.3,1.0,20,31,25,300,1.4305114426349519e-08,1.0,1.0,5.066072361614715e-08
pure_top_k,0.3,1.0,20,32,25,300,0.04818499833345413,0.5,0.9518150091171265,0.027465661987662315
pure_top_k,0.3,1.0,20,33,25,300,0.0,1.0,1.0,0.0
pure_top_k,0.3,1.0,20,34,25,300,0.17479866743087769,0.58,0.8252013325691223,0.205502450466156
pure_top_k,0.3,1.0,20,35,25,300,0.005087184254080057,0.92,0.9949128031730652,0.01561703346669674
pure_top_k,0.3,1.0,20,36,25,300,0.01691494695842266,0.8433333333333334,0.983085036277771,0.036468956619501114
pure_top_k,0.3,1.0,20,37,25,300,0.0006105409120209515,1.0,0.9993894696235657,0.002073847921565175
pure_top_k,0.3,1.0,20,38,25,300,0.0008853100007399917,1.0,0.9991146922111511,0.0030071751680225134
pure_top_k,0.3,1.0,20,39,25,300,0.004094421863555908,1.0,0.9959055781364441,0.006576573941856623
pure_top_k,0.3,1.0,20,40,25,300,0.10839246213436127,0.2866666666666667,0.8916075825691223,0.0781952366232872
pure_top_k,0.3,1.0,20,41,25,300,8.583069188716763e-08,1.0,1.0,1.013214472322943e-07
pure_top_k,0.3,1.0,20,42,25,300,3.814697180359872e-08,1.0,1.0,4.776338613510234e-08
pure_top_k,0.3,1.0,20,43,25,300,0.15778625011444092,0.4866666666666667,0.8422136902809143,0.15348981320858002
pure_top_k,0.3,1.0,20,44,25,300,0.05406792834401131,0.4866666666666667,0.9459320306777954,0.05273280665278435
pure_top_k,0.3,1.0,20,45,25,300,0.1314309984445572,0.19333333333333333,0.868569016456604,0.06652772426605225
pure_top_k,0.3,1.0,20,46,25,300,0.0,1.0,1.0,0.0
pure_top_k,0.3,1.0,20,47,25,300,0.11365151405334473,0.11666666666666667,0.8863484859466553,0.05116646736860275
pure_top_k,0.3,1.0,20,48,25,300,9.298324243900424e-08,1.0,1.0,1.0061536670491478e-07
pure_top_k,0.3,1.0,20,49,25,300,0.008426171727478504,0.92,0.9915738701820374,0.028622280806303024
pure_top_k,0.3,1.0,25,0,25,300,0.007202907465398312,0.92,0.9927971363067627,0.016855711117386818
pure_top_k,0.3,1.0,25,1,25,300,0.028496980667114258,0.77,0.9715030789375305,0.034047964960336685
pure_top_k,0.3,1.0,25,2,25,300,0.21330031752586365,0.19333333333333333,0.786699652671814,0.14799247682094574
pure_top_k,0.3,1.0,25,3,25,300,0.003278210526332259,1.0,0.9967218041419983,0.0039047838654369116
pure_top_k,0.3,1.0,25,4,25,300,9.536743306171047e-08,1.0,1.0,1.1699592761260647e-07
pure_top_k,0.3,1.0,25,5,25,300,1.9073486612342094e-07,1.0,0.9999998211860657,1.3562194567384722e-07
pure_top_k,0.3,1.0,25,6,25,300,0.13596157729625702,0.17,0.8640384674072266,0.07801428437232971
pure_top_k,0.3,1.0,25,7,25,300,0.06155400723218918,0.33,0.9384459257125854,0.030955949798226357
pure_top_k,0.3,1.0,25,8,25,300,3.099441414633475e-08,1.0,1.0,5.970423444523476e-08
pure_top_k,0.3,1.0,25,9,25,300,0.0,1.0,1.0,0.0
pure_top_k,0.3,1.0,25,10,25,300,0.007047104649245739,1.0,0.9929528832435608,0.00885760597884655
pure_top_k,0.3,1.0,25,11,25,300,0.17081725597381592,0.6666666666666666,0.8291828036308289,0.24110837280750275
pure_top_k,0.3,1.0,25,12,25,300,0.041101984679698944,0.5766666666666667,0.95889812707901,0.05085355415940285
pure_top_k,0.3,1.0,25,13,25,300,0.06823370605707169,0.5066666666666667,0.9317663311958313,0.07156354188919067
pure_top_k,0.3,1.0,25,14,25,300,0.0,1.0,1.0,0.0
pure_top_k,0.3,1.0,25,15,25,300,0.002369555877521634,1.0,0.9976305365562439,0.008048896677792072
pure_top_k,0.3,1.0,25,16,25,300,1.0490417423625331e-07,1.0,1.0,1.3925300379469263e-07
pure_top_k,0.3,1.0,25,17,25,300,0.035672567784786224,0.6533333333333333,0.9643273949623108,0.047484807670116425
pure_top_k,0.3,1.0,25,18,25,300,0.17383216321468353,0.06,0.8261678218841553,0.07233677804470062
pure_top_k,0.3,1.0,25,19,25,300,0.0,1.0,1.0,0.0
pure_top_k,0.3,1.0,25,20,25,300,0.048745132982730865,0.6166666666666667,0.9512549042701721,0.05075966939330101
pure_top_k,0.3,1.0,25,21,25,300,0.11598658561706543,0.15,0.8840134739875793,0.060627471655607224
pure_top_k,0.3,1.0,25,22,25,300,0.10522787272930145,0.08333333333333333,0.8947721123695374,0.049531109631061554
pure_top_k,0.3,1.0,25,23,25,300,0.05559040233492851,0.8433333333333334,0.9444096088409424,0.15106980502605438
pure_top_k,0.3,1.0,25,24,25,300,0.15827955305576324,0.08,0.8417204022407532,0.0725780501961708
pure_top_k,0.3,1.0,25,25,25,300,0.03387121111154556,0.92,0.9661288261413574,0.0568959079682827
pure_top_k,0.3,1.0,25,26,25,300,0.036233674734830856,0.8366666666666667,0.9637662768363953,0.0479588583111763
pure_top_k,0.3,1.0,25,27,25,300,0.10650411248207092,0.5933333333333334,0.8934959173202515,0.13030047714710236
pure_top_k,0.3,1.0,25,28,25,300,0.15511134266853333,0.26,0.8448886871337891,0.09741226583719254
pure_top_k,0.3,1.0,25,29,25,300,0.13490994274616241,0.24333333333333335,0.8650901317596436,0.10138173401355743
pure_top_k,0.3,1.0,25,30,25,300,0.028223419561982155,0.7666666666666667,0.9717766046524048,0.03976358473300934
pure_top_k,0.3,1.0,25,31,25,300,1.4305114426349519e-08,1.0,1.0,5.066072361614715e-08
pure_top_k,0.3,1.0,25,32,25,300,0.0292540043592453,0.79,0.9707460403442383,0.020206863060593605
pure_top_k,0.3,1.0,25,33,25,300,0.008045484311878681,0.8466666666666667,0.9919544458389282,0.01893717423081398
pure_top_k,0.3,1.0,25,34,25,300,0.24731121957302094,0.4266666666666667,0.7526887655258179,0.22014537453651428
pure_top_k,0.3,1.0,25,35,25,300,0.024008890613913536,0.6566666666666666,0.9759911894798279,0.03349294140934944
pure_top_k,0.3,1.0,25,36,25,300,0.026671698316931725,0.7866666666666666,0.9733282327651978,0.03849506378173828
pure_top_k,0.3,1.0,25,37,25,300,0.0006105409120209515,1.0,0.9993894696235657,0.002073847921565175
pure_top_k,0.3,1.0,25,38,25,300,0.0016968236304819584,1.0,0.9983031153678894,0.003993871156126261
pure_top_k,0.3,1.0,25,39,25,300,0.0032170559279620647,1.0,0.9967830181121826,0.006067546084523201
pure_top_k,0.3,1.0,25,40,25,300,0.11928369849920273,0.3433333333333333,0.8807163238525391,0.08532723784446716
pure_top_k,0.3,1.0,25,41,25,300,0.00668862322345376,0.92,0.99331134557724,0.02271983213722706
pure_top_k,0.3,1.0,25,42,25,300,3.814697180359872e-08,1.0,1.0,4.776338613510234e-08
pure_top_k,0.3,1.0,25,43,25,300,0.15917259454727173,0.48,0.8408274054527283,0.1522650569677353
pure_top_k,0.3,1.0,25,44,25,300,0.05477011203765869,0.48,0.9452298879623413,0.05270935222506523
pure_top_k,0.3,1.0,25,45,25,300,0.13961967825889587,0.12333333333333334,0.860380232334137,0.06128387153148651
pure_top_k,0.3,1.0,25,46,25,300,0.0,1.0,1.0,0.0
pure_top_k,0.3,1.0,25,47,25,300,0.1042664498090744,0.23333333333333334,0.895733654499054,0.06037498265504837
pure_top_k,0.3,1.0,25,48,25,300,9.298324243900424e-08,1.0,1.0,1.0061536670491478e-07
pure_top_k,0.3,1.0,25,49,25,300,0.008426171727478504,0.92,0.9915738105773926,0.028622280806303024
pure_top_k,0.3,1.0,30,0,25,300,0.04472421109676361,0.77,0.9552757740020752,0.08451758325099945
pure_top_k,0.3,1.0,30,1,25,300,0.03286999464035034,0.7366666666666667,0.9671299457550049,0.03347393870353699
pure_top_k,0.3,1.0,30,2,25,300,0.20005518198013306,0.28,0.7999448776245117,0.15453815460205078
pure_top_k,0.3,1.0,30,3,25,300,0.012796271592378616,0.92,0.9872037768363953,0.03354524448513985
pure_top_k,0.3,1.0,30,4,25,300,0.019185733050107956,0.92,0.9808142185211182,0.06517037749290466
pure_top_k,0.3,1.0,30,5,25,300,1.9073486612342094e-07,1.0,0.9999998211860657,1.3562194567384722e-07
pure_top_k,0.3,1.0,30,6,25,300,0.12777695059776306,0.24333333333333335,0.8722230792045593,0.07976573705673218
pure_top_k,0.3,1.0,30,7,25,300,0.06330488622188568,0.37666666666666665,0.9366951584815979,0.03503473848104477
pure_top_k,0.3,1.0,30,8,25,300,3.099441414633475e-08,1.0,1.0,5.970423444523476e-08
pure_top_k,0.3,1.0,30,9,25,300,0.0,1.0,1.0,0.0
pure_top_k,0.3,1.0,30,10,25,300,0.006257524713873863,1.0,0.9937424659729004,0.009872273541986942
pure_top_k,0.3,1.0,30,11,25,300,0.2257186323404312,0.5466666666666666,0.77428138256073,0.24564403295516968
pure_top_k,0.3,1.0,30,12,25,300,0.05651843920350075,0.58,0.9434815645217896,0.07633066177368164
pure_top_k,0.3,1.0,30,13,25,300,0.12629511952400208,0.2833333333333333,0.8737048506736755,0.10257791727781296
pure_top_k,0.3,1.0,30,14,25,300,0.0,1.0,1.0,0.0
pure_top_k,0.3,1.0,30,15,25,300,0.019846243783831596,0.92,0.9801537990570068,0.057917241007089615
pure_top_k,0.3,1.0,30,16,25,300,0.0004908029222860932,1.0,0.9995092749595642,0.0011549836490303278
pure_top_k,0.3,1.0,30,17,25,300,0.02697593718767166,0.78,0.9730240702629089,0.0406062938272953
pure_top_k,0.3,1.0,30,18,25,300,0.14825081825256348,0.08,0.8517492413520813,0.0564747229218483
pure_top_k,0.3,1.0,30,19,25,300,0.0,1.0,1.0,0.0
pure_top_k,0.3,1.0,30,20,25,300,0.03964095562696457,0.6733333333333333,0.9603590965270996,0.04105214774608612
pure_top_k,0.3,1.0,30,21,25,300,0.08950880169868469,0.26666666666666666,0.9104912281036377,0.0653301328420639
pure_top_k,0.3,1.0,30,22,25,300,0.08962008357048035,0.09666666666666666,0.9103798270225525,0.036635853350162506
pure_top_k,0.3,1.0,30,23,25,300,0.0,1.0,1.0,0.0
pure_top_k,0.3,1.0,30,24,25,300,0.18266679346561432,0.08333333333333333,0.8173332214355469,0.07582162320613861
pure_top_k,0.3,1.0,30,25,25,300,0.048165980726480484,0.7433333333333333,0.9518340229988098,0.055742498487234116
pure_top_k,0.3,1.0,30,26,25,300,0.01457632053643465,1.0,0.9854235649108887,0.011354965157806873
pure_top_k,0.3,1.0,30,27,25,300,0.18010641634464264,0.4633333333333333,0.8198935985565186,0.18170157074928284
pure_top_k,0.3,1.0,30,28,25,300,0.13213345408439636,0.2633333333333333,0.8678666353225708,0.08561226725578308
pure_top_k,0.3,1.0,30,29,25,300,0.10561917722225189,0.2,0.8943808078765869,0.06424203515052795
pure_top_k,0.3,1.0,30,30,25,300,0.04088346287608147,0.6866666666666666,0.9591166377067566,0.03968498110771179
pure_top_k,0.3,1.0,30,31,25,300,1.4305114426349519e-08,1.0,1.0,5.066072361614715e-08
pure_top_k,0.3,1.0,30,32,25,300,0.02673307992517948,0.8033333333333333,0.9732668995857239,0.02411160059273243
pure_top_k,0.3,1.0,30,33,25,300,0.01219445001333952,0.8533333333333334,0.9878056049346924,0.02285262569785118
pure_top_k,0.3,1.0,30,34,25,300,0.2767966687679291,0.37333333333333335,0.7232033014297485,0.22635355591773987
pure_top_k,0.3,1.0,30,35,25,300,0.007159933913499117,0.92,0.9928401708602905,0.024320758879184723
pure_top_k,0.3,1.0,30,36,25,300,0.011784677393734455,0.8466666666666667,0.9882153272628784,0.02773834951221943
pure_top_k,0.3,1.0,30,37,25,300,0.004006626550108194,0.92,0.9959933757781982,0.013609777204692364
pure_top_k,0.3,1.0,30,38,25,300,0.0008853100007399917,1.0,0.9991145730018616,0.0030071751680225134
pure_top_k,0.3,1.0,30,39,25,300,0.0011698688613250852,1.0,0.9988301396369934,0.00397368473932147
pure_top_k,0.3,1.0,30,40,25,300,0.06764340400695801,0.5833333333333334,0.9323564767837524,0.07342169433832169
pure_top_k,0.3,1.0,30,41,25,300,8.583069188716763e-08,1.0,1.0,1.013214472322943e-07
pure_top_k,0.3,1.0,30,42,25,300,3.814697180359872e-08,1.0,1.0,4.776338613510234e-08
pure_top_k,0.3,1.0,30,43,25,300,0.15949460864067078,0.48,0.8405053615570068,0.15282003581523895
pure_top_k,0.3,1.0,30,44,25,300,0.05477011203765869,0.48,0.9452298879623413,0.05270935222506523
pure_top_k,0.3,1.0,30,45,25,300,0.12792737782001495,0.14333333333333334,0.8720725774765015,0.06472580879926682
pure_top_k,0.3,1.0,30,46,25,300,0.0,1.0,1.0,0.0
pure_top_k,0.3,1.0,30,47,25,300,0.13924048840999603,0.1,0.8607594966888428,0.10136071592569351
pure_top_k,0.3,1.0,30,48,25,300,9.298324243900424e-08,1.0,1.0,1.0061536670491478e-07
pure_top_k,0.3,1.0,30,49,25,300,0.008426171727478504,0.92,0.9915738701820374,0.028622280806303024
pure_top_k,0.7,1.0,10,0,25,300,0.14171205461025238,0.2,0.8582879900932312,0.08401121944189072
pure_top_k,0.7,1.0,10,1,25,300,0.058858681470155716,0.42,0.9411413669586182,0.038813307881355286
pure_top_k,0.7,1.0,10,2,25,300,0.35454031825065613,0.023333333333333334,0.6454597115516663,0.14983657002449036
pure_top_k,0.7,1.0,10,3,25,300,0.1323177069425583,0.5133333333333333,0.8676822781562805,0.17035505175590515
pure_top_k,0.7,1.0,10,4,25,300,0.12470672279596329,0.48,0.8752933740615845,0.1200144961476326
pure_top_k,0.7,1.0,10,5,25,300,1.9073486612342094e-07,1.0,0.9999998211860657,1.3562194567384722e-07
pure_top_k,0.7,1.0,10,6,25,300,0.1542002409696579,0.06666666666666667,0.8457997441291809,0.07766757160425186
pure_top_k,0.7,1.0,10,7,25,300,0.093686543405056,0.15,0.9063134789466858,0.042280733585357666
pure_top_k,0.7,1.0,10,8,25,300,0.07771839946508408,0.8433333333333334,0.9222816228866577,0.1823761761188507
pure_top_k,0.7,1.0,10,9,25,300,0.008426171727478504,0.92,0.9915738105773926,0.028622278943657875
pure_top_k,0.7,1.0,10,10,25,300,0.03428468108177185,0.88,0.9657153487205505,0.018156707286834717
pure_top_k,0.7,1.0,10,11,25,300,0.24755772948265076,0.49666666666666665,0.7524423003196716,0.23756177723407745
pure_top_k,0.7,1.0,10,12,25,300,0.14636139571666718,0.26,0.8536385893821716,0.09848351031541824
pure_top_k,0.7,1.0,10,13,25,300,0.163936048746109,0.19666666666666666,0.8360639214515686,0.09227987378835678
pure_top_k,0.7,1.0,10,14,25,300,0.029491599649190903,0.72,0.9705083966255188,0.0473707914352417
pure_top_k,0.7,1.0,10,15,25,300,0.13704033195972443,0.31,0.8629596829414368,0.09736926853656769
pure_top_k,0.7,1.0,10,16,25,300,0.016549015417695045,0.9133333333333333,0.9834511280059814,0.026485500857234
pure_top_k,0.7,1.0,10,17,25,300,0.0645345002412796,0.37333333333333335,0.9354655146598816,0.037319377064704895
pure_top_k,0.7,1.0,10,18,25,300,0.20993958413600922,0.023333333333333334,0.7900604009628296,0.07295666635036469
pure_top_k,0.7,1.0,10,19,25,300,0.03715401515364647,0.92,0.962846040725708,0.1262059211730957
pure_top_k,0.7,1.0,10,20,25,300,0.11932574212551117,0.06333333333333334,0.8806742429733276,0.050531405955553055
pure_top_k,0.7,1.0,10,21,25,300,0.14784365892410278,0.06333333333333334,0.8521563410758972,0.06057407706975937
pure_top_k,0.7,1.0,10,22,25,300,0.09052055329084396,0.21333333333333335,0.9094793796539307,0.05013398453593254
pure_top_k,0.7,1.0,10,23,25,300,0.34907519817352295,0.20666666666666667,0.6509248614311218,0.22137002646923065
pure_top_k,0.7,1.0,10,24,25,300,0.2317637950181961,0.03,0.7682362198829651,0.06861039996147156
pure_top_k,0.7,1.0,10,25,25,300,0.10727227479219437,0.33,0.8927276730537415,0.0778573751449585
pure_top_k,0.7,1.0,10,26,25,300,0.06906424462795258,0.5733333333333334,0.930935800075531,0.05701802298426628
pure_top_k,0.7,1.0,10,27,25,300,0.2651524841785431,0.11333333333333333,0.7348474860191345,0.1501675844192505
pure_top_k,0.7,1.0,10,28,25,300,0.16910532116889954,0.14666666666666667,0.8308946490287781,0.09021162986755371
pure_top_k,0.7,1.0,10,29,25,300,0.2011461704969406,0.02,0.798853874206543,0.09223761409521103
pure_top_k,0.7,1.0,10,30,25,300,0.08282238245010376,0.37333333333333335,0.9171777367591858,0.05515659600496292
pure_top_k,0.7,1.0,10,31,25,300,1.4305114426349519e-08,1.0,1.0,5.066072361614715e-08
pure_top_k,0.7,1.0,10,32,25,300,0.09886619448661804,0.11333333333333333,0.9011338353157043,0.048432640731334686
pure_top_k,0.7,1.0,10,33,25,300,0.05094091594219208,0.4033333333333333,0.9490591287612915,0.0340459942817688
pure_top_k,0.7,1.0,10,34,25,300,0.2963523864746094,0.32,0.7036475539207458,0.22308258712291718
pure_top_k,0.7,1.0,10,35,25,300,0.02935939095914364,0.6466666666666666,0.9706406593322754,0.04043368622660637
pure_top_k,0.7,1.0,10,36,25,300,0.044204603880643845,0.5433333333333333,0.9557954668998718,0.027478406205773354
pure_top_k,0.7,1.0,10,37,25,300,0.01015599723905325,0.8466666666666667,0.9898439645767212,0.017882822081446648
pure_top_k,0.7,1.0,10,38,25,300,0.03835724666714668,0.77,0.961642861366272,0.07930368185043335
pure_top_k,0.7,1.0,10,39,25,300,0.11479072272777557,0.44666666666666666,0.8852091431617737,0.12234001606702805
pure_top_k,0.7,1.0,10,40,25,300,0.12458972632884979,0.25,0.8754103779792786,0.08945920318365097
pure_top_k,0.7,1.0,10,41,25,300,0.023409968242049217,0.72,0.976590096950531,0.037602052092552185
pure_top_k,0.7,1.0,10,42,25,300,3.814697180359872e-08,1.0,1.0,4.776338613510234e-08
pure_top_k,0.7,1.0,10,43,25,300,0.19028320908546448,0.2733333333333333,0.8097167611122131,0.1348847895860672
pure_top_k,0.7,1.0,10,44,25,300,0.05055702105164528,0.52,0.9494429230690002,0.052709341049194336
pure_top_k,0.7,1.0,10,45,25,300,0.14989715814590454,0.10333333333333333,0.8501028418540955,0.06449868530035019
pure_top_k,0.7,1.0,10,46,25,300,0.0027873471844941378,1.0,0.9972127079963684,0.006795485038310289
pure_top_k,0.7,1.0,10,47,25,300,0.16062991321086884,0.04,0.83937007188797,0.07573497295379639
pure_top_k,0.7,1.0,10,48,25,300,0.08387333899736404,0.58,0.9161267280578613,0.1093350276350975
pure_top_k,0.7,1.0,10,49,25,300,0.04002431780099869,0.62,0.9599756598472595,0.051209792494773865
pure_top_k,0.7,1.0,15,0,25,300,0.10495036840438843,0.4766666666666667,0.8950496315956116,0.09433350712060928
pure_top_k,0.7,1.0,15,1,25,300,0.07868599891662598,0.3233333333333333,0.921314001083374,0.049280282109975815
pure_top_k,0.7,1.0,15,2,25,300,0.36427056789398193,0.04666666666666667,0.6357294321060181,0.15375050902366638
pure_top_k,0.7,1.0,15,3,25,300,0.10588028281927109,0.53,0.8941196799278259,0.1090109795331955
pure_top_k,0.7,1.0,15,4,25,300,0.10871869325637817,0.5466666666666666,0.8912813067436218,0.11958631128072739
pure_top_k,0.7,1.0,15,5,25,300,1.9073486612342094e-07,1.0,0.9999998211860657,1.3562194567384722e-07
pure_top_k,0.7,1.0,15,6,25,300,0.18650850653648376,0.03666666666666667,0.8134914040565491,0.09074217826128006
pure_top_k,0.7,1.0,15,7,25,300,0.08489763736724854,0.21,0.9151023626327515,0.04213891178369522
pure_top_k,0.7,1.0,15,8,25,300,0.10641217976808548,0.77,0.8935878276824951,0.19751964509487152
pure_top_k,0.7,1.0,15,9,25,300,0.02317197248339653,0.78,0.9768279790878296,0.043704286217689514
pure_top_k,0.7,1.0,15,10,25,300,0.03904104232788086,0.7533333333333333,0.9609589576721191,0.028419185429811478
pure_top_k,0.7,1.0,15,11,25,300,0.26575031876564026,0.48,0.7342497110366821,0.24890631437301636
pure_top_k,0.7,1.0,15,12,25,300,0.17543238401412964,0.06333333333333334,0.8245676159858704,0.09083560109138489
pure_top_k,0.7,1.0,15,13,25,300,0.17518994212150574,0.1,0.8248100876808167,0.10557819902896881
pure_top_k,0.7,1.0,15,14,25,300,0.0,1.0,1.0,0.0
pure_top_k,0.7,1.0,15,15,25,300,0.09276191145181656,0.5733333333333334,0.9072381854057312,0.10560663789510727
pure_top_k,0.7,1.0,15,16,25,300,0.008398312143981457,1.0,0.9916017651557922,0.01197205763310194
pure_top_k,0.7,1.0,15,17,25,300,0.08287663757801056,0.3233333333333333,0.9171234369277954,0.05387692153453827
pure_top_k,0.7,1.0,15,18,25,300,0.19681496918201447,0.02,0.8031850457191467,0.0730644091963768
pure_top_k,0.7,1.0,15,19,25,300,0.05303613469004631,0.7733333333333333,0.9469637870788574,0.12857317924499512
pure_top_k,0.7,1.0,15,20,25,300,0.10202246159315109,0.09666666666666666,0.8979774713516235,0.047656938433647156
pure_top_k,0.7,1.0,15,21,25,300,0.15454883873462677,0.06333333333333334,0.8454511761665344,0.05600755661725998
pure_top_k,0.7,1.0,15,22,25,300,0.12397962063550949,0.03666666666666667,0.8760203123092651,0.058645106852054596
pure_top_k,0.7,1.0,15,23,25,300,0.32279419898986816,0.31,0.6772057414054871,0.23361732065677643
pure_top_k,0.7,1.0,15,24,25,300,0.24203912913799286,0.01,0.7579609155654907,0.06480226665735245
pure_top_k,0.7,1.0,15,25,25,300,0.09690550714731216,0.23,0.903094470500946,0.05665198341012001
pure_top_k,0.7,1.0,15,26,25,300,0.07455079257488251,0.5166666666666667,0.9254491925239563,0.05653376877307892
pure_top_k,0.7,1.0,15,27,25,300,0.2342105358839035,0.15666666666666668,0.7657895088195801,0.13915380835533142
pure_top_k,0.7,1.0,15,28,25,300,0.16643919050693512,0.15333333333333332,0.8335608243942261,0.07893326878547668
pure_top_k,0.7,1.0,15,29,25,300,0.24220570921897888,0.01,0.7577943205833435,0.08737814426422119
pure_top_k,0.7,1.0,15,30,25,300,0.08568209409713745,0.31666666666666665,0.9143178462982178,0.06227552518248558
pure_top_k,0.7,1.0,15,31,25,300,0.023741550743579865,0.92,0.9762585163116455,0.08064598590135574
pure_top_k,0.7,1.0,15,32,25,300,0.09754222631454468,0.05333333333333334,0.9024576544761658,0.0302231777459383
pure_top_k,0.7,1.0,15,33,25,300,0.05811436474323273,0.43333333333333335,0.9418855905532837,0.04401303827762604
pure_top_k,0.7,1.0,15,34,25,300,0.26558297872543335,0.38333333333333336,0.7344169616699219,0.22174875438213348
pure_top_k,0.7,1.0,15,35,25,300,0.037064190953969955,0.6066666666666667,0.9629358053207397,0.03834252059459686
pure_top_k,0.7,1.0,15,36,25,300,0.04287497326731682,0.6566666666666666,0.9571250677108765,0.03332945331931114
pure_top_k,0.7,1.0,15,37,25,300,0.016260553151369095,0.9133333333333333,0.98373943567276,0.020114565268158913
pure_top_k,0.7,1.0,15,38,25,300,0.07096519321203232,0.6366666666666667,0.9290348291397095,0.09455130994319916
pure_top_k,0.7,1.0,15,39,25,300,0.09756026417016983,0.62,0.9024397730827332,0.1068558320403099
pure_top_k,0.7,1.0,15,40,25,300,0.19088172912597656,0.03,0.8091182708740234,0.08039886504411697
pure_top_k,0.7,1.0,15,41,25,300,0.02786898985505104,0.6666666666666666,0.9721310138702393,0.03947844356298447
pure_top_k,0.7,1.0,15,42,25,300,3.814697180359872e-08,1.0,1.0,4.776338613510234e-08
pure_top_k,0.7,1.0,15,43,25,300,0.18479441106319427,0.3,0.8152055740356445,0.14345629513263702
pure_top_k,0.7,1.0,15,44,25,300,0.05406792834401131,0.4866666666666667,0.9459320306777954,0.05273280292749405
pure_top_k,0.7,1.0,15,45,25,300,0.17227429151535034,0.04666666666666667,0.8277256488800049,0.06133154034614563
pure_top_k,0.7,1.0,15,46,25,300,0.007058447226881981,0.9966666666666667,0.9929416179656982,0.013289392925798893
pure_top_k,0.7,1.0,15,47,25,300,0.1506148725748062,0.04,0.8493850827217102,0.078317791223526
pure_top_k,0.7,1.0,15,48,25,300,0.059116192162036896,0.7033333333333334,0.9408838152885437,0.10144152492284775
pure_top_k,0.7,1.0,15,49,25,300,0.04394794628024101,0.71,0.9560520648956299,0.08012009412050247
pure_top_k,0.7,1.0,20,0,25,300,0.12053059786558151,0.33,0.8794693946838379,0.08825813978910446
pure_top_k,0.7,1.0,20,1,25,300,0.06271608918905258,0.45,0.9372839331626892,0.03885818272829056
pure_top_k,0.7,1.0,20,2,25,300,0.32669302821159363,0.023333333333333334,0.6733070015907288,0.13604670763015747
pure_top_k,0.7,1.0,20,3,25,300,0.15189474821090698,0.51,0.848105251789093,0.17410531640052795
pure_top_k,0.7,1.0,20,4,25,300,0.10522940009832382,0.56,0.894770622253418,0.12082047015428543
pure_top_k,0.7,1.0,20,5,25,300,1.9073486612342094e-07,1.0,0.9999998211860657,1.3562194567384722e-07
pure_top_k,0.7,1.0,20,6,25,300,0.17687517404556274,0.04,0.8231248259544373,0.06605957448482513
pure_top_k,0.7,1.0,20,7,25,300,0.08414141833782196,0.20666666666666667,0.9158585667610168,0.04097741097211838
pure_top_k,0.7,1.0,20,8,25,300,0.067967988550663,0.8433333333333334,0.93203204870224,0.15924300253391266
pure_top_k,0.7,1.0,20,9,25,300,0.0,1.0,1.0,0.0
pure_top_k,0.7,1.0,20,10,25,300,0.030699927359819412,0.8433333333333334,0.9693000316619873,0.02816203236579895
pure_top_k,0.7,1.0,20,11,25,300,0.22384104132652283,0.5466666666666666,0.7761589884757996,0.24356403946876526
pure_top_k,0.7,1.0,20,12,25,300,0.1485859900712967,0.15666666666666668,0.8514139652252197,0.11143826693296432
pure_top_k,0.7,1.0,20,13,25,300,0.163895383477211,0.19,0.8361046314239502,0.10838182270526886
pure_top_k,0.7,1.0,20,14,25,300,0.008426184765994549,0.92,0.9915738701820374,0.028622325509786606
pure_top_k,0.7,1.0,20,15,25,300,0.12685991823673248,0.36666666666666664,0.8731400370597839,0.09437034279108047
pure_top_k,0.7,1.0,20,16,25,300,0.07875455170869827,0.7733333333333333,0.9212453961372375,0.14621460437774658
pure_top_k,0.7,1.0,20,17,25,300,0.06969437003135681,0.29333333333333333,0.9303056597709656,0.034063927829265594
pure_top_k,0.7,1.0,20,18,25,300,0.20049796998500824,0.03,0.7995020747184753,0.08247454464435577
pure_top_k,0.7,1.0,20,19,25,300,0.038031309843063354,0.92,0.9619686603546143,0.12918592989444733
pure_top_k,0.7,1.0,20,20,25,300,0.0928030014038086,0.07333333333333333,0.9071970582008362,0.03353347256779671
pure_top_k,0.7,1.0,20,21,25,300,0.15325360000133514,0.1,0.8467463850975037,0.07171734422445297
pure_top_k,0.7,1.0,20,22,25,300,0.12379676848649979,0.03,0.876203179359436,0.0494496151804924
pure_top_k,0.7,1.0,20,23,25,300,0.3868716061115265,0.09,0.6131284832954407,0.18878187239170074
pure_top_k,0.7,1.0,20,24,25,300,0.2657930552959442,0.02,0.7342069745063782,0.09318245202302933
pure_top_k,0.7,1.0,20,25,25,300,0.08938796073198318,0.27666666666666667,0.9106119871139526,0.061375126242637634
pure_top_k,0.7,1.0,20,26,25,300,0.08055801689624786,0.4666666666666667,0.9194419384002686,0.05924626439809799
pure_top_k,0.7,1.0,20,27,25,300,0.20665714144706726,0.12,0.7933428883552551,0.12272391468286514
pure_top_k,0.7,1.0,20,28,25,300,0.2199811339378357,0.07,0.7800188064575195,0.11728322505950928
pure_top_k,0.7,1.0,20,29,25,300,0.20829525589942932,0.006666666666666667,0.7917047739028931,0.07915261387825012
pure_top_k,0.7,1.0,20,30,25,300,0.070468470454216,0.44333333333333336,0.9295315742492676,0.055789764970541
pure_top_k,0.7,1.0,20,31,25,300,0.02996193803846836,0.92,0.9700380563735962,0.10177560895681381
pure_top_k,0.7,1.0,20,32,25,300,0.09110096842050552,0.13,0.9088990092277527,0.04458097368478775
pure_top_k,0.7,1.0,20,33,25,300,0.057265982031822205,0.39666666666666667,0.9427339434623718,0.03450961038470268
pure_top_k,0.7,1.0,20,34,25,300,0.2597286105155945,0.4066666666666667,0.7402713894844055,0.22294004261493683
pure_top_k,0.7,1.0,20,35,25,300,0.0332706943154335,0.6566666666666666,0.9667293429374695,0.04294442757964134
pure_top_k,0.7,1.0,20,36,25,300,0.06768554449081421,0.30666666666666664,0.9323144555091858,0.039682745933532715
pure_top_k,0.7,1.0,20,37,25,300,0.017187591642141342,0.7733333333333333,0.9828124046325684,0.031026914715766907
pure_top_k,0.7,1.0,20,38,25,300,0.07661384344100952,0.6333333333333333,0.9233862161636353,0.101014643907547
pure_top_k,0.7,1.0,20,39,25,300,0.07622867822647095,0.56,0.9237713813781738,0.0800803005695343
pure_top_k,0.7,1.0,20,40,25,300,0.13020628690719604,0.11666666666666667,0.869793713092804,0.06730861216783524
pure_top_k,0.7,1.0,20,41,25,300,0.006688624154776335,0.92,0.9933114647865295,0.022719833999872208
pure_top_k,0.7,1.0,20,42,25,300,3.814697180359872e-08,1.0,1.0,4.776338613510234e-08
pure_top_k,0.7,1.0,20,43,25,300,0.1712826043367386,0.31333333333333335,0.8287173509597778,0.13804636895656586
pure_top_k,0.7,1.0,20,44,25,300,0.05266355723142624,0.5,0.9473364353179932,0.05275154858827591
pure_top_k,0.7,1.0,20,45,25,300,0.14125564694404602,0.08,0.8587443828582764,0.053955718874931335
pure_top_k,0.7,1.0,20,46,25,300,0.009081518277525902,0.9966666666666667,0.9909185767173767,0.014676212333142757
pure_top_k,0.7,1.0,20,47,25,300,0.138282909989357,0.06333333333333334,0.8617171049118042,0.0580146461725235
pure_top_k,0.7,1.0,20,48,25,300,0.021785764023661613,0.8433333333333334,0.9782143235206604,0.054850608110427856
pure_top_k,0.7,1.0,20,49,25,300,0.03704327344894409,0.7733333333333333,0.9629567265510559,0.07832559943199158
pure_top_k,0.7,1.0,25,0,25,300,0.13754874467849731,0.29,0.8624512553215027,0.093870148062706
pure_top_k,0.7,1.0,25,1,25,300,0.0825716108083725,0.31666666666666665,0.9174283742904663,0.05201129615306854
pure_top_k,0.7,1.0,25,2,25,300,0.3434259295463562,0.06666666666666667,0.6565740704536438,0.16275335848331451
pure_top_k,0.7,1.0,25,3,25,300,0.1167716309428215,0.52,0.8832283616065979,0.13903258740901947
pure_top_k,0.7,1.0,25,4,25,300,0.09113188087940216,0.62,0.9088681936264038,0.11660011112689972
pure_top_k,0.7,1.0,25,5,25,300,1.9073486612342094e-07,1.0,0.9999998211860657,1.3562194567384722e-07
pure_top_k,0.7,1.0,25,6,25,300,0.17243823409080505,0.043333333333333335,0.8275617957115173,0.074045829474926
pure_top_k,0.7,1.0,25,7,25,300,0.07839126139879227,0.22,0.9216088056564331,0.03490220382809639
pure_top_k,0.7,1.0,25,8,25,300,0.1623862385749817,0.6366666666666667,0.8376137018203735,0.22031737864017487
pure_top_k,0.7,1.0,25,9,25,300,0.016150159761309624,0.8466666666666667,0.9838498830795288,0.03801367059350014
pure_top_k,0.7,1.0,25,10,25,300,0.05008816346526146,0.8733333333333333,0.9499118328094482,0.0729638934135437
pure_top_k,0.7,1.0,25,11,25,300,0.2552497088909149,0.5,0.7447502613067627,0.24398870766162872
pure_top_k,0.7,1.0,25,12,25,300,0.1581140160560608,0.19,0.8418859839439392,0.11041422188282013
pure_top_k,0.7,1.0,25,13,25,300,0.16152623295783997,0.15666666666666668,0.8384737968444824,0.0973990261554718
pure_top_k,0.7,1.0,25,14,25,300,0.02317197248339653,0.78,0.9768279790878296,0.043704282492399216
pure_top_k,0.7,1.0,25,15,25,300,0.06830251216888428,0.7066666666666667,0.9316974878311157,0.09624941647052765
pure_top_k,0.7,1.0,25,16,25,300,0.04187957942485809,0.9133333333333333,0.9581204056739807,0.11075729876756668
pure_top_k,0.7,1.0,25,17,25,300,0.07869786024093628,0.3,0.9213021993637085,0.049804408103227615
pure_top_k,0.7,1.0,25,18,25,300,0.20226551592350006,0.01,0.7977344989776611,0.07516829669475555
pure_top_k,0.7,1.0,25,19,25,300,0.03752082213759422,0.92,0.9624792337417603,0.12745186686515808
pure_top_k,0.7,1.0,25,20,25,300,0.10776860266923904,0.10333333333333333,0.8922314643859863,0.04631061479449272
pure_top_k,0.7,1.0,25,21,25,300,0.158949077129364,0.05,0.841050922870636,0.05415590852499008
pure_top_k,0.7,1.0,25,22,25,300,0.10909581184387207,0.06,0.8909042477607727,0.04603626951575279
pure_top_k,0.7,1.0,25,23,25,300,0.3367595374584198,0.14666666666666667,0.6632404327392578,0.203244149684906
pure_top_k,0.7,1.0,25,24,25,300,0.2089286595582962,0.05,0.7910712957382202,0.06336157768964767
pure_top_k,0.7,1.0,25,25,25,300,0.12163284420967102,0.19,0.8783671855926514,0.07524804025888443
pure_top_k,0.7,1.0,25,26,25,300,0.0801595076918602,0.43,0.9198405146598816,0.06101656332612038
pure_top_k,0.7,1.0,25,27,25,300,0.23912958800792694,0.22333333333333333,0.7608704566955566,0.16284571588039398
pure_top_k,0.7,1.0,25,28,25,300,0.23506098985671997,0.09,0.76493901014328,0.11439050734043121
pure_top_k,0.7,1.0,25,29,25,300,0.1753031611442566,0.01,0.8246967792510986,0.0540836937725544
pure_top_k,0.7,1.0,25,30,25,300,0.07141318172216415,0.45,0.9285868406295776,0.05271017923951149
pure_top_k,0.7,1.0,25,31,25,300,0.045504625886678696,0.8466666666666667,0.9544954299926758,0.10710712522268295
pure_top_k,0.7,1.0,25,32,25,300,0.08327745646238327,0.23333333333333334,0.9167225360870361,0.04571371525526047
pure_top_k,0.7,1.0,25,33,25,300,0.04838472232222557,0.6866666666666666,0.9516152143478394,0.05455704405903816
pure_top_k,0.7,1.0,25,34,25,300,0.2615150213241577,0.4066666666666667,0.7384849786758423,0.2245296984910965
pure_top_k,0.7,1.0,25,35,25,300,0.033510513603687286,0.59,0.9664894342422485,0.03863611817359924
pure_top_k,0.7,1.0,25,36,25,300,0.05624963715672493,0.44333333333333336,0.9437503814697266,0.031676772981882095
pure_top_k,0.7,1.0,25,37,25,300,0.009762424044311047,0.8466666666666667,0.9902376532554626,0.017915375530719757
pure_top_k,0.7,1.0,25,38,25,300,0.06292189657688141,0.68,0.937078058719635,0.08882180601358414
pure_top_k,0.7,1.0,25,39,25,300,0.11102442443370819,0.27,0.8889755010604858,0.07571688294410706
pure_top_k,0.7,1.0,25,40,25,300,0.16446329653263092,0.12333333333333334,0.8355367183685303,0.08029596507549286
pure_top_k,0.7,1.0,25,41,25,300,0.012819784693419933,0.8466666666666667,0.9871801733970642,0.03017454780638218
pure_top_k,0.7,1.0,25,42,25,300,3.814697180359872e-08,1.0,1.0,4.776338613510234e-08
pure_top_k,0.7,1.0,25,43,25,300,0.1986924558877945,0.30333333333333334,0.8013074994087219,0.14847169816493988
pure_top_k,0.7,1.0,25,44,25,300,0.084873266518116,0.49333333333333335,0.9151267409324646,0.13240733742713928
pure_top_k,0.7,1.0,25,45,25,300,0.17420139908790588,0.06,0.8257986307144165,0.07249511033296585
pure_top_k,0.7,1.0,25,46,25,300,0.007177659776061773,1.0,0.9928223490715027,0.01129862666130066
pure_top_k,0.7,1.0,25,47,25,300,0.14656071364879608,0.05333333333333334,0.8534393310546875,0.06817804276943207
pure_top_k,0.7,1.0,25,48,25,300,0.015760155394673347,0.92,0.984239935874939,0.053534261882305145
pure_top_k,0.7,1.0,25,49,25,300,0.04002431780099869,0.62,0.9599756598472595,0.051209788769483566
pure_top_k,0.7,1.0,30,0,25,300,0.17210449278354645,0.24333333333333335,0.8278955221176147,0.11070723831653595
pure_top_k,0.7,1.0,30,1,25,300,0.061523228883743286,0.44,0.9384767413139343,0.041846949607133865
pure_top_k,0.7,1.0,30,2,25,300,0.31567707657814026,0.023333333333333334,0.6843228936195374,0.14187054336071014
pure_top_k,0.7,1.0,30,3,25,300,0.10321713238954544,0.52,0.8967828154563904,0.11738843470811844
pure_top_k,0.7,1.0,30,4,25,300,0.09113188087940216,0.62,0.9088681936264038,0.11660011112689972
pure_top_k,0.7,1.0,30,5,25,300,1.9073486612342094e-07,1.0,0.9999998211860657,1.3562194567384722e-07
pure_top_k,0.7,1.0,30,6,25,300,0.17425476014614105,0.03333333333333333,0.8257452845573425,0.07803783565759659
pure_top_k,0.7,1.0,30,7,25,300,0.07598675042390823,0.27666666666666667,0.9240132570266724,0.0371955931186676
pure_top_k,0.7,1.0,30,8,25,300,3.099441414633475e-08,1.0,1.0,5.970423444523476e-08
pure_top_k,0.7,1.0,30,9,25,300,0.02317197434604168,0.78,0.9768279790878296,0.043704286217689514
pure_top_k,0.7,1.0,30,10,25,300,0.04286842793226242,0.9066666666666666,0.957131564617157,0.0758904367685318
pure_top_k,0.7,1.0,30,11,25,300,0.2577095925807953,0.4533333333333333,0.7422903180122375,0.24666008353233337
pure_top_k,0.7,1.0,30,12,25,300,0.13209842145442963,0.21,0.867901623249054,0.08576752245426178
pure_top_k,0.7,1.0,30,13,25,300,0.15835332870483398,0.13333333333333333,0.841646671295166,0.09026806801557541
pure_top_k,0.7,1.0,30,14,25,300,0.0,1.0,1.0,0.0
pure_top_k,0.7,1.0,30,15,25,300,0.0820825919508934,0.6333333333333333,0.9179173707962036,0.09245988726615906
pure_top_k,0.7,1.0,30,16,25,300,0.04831279069185257,0.8433333333333334,0.951687216758728,0.09951474517583847
pure_top_k,0.7,1.0,30,17,25,300,0.0789199098944664,0.38333333333333336,0.9210801124572754,0.07095123082399368
pure_top_k,0.7,1.0,30,18,25,300,0.19226565957069397,0.013333333333333334,0.8077343702316284,0.07111532986164093
pure_top_k,0.7,1.0,30,19,25,300,0.0,1.0,1.0,0.0
pure_top_k,0.7,1.0,30,20,25,300,0.09760343283414841,0.08,0.9023966193199158,0.03527802601456642
pure_top_k,0.7,1.0,30,21,25,300,0.15558727085590363,0.06666666666666667,0.8444127440452576,0.06410333514213562
pure_top_k,0.7,1.0,30,22,25,300,0.09603974968194962,0.09666666666666666,0.9039601683616638,0.03743831068277359
pure_top_k,0.7,1.0,30,23,25,300,0.33033692836761475,0.14,0.6696630120277405,0.20163187384605408
pure_top_k,0.7,1.0,30,24,25,300,0.22122415900230408,0.02666666666666667,0.7787758111953735,0.06317498534917831
pure_top_k,0.7,1.0,30,25,25,300,0.07211872935295105,0.38,0.9278812408447266,0.05568893253803253
pure_top_k,0.7,1.0,30,26,25,300,0.05305717885494232,0.7066666666666667,0.9469427466392517,0.050938647240400314
pure_top_k,0.7,1.0,30,27,25,300,0.2545294761657715,0.12333333333333334,0.7454705834388733,0.14543811976909637
pure_top_k,0.7,1.0,30,28,25,300,0.17466102540493011,0.11333333333333333,0.8253390192985535,0.08699962496757507
pure_top_k,0.7,1.0,30,29,25,300,0.23942425847053528,0.0033333333333333335,0.7605757713317871,0.07945920526981354
pure_top_k,0.7,1.0,30,30,25,300,0.08246337622404099,0.4066666666666667,0.9175366163253784,0.06115410104393959
pure_top_k,0.7,1.0,30,31,25,300,1.4305114426349519e-08,1.0,1.0,5.066072361614715e-08
pure_top_k,0.7,1.0,30,32,25,300,0.09628002345561981,0.06333333333333334,0.903719961643219,0.03888937830924988
pure_top_k,0.7,1.0,30,33,25,300,0.06324788182973862,0.4666666666666667,0.9367521405220032,0.05269598960876465
pure_top_k,0.7,1.0,30,34,25,300,0.26696208119392395,0.39,0.7330378890037537,0.2233627587556839
pure_top_k,0.7,1.0,30,35,25,300,0.03203923627734184,0.5966666666666667,0.9679608345031738,0.03758721053600311
pure_top_k,0.7,1.0,30,36,25,300,0.06100834533572197,0.36666666666666664,0.9389917254447937,0.036338042467832565
pure_top_k,0.7,1.0,30,37,25,300,0.012148043140769005,0.78,0.9878519773483276,0.020622985437512398
pure_top_k,0.7,1.0,30,38,25,300,0.06657901406288147,0.6366666666666667,0.9334210157394409,0.08754994720220566
pure_top_k,0.7,1.0,30,39,25,300,0.07676734775304794,0.6866666666666666,0.9232327342033386,0.10727890580892563
pure_top_k,0.7,1.0,30,40,25,300,0.1465410441160202,0.22666666666666666,0.8534589409828186,0.10215248912572861
pure_top_k,0.7,1.0,30,41,25,300,0.027868986129760742,0.6666666666666666,0.9721310138702393,0.03947843611240387
pure_top_k,0.7,1.0,30,42,25,300,3.814697180359872e-08,1.0,1.0,4.776338613510234e-08
pure_top_k,0.7,1.0,30,43,25,300,0.1513075828552246,0.4066666666666667,0.8486923575401306,0.13614174723625183
pure_top_k,0.7,1.0,30,44,25,300,0.05477011948823929,0.48,0.9452298879623413,0.05270935222506523
pure_top_k,0.7,1.0,30,45,25,300,0.15454597771167755,0.10666666666666667,0.8454539775848389,0.07108184695243835
pure_top_k,0.7,1.0,30,46,25,300,0.010100650601089,0.9966666666666667,0.9898992776870728,0.014606259763240814
pure_top_k,0.7,1.0,30,47,25,300,0.13926203548908234,0.056666666666666664,0.8607380390167236,0.07027745991945267
pure_top_k,0.7,1.0,30,48,25,300,0.05758830904960632,0.7033333333333334,0.9424117207527161,0.09987286478281021
pure_top_k,0.7,1.0,30,49,25,300,0.008426171727478504,0.92,0.9915738105773926,0.028622280806303024
pure_top_k,1.0,1.0,10,0,25,300,0.17572057247161865,0.13333333333333333,0.8242794871330261,0.09500843286514282
pure_top_k,1.0,1.0,10,1,25,300,0.10783425718545914,0.09666666666666666,0.8921657204627991,0.041902024298906326
pure_top_k,1.0,1.0,10,2,25,300,0.37195441126823425,0.0033333333333333335,0.6280456781387329,0.12654995918273926
pure_top_k,1.0,1.0,10,3,25,300,0.23475293815135956,0.23,0.7652470469474792,0.17595623433589935
pure_top_k,1.0,1.0,10,4,25,300,0.12451788783073425,0.5233333333333333,0.8754822015762329,0.1349341869354248
pure_top_k,1.0,1.0,10,5,25,300,0.01301169116050005,0.92,0.9869883060455322,0.04419786483049393
pure_top_k,1.0,1.0,10,6,25,300,0.23642492294311523,0.03333333333333333,0.7635750770568848,0.12727853655815125
pure_top_k,1.0,1.0,10,7,25,300,0.12612849473953247,0.09,0.8738715648651123,0.07449869066476822
pure_top_k,1.0,1.0,10,8,25,300,0.1034344956278801,0.77,0.8965655565261841,0.19157178699970245
pure_top_k,1.0,1.0,10,9,25,300,0.040024325251579285,0.62,0.9599756598472595,0.05120979622006416
pure_top_k,1.0,1.0,10,10,25,300,0.0507255382835865,0.65,0.949274480342865,0.02895837090909481
pure_top_k,1.0,1.0,10,11,25,300,0.2123258262872696,0.57,0.7876741290092468,0.2466217428445816
pure_top_k,1.0,1.0,10,12,25,300,0.1631319224834442,0.12666666666666668,0.8368681073188782,0.08643990755081177
pure_top_k,1.0,1.0,10,13,25,300,0.15505990386009216,0.14,0.8449401259422302,0.08607329428195953
pure_top_k,1.0,1.0,10,14,25,300,0.035109054297208786,0.6666666666666666,0.9648909568786621,0.049734655767679214
pure_top_k,1.0,1.0,10,15,25,300,0.1375800520181656,0.3233333333333333,0.8624199628829956,0.10170365124940872
pure_top_k,1.0,1.0,10,16,25,300,0.08042165637016296,0.7033333333333334,0.9195782542228699,0.12027952820062637
pure_top_k,1.0,1.0,10,17,25,300,0.06631749123334885,0.25666666666666665,0.9336825609207153,0.02630552649497986
pure_top_k,1.0,1.0,10,18,25,300,0.2598373293876648,0.02,0.7401626110076904,0.07964673638343811
pure_top_k,1.0,1.0,10,19,25,300,0.22333122789859772,0.4866666666666667,0.7766687870025635,0.22610698640346527
pure_top_k,1.0,1.0,10,20,25,300,0.14024841785430908,0.03,0.8597515821456909,0.0504540354013443
pure_top_k,1.0,1.0,10,21,25,300,0.16610801219940186,0.09,0.8338919878005981,0.06770919263362885
pure_top_k,1.0,1.0,10,22,25,300,0.11399473994970322,0.14333333333333334,0.8860052227973938,0.05060415714979172
pure_top_k,1.0,1.0,10,23,25,300,0.42678236961364746,0.043333333333333335,0.5732175707817078,0.14837953448295593
pure_top_k,1.0,1.0,10,24,25,300,0.24278827011585236,0.043333333333333335,0.7572116851806641,0.09999693185091019
pure_top_k,1.0,1.0,10,25,25,300,0.12931928038597107,0.1,0.8706806302070618,0.07159820944070816
pure_top_k,1.0,1.0,10,26,25,300,0.08355394750833511,0.3233333333333333,0.9164460301399231,0.05060688778758049
pure_top_k,1.0,1.0,10,27,25,300,0.2796376347541809,0.03666666666666667,0.7203623652458191,0.13311776518821716
pure_top_k,1.0,1.0,10,28,25,300,0.2631588280200958,0.02666666666666667,0.7368412017822266,0.10636920481920242
pure_top_k,1.0,1.0,10,29,25,300,0.24213635921478271,0.0,0.7578636407852173,0.09316590428352356
pure_top_k,1.0,1.0,10,30,25,300,0.132694810628891,0.12333333333333334,0.8673052191734314,0.06104869022965431
pure_top_k,1.0,1.0,10,31,25,300,0.029594948515295982,0.92,0.9704050421714783,0.10052900016307831
pure_top_k,1.0,1.0,10,32,25,300,0.10284977406263351,0.02666666666666667,0.8971501588821411,0.030581317842006683
pure_top_k,1.0,1.0,10,33,25,300,0.06561672687530518,0.32666666666666666,0.93438321352005,0.0387754961848259
pure_top_k,1.0,1.0,10,34,25,300,0.32921963930130005,0.23333333333333334,0.6707803606987,0.20764721930027008
pure_top_k,1.0,1.0,10,35,25,300,0.05860108137130737,0.36666666666666664,0.9413989186286926,0.041718989610672
pure_top_k,1.0,1.0,10,36,25,300,0.06608838587999344,0.35333333333333333,0.9339116215705872,0.03471171110868454
pure_top_k,1.0,1.0,10,37,25,300,0.05245401710271835,0.75,0.9475460052490234,0.10916111618280411
pure_top_k,1.0,1.0,10,38,25,300,0.11799779534339905,0.4,0.8820022344589233,0.10493765026330948
pure_top_k,1.0,1.0,10,39,25,300,0.14981035888195038,0.4,0.8501896262168884,0.13123241066932678
pure_top_k,1.0,1.0,10,40,25,300,0.20471447706222534,0.043333333333333335,0.7952855229377747,0.10063285380601883
pure_top_k,1.0,1.0,10,41,25,300,0.09495119750499725,0.4533333333333333,0.9050488471984863,0.1186068132519722
pure_top_k,1.0,1.0,10,42,25,300,0.010802232660353184,0.92,0.9891977906227112,0.036693230271339417
pure_top_k,1.0,1.0,10,43,25,300,0.2085098773241043,0.24333333333333335,0.7914901375770569,0.1487152874469757
pure_top_k,1.0,1.0,10,44,25,300,0.08900608867406845,0.47,0.9109938740730286,0.13707351684570312
pure_top_k,1.0,1.0,10,45,25,300,0.1522863805294037,0.04666666666666667,0.8477136492729187,0.056695666164159775
pure_top_k,1.0,1.0,10,46,25,300,0.030571091920137405,0.86,0.9694288969039917,0.03518376126885414
pure_top_k,1.0,1.0,10,47,25,300,0.20934292674064636,0.0033333333333333335,0.790657103061676,0.06885440647602081
pure_top_k,1.0,1.0,10,48,25,300,0.06715083122253418,0.58,0.932849109172821,0.08666833490133286
pure_top_k,1.0,1.0,10,49,25,300,0.06454484164714813,0.5233333333333333,0.9354551434516907,0.08256363868713379
pure_top_k,1.0,1.0,15,0,25,300,0.16797396540641785,0.10666666666666667,0.8320260643959045,0.08624736964702606
pure_top_k,1.0,1.0,15,1,25,300,0.12098391354084015,0.12333333333333334,0.879016101360321,0.057335253804922104
pure_top_k,1.0,1.0,15,2,25,300,0.38010862469673157,0.0033333333333333335,0.619891345500946,0.1476958841085434
pure_top_k,1.0,1.0,15,3,25,300,0.3182750940322876,0.056666666666666664,0.6817248463630676,0.13689066469669342
pure_top_k,1.0,1.0,15,4,25,300,0.07994025945663452,0.6666666666666666,0.9200598001480103,0.11324135959148407
pure_top_k,1.0,1.0,15,5,25,300,0.02794058434665203,0.8466666666666667,0.9720593094825745,0.06583459675312042
pure_top_k,1.0,1.0,15,6,25,300,0.19889414310455322,0.056666666666666664,0.8011058568954468,0.09126445651054382
pure_top_k,1.0,1.0,15,7,25,300,0.11184323579072952,0.07333333333333333,0.8881567120552063,0.052481163293123245
pure_top_k,1.0,1.0,15,8,25,300,0.14953354001045227,0.7,0.8504664897918701,0.23293787240982056
pure_top_k,1.0,1.0,15,9,25,300,0.0294916033744812,0.72,0.9705083966255188,0.0473707914352417
pure_top_k,1.0,1.0,15,10,25,300,0.1219436526298523,0.2633333333333333,0.8780563473701477,0.10045216232538223
pure_top_k,1.0,1.0,15,11,25,300,0.2040717601776123,0.49,0.7959282398223877,0.24142184853553772
pure_top_k,1.0,1.0,15,12,25,300,0.18367935717105865,0.06,0.8163206577301025,0.08657518029212952
pure_top_k,1.0,1.0,15,13,25,300,0.17547468841075897,0.07333333333333333,0.8245253562927246,0.08778390288352966
pure_top_k,1.0,1.0,15,14,25,300,0.0294916033744812,0.72,0.9705083966255188,0.047370795160532
pure_top_k,1.0,1.0,15,15,25,300,0.09610744565725327,0.4166666666666667,0.9038926362991333,0.08416473120450974
pure_top_k,1.0,1.0,15,16,25,300,0.09373383224010468,0.69,0.9062661528587341,0.13979746401309967
pure_top_k,1.0,1.0,15,17,25,300,0.06529473513364792,0.3466666666666667,0.9347053170204163,0.03539387881755829
pure_top_k,1.0,1.0,15,18,25,300,0.23040908575057983,0.02,0.7695909738540649,0.07152340561151505
pure_top_k,1.0,1.0,15,19,25,300,0.07291911542415619,0.8466666666666667,0.9270808696746826,0.17123256623744965
pure_top_k,1.0,1.0,15,20,25,300,0.11455388367176056,0.04666666666666667,0.8854461908340454,0.041760098189115524
pure_top_k,1.0,1.0,15,21,25,300,0.1548406481742859,0.05,0.8451593518257141,0.06534213572740555
pure_top_k,1.0,1.0,15,22,25,300,0.14529766142368317,0.03333333333333333,0.854702353477478,0.054881658405065536
pure_top_k,1.0,1.0,15,23,25,300,0.4108947217464447,0.09333333333333334,0.5891052484512329,0.17021775245666504
pure_top_k,1.0,1.0,15,24,25,300,0.2241070568561554,0.006666666666666667,0.775892972946167,0.05448725074529648
pure_top_k,1.0,1.0,15,25,25,300,0.10973172634840012,0.16333333333333333,0.8902682662010193,0.05745658650994301
pure_top_k,1.0,1.0,15,26,25,300,0.08272775262594223,0.41,0.9172723293304443,0.0540887825191021
pure_top_k,1.0,1.0,15,27,25,300,0.25377288460731506,0.06666666666666667,0.7462271451950073,0.13122974336147308
pure_top_k,1.0,1.0,15,28,25,300,0.262745201587677,0.016666666666666666,0.7372547388076782,0.0942310094833374
pure_top_k,1.0,1.0,15,29,25,300,0.22182896733283997,0.0033333333333333335,0.7781710028648376,0.07626707851886749
pure_top_k,1.0,1.0,15,30,25,300,0.1251591444015503,0.16666666666666666,0.8748409152030945,0.07315614074468613
pure_top_k,1.0,1.0,15,31,25,300,0.08000100404024124,0.77,0.9199990034103394,0.14761775732040405
pure_top_k,1.0,1.0,15,32,25,300,0.1155950278043747,0.023333333333333334,0.8844048976898193,0.04753580689430237
pure_top_k,1.0,1.0,15,33,25,300,0.0762547180056572,0.26666666666666666,0.923745334148407,0.04524470120668411
pure_top_k,1.0,1.0,15,34,25,300,0.32498255372047424,0.20333333333333334,0.6750174164772034,0.20328865945339203
pure_top_k,1.0,1.0,15,35,25,300,0.06079345569014549,0.3233333333333333,0.9392065405845642,0.040703367441892624
pure_top_k,1.0,1.0,15,36,25,300,0.07245681434869766,0.36666666666666664,0.9275431036949158,0.04647113382816315
pure_top_k,1.0,1.0,15,37,25,300,0.026476478204131126,0.8133333333333334,0.9735235571861267,0.030258700251579285
pure_top_k,1.0,1.0,15,38,25,300,0.15819208323955536,0.35333333333333333,0.8418079018592834,0.12311603873968124
pure_top_k,1.0,1.0,15,39,25,300,0.1472543627023697,0.2966666666666667,0.8527456521987915,0.11195800453424454
pure_top_k,1.0,1.0,15,40,25,300,0.20267845690250397,0.013333333333333334,0.7973215579986572,0.0899263322353363
pure_top_k,1.0,1.0,15,41,25,300,0.06540721654891968,0.6433333333333333,0.9345927834510803,0.11213070154190063
pure_top_k,1.0,1.0,15,42,25,300,3.814697180359872e-08,1.0,1.0,4.776338613510234e-08
pure_top_k,1.0,1.0,15,43,25,300,0.1781536340713501,0.31333333333333335,0.8218463063240051,0.13564877212047577
pure_top_k,1.0,1.0,15,44,25,300,0.05266356095671654,0.5,0.9473364353179932,0.052751556038856506
pure_top_k,1.0,1.0,15,45,25,300,0.18922169506549835,0.006666666666666667,0.8107783198356628,0.061489179730415344
pure_top_k,1.0,1.0,15,46,25,300,0.018321437761187553,0.89,0.9816785454750061,0.020892903208732605
pure_top_k,1.0,1.0,15,47,25,300,0.2037680745124817,0.023333333333333334,0.7962318658828735,0.07639174908399582
pure_top_k,1.0,1.0,15,48,25,300,0.07640688866376877,0.49,0.9235931634902954,0.09838972985744476
pure_top_k,1.0,1.0,15,49,25,300,0.023171966895461082,0.78,0.9768279790878296,0.04370427131652832
pure_top_k,1.0,1.0,20,0,25,300,0.150380477309227,0.11666666666666667,0.849619448184967,0.08408190310001373
pure_top_k,1.0,1.0,20,1,25,300,0.09530222415924072,0.22,0.9046978950500488,0.05557088926434517
pure_top_k,1.0,1.0,20,2,25,300,0.41655054688453674,0.0033333333333333335,0.5834494233131409,0.11995051056146622
pure_top_k,1.0,1.0,20,3,25,300,0.2905927896499634,0.056666666666666664,0.7094072103500366,0.13234397768974304
pure_top_k,1.0,1.0,20,4,25,300,0.11153382807970047,0.5066666666666667,0.8884661793708801,0.11719027906656265
pure_top_k,1.0,1.0,20,5,25,300,1.9073486612342094e-07,1.0,0.9999998211860657,1.3562194567384722e-07
pure_top_k,1.0,1.0,20,6,25,300,0.22521273791790009,0.06333333333333334,0.7747873067855835,0.10720276087522507
pure_top_k,1.0,1.0,20,7,25,300,0.09001386910676956,0.15333333333333332,0.909986138343811,0.03697605058550835
pure_top_k,1.0,1.0,20,8,25,300,0.2100926637649536,0.5166666666666667,0.7899073362350464,0.23151780664920807
pure_top_k,1.0,1.0,20,9,25,300,0.03510905057191849,0.6666666666666666,0.9648909568786621,0.049734655767679214
pure_top_k,1.0,1.0,20,10,25,300,0.061219602823257446,0.7266666666666667,0.9387804269790649,0.07443550229072571
pure_top_k,1.0,1.0,20,11,25,300,0.24395805597305298,0.47,0.756041944026947,0.24257884919643402
pure_top_k,1.0,1.0,20,12,25,300,0.17768099904060364,0.07333333333333333,0.8223190307617188,0.09852630645036697
pure_top_k,1.0,1.0,20,13,25,300,0.17838521301746368,0.13666666666666666,0.8216148018836975,0.10113248229026794
pure_top_k,1.0,1.0,20,14,25,300,0.03510905057191849,0.6666666666666666,0.9648909568786621,0.049734655767679214
pure_top_k,1.0,1.0,20,15,25,300,0.14432071149349213,0.30333333333333334,0.8556793332099915,0.09426593035459518
pure_top_k,1.0,1.0,20,16,25,300,0.03150951862335205,0.8433333333333334,0.968490481376648,0.058180104941129684
pure_top_k,1.0,1.0,20,17,25,300,0.0804784744977951,0.27,0.9195215106010437,0.045288991183042526
pure_top_k,1.0,1.0,20,18,25,300,0.2464045137166977,0.02,0.7535954713821411,0.08941775560379028
pure_top_k,1.0,1.0,20,19,25,300,0.008426171727478504,0.92,0.9915738701820374,0.028622278943657875
pure_top_k,1.0,1.0,20,20,25,300,0.12582293152809143,0.03666666666666667,0.8741770386695862,0.04575065150856972
pure_top_k,1.0,1.0,20,21,25,300,0.14341039955615997,0.043333333333333335,0.8565895557403564,0.05981883034110069
pure_top_k,1.0,1.0,20,22,25,300,0.13633285462856293,0.03666666666666667,0.8636671900749207,0.04907332733273506
pure_top_k,1.0,1.0,20,23,25,300,0.40588465332984924,0.04,0.5941153168678284,0.14899539947509766
pure_top_k,1.0,1.0,20,24,25,300,0.3196049928665161,0.01,0.6803950071334839,0.14608262479305267
pure_top_k,1.0,1.0,20,25,25,300,0.12870006263256073,0.07333333333333333,0.8712999224662781,0.05666092783212662
pure_top_k,1.0,1.0,20,26,25,300,0.0767819806933403,0.48333333333333334,0.9232179522514343,0.05244673416018486
pure_top_k,1.0,1.0,20,27,25,300,0.27918267250061035,0.04666666666666667,0.7208173871040344,0.1309550553560257
pure_top_k,1.0,1.0,20,28,25,300,0.23986028134822845,0.04,0.7601396441459656,0.08932457864284515
pure_top_k,1.0,1.0,20,29,25,300,0.23545044660568237,0.0,0.7645495533943176,0.0795416608452797
pure_top_k,1.0,1.0,20,30,25,300,0.1267929971218109,0.14666666666666667,0.8732069730758667,0.06962767243385315
pure_top_k,1.0,1.0,20,31,25,300,0.08000100404024124,0.77,0.9199990034103394,0.14761775732040405
pure_top_k,1.0,1.0,20,32,25,300,0.1276027113199234,0.03333333333333333,0.872397243976593,0.06569379568099976
pure_top_k,1.0,1.0,20,33,25,300,0.06648705899715424,0.36666666666666664,0.9335129857063293,0.04087231680750847
pure_top_k,1.0,1.0,20,34,25,300,0.29597291350364685,0.3333333333333333,0.7040271162986755,0.22097425162792206
pure_top_k,1.0,1.0,20,35,25,300,0.05069577321410179,0.46,0.9493042230606079,0.041658271104097366
pure_top_k,1.0,1.0,20,36,25,300,0.07692962884902954,0.23333333333333334,0.9230703711509705,0.03716764226555824
pure_top_k,1.0,1.0,20,37,25,300,0.024932757019996643,0.62,0.9750672578811646,0.025636587291955948
pure_top_k,1.0,1.0,20,38,25,300,0.11942433565855026,0.36333333333333334,0.8805756568908691,0.1039360985159874
pure_top_k,1.0,1.0,20,39,25,300,0.126437708735466,0.45,0.8735623359680176,0.1182195395231247
pure_top_k,1.0,1.0,20,40,25,300,0.18970204889774323,0.07,0.810297966003418,0.10787662863731384
pure_top_k,1.0,1.0,20,41,25,300,0.06243246793746948,0.6433333333333333,0.9375675320625305,0.1050635576248169
pure_top_k,1.0,1.0,20,42,25,300,3.814697180359872e-08,1.0,1.0,4.776338613510234e-08
pure_top_k,1.0,1.0,20,43,25,300,0.19334924221038818,0.24666666666666667,0.8066507577896118,0.13739019632339478
pure_top_k,1.0,1.0,20,44,25,300,0.1725473254919052,0.33666666666666667,0.8274526596069336,0.19140323996543884
pure_top_k,1.0,1.0,20,45,25,300,0.154863640666008,0.04,0.8451363444328308,0.06104731187224388
pure_top_k,1.0,1.0,20,46,25,300,0.02052864246070385,0.8633333333333333,0.9794714450836182,0.026003152132034302
pure_top_k,1.0,1.0,20,47,25,300,0.20037446916103363,0.006666666666666667,0.7996255159378052,0.08517691493034363
pure_top_k,1.0,1.0,20,48,25,300,0.0677013024687767,0.5733333333333334,0.9322986602783203,0.08431819081306458
pure_top_k,1.0,1.0,20,49,25,300,0.09145231544971466,0.49666666666666665,0.9085476398468018,0.11074439436197281
pure_top_k,1.0,1.0,25,0,25,300,0.1502985805273056,0.18666666666666668,0.849701464176178,0.09636374562978745
pure_top_k,1.0,1.0,25,1,25,300,0.10740422457456589,0.12,0.8925958275794983,0.048668909817934036
pure_top_k,1.0,1.0,25,2,25,300,0.41220682859420776,0.0,0.5877931714057922,0.1361866444349289
pure_top_k,1.0,1.0,25,3,25,300,0.30361291766166687,0.12,0.6963870525360107,0.15732848644256592
pure_top_k,1.0,1.0,25,4,25,300,0.10871869325637817,0.5466666666666666,0.8912813067436218,0.11958631128072739
pure_top_k,1.0,1.0,25,5,25,300,1.9073486612342094e-07,1.0,0.9999998211860657,1.3562194567384722e-07
pure_top_k,1.0,1.0,25,6,25,300,0.23153804242610931,0.10666666666666667,0.7684619426727295,0.12531577050685883
pure_top_k,1.0,1.0,25,7,25,300,0.11401735991239548,0.09666666666666666,0.8859826922416687,0.050450585782527924
pure_top_k,1.0,1.0,25,8,25,300,0.18412068486213684,0.57,0.8158792853355408,0.22012834250926971
pure_top_k,1.0,1.0,25,9,25,300,0.03510904684662819,0.6666666666666666,0.9648909568786621,0.04973464459180832
pure_top_k,1.0,1.0,25,10,25,300,0.04004400968551636,0.7733333333333333,0.9599560499191284,0.021524759009480476
pure_top_k,1.0,1.0,25,11,25,300,0.2085043340921402,0.58,0.791495680809021,0.2433469295501709
pure_top_k,1.0,1.0,25,12,25,300,0.21358871459960938,0.04,0.7864112854003906,0.08606579154729843
pure_top_k,1.0,1.0,25,13,25,300,0.15975426137447357,0.08333333333333333,0.8402457237243652,0.0769345760345459
pure_top_k,1.0,1.0,25,14,25,300,0.03510905057191849,0.6666666666666666,0.9648909568786621,0.049734652042388916
pure_top_k,1.0,1.0,25,15,25,300,0.1448226124048233,0.22,0.8551774024963379,0.08788572251796722
pure_top_k,1.0,1.0,25,16,25,300,0.04228169471025467,0.8433333333333334,0.9577183127403259,0.08087680488824844
pure_top_k,1.0,1.0,25,17,25,300,0.07458886504173279,0.28,0.9254111647605896,0.03966958075761795
pure_top_k,1.0,1.0,25,18,25,300,0.24117639660835266,0.07,0.758823573589325,0.10611989349126816
pure_top_k,1.0,1.0,25,19,25,300,0.04631524160504341,0.8433333333333334,0.9536846876144409,0.13054166734218597
pure_top_k,1.0,1.0,25,20,25,300,0.11433649808168411,0.08333333333333333,0.8856634497642517,0.04941805079579353
pure_top_k,1.0,1.0,25,21,25,300,0.15470637381076813,0.05,0.8452935814857483,0.05702688544988632
pure_top_k,1.0,1.0,25,22,25,300,0.14273640513420105,0.05,0.8572635650634766,0.059597402811050415
pure_top_k,1.0,1.0,25,23,25,300,0.4122615158557892,0.05333333333333334,0.5877384543418884,0.160361647605896
pure_top_k,1.0,1.0,25,24,25,300,0.26697078347206116,0.006666666666666667,0.7330291867256165,0.11018332093954086
pure_top_k,1.0,1.0,25,25,25,300,0.12378896027803421,0.1,0.8762110471725464,0.0640791729092598
pure_top_k,1.0,1.0,25,26,25,300,0.08452017605304718,0.37666666666666665,0.9154797196388245,0.054100725799798965
pure_top_k,1.0,1.0,25,27,25,300,0.2869914770126343,0.02666666666666667,0.7130085229873657,0.13045546412467957
pure_top_k,1.0,1.0,25,28,25,300,0.2693372368812561,0.016666666666666666,0.7306627631187439,0.09774712473154068
pure_top_k,1.0,1.0,25,29,25,300,0.27452772855758667,0.0,0.7254722714424133,0.11218861490488052
pure_top_k,1.0,1.0,25,30,25,300,0.10331552475690842,0.16,0.896684467792511,0.04972827062010765
pure_top_k,1.0,1.0,25,31,25,300,0.045504625886678696,0.8466666666666667,0.9544954299926758,0.10710712522268295
pure_top_k,1.0,1.0,25,32,25,300,0.11821834743022919,0.07666666666666666,0.8817816376686096,0.059325773268938065
pure_top_k,1.0,1.0,25,33,25,300,0.06855567544698715,0.35333333333333333,0.9314442873001099,0.04093773290514946
pure_top_k,1.0,1.0,25,34,25,300,0.27661940455436707,0.31666666666666665,0.7233805656433105,0.20017705857753754
pure_top_k,1.0,1.0,25,35,25,300,0.05368766933679581,0.4866666666666667,0.9463123679161072,0.028646238148212433
pure_top_k,1.0,1.0,25,36,25,300,0.06291303783655167,0.4,0.9370869994163513,0.041927170008420944
pure_top_k,1.0,1.0,25,37,25,300,0.075479656457901,0.7066666666666667,0.9245202541351318,0.14769402146339417
pure_top_k,1.0,1.0,25,38,25,300,0.15565170347690582,0.2966666666666667,0.8443482518196106,0.10943545401096344
pure_top_k,1.0,1.0,25,39,25,300,0.12704682350158691,0.39666666666666667,0.8729531764984131,0.11278025060892105
pure_top_k,1.0,1.0,25,40,25,300,0.1869964450597763,0.023333333333333334,0.8130035400390625,0.0843760222196579
pure_top_k,1.0,1.0,25,41,25,300,0.04013130068778992,0.52,0.9598687887191772,0.04183970391750336
pure_top_k,1.0,1.0,25,42,25,300,3.814697180359872e-08,1.0,1.0,4.776338613510234e-08
pure_top_k,1.0,1.0,25,43,25,300,0.2062489539384842,0.25333333333333335,0.7937510013580322,0.139278382062912
pure_top_k,1.0,1.0,25,44,25,300,0.11644340306520462,0.44333333333333336,0.883556604385376,0.1633797287940979
pure_top_k,1.0,1.0,25,45,25,300,0.15424346923828125,0.013333333333333334,0.8457565307617188,0.06053413823246956
pure_top_k,1.0,1.0,25,46,25,300,0.022288819774985313,0.9666666666666667,0.9777112007141113,0.01665661856532097
pure_top_k,1.0,1.0,25,47,25,300,0.24194569885730743,0.013333333333333334,0.7580543160438538,0.08650482445955276
pure_top_k,1.0,1.0,25,48,25,300,0.08006791770458221,0.7033333333333334,0.9199320673942566,0.12864810228347778
pure_top_k,1.0,1.0,25,49,25,300,0.05565076321363449,0.6033333333333334,0.9443492889404297,0.0819632038474083
pure_top_k,1.0,1.0,30,0,25,300,0.16037146747112274,0.12666666666666668,0.8396285772323608,0.08303802460432053
pure_top_k,1.0,1.0,30,1,25,300,0.09878744184970856,0.11666666666666667,0.9012125730514526,0.045065492391586304
pure_top_k,1.0,1.0,30,2,25,300,0.3910027742385864,0.006666666666666667,0.6089971661567688,0.1445104479789734
pure_top_k,1.0,1.0,30,3,25,300,0.22470955550670624,0.22,0.7752904295921326,0.16973677277565002
pure_top_k,1.0,1.0,30,4,25,300,0.12401308864355087,0.47,0.8759869337081909,0.121615931391716
pure_top_k,1.0,1.0,30,5,25,300,1.9073486612342094e-07,1.0,0.9999998211860657,1.3562194567384722e-07
pure_top_k,1.0,1.0,30,6,25,300,0.2523605525493622,0.03333333333333333,0.7476394176483154,0.14663611352443695
pure_top_k,1.0,1.0,30,7,25,300,0.11794225126504898,0.13333333333333333,0.8820577263832092,0.07170217484235764
pure_top_k,1.0,1.0,30,8,25,300,0.1304747313261032,0.7033333333333334,0.8695253729820251,0.2049703747034073
pure_top_k,1.0,1.0,30,9,25,300,0.07072809338569641,0.6033333333333334,0.929271936416626,0.12660208344459534
pure_top_k,1.0,1.0,30,10,25,300,0.09190792590379715,0.5,0.9080920219421387,0.09288167953491211
pure_top_k,1.0,1.0,30,11,25,300,0.2609645128250122,0.44,0.7390354871749878,0.23849326372146606
pure_top_k,1.0,1.0,30,12,25,300,0.2250610888004303,0.056666666666666664,0.7749388813972473,0.11028118431568146
pure_top_k,1.0,1.0,30,13,25,300,0.1664479374885559,0.1,0.8335520625114441,0.09100917726755142
pure_top_k,1.0,1.0,30,14,25,300,0.016150163486599922,0.8466666666666667,0.9838497638702393,0.038013678044080734
pure_top_k,1.0,1.0,30,15,25,300,0.1545625478029251,0.19666666666666666,0.8454374670982361,0.08486379683017731
pure_top_k,1.0,1.0,30,16,25,300,0.12467571347951889,0.5666666666666667,0.8753243088722229,0.14998051524162292
pure_top_k,1.0,1.0,30,17,25,300,0.06335008144378662,0.33666666666666667,0.9366498589515686,0.03618435561656952
pure_top_k,1.0,1.0,30,18,25,300,0.2350761443376541,0.013333333333333334,0.7649239301681519,0.08005868643522263
pure_top_k,1.0,1.0,30,19,25,300,0.06318992376327515,0.77,0.9368100762367249,0.13263849914073944
pure_top_k,1.0,1.0,30,20,25,300,0.13019174337387085,0.09,0.8698082566261292,0.06347893923521042
pure_top_k,1.0,1.0,30,21,25,300,0.18652641773223877,0.04666666666666667,0.813473641872406,0.07699544727802277
pure_top_k,1.0,1.0,30,22,25,300,0.14319802820682526,0.03,0.8568019866943359,0.054173361510038376
pure_top_k,1.0,1.0,30,23,25,300,0.40820130705833435,0.023333333333333334,0.591798722743988,0.13258245587348938
pure_top_k,1.0,1.0,30,24,25,300,0.22496896982192993,0.013333333333333334,0.7750310301780701,0.06326976418495178
pure_top_k,1.0,1.0,30,25,25,300,0.14877627789974213,0.12,0.8512237071990967,0.08243456482887268
pure_top_k,1.0,1.0,30,26,25,300,0.09015428274869919,0.2966666666666667,0.909845769405365,0.05326903238892555
pure_top_k,1.0,1.0,30,27,25,300,0.30140671133995056,0.03666666666666667,0.6985933184623718,0.130097895860672
pure_top_k,1.0,1.0,30,28,25,300,0.21717959642410278,0.07666666666666666,0.782820463180542,0.09325578063726425
pure_top_k,1.0,1.0,30,29,25,300,0.2564866244792938,0.0,0.7435134053230286,0.11177006363868713
pure_top_k,1.0,1.0,30,30,25,300,0.18394875526428223,0.013333333333333334,0.8160512447357178,0.0692998394370079
pure_top_k,1.0,1.0,30,31,25,300,0.11778091639280319,0.6433333333333333,0.882219135761261,0.16009648144245148
pure_top_k,1.0,1.0,30,32,25,300,0.11451035737991333,0.05,0.8854895830154419,0.03942335024476051
pure_top_k,1.0,1.0,30,33,25,300,0.07483027875423431,0.2633333333333333,0.9251697063446045,0.03435850143432617
pure_top_k,1.0,1.0,30,34,25,300,0.24866394698619843,0.4166666666666667,0.7513360381126404,0.22111666202545166
pure_top_k,1.0,1.0,30,35,25,300,0.04679892584681511,0.4766666666666667,0.9532011151313782,0.03431461751461029
pure_top_k,1.0,1.0,30,36,25,300,0.05657726153731346,0.38666666666666666,0.9434226751327515,0.03495325520634651
pure_top_k,1.0,1.0,30,37,25,300,0.042146243155002594,0.77,0.9578537940979004,0.0745982900261879
pure_top_k,1.0,1.0,30,38,25,300,0.18043746054172516,0.26666666666666666,0.819562554359436,0.13459767401218414
pure_top_k,1.0,1.0,30,39,25,300,0.12649990618228912,0.2633333333333333,0.8735000491142273,0.08476374298334122
pure_top_k,1.0,1.0,30,40,25,300,0.21915335953235626,0.0033333333333333335,0.7808466553688049,0.08792003989219666
pure_top_k,1.0,1.0,30,41,25,300,0.018393561244010925,0.78,0.9816064238548279,0.034691642969846725
pure_top_k,1.0,1.0,30,42,25,300,3.814697180359872e-08,1.0,1.0,4.776338613510234e-08
pure_top_k,1.0,1.0,30,43,25,300,0.19313129782676697,0.24333333333333335,0.8068686723709106,0.14818492531776428
pure_top_k,1.0,1.0,30,44,25,300,0.12174779176712036,0.4266666666666667,0.8782521486282349,0.1704300493001938
pure_top_k,1.0,1.0,30,45,25,300,0.17286084592342377,0.0033333333333333335,0.827139139175415,0.058752838522195816
pure_top_k,1.0,1.0,30,46,25,300,0.026214871555566788,0.8966666666666666,0.9737851023674011,0.018483707681298256
pure_top_k,1.0,1.0,30,47,25,300,0.18984319269657135,0.006666666666666667,0.8101568222045898,0.06745969504117966
pure_top_k,1.0,1.0,30,48,25,300,0.09727411717176437,0.4666666666666667,0.9027258157730103,0.1114949956536293
pure_top_k,1.0,1.0,30,49,25,300,0.060448888689279556,0.56,0.9395511746406555,0.0823519378900528
pure_top_k,1.5,1.0,10,0,25,300,0.19880615174770355,0.03666666666666667,0.8011938333511353,0.0808144062757492
pure_top_k,1.5,1.0,10,1,25,300,0.14875373244285583,0.03333333333333333,0.8512462973594666,0.053521525114774704
pure_top_k,1.5,1.0,10,2,25,300,0.3912239968776703,0.0,0.6087760329246521,0.10976169258356094
pure_top_k,1.5,1.0,10,3,25,300,0.29331648349761963,0.03,0.7066835165023804,0.12443757802248001
pure_top_k,1.5,1.0,10,4,25,300,0.15802332758903503,0.33666666666666667,0.8419767022132874,0.12469866871833801
pure_top_k,1.5,1.0,10,5,25,300,0.13573290407657623,0.5733333333333334,0.8642671704292297,0.17181716859340668
pure_top_k,1.5,1.0,10,6,25,300,0.3038405776023865,0.05,0.6961594223976135,0.1507849097251892
pure_top_k,1.5,1.0,10,7,25,300,0.1397138386964798,0.05333333333333334,0.8602861762046814,0.0769006758928299
pure_top_k,1.5,1.0,10,8,25,300,0.09018988162279129,0.77,0.9098101854324341,0.1696690022945404
pure_top_k,1.5,1.0,10,9,25,300,0.050557028502225876,0.52,0.9494429230690002,0.052709344774484634
pure_top_k,1.5,1.0,10,10,25,300,0.09208754450082779,0.32,0.9079123735427856,0.06355535238981247
pure_top_k,1.5,1.0,10,11,25,300,0.26479047536849976,0.43666666666666665,0.7352095246315002,0.2470819354057312
pure_top_k,1.5,1.0,10,12,25,300,0.24621884524822235,0.0033333333333333335,0.7537811994552612,0.11733965575695038
pure_top_k,1.5,1.0,10,13,25,300,0.20328174531459808,0.03333333333333333,0.7967182397842407,0.095993272960186
pure_top_k,1.5,1.0,10,14,25,300,0.05266355350613594,0.5,0.9473364353179932,0.05275154858827591
pure_top_k,1.5,1.0,10,15,25,300,0.16554191708564758,0.17666666666666667,0.8344581127166748,0.08603683859109879
pure_top_k,1.5,1.0,10,16,25,300,0.2131022959947586,0.21666666666666667,0.7868976593017578,0.15118536353111267
pure_top_k,1.5,1.0,10,17,25,300,0.08145420998334885,0.31,0.9185458421707153,0.0724649503827095
pure_top_k,1.5,1.0,10,18,25,300,0.2325286865234375,0.023333333333333334,0.7674713134765625,0.07098811119794846
pure_top_k,1.5,1.0,10,19,25,300,0.18176071345806122,0.47,0.8182392716407776,0.2155666947364807
pure_top_k,1.5,1.0,10,20,25,300,0.12153223901987076,0.03666666666666667,0.8784677386283875,0.0434107705950737
pure_top_k,1.5,1.0,10,21,25,300,0.16745328903198242,0.013333333333333334,0.8325467109680176,0.06166384369134903
pure_top_k,1.5,1.0,10,22,25,300,0.1776551604270935,0.0,0.8223448395729065,0.08420060575008392
pure_top_k,1.5,1.0,10,23,25,300,0.45129191875457764,0.0033333333333333335,0.5487080812454224,0.11074157059192657
pure_top_k,1.5,1.0,10,24,25,300,0.2879467308521271,0.0033333333333333335,0.7120532393455505,0.13287052512168884
pure_top_k,1.5,1.0,10,25,25,300,0.16958361864089966,0.03666666666666667,0.8304164409637451,0.06926180422306061
pure_top_k,1.5,1.0,10,26,25,300,0.13354754447937012,0.23666666666666666,0.8664524555206299,0.1344427615404129
pure_top_k,1.5,1.0,10,27,25,300,0.2903203070163727,0.03333333333333333,0.7096796631813049,0.11725952476263046
pure_top_k,1.5,1.0,10,28,25,300,0.3008926510810852,0.023333333333333334,0.6991073489189148,0.1097048670053482
pure_top_k,1.5,1.0,10,29,25,300,0.2530813217163086,0.01,0.7469186186790466,0.10046809166669846
pure_top_k,1.5,1.0,10,30,25,300,0.1894991248846054,0.03666666666666667,0.8105009198188782,0.07826929539442062
pure_top_k,1.5,1.0,10,31,25,300,0.15020465850830078,0.59,0.8497953414916992,0.18200433254241943
pure_top_k,1.5,1.0,10,32,25,300,0.14914055168628693,0.02666666666666667,0.8508594632148743,0.058942921459674835
pure_top_k,1.5,1.0,10,33,25,300,0.11291122436523438,0.19666666666666666,0.8870888352394104,0.07783642411231995
pure_top_k,1.5,1.0,10,34,25,300,0.29907703399658203,0.25333333333333335,0.700922966003418,0.1989273726940155
pure_top_k,1.5,1.0,10,35,25,300,0.0710543543100357,0.38,0.9289456009864807,0.05231887474656105
pure_top_k,1.5,1.0,10,36,25,300,0.06098005920648575,0.35333333333333333,0.9390199780464172,0.03290216624736786
pure_top_k,1.5,1.0,10,37,25,300,0.1551387459039688,0.32666666666666666,0.8448612093925476,0.16816924512386322
pure_top_k,1.5,1.0,10,38,25,300,0.26894330978393555,0.12666666666666668,0.7310567498207092,0.143352210521698
pure_top_k,1.5,1.0,10,39,25,300,0.18274933099746704,0.043333333333333335,0.817250669002533,0.07971664518117905
pure_top_k,1.5,1.0,10,40,25,300,0.26617109775543213,0.0,0.7338288426399231,0.08017770946025848
pure_top_k,1.5,1.0,10,41,25,300,0.08968460559844971,0.45,0.9103154540061951,0.10944043844938278
pure_top_k,1.5,1.0,10,42,25,300,0.09912531822919846,0.78,0.9008747339248657,0.18695858120918274
pure_top_k,1.5,1.0,10,43,25,300,0.23539018630981445,0.08666666666666667,0.7646097540855408,0.12575840950012207
pure_top_k,1.5,1.0,10,44,25,300,0.15317225456237793,0.42,0.8468278050422668,0.2026495486497879
pure_top_k,1.5,1.0,10,45,25,300,0.17488649487495422,0.006666666666666667,0.8251134753227234,0.059977225959300995
pure_top_k,1.5,1.0,10,46,25,300,0.08381032198667526,0.34,0.9161895513534546,0.05562456697225571
pure_top_k,1.5,1.0,10,47,25,300,0.2796674966812134,0.0,0.7203325629234314,0.08665840327739716
pure_top_k,1.5,1.0,10,48,25,300,0.14526450634002686,0.27666666666666667,0.8547354936599731,0.114793561398983
pure_top_k,1.5,1.0,10,49,25,300,0.1346343755722046,0.4866666666666667,0.8653656244277954,0.19224247336387634
pure_top_k,1.5,1.0,15,0,25,300,0.19384624063968658,0.03,0.8061537742614746,0.07188425958156586
pure_top_k,1.5,1.0,15,1,25,300,0.13804283738136292,0.07333333333333333,0.8619571924209595,0.062430959194898605
pure_top_k,1.5,1.0,15,2,25,300,0.40774962306022644,0.0033333333333333335,0.5922503471374512,0.10671298205852509
pure_top_k,1.5,1.0,15,3,25,300,0.2540836036205292,0.14,0.7459163665771484,0.1526680737733841
pure_top_k,1.5,1.0,15,4,25,300,0.19545429944992065,0.31333333333333335,0.8045457005500793,0.14303314685821533
pure_top_k,1.5,1.0,15,5,25,300,0.08678459376096725,0.7,0.9132154583930969,0.14523130655288696
pure_top_k,1.5,1.0,15,6,25,300,0.3175885081291199,0.043333333333333335,0.6824114918708801,0.14271612465381622
pure_top_k,1.5,1.0,15,7,25,300,0.17738524079322815,0.013333333333333334,0.8226147294044495,0.08993897587060928
pure_top_k,1.5,1.0,15,8,25,300,0.16984771192073822,0.51,0.8301522731781006,0.19562086462974548
pure_top_k,1.5,1.0,15,9,25,300,0.04002431407570839,0.62,0.9599756598472595,0.051209788769483566
pure_top_k,1.5,1.0,15,10,25,300,0.12967732548713684,0.21333333333333335,0.8703226447105408,0.07934906333684921
pure_top_k,1.5,1.0,15,11,25,300,0.2763507664203644,0.31,0.7236492037773132,0.237136572599411
pure_top_k,1.5,1.0,15,12,25,300,0.26099735498428345,0.006666666666666667,0.7390026450157166,0.13110578060150146
pure_top_k,1.5,1.0,15,13,25,300,0.21553024649620056,0.03333333333333333,0.7844697833061218,0.08494507521390915
pure_top_k,1.5,1.0,15,14,25,300,0.04002431780099869,0.62,0.9599756002426147,0.05120979622006416
pure_top_k,1.5,1.0,15,15,25,300,0.17331615090370178,0.056666666666666664,0.8266838192939758,0.06480558961629868
pure_top_k,1.5,1.0,15,16,25,300,0.09902430325746536,0.5833333333333334,0.90097576379776,0.11092554032802582
pure_top_k,1.5,1.0,15,17,25,300,0.08655710518360138,0.2,0.9134429097175598,0.04518776014447212
pure_top_k,1.5,1.0,15,18,25,300,0.25285762548446655,0.01,0.7471424341201782,0.07363767921924591
pure_top_k,1.5,1.0,15,19,25,300,0.21407145261764526,0.4033333333333333,0.7859285473823547,0.21013092994689941
pure_top_k,1.5,1.0,15,20,25,300,0.16029952466487885,0.01,0.8397005200386047,0.056175485253334045
pure_top_k,1.5,1.0,15,21,25,300,0.18019747734069824,0.04,0.8198025226593018,0.06278125941753387
pure_top_k,1.5,1.0,15,22,25,300,0.17811642587184906,0.0033333333333333335,0.8218836188316345,0.05328526347875595
pure_top_k,1.5,1.0,15,23,25,300,0.4316226840019226,0.02,0.5683773159980774,0.11254087835550308
pure_top_k,1.5,1.0,15,24,25,300,0.37914544343948364,0.0,0.6208545565605164,0.1398124396800995
pure_top_k,1.5,1.0,15,25,25,300,0.19737845659255981,0.006666666666666667,0.8026215434074402,0.08014322817325592
pure_top_k,1.5,1.0,15,26,25,300,0.10838016867637634,0.22,0.891619861125946,0.06790030002593994
pure_top_k,1.5,1.0,15,27,25,300,0.30473634600639343,0.01,0.695263683795929,0.12129906564950943
pure_top_k,1.5,1.0,15,28,25,300,0.31085750460624695,0.0,0.6891424655914307,0.08658849447965622
pure_top_k,1.5,1.0,15,29,25,300,0.2935927212238312,0.0,0.7064072489738464,0.0865243598818779
pure_top_k,1.5,1.0,15,30,25,300,0.18350890278816223,0.09666666666666666,0.8164910674095154,0.09025505930185318
pure_top_k,1.5,1.0,15,31,25,300,0.10286685824394226,0.7033333333333334,0.8971331715583801,0.16100481152534485
pure_top_k,1.5,1.0,15,32,25,300,0.18080513179302216,0.006666666666666667,0.8191948533058167,0.08300844579935074
pure_top_k,1.5,1.0,15,33,25,300,0.13972127437591553,0.09,0.8602787256240845,0.1070232018828392
pure_top_k,1.5,1.0,15,34,25,300,0.35265520215034485,0.16333333333333333,0.6473447680473328,0.18457894027233124
pure_top_k,1.5,1.0,15,35,25,300,0.060893669724464417,0.36,0.9391063451766968,0.03412945196032524
pure_top_k,1.5,1.0,15,36,25,300,0.07110573351383209,0.2,0.9288942217826843,0.03417059779167175
pure_top_k,1.5,1.0,15,37,25,300,0.13298659026622772,0.2733333333333333,0.8670134544372559,0.13482874631881714
pure_top_k,1.5,1.0,15,38,25,300,0.24633145332336426,0.06,0.7536685466766357,0.09397339820861816
pure_top_k,1.5,1.0,15,39,25,300,0.19173133373260498,0.03666666666666667,0.8082686066627502,0.07732516527175903
pure_top_k,1.5,1.0,15,40,25,300,0.25074416399002075,0.006666666666666667,0.7492558360099792,0.07636161893606186
pure_top_k,1.5,1.0,15,41,25,300,0.09033286571502686,0.42,0.9096671342849731,0.11384651809930801
pure_top_k,1.5,1.0,15,42,25,300,0.10156208276748657,0.77,0.8984379172325134,0.18649691343307495
pure_top_k,1.5,1.0,15,43,25,300,0.22777171432971954,0.14333333333333334,0.7722283005714417,0.13617011904716492
pure_top_k,1.5,1.0,15,44,25,300,0.21800628304481506,0.27666666666666667,0.7819936871528625,0.2095327377319336
pure_top_k,1.5,1.0,15,45,25,300,0.16339921951293945,0.0,0.8366007208824158,0.05438072234392166
pure_top_k,1.5,1.0,15,46,25,300,0.05633595958352089,0.5433333333333333,0.943664014339447,0.04507462680339813
pure_top_k,1.5,1.0,15,47,25,300,0.2439754754304886,0.0,0.7560245394706726,0.07342880964279175
pure_top_k,1.5,1.0,15,48,25,300,0.19932608306407928,0.14666666666666667,0.8006739020347595,0.11903364956378937
pure_top_k,1.5,1.0,15,49,25,300,0.07307983934879303,0.49333333333333335,0.9269201755523682,0.0967152789235115
pure_top_k,1.5,1.0,20,0,25,300,0.20152485370635986,0.006666666666666667,0.7984751462936401,0.0715695172548294
pure_top_k,1.5,1.0,20,1,25,300,0.20143114030361176,0.013333333333333334,0.7985689043998718,0.0847841203212738
pure_top_k,1.5,1.0,20,2,25,300,0.4079603850841522,0.0,0.5920395851135254,0.124513179063797
pure_top_k,1.5,1.0,20,3,25,300,0.32754114270210266,0.03666666666666667,0.672458827495575,0.12770985066890717
pure_top_k,1.5,1.0,20,4,25,300,0.15992209315299988,0.3566666666666667,0.8400779366493225,0.12403220683336258
pure_top_k,1.5,1.0,20,5,25,300,0.09535035490989685,0.6333333333333333,0.9046496748924255,0.14086700975894928
pure_top_k,1.5,1.0,20,6,25,300,0.28366807103157043,0.02,0.716331958770752,0.12378033995628357
pure_top_k,1.5,1.0,20,7,25,300,0.14962966740131378,0.006666666666666667,0.8503704071044922,0.052908964455127716
pure_top_k,1.5,1.0,20,8,25,300,0.24145075678825378,0.4,0.7585492730140686,0.21550032496452332
pure_top_k,1.5,1.0,20,9,25,300,0.06597578525543213,0.6533333333333333,0.9340242743492126,0.12888067960739136
pure_top_k,1.5,1.0,20,10,25,300,0.11768249422311783,0.25666666666666665,0.8823174834251404,0.07879798859357834
pure_top_k,1.5,1.0,20,11,25,300,0.24296310544013977,0.47,0.7570369243621826,0.2463315725326538
pure_top_k,1.5,1.0,20,12,25,300,0.24566113948822021,0.016666666666666666,0.7543388605117798,0.11256740987300873
pure_top_k,1.5,1.0,20,13,25,300,0.20091280341148376,0.04666666666666667,0.7990871667861938,0.1293329894542694
pure_top_k,1.5,1.0,20,14,25,300,0.016150163486599922,0.8466666666666667,0.9838497638702393,0.038013678044080734
pure_top_k,1.5,1.0,20,15,25,300,0.18288668990135193,0.03,0.8171132802963257,0.07140713185071945
pure_top_k,1.5,1.0,20,16,25,300,0.17413336038589478,0.3333333333333333,0.82586669921875,0.13610263168811798
pure_top_k,1.5,1.0,20,17,25,300,0.12264032661914825,0.09,0.8773596286773682,0.06186499446630478
pure_top_k,1.5,1.0,20,18,25,300,0.27497395873069763,0.006666666666666667,0.7250260710716248,0.09005365520715714
pure_top_k,1.5,1.0,20,19,25,300,0.2270541936159134,0.3233333333333333,0.772945761680603,0.21263067424297333
pure_top_k,1.5,1.0,20,20,25,300,0.15566231310367584,0.02666666666666667,0.8443376421928406,0.058689963072538376
pure_top_k,1.5,1.0,20,21,25,300,0.17348746955394745,0.023333333333333334,0.8265125751495361,0.06115620955824852
pure_top_k,1.5,1.0,20,22,25,300,0.17652679979801178,0.0,0.8234732151031494,0.06287465244531631
pure_top_k,1.5,1.0,20,23,25,300,0.4622383713722229,0.013333333333333334,0.5377616286277771,0.10762845724821091
pure_top_k,1.5,1.0,20,24,25,300,0.381036639213562,0.01,0.6189634203910828,0.15773941576480865
pure_top_k,1.5,1.0,20,25,25,300,0.17935587465763092,0.02666666666666667,0.820644199848175,0.09977179765701294
pure_top_k,1.5,1.0,20,26,25,300,0.08836495876312256,0.24333333333333335,0.9116349220275879,0.046581484377384186
pure_top_k,1.5,1.0,20,27,25,300,0.35579898953437805,0.016666666666666666,0.6442010402679443,0.1500924676656723
pure_top_k,1.5,1.0,20,28,25,300,0.3542904257774353,0.006666666666666667,0.6457095742225647,0.11911581456661224
pure_top_k,1.5,1.0,20,29,25,300,0.26850882172584534,0.0,0.731491208076477,0.10037863999605179
pure_top_k,1.5,1.0,20,30,25,300,0.23817022144794464,0.01,0.7618297338485718,0.07638169080018997
pure_top_k,1.5,1.0,20,31,25,300,0.13655158877372742,0.59,0.8634485006332397,0.16691668331623077
pure_top_k,1.5,1.0,20,32,25,300,0.2282055914402008,0.0033333333333333335,0.7717944383621216,0.09511782974004745
pure_top_k,1.5,1.0,20,33,25,300,0.11598649621009827,0.15,0.8840135931968689,0.06820699572563171
pure_top_k,1.5,1.0,20,34,25,300,0.32457277178764343,0.23666666666666666,0.6754271984100342,0.21794340014457703
pure_top_k,1.5,1.0,20,35,25,300,0.055516015738248825,0.41333333333333333,0.9444839358329773,0.03788824379444122
pure_top_k,1.5,1.0,20,36,25,300,0.07059333473443985,0.27666666666666667,0.9294067621231079,0.032603271305561066
pure_top_k,1.5,1.0,20,37,25,300,0.09677590429782867,0.4266666666666667,0.9032240509986877,0.1084621250629425
pure_top_k,1.5,1.0,20,38,25,300,0.22854410111904144,0.06,0.7714558839797974,0.09018944203853607
pure_top_k,1.5,1.0,20,39,25,300,0.19315095245838165,0.05,0.8068490028381348,0.09561341255903244
pure_top_k,1.5,1.0,20,40,25,300,0.24983027577400208,0.0033333333333333335,0.7501697540283203,0.07402296364307404
pure_top_k,1.5,1.0,20,41,25,300,0.10124802589416504,0.3566666666666667,0.8987519145011902,0.1056320071220398
pure_top_k,1.5,1.0,20,42,25,300,0.11871902644634247,0.77,0.8812808990478516,0.21839046478271484
pure_top_k,1.5,1.0,20,43,25,300,0.19205161929130554,0.07,0.8079484105110168,0.09589690715074539
pure_top_k,1.5,1.0,20,44,25,300,0.20858049392700195,0.31,0.7914194464683533,0.22025559842586517
pure_top_k,1.5,1.0,20,45,25,300,0.1792173832654953,0.0,0.8207826018333435,0.05255521088838577
pure_top_k,1.5,1.0,20,46,25,300,0.06826499849557877,0.44333333333333336,0.9317349195480347,0.049053486436605453
pure_top_k,1.5,1.0,20,47,25,300,0.2526894807815552,0.006666666666666667,0.7473104596138,0.10725733637809753
pure_top_k,1.5,1.0,20,48,25,300,0.15765154361724854,0.18,0.8423485159873962,0.10457196086645126
pure_top_k,1.5,1.0,20,49,25,300,0.13811028003692627,0.3566666666666667,0.861889660358429,0.15109387040138245
pure_top_k,1.5,1.0,25,0,25,300,0.20730091631412506,0.01,0.7926990985870361,0.07980607450008392
pure_top_k,1.5,1.0,25,1,25,300,0.1996961236000061,0.02,0.8003038763999939,0.10790996253490448
pure_top_k,1.5,1.0,25,2,25,300,0.3975154459476471,0.01,0.6024845242500305,0.12455892562866211
pure_top_k,1.5,1.0,25,3,25,300,0.3022285997867584,0.03666666666666667,0.697771430015564,0.1377090960741043
pure_top_k,1.5,1.0,25,4,25,300,0.1494743525981903,0.37333333333333335,0.8505257368087769,0.12017831206321716
pure_top_k,1.5,1.0,25,5,25,300,0.17331141233444214,0.51,0.8266885876655579,0.19458869099617004
pure_top_k,1.5,1.0,25,6,25,300,0.27093806862831116,0.04,0.729062020778656,0.12552256882190704
pure_top_k,1.5,1.0,25,7,25,300,0.15856775641441345,0.03666666666666667,0.8414322137832642,0.07798749953508377
pure_top_k,1.5,1.0,25,8,25,300,0.3029969334602356,0.22,0.6970030665397644,0.1942201554775238
pure_top_k,1.5,1.0,25,9,25,300,0.05055703967809677,0.52,0.9494429230690002,0.05270935967564583
pure_top_k,1.5,1.0,25,10,25,300,0.16373884677886963,0.27,0.8362611532211304,0.12898901104927063
pure_top_k,1.5,1.0,25,11,25,300,0.296658456325531,0.30666666666666664,0.703341543674469,0.24375367164611816
pure_top_k,1.5,1.0,25,12,25,300,0.2559005320072174,0.0,0.744099497795105,0.10247867554426193
pure_top_k,1.5,1.0,25,13,25,300,0.21747194230556488,0.043333333333333335,0.7825281023979187,0.09049016237258911
pure_top_k,1.5,1.0,25,14,25,300,0.06972303241491318,0.6033333333333334,0.9302769899368286,0.1234707310795784
pure_top_k,1.5,1.0,25,15,25,300,0.17946921288967133,0.07333333333333333,0.8205308318138123,0.06671520322561264
pure_top_k,1.5,1.0,25,16,25,300,0.17220892012119293,0.30333333333333334,0.8277910351753235,0.13431669771671295
pure_top_k,1.5,1.0,25,17,25,300,0.08115284889936447,0.24666666666666667,0.9188471436500549,0.038767408579587936
pure_top_k,1.5,1.0,25,18,25,300,0.28210917115211487,0.0033333333333333335,0.7178907990455627,0.07829141616821289
pure_top_k,1.5,1.0,25,19,25,300,0.23395156860351562,0.29333333333333333,0.7660484910011292,0.2049560695886612
pure_top_k,1.5,1.0,25,20,25,300,0.159516379237175,0.013333333333333334,0.8404836654663086,0.04533771425485611
pure_top_k,1.5,1.0,25,21,25,300,0.1838453710079193,0.01,0.8161546587944031,0.07204300910234451
pure_top_k,1.5,1.0,25,22,25,300,0.1921076476573944,0.006666666666666667,0.807892382144928,0.08514158427715302
pure_top_k,1.5,1.0,25,23,25,300,0.4460735023021698,0.0033333333333333335,0.5539264678955078,0.1183575987815857
pure_top_k,1.5,1.0,25,24,25,300,0.38879647850990295,0.0,0.6112034916877747,0.12787720561027527
pure_top_k,1.5,1.0,25,25,25,300,0.2031724601984024,0.016666666666666666,0.796827495098114,0.0813969224691391
pure_top_k,1.5,1.0,25,26,25,300,0.1164422258734703,0.24666666666666667,0.8835577368736267,0.09733010083436966
pure_top_k,1.5,1.0,25,27,25,300,0.3396364748477936,0.03333333333333333,0.6603634357452393,0.1476338505744934
pure_top_k,1.5,1.0,25,28,25,300,0.31529825925827026,0.006666666666666667,0.6847017407417297,0.11112073063850403
pure_top_k,1.5,1.0,25,29,25,300,0.32121333479881287,0.0,0.6787866353988647,0.10826671123504639
pure_top_k,1.5,1.0,25,30,25,300,0.2729170620441437,0.0033333333333333335,0.7270829081535339,0.09519779682159424
pure_top_k,1.5,1.0,25,31,25,300,0.07410866767168045,0.77,0.9258913397789001,0.13682249188423157
pure_top_k,1.5,1.0,25,32,25,300,0.17197097837924957,0.0,0.8280290961265564,0.051832105964422226
pure_top_k,1.5,1.0,25,33,25,300,0.1164039894938469,0.07666666666666666,0.8835960626602173,0.05310825631022453
pure_top_k,1.5,1.0,25,34,25,300,0.33278757333755493,0.16666666666666666,0.6672123670578003,0.18143345415592194
pure_top_k,1.5,1.0,25,35,25,300,0.08369104564189911,0.28,0.9163089990615845,0.07373353838920593
pure_top_k,1.5,1.0,25,36,25,300,0.07560571283102036,0.2633333333333333,0.9243942499160767,0.03829410299658775
pure_top_k,1.5,1.0,25,37,25,300,0.1539188176393509,0.27666666666666667,0.8460812568664551,0.14479614794254303
pure_top_k,1.5,1.0,25,38,25,300,0.2918162941932678,0.05,0.7081837058067322,0.11039013415575027
pure_top_k,1.5,1.0,25,39,25,300,0.2205539494752884,0.03333333333333333,0.7794461250305176,0.10710762441158295
pure_top_k,1.5,1.0,25,40,25,300,0.2613328695297241,0.0,0.7386670708656311,0.08386393636465073
pure_top_k,1.5,1.0,25,41,25,300,0.10633018612861633,0.34,0.893669843673706,0.10993082076311111
pure_top_k,1.5,1.0,25,42,25,300,0.12208659946918488,0.6333333333333333,0.8779134154319763,0.17936520278453827
pure_top_k,1.5,1.0,25,43,25,300,0.2337600737810135,0.1,0.7662399411201477,0.13268275558948517
pure_top_k,1.5,1.0,25,44,25,300,0.14292052388191223,0.37333333333333335,0.8570794463157654,0.17264270782470703
pure_top_k,1.5,1.0,25,45,25,300,0.189673513174057,0.0,0.8103264570236206,0.056821007281541824
pure_top_k,1.5,1.0,25,46,25,300,0.0676308199763298,0.55,0.9323691725730896,0.06317969411611557
pure_top_k,1.5,1.0,25,47,25,300,0.2181382179260254,0.0033333333333333335,0.7818617820739746,0.057210322469472885
pure_top_k,1.5,1.0,25,48,25,300,0.180637389421463,0.14333333333333334,0.8193625807762146,0.0997677817940712
pure_top_k,1.5,1.0,25,49,25,300,0.11789597570896149,0.39666666666666667,0.8821040987968445,0.13587766885757446
pure_top_k,1.5,1.0,30,0,25,300,0.22736772894859314,0.0033333333333333335,0.7726323008537292,0.09466815739870071
pure_top_k,1.5,1.0,30,1,25,300,0.21615204215049744,0.01,0.783847987651825,0.11970127373933792
pure_top_k,1.5,1.0,30,2,25,300,0.4097999632358551,0.0,0.5902000665664673,0.117610402405262
pure_top_k,1.5,1.0,30,3,25,300,0.32221660017967224,0.016666666666666666,0.6777834296226501,0.1446039378643036
pure_top_k,1.5,1.0,30,4,25,300,0.16036954522132874,0.33666666666666667,0.8396304249763489,0.12250375002622604
pure_top_k,1.5,1.0,30,5,25,300,0.14833272993564606,0.58,0.8516673445701599,0.18706998229026794
pure_top_k,1.5,1.0,30,6,25,300,0.33495575189590454,0.023333333333333334,0.6650442481040955,0.13112342357635498
pure_top_k,1.5,1.0,30,7,25,300,0.1477518081665039,0.013333333333333334,0.8522482514381409,0.07587361335754395
pure_top_k,1.5,1.0,30,8,25,300,0.2338770478963852,0.35,0.7661229372024536,0.20795881748199463
pure_top_k,1.5,1.0,30,9,25,300,0.0294916033744812,0.72,0.9705083966255188,0.047370795160532
pure_top_k,1.5,1.0,30,10,25,300,0.1902790367603302,0.12,0.8097209930419922,0.11656951904296875
pure_top_k,1.5,1.0,30,11,25,300,0.2604166567325592,0.41,0.7395833134651184,0.23453794419765472
pure_top_k,1.5,1.0,30,12,25,300,0.23865261673927307,0.0,0.7613474726676941,0.080912746489048
pure_top_k,1.5,1.0,30,13,25,300,0.2236219346523285,0.02666666666666667,0.7763780951499939,0.09866014868021011
pure_top_k,1.5,1.0,30,14,25,300,0.03510903939604759,0.6666666666666666,0.9648909568786621,0.04973464086651802
pure_top_k,1.5,1.0,30,15,25,300,0.18679992854595184,0.12333333333333334,0.813200056552887,0.07984369248151779
pure_top_k,1.5,1.0,30,16,25,300,0.1549614518880844,0.4633333333333333,0.8450385332107544,0.1554764062166214
pure_top_k,1.5,1.0,30,17,25,300,0.06654743105173111,0.2833333333333333,0.9334526658058167,0.029575565829873085
pure_top_k,1.5,1.0,30,18,25,300,0.29151636362075806,0.02,0.7084836959838867,0.10572019964456558
pure_top_k,1.5,1.0,30,19,25,300,0.21208813786506653,0.29333333333333333,0.7879118919372559,0.19694581627845764
pure_top_k,1.5,1.0,30,20,25,300,0.15795373916625977,0.023333333333333334,0.8420462608337402,0.05504302680492401
pure_top_k,1.5,1.0,30,21,25,300,0.22271011769771576,0.013333333333333334,0.7772899270057678,0.08864383399486542
pure_top_k,1.5,1.0,30,22,25,300,0.1855858415365219,0.006666666666666667,0.8144140839576721,0.07053228467702866
pure_top_k,1.5,1.0,30,23,25,300,0.46898987889289856,0.02,0.5310101509094238,0.11611789464950562
pure_top_k,1.5,1.0,30,24,25,300,0.37607935070991516,0.0,0.6239206194877625,0.14082026481628418
pure_top_k,1.5,1.0,30,25,25,300,0.17713968455791473,0.013333333333333334,0.8228603601455688,0.07214406132698059
pure_top_k,1.5,1.0,30,26,25,300,0.11844006925821304,0.27666666666666667,0.8815599679946899,0.13262170553207397
pure_top_k,1.5,1.0,30,27,25,300,0.29398491978645325,0.016666666666666666,0.7060150504112244,0.12127174437046051
pure_top_k,1.5,1.0,30,28,25,300,0.3687626123428345,0.0,0.6312373876571655,0.10756286978721619
pure_top_k,1.5,1.0,30,29,25,300,0.2595461308956146,0.0,0.740453839302063,0.08701635152101517
pure_top_k,1.5,1.0,30,30,25,300,0.2565901279449463,0.0033333333333333335,0.7434099316596985,0.08798503875732422
pure_top_k,1.5,1.0,30,31,25,300,0.1462361365556717,0.5466666666666666,0.8537638187408447,0.16270332038402557
pure_top_k,1.5,1.0,30,32,25,300,0.2139851152896881,0.0033333333333333335,0.7860149145126343,0.09838538616895676
pure_top_k,1.5,1.0,30,33,25,300,0.11294011771678925,0.17666666666666667,0.8870599269866943,0.07393849641084671
pure_top_k,1.5,1.0,30,34,25,300,0.3581874966621399,0.14,0.6418124437332153,0.21100443601608276
pure_top_k,1.5,1.0,30,35,25,300,0.05782252177596092,0.37333333333333335,0.9421775341033936,0.04104585945606232
pure_top_k,1.5,1.0,30,36,25,300,0.08700758963823318,0.18333333333333332,0.9129924774169922,0.041955653578042984
pure_top_k,1.5,1.0,30,37,25,300,0.15950912237167358,0.44666666666666666,0.8404908180236816,0.1660408079624176
pure_top_k,1.5,1.0,30,38,25,300,0.3089433014392853,0.013333333333333334,0.6910566687583923,0.11028983443975449
pure_top_k,1.5,1.0,30,39,25,300,0.21720606088638306,0.03,0.7827939391136169,0.08821701258420944
pure_top_k,1.5,1.0,30,40,25,300,0.2759433090686798,0.0,0.7240567207336426,0.07779942452907562
pure_top_k,1.5,1.0,30,41,25,300,0.10332301259040833,0.37,0.8966770172119141,0.11763778328895569
pure_top_k,1.5,1.0,30,42,25,300,0.0888693779706955,0.77,0.9111306667327881,0.1728736162185669
pure_top_k,1.5,1.0,30,43,25,300,0.2494698017835617,0.023333333333333334,0.7505301833152771,0.12255996465682983
pure_top_k,1.5,1.0,30,44,25,300,0.19142240285873413,0.3566666666666667,0.8085775971412659,0.20661835372447968
pure_top_k,1.5,1.0,30,45,25,300,0.16023702919483185,0.0033333333333333335,0.8397629857063293,0.055995069444179535
pure_top_k,1.5,1.0,30,46,25,300,0.06744014471769333,0.38,0.9325597882270813,0.0382811464369297
pure_top_k,1.5,1.0,30,47,25,300,0.2106921523809433,0.0,0.7893078327178955,0.07650107890367508
pure_top_k,1.5,1.0,30,48,25,300,0.178737074136734,0.16666666666666666,0.8212628960609436,0.11854957044124603
pure_top_k,1.5,1.0,30,49,25,300,0.1364438682794571,0.4033333333333333,0.8635560870170593,0.1540714055299759
pure_top_p,0.1,0.6,0,0,25,300,0.0,1.0,1.0,0.0
pure_top_p,0.1,0.6,0,1,25,300,0.007346840109676123,1.0,0.9926530718803406,0.007359115406870842
pure_top_p,0.1,0.6,0,2,25,300,1.4305114426349519e-08,1.0,1.0,5.066072361614715e-08
pure_top_p,0.1,0.6,0,3,25,300,0.0,1.0,1.0,0.0
pure_top_p,0.1,0.6,0,4,25,300,9.536743306171047e-08,1.0,1.0,1.1699592761260647e-07
pure_top_p,0.1,0.6,0,5,25,300,1.9073486612342094e-07,1.0,0.9999998211860657,1.3562194567384722e-07
pure_top_p,0.1,0.6,0,6,25,300,0.0,1.0,1.0,0.0
pure_top_p,0.1,0.6,0,7,25,300,0.02342696115374565,1.0,0.9765730500221252,0.01955294981598854
pure_top_p,0.1,0.6,0,8,25,300,3.099441414633475e-08,1.0,1.0,5.970423444523476e-08
pure_top_p,0.1,0.6,0,9,25,300,0.0,1.0,1.0,0.0
pure_top_p,0.1,0.6,0,10,25,300,0.0,1.0,1.0,0.0
pure_top_p,0.1,0.6,0,11,25,300,7.629394360719743e-08,1.0,1.0,9.552677227020467e-08
pure_top_p,0.1,0.6,0,12,25,300,2.384185791015625e-07,1.0,0.9999998211860657,1.7262681240026723e-07
pure_top_p,0.1,0.6,0,13,25,300,8.106231774718253e-08,1.0,1.0,9.70078986028966e-08
pure_top_p,0.1,0.6,0,14,25,300,0.0,1.0,1.0,0.0
pure_top_p,0.1,0.6,0,15,25,300,2.3841858265427618e-08,1.0,1.0,8.443453936024525e-08
pure_top_p,0.1,0.6,0,16,25,300,1.0490417423625331e-07,1.0,1.0,1.3925300379469263e-07
pure_top_p,0.1,0.6,0,17,25,300,4.2915345943583816e-08,1.0,1.0,5.066072361614715e-08
pure_top_p,0.1,0.6,0,18,25,300,0.0,1.0,1.0,0.0
pure_top_p,0.1,0.6,0,19,25,300,0.0,1.0,1.0,0.0
pure_top_p,0.1,0.6,0,20,25,300,0.011333821341395378,1.0,0.9886661767959595,0.011053924448788166
pure_top_p,0.1,0.6,0,21,25,300,0.0,1.0,1.0,0.0
pure_top_p,0.1,0.6,0,22,25,300,0.0,1.0,1.0,0.0
pure_top_p,0.1,0.6,0,23,25,300,0.0,1.0,1.0,0.0
pure_top_p,0.1,0.6,0,24,25,300,9.53674295089968e-09,1.0,1.0,3.37738157440981e-08
pure_top_p,0.1,0.6,0,25,25,300,0.0,1.0,1.0,0.0
pure_top_p,0.1,0.6,0,26,25,300,0.010369456373155117,1.0,0.9896305203437805,0.009979297406971455
pure_top_p,0.1,0.6,0,27,25,300,0.0,1.0,1.0,0.0
pure_top_p,0.1,0.6,0,28,25,300,0.0,1.0,1.0,0.0
pure_top_p,0.1,0.6,0,29,25,300,7.629394360719743e-08,1.0,1.0,9.552677227020467e-08
pure_top_p,0.1,0.6,0,30,25,300,1.6212463549436507e-07,1.0,0.9999998807907104,1.1453258252913656e-07
pure_top_p,0.1,0.6,0,31,25,300,1.4305114426349519e-08,1.0,1.0,5.066072361614715e-08
pure_top_p,0.1,0.6,0,32,25,300,0.0,1.0,1.0,0.0
pure_top_p,0.1,0.6,0,33,25,300,0.0,1.0,1.0,0.0
pure_top_p,0.1,0.6,0,34,25,300,0.0,1.0,1.0,0.0
pure_top_p,0.1,0.6,0,35,25,300,9.536743306171047e-08,1.0,1.0,1.1699592761260647e-07
pure_top_p,0.1,0.6,0,36,25,300,0.0,1.0,1.0,0.0
pure_top_p,0.1,0.6,0,37,25,300,1.668930060816365e-08,1.0,1.0,3.1592509941447133e-08
pure_top_p,0.1,0.6,0,38,25,300,2.1457672971791908e-08,1.0,1.0,3.582254137768359e-08
pure_top_p,0.1,0.6,0,39,25,300,4.7683716530855236e-08,1.0,1.0,5.849796380630323e-08
pure_top_p,0.1,0.6,0,40,25,300,0.0,1.0,1.0,0.0
pure_top_p,0.1,0.6,0,41,25,300,8.583069188716763e-08,1.0,1.0,1.013214472322943e-07
pure_top_p,0.1,0.6,0,42,25,300,3.814697180359872e-08,1.0,1.0,4.776338613510234e-08
pure_top_p,0.1,0.6,0,43,25,300,1.9073486612342094e-07,1.0,0.9999998211860657,1.3562194567384722e-07
pure_top_p,0.1,0.6,0,44,25,300,0.0,1.0,1.0,0.0
pure_top_p,0.1,0.6,0,45,25,300,4.76837147544984e-09,1.0,1.0,1.688690787204905e-08
pure_top_p,0.1,0.6,0,46,25,300,0.0,1.0,1.0,0.0
pure_top_p,0.1,0.6,0,47,25,300,0.0948013961315155,0.33666666666666667,0.9051985740661621,0.07388269156217575
pure_top_p,0.1,0.6,0,48,25,300,9.298324243900424e-08,1.0,1.0,1.0061536670491478e-07
pure_top_p,0.1,0.6,0,49,25,300,0.0,1.0,1.0,0.0
pure_top_p,0.1,0.8,0,0,25,300,0.0,1.0,1.0,0.0
pure_top_p,0.1,0.8,0,1,25,300,0.007346840109676123,1.0,0.9926531910896301,0.007359115872532129
pure_top_p,0.1,0.8,0,2,25,300,1.4305114426349519e-08,1.0,1.0,5.066072361614715e-08
pure_top_p,0.1,0.8,0,3,25,300,0.0017227656207978725,1.0,0.9982771873474121,0.0022042139898985624
pure_top_p,0.1,0.8,0,4,25,300,9.536743306171047e-08,1.0,1.0,1.1699592761260647e-07
pure_top_p,0.1,0.8,0,5,25,300,1.9073486612342094e-07,1.0,0.9999998211860657,1.3562194567384722e-07
pure_top_p,0.1,0.8,0,6,25,300,0.09134218841791153,0.5,0.9086578488349915,0.09149475395679474
pure_top_p,0.1,0.8,0,7,25,300,0.033933911472558975,0.78,0.9660660624504089,0.026345763355493546
pure_top_p,0.1,0.8,0,8,25,300,3.099441414633475e-08,1.0,1.0,5.970423444523476e-08
pure_top_p,0.1,0.8,0,9,25,300,0.0,1.0,1.0,0.0
pure_top_p,0.1,0.8,0,10,25,300,0.0,1.0,1.0,0.0
pure_top_p,0.1,0.8,0,11,25,300,7.629394360719743e-08,1.0,1.0,9.552677227020467e-08
pure_top_p,0.1,0.8,0,12,25,300,2.384185791015625e-07,1.0,0.9999998211860657,1.7262681240026723e-07
pure_top_p,0.1,0.8,0,13,25,300,8.106231774718253e-08,1.0,1.0,9.70078986028966e-08
pure_top_p,0.1,0.8,0,14,25,300,0.0,1.0,1.0,0.0
pure_top_p,0.1,0.8,0,15,25,300,2.3841858265427618e-08,1.0,1.0,8.443453936024525e-08
pure_top_p,0.1,0.8,0,16,25,300,1.0490417423625331e-07,1.0,1.0,1.3925300379469263e-07
pure_top_p,0.1,0.8,0,17,25,300,4.2915345943583816e-08,1.0,1.0,5.066072361614715e-08
pure_top_p,0.1,0.8,0,18,25,300,0.006126354448497295,1.0,0.9938735961914062,0.006136511918157339
pure_top_p,0.1,0.8,0,19,25,300,0.0,1.0,1.0,0.0
pure_top_p,0.1,0.8,0,20,25,300,0.011333831585943699,1.0,0.9886660575866699,0.011053914204239845
pure_top_p,0.1,0.8,0,21,25,300,0.022687701508402824,0.6033333333333334,0.9773123264312744,0.028457948938012123
pure_top_p,0.1,0.8,0,22,25,300,0.0706930011510849,0.43,0.9293070435523987,0.060009751468896866
pure_top_p,0.1,0.8,0,23,25,300,0.0,1.0,1.0,0.0
pure_top_p,0.1,0.8,0,24,25,300,0.10640695691108704,0.42,0.8935931324958801,0.08625221252441406
pure_top_p,0.1,0.8,0,25,25,300,0.0,1.0,1.0,0.0
pure_top_p,0.1,0.8,0,26,25,300,0.008914569392800331,1.0,0.991085410118103,0.009554305113852024
pure_top_p,0.1,0.8,0,27,25,300,0.0,1.0,1.0,0.0
pure_top_p,0.1,0.8,0,28,25,300,0.0,1.0,1.0,0.0
pure_top_p,0.1,0.8,0,29,25,300,7.629394360719743e-08,1.0,1.0,9.552677227020467e-08
pure_top_p,0.1,0.8,0,30,25,300,1.6212463549436507e-07,1.0,0.9999998807907104,1.1453258252913656e-07
pure_top_p,0.1,0.8,0,31,25,300,1.4305114426349519e-08,1.0,1.0,5.066072361614715e-08
pure_top_p,0.1,0.8,0,32,25,300,0.0,1.0,1.0,0.0
pure_top_p,0.1,0.8,0,33,25,300,0.0,1.0,1.0,0.0
pure_top_p,0.1,0.8,0,34,25,300,0.0,1.0,1.0,0.0
pure_top_p,0.1,0.8,0,35,25,300,9.536743306171047e-08,1.0,1.0,1.1699592761260647e-07
pure_top_p,0.1,0.8,0,36,25,300,0.0,1.0,1.0,0.0
pure_top_p,0.1,0.8,0,37,25,300,1.668930060816365e-08,1.0,1.0,3.1592509941447133e-08
pure_top_p,0.1,0.8,0,38,25,300,2.1457672971791908e-08,1.0,1.0,3.582254137768359e-08
pure_top_p,0.1,0.8,0,39,25,300,4.7683716530855236e-08,1.0,1.0,5.849796380630323e-08
pure_top_p,0.1,0.8,0,40,25,300,0.0,1.0,1.0,0.0
pure_top_p,0.1,0.8,0,41,25,300,8.583069188716763e-08,1.0,1.0,1.013214472322943e-07
pure_top_p,0.1,0.8,0,42,25,300,3.814697180359872e-08,1.0,1.0,4.776338613510234e-08
pure_top_p,0.1,0.8,0,43,25,300,0.10259144753217697,0.6666666666666666,0.8974085450172424,0.1453283727169037
pure_top_p,0.1,0.8,0,44,25,300,0.04774831607937813,0.5466666666666666,0.952251672744751,0.05252131447196007
pure_top_p,0.1,0.8,0,45,25,300,0.06426219642162323,0.59,0.9357379078865051,0.07939217984676361
pure_top_p,0.1,0.8,0,46,25,300,0.0,1.0,1.0,0.0
pure_top_p,0.1,0.8,0,47,25,300,0.08757388591766357,0.25666666666666665,0.9124261736869812,0.06079110875725746
pure_top_p,0.1,0.8,0,48,25,300,9.298324243900424e-08,1.0,1.0,1.0061536670491478e-07
pure_top_p,0.1,0.8,0,49,25,300,0.0,1.0,1.0,0.0
pure_top_p,0.1,0.9,0,0,25,300,0.0,1.0,1.0,0.0
pure_top_p,0.1,0.9,0,1,25,300,0.007052972912788391,1.0,0.992946982383728,0.007353233173489571
pure_top_p,0.1,0.9,0,2,25,300,1.4305114426349519e-08,1.0,1.0,5.066072361614715e-08
pure_top_p,0.1,0.9,0,3,25,300,0.0012694024480879307,1.0,0.9987305998802185,0.002038970123976469
pure_top_p,0.1,0.9,0,4,25,300,9.536743306171047e-08,1.0,1.0,1.1699592761260647e-07
pure_top_p,0.1,0.9,0,5,25,300,1.9073486612342094e-07,1.0,0.9999998211860657,1.3562194567384722e-07
pure_top_p,0.1,0.9,0,6,25,300,0.08216430991888046,0.5466666666666666,0.9178357124328613,0.09162931889295578
pure_top_p,0.1,0.9,0,7,25,300,0.04742853343486786,0.5466666666666666,0.9525713920593262,0.03286029398441315
pure_top_p,0.1,0.9,0,8,25,300,3.099441414633475e-08,1.0,1.0,5.970423444523476e-08
pure_top_p,0.1,0.9,0,9,25,300,0.0,1.0,1.0,0.0
pure_top_p,0.1,0.9,0,10,25,300,0.0,1.0,1.0,0.0
pure_top_p,0.1,0.9,0,11,25,300,7.629394360719743e-08,1.0,1.0,9.552677227020467e-08
pure_top_p,0.1,0.9,0,12,25,300,2.384185791015625e-07,1.0,0.9999998211860657,1.7262681240026723e-07
pure_top_p,0.1,0.9,0,13,25,300,8.106231774718253e-08,1.0,1.0,9.70078986028966e-08
pure_top_p,0.1,0.9,0,14,25,300,0.0,1.0,1.0,0.0
pure_top_p,0.1,0.9,0,15,25,300,2.3841858265427618e-08,1.0,1.0,8.443453936024525e-08
pure_top_p,0.1,0.9,0,16,25,300,1.0490417423625331e-07,1.0,1.0,1.3925300379469263e-07
pure_top_p,0.1,0.9,0,17,25,300,4.2915345943583816e-08,1.0,1.0,5.066072361614715e-08
pure_top_p,0.1,0.9,0,18,25,300,0.0034307409077882767,1.0,0.9965692162513733,0.005510603077709675
pure_top_p,0.1,0.9,0,19,25,300,0.0,1.0,1.0,0.0
pure_top_p,0.1,0.9,0,20,25,300,0.011481020599603653,1.0,0.9885189533233643,0.011049000546336174
pure_top_p,0.1,0.9,0,21,25,300,0.022687694057822227,0.6033333333333334,0.9773122072219849,0.028457941487431526
pure_top_p,0.1,0.9,0,22,25,300,0.03676772862672806,0.7066666666666667,0.9632322192192078,0.053271401673555374
pure_top_p,0.1,0.9,0,23,25,300,0.0,1.0,1.0,0.0
pure_top_p,0.1,0.9,0,24,25,300,0.09564300626516342,0.4266666666666667,0.9043570160865784,0.08076691627502441
pure_top_p,0.1,0.9,0,25,25,300,0.0,1.0,1.0,0.0
pure_top_p,0.1,0.9,0,26,25,300,0.008143451996147633,1.0,0.9918565154075623,0.008032724261283875
pure_top_p,0.1,0.9,0,27,25,300,0.0,1.0,1.0,0.0
pure_top_p,0.1,0.9,0,28,25,300,0.0,1.0,1.0,0.0
pure_top_p,0.1,0.9,0,29,25,300,7.629394360719743e-08,1.0,1.0,9.552677227020467e-08
pure_top_p,0.1,0.9,0,30,25,300,1.6212463549436507e-07,1.0,0.9999998807907104,1.1453258252913656e-07
pure_top_p,0.1,0.9,0,31,25,300,1.4305114426349519e-08,1.0,1.0,5.066072361614715e-08
pure_top_p,0.1,0.9,0,32,25,300,0.0,1.0,1.0,0.0
pure_top_p,0.1,0.9,0,33,25,300,0.0,1.0,1.0,0.0
pure_top_p,0.1,0.9,0,34,25,300,0.0,1.0,1.0,0.0
pure_top_p,0.1,0.9,0,35,25,300,9.536743306171047e-08,1.0,1.0,1.1699592761260647e-07
pure_top_p,0.1,0.9,0,36,25,300,0.0,1.0,1.0,0.0
pure_top_p,0.1,0.9,0,37,25,300,1.668930060816365e-08,1.0,1.0,3.1592509941447133e-08
pure_top_p,0.1,0.9,0,38,25,300,2.1457672971791908e-08,1.0,1.0,3.582254137768359e-08
pure_top_p,0.1,0.9,0,39,25,300,4.7683716530855236e-08,1.0,1.0,5.849796380630323e-08
pure_top_p,0.1,0.9,0,40,25,300,0.0,1.0,1.0,0.0
pure_top_p,0.1,0.9,0,41,25,300,8.583069188716763e-08,1.0,1.0,1.013214472322943e-07
pure_top_p,0.1,0.9,0,42,25,300,3.814697180359872e-08,1.0,1.0,4.776338613510234e-08
pure_top_p,0.1,0.9,0,43,25,300,0.16004252433776855,0.48,0.8399574160575867,0.15402069687843323
pure_top_p,0.1,0.9,0,44,25,300,0.02317197434604168,0.78,0.9768279790878296,0.04370428994297981
pure_top_p,0.1,0.9,0,45,25,300,0.07527695596218109,0.5833333333333334,0.9247230887413025,0.09335989505052567
pure_top_p,0.1,0.9,0,46,25,300,0.0,1.0,1.0,0.0
pure_top_p,0.1,0.9,0,47,25,300,0.09886951744556427,0.22333333333333333,0.9011304974555969,0.060528624802827835
pure_top_p,0.1,0.9,0,48,25,300,9.298324243900424e-08,1.0,1.0,1.0061536670491478e-07
pure_top_p,0.1,0.9,0,49,25,300,0.0,1.0,1.0,0.0
pure_top_p,0.1,0.95,0,0,25,300,0.0,1.0,1.0,0.0
pure_top_p,0.1,0.95,0,1,25,300,0.007542759645730257,1.0,0.9924571514129639,0.007356502115726471
pure_top_p,0.1,0.95,0,2,25,300,1.4305114426349519e-08,1.0,1.0,5.066072361614715e-08
pure_top_p,0.1,0.95,0,3,25,300,0.0019041072810068727,1.0,0.9980959296226501,0.002241317881271243
pure_top_p,0.1,0.95,0,4,25,300,9.536743306171047e-08,1.0,1.0,1.1699592761260647e-07
pure_top_p,0.1,0.95,0,5,25,300,1.9073486612342094e-07,1.0,0.9999998211860657,1.3562194567384722e-07
pure_top_p,0.1,0.95,0,6,25,300,0.08376018702983856,0.54,0.9162397384643555,0.09244786202907562
pure_top_p,0.1,0.95,0,7,25,300,0.056749746203422546,0.41,0.9432502388954163,0.034165557473897934
pure_top_p,0.1,0.95,0,8,25,300,3.099441414633475e-08,1.0,1.0,5.970423444523476e-08
pure_top_p,0.1,0.95,0,9,25,300,0.0,1.0,1.0,0.0
pure_top_p,0.1,0.95,0,10,25,300,0.0,1.0,1.0,0.0
pure_top_p,0.1,0.95,0,11,25,300,0.17390523850917816,0.6666666666666666,0.8260947465896606,0.2463500052690506
pure_top_p,0.1,0.95,0,12,25,300,2.384185791015625e-07,1.0,0.9999998211860657,1.7262681240026723e-07
pure_top_p,0.1,0.95,0,13,25,300,8.106231774718253e-08,1.0,1.0,9.70078986028966e-08
pure_top_p,0.1,0.95,0,14,25,300,0.0,1.0,1.0,0.0
pure_top_p,0.1,0.95,0,15,25,300,2.3841858265427618e-08,1.0,1.0,8.443453936024525e-08
pure_top_p,0.1,0.95,0,16,25,300,1.0490417423625331e-07,1.0,1.0,1.3925300379469263e-07
pure_top_p,0.1,0.95,0,17,25,300,4.2915345943583816e-08,1.0,1.0,5.066072361614715e-08
pure_top_p,0.1,0.95,0,18,25,300,0.0026955807115882635,1.0,0.997304379940033,0.0050840824842453
pure_top_p,0.1,0.95,0,19,25,300,0.0,1.0,1.0,0.0
pure_top_p,0.1,0.95,0,20,25,300,0.011333837173879147,1.0,0.9886660575866699,0.011053911410272121
pure_top_p,0.1,0.95,0,21,25,300,0.023625018075108528,0.6366666666666667,0.9763749241828918,0.02741532400250435
pure_top_p,0.1,0.95,0,22,25,300,0.07898309081792831,0.24666666666666667,0.9210168719291687,0.05269567668437958
pure_top_p,0.1,0.95,0,23,25,300,0.0,1.0,1.0,0.0
pure_top_p,0.1,0.95,0,24,25,300,0.12279299646615982,0.36,0.8772070407867432,0.09108632802963257
pure_top_p,0.1,0.95,0,25,25,300,0.0,1.0,1.0,0.0
pure_top_p,0.1,0.95,0,26,25,300,0.009355579502880573,1.0,0.9906443357467651,0.007744618691504002
pure_top_p,0.1,0.95,0,27,25,300,0.022525468841195107,0.92,0.977474570274353,0.07651522010564804
pure_top_p,0.1,0.95,0,28,25,300,0.01873631402850151,0.92,0.9812637567520142,0.04770362749695778
pure_top_p,0.1,0.95,0,29,25,300,0.018322641029953957,0.8466666666666667,0.9816774725914001,0.04308684915304184
pure_top_p,0.1,0.95,0,30,25,300,1.6212463549436507e-07,1.0,0.9999998807907104,1.1453258252913656e-07
pure_top_p,0.1,0.95,0,31,25,300,1.4305114426349519e-08,1.0,1.0,5.066072361614715e-08
pure_top_p,0.1,0.95,0,32,25,300,0.0,1.0,1.0,0.0
pure_top_p,0.1,0.95,0,33,25,300,0.0,1.0,1.0,0.0
pure_top_p,0.1,0.95,0,34,25,300,0.09170573204755783,0.78,0.9082942605018616,0.1729646921157837
pure_top_p,0.1,0.95,0,35,25,300,9.536743306171047e-08,1.0,1.0,1.1699592761260647e-07
pure_top_p,0.1,0.95,0,36,25,300,0.0,1.0,1.0,0.0
pure_top_p,0.1,0.95,0,37,25,300,1.668930060816365e-08,1.0,1.0,3.1592509941447133e-08
pure_top_p,0.1,0.95,0,38,25,300,2.1457672971791908e-08,1.0,1.0,3.582254137768359e-08
pure_top_p,0.1,0.95,0,39,25,300,4.7683716530855236e-08,1.0,1.0,5.849796380630323e-08
pure_top_p,0.1,0.95,0,40,25,300,0.004131088498979807,1.0,0.9958689212799072,0.009723609313368797
pure_top_p,0.1,0.95,0,41,25,300,8.583069188716763e-08,1.0,1.0,1.013214472322943e-07
pure_top_p,0.1,0.95,0,42,25,300,3.814697180359872e-08,1.0,1.0,4.776338613510234e-08
pure_top_p,0.1,0.95,0,43,25,300,0.1292651742696762,0.58,0.8707348704338074,0.15215818583965302
pure_top_p,0.1,0.95,0,44,25,300,0.0294916033744812,0.72,0.9705083966255188,0.047370795160532
pure_top_p,0.1,0.95,0,45,25,300,0.07341544330120087,0.58,0.9265844821929932,0.09026872366666794
pure_top_p,0.1,0.95,0,46,25,300,0.0,1.0,1.0,0.0
pure_top_p,0.1,0.95,0,47,25,300,0.09832735359668732,0.17666666666666667,0.9016726613044739,0.053982023149728775
pure_top_p,0.1,0.95,0,48,25,300,9.298324243900424e-08,1.0,1.0,1.0061536670491478e-07
pure_top_p,0.1,0.95,0,49,25,300,0.0,1.0,1.0,0.0
pure_top_p,0.3,0.6,0,0,25,300,0.0,1.0,1.0,0.0
pure_top_p,0.3,0.6,0,1,25,300,0.007346841506659985,1.0,0.9926531910896301,0.007359117269515991
pure_top_p,0.3,0.6,0,2,25,300,0.1281760185956955,0.5466666666666666,0.8718239068984985,0.14755041897296906
pure_top_p,0.3,0.6,0,3,25,300,0.002266800496727228,1.0,0.9977331757545471,0.0022705625742673874
pure_top_p,0.3,0.6,0,4,25,300,9.536743306171047e-08,1.0,1.0,1.1699592761260647e-07
pure_top_p,0.3,0.6,0,5,25,300,1.9073486612342094e-07,1.0,0.9999998211860657,1.3562194567384722e-07
pure_top_p,0.3,0.6,0,6,25,300,0.06944218277931213,0.62,0.9305578470230103,0.08853448927402496
pure_top_p,0.3,0.6,0,7,25,300,0.021428681910037994,1.0,0.978571355342865,0.018432127311825752
pure_top_p,0.3,0.6,0,8,25,300,3.099441414633475e-08,1.0,1.0,5.970423444523476e-08
pure_top_p,0.3,0.6,0,9,25,300,0.0,1.0,1.0,0.0
pure_top_p,0.3,0.6,0,10,25,300,0.0,1.0,1.0,0.0
pure_top_p,0.3,0.6,0,11,25,300,7.629394360719743e-08,1.0,1.0,9.552677227020467e-08
pure_top_p,0.3,0.6,0,12,25,300,2.384185791015625e-07,1.0,0.9999998211860657,1.7262681240026723e-07
pure_top_p,0.3,0.6,0,13,25,300,8.106231774718253e-08,1.0,1.0,9.70078986028966e-08
pure_top_p,0.3,0.6,0,14,25,300,0.0,1.0,1.0,0.0
pure_top_p,0.3,0.6,0,15,25,300,2.3841858265427618e-08,1.0,1.0,8.443453936024525e-08
pure_top_p,0.3,0.6,0,16,25,300,1.0490417423625331e-07,1.0,1.0,1.3925300379469263e-07
pure_top_p,0.3,0.6,0,17,25,300,4.2915345943583816e-08,1.0,1.0,5.066072361614715e-08
pure_top_p,0.3,0.6,0,18,25,300,0.0061263577081263065,1.0,0.9938735961914062,0.006136524491012096
pure_top_p,0.3,0.6,0,19,25,300,0.0,1.0,1.0,0.0
pure_top_p,0.3,0.6,0,20,25,300,0.011039451695978642,1.0,0.9889604449272156,0.011057844385504723
pure_top_p,0.3,0.6,0,21,25,300,0.0,1.0,1.0,0.0
pure_top_p,0.3,0.6,0,22,25,300,0.08284403383731842,0.22666666666666666,0.9171559810638428,0.053068533539772034
pure_top_p,0.3,0.6,0,23,25,300,0.0,1.0,1.0,0.0
pure_top_p,0.3,0.6,0,24,25,300,0.1165422797203064,0.36333333333333334,0.8834577202796936,0.08704415708780289
pure_top_p,0.3,0.6,0,25,25,300,0.0,1.0,1.0,0.0
pure_top_p,0.3,0.6,0,26,25,300,0.009970637038350105,1.0,0.9900292754173279,0.00998729094862938
pure_top_p,0.3,0.6,0,27,25,300,0.0,1.0,1.0,0.0
pure_top_p,0.3,0.6,0,28,25,300,0.0,1.0,1.0,0.0
pure_top_p,0.3,0.6,0,29,25,300,7.629394360719743e-08,1.0,1.0,9.552677227020467e-08
pure_top_p,0.3,0.6,0,30,25,300,1.6212463549436507e-07,1.0,0.9999998807907104,1.1453258252913656e-07
pure_top_p,0.3,0.6,0,31,25,300,1.4305114426349519e-08,1.0,1.0,5.066072361614715e-08
pure_top_p,0.3,0.6,0,32,25,300,0.01119790505617857,0.9266666666666666,0.9888020753860474,0.020908452570438385
pure_top_p,0.3,0.6,0,33,25,300,0.0,1.0,1.0,0.0
pure_top_p,0.3,0.6,0,34,25,300,0.0,1.0,1.0,0.0
pure_top_p,0.3,0.6,0,35,25,300,9.536743306171047e-08,1.0,1.0,1.1699592761260647e-07
pure_top_p,0.3,0.6,0,36,25,300,0.0,1.0,1.0,0.0
pure_top_p,0.3,0.6,0,37,25,300,1.668930060816365e-08,1.0,1.0,3.1592509941447133e-08
pure_top_p,0.3,0.6,0,38,25,300,2.1457672971791908e-08,1.0,1.0,3.582254137768359e-08
pure_top_p,0.3,0.6,0,39,25,300,4.7683716530855236e-08,1.0,1.0,5.849796380630323e-08
pure_top_p,0.3,0.6,0,40,25,300,0.0,1.0,1.0,0.0
pure_top_p,0.3,0.6,0,41,25,300,8.583069188716763e-08,1.0,1.0,1.013214472322943e-07
pure_top_p,0.3,0.6,0,42,25,300,3.814697180359872e-08,1.0,1.0,4.776338613510234e-08
pure_top_p,0.3,0.6,0,43,25,300,0.1579906940460205,0.4866666666666667,0.8420092463493347,0.15408922731876373
pure_top_p,0.3,0.6,0,44,25,300,0.054067935794591904,0.4866666666666667,0.9459320306777954,0.052732810378074646
pure_top_p,0.3,0.6,0,45,25,300,0.06714792549610138,0.6033333333333334,0.9328521490097046,0.08392997086048126
pure_top_p,0.3,0.6,0,46,25,300,0.0,1.0,1.0,0.0
pure_top_p,0.3,0.6,0,47,25,300,0.09089232236146927,0.25333333333333335,0.9091076850891113,0.060080744326114655
pure_top_p,0.3,0.6,0,48,25,300,9.298324243900424e-08,1.0,1.0,1.0061536670491478e-07
pure_top_p,0.3,0.6,0,49,25,300,0.0,1.0,1.0,0.0
pure_top_p,0.3,0.8,0,0,25,300,0.0,1.0,1.0,0.0
pure_top_p,0.3,0.8,0,1,25,300,0.007346841506659985,1.0,0.9926530718803406,0.007359116803854704
pure_top_p,0.3,0.8,0,2,25,300,0.10764771699905396,0.5733333333333334,0.892352283000946,0.1307091861963272
pure_top_p,0.3,0.8,0,3,25,300,0.0023272510152310133,1.0,0.9976727366447449,0.00226975348778069
pure_top_p,0.3,0.8,0,4,25,300,9.536743306171047e-08,1.0,1.0,1.1699592761260647e-07
pure_top_p,0.3,0.8,0,5,25,300,1.9073486612342094e-07,1.0,0.9999998211860657,1.3562194567384722e-07
pure_top_p,0.3,0.8,0,6,25,300,0.11719861626625061,0.31333333333333335,0.8828014135360718,0.07850426435470581
pure_top_p,0.3,0.8,0,7,25,300,0.05475042387843132,0.38,0.945249617099762,0.03118126094341278
pure_top_p,0.3,0.8,0,8,25,300,3.099441414633475e-08,1.0,1.0,5.970423444523476e-08
pure_top_p,0.3,0.8,0,9,25,300,0.0,1.0,1.0,0.0
pure_top_p,0.3,0.8,0,10,25,300,0.000753297412302345,1.0,0.9992467164993286,0.0007346958154812455
pure_top_p,0.3,0.8,0,11,25,300,0.23395325243473053,0.5466666666666666,0.7660468220710754,0.2557569444179535
pure_top_p,0.3,0.8,0,12,25,300,2.384185791015625e-07,1.0,0.9999998211860657,1.7262681240026723e-07
pure_top_p,0.3,0.8,0,13,25,300,0.03520391508936882,0.72,0.9647961258888245,0.05654603987932205
pure_top_p,0.3,0.8,0,14,25,300,0.0,1.0,1.0,0.0
pure_top_p,0.3,0.8,0,15,25,300,2.3841858265427618e-08,1.0,1.0,8.443453936024525e-08
pure_top_p,0.3,0.8,0,16,25,300,1.0490417423625331e-07,1.0,1.0,1.3925300379469263e-07
pure_top_p,0.3,0.8,0,17,25,300,0.0005099201225675642,1.0,0.9994901418685913,0.0007222830317914486
pure_top_p,0.3,0.8,0,18,25,300,0.11210759729146957,0.37666666666666665,0.8878923654556274,0.08505016565322876
pure_top_p,0.3,0.8,0,19,25,300,0.0,1.0,1.0,0.0
pure_top_p,0.3,0.8,0,20,25,300,0.011481034569442272,1.0,0.9885188937187195,0.011048986576497555
pure_top_p,0.3,0.8,0,21,25,300,0.08954543620347977,0.22,0.910454511642456,0.06142275407910347
pure_top_p,0.3,0.8,0,22,25,300,0.09646878391504288,0.14333333333333334,0.9035311937332153,0.048789773136377335
pure_top_p,0.3,0.8,0,23,25,300,0.0,1.0,1.0,0.0
pure_top_p,0.3,0.8,0,24,25,300,0.15963326394557953,0.17,0.8403667211532593,0.08787072449922562
pure_top_p,0.3,0.8,0,25,25,300,0.017903132364153862,1.0,0.9820969700813293,0.022906465455889702
pure_top_p,0.3,0.8,0,26,25,300,0.01983264461159706,1.0,0.9801674485206604,0.01159290224313736
pure_top_p,0.3,0.8,0,27,25,300,0.21754537522792816,0.4033333333333333,0.7824546098709106,0.19551388919353485
pure_top_p,0.3,0.8,0,28,25,300,0.06599095463752747,0.6033333333333334,0.9340090155601501,0.07811816036701202
pure_top_p,0.3,0.8,0,29,25,300,0.09504316747188568,0.4166666666666667,0.9049568772315979,0.09924992173910141
pure_top_p,0.3,0.8,0,30,25,300,1.6212463549436507e-07,1.0,0.9999998807907104,1.1453258252913656e-07
pure_top_p,0.3,0.8,0,31,25,300,1.4305114426349519e-08,1.0,1.0,5.066072361614715e-08
pure_top_p,0.3,0.8,0,32,25,300,0.022789819166064262,0.77,0.9772101640701294,0.024915117770433426
pure_top_p,0.3,0.8,0,33,25,300,0.0,1.0,1.0,0.0
pure_top_p,0.3,0.8,0,34,25,300,0.11630869656801224,0.72,0.8836913108825684,0.18668439984321594
pure_top_p,0.3,0.8,0,35,25,300,9.536743306171047e-08,1.0,1.0,1.1699592761260647e-07
pure_top_p,0.3,0.8,0,36,25,300,0.0,1.0,1.0,0.0
pure_top_p,0.3,0.8,0,37,25,300,1.668930060816365e-08,1.0,1.0,3.1592509941447133e-08
pure_top_p,0.3,0.8,0,38,25,300,2.1457672971791908e-08,1.0,1.0,3.582254137768359e-08
pure_top_p,0.3,0.8,0,39,25,300,4.7683716530855236e-08,1.0,1.0,5.849796380630323e-08
pure_top_p,0.3,0.8,0,40,25,300,0.06137484312057495,0.5933333333333334,0.938625156879425,0.07268553972244263
pure_top_p,0.3,0.8,0,41,25,300,8.583069188716763e-08,1.0,1.0,1.013214472322943e-07
pure_top_p,0.3,0.8,0,42,25,300,3.814697180359872e-08,1.0,1.0,4.776338613510234e-08
pure_top_p,0.3,0.8,0,43,25,300,0.15309125185012817,0.5,0.8469087481498718,0.15198442339897156
pure_top_p,0.3,0.8,0,44,25,300,0.05477011948823929,0.48,0.9452298879623413,0.05270935222506523
pure_top_p,0.3,0.8,0,45,25,300,0.14472346007823944,0.12666666666666668,0.8552764654159546,0.07638215273618698
pure_top_p,0.3,0.8,0,46,25,300,0.0,1.0,1.0,0.0
pure_top_p,0.3,0.8,0,47,25,300,0.10094311833381653,0.18666666666666668,0.8990569114685059,0.050913698971271515
pure_top_p,0.3,0.8,0,48,25,300,9.298324243900424e-08,1.0,1.0,1.0061536670491478e-07
pure_top_p,0.3,0.8,0,49,25,300,0.0,1.0,1.0,0.0
pure_top_p,0.3,0.9,0,0,25,300,0.0,1.0,1.0,0.0
pure_top_p,0.3,0.9,0,1,25,300,0.014994880184531212,1.0,0.9850050806999207,0.0157681442797184
pure_top_p,0.3,0.9,0,2,25,300,0.14507071673870087,0.5233333333333333,0.8549293875694275,0.15557721257209778
pure_top_p,0.3,0.9,0,3,25,300,0.012071833945810795,0.92,0.9879281520843506,0.03313928470015526
pure_top_p,0.3,0.9,0,4,25,300,9.536743306171047e-08,1.0,1.0,1.1699592761260647e-07
pure_top_p,0.3,0.9,0,5,25,300,1.9073486612342094e-07,1.0,0.9999998211860657,1.3562194567384722e-07
pure_top_p,0.3,0.9,0,6,25,300,0.11807159334421158,0.24333333333333335,0.8819283843040466,0.07383506000041962
pure_top_p,0.3,0.9,0,7,25,300,0.07008104026317596,0.23333333333333334,0.9299189448356628,0.03349807858467102
pure_top_p,0.3,0.9,0,8,25,300,3.099441414633475e-08,1.0,1.0,5.970423444523476e-08
pure_top_p,0.3,0.9,0,9,25,300,0.0,1.0,1.0,0.0
pure_top_p,0.3,0.9,0,10,25,300,0.000322844396578148,1.0,0.9996771216392517,0.0006089115631766617
pure_top_p,0.3,0.9,0,11,25,300,0.24440017342567444,0.52,0.755599856376648,0.2511598467826843
pure_top_p,0.3,0.9,0,12,25,300,0.024018792435526848,0.7733333333333333,0.9759812355041504,0.045975394546985626
pure_top_p,0.3,0.9,0,13,25,300,0.08111521601676941,0.4533333333333333,0.9188848733901978,0.07690874487161636
pure_top_p,0.3,0.9,0,14,25,300,0.0,1.0,1.0,0.0
pure_top_p,0.3,0.9,0,15,25,300,2.3841858265427618e-08,1.0,1.0,8.443453936024525e-08
pure_top_p,0.3,0.9,0,16,25,300,1.0490417423625331e-07,1.0,1.0,1.3925300379469263e-07
pure_top_p,0.3,0.9,0,17,25,300,0.0364631749689579,0.6533333333333333,0.96353679895401,0.0477595217525959
pure_top_p,0.3,0.9,0,18,25,300,0.13476815819740295,0.20666666666666667,0.8652318120002747,0.07751242071390152
pure_top_p,0.3,0.9,0,19,25,300,0.0,1.0,1.0,0.0
pure_top_p,0.3,0.9,0,20,25,300,0.028635209426283836,0.7733333333333333,0.9713647365570068,0.033403441309928894
pure_top_p,0.3,0.9,0,21,25,300,0.08886638283729553,0.35,0.9111336469650269,0.07026002556085587
pure_top_p,0.3,0.9,0,22,25,300,0.09804780036211014,0.13666666666666666,0.9019520878791809,0.0458025261759758
pure_top_p,0.3,0.9,0,23,25,300,0.0,1.0,1.0,0.0
pure_top_p,0.3,0.9,0,24,25,300,0.15004657208919525,0.12,0.8499534726142883,0.07163754850625992
pure_top_p,0.3,0.9,0,25,25,300,0.01319178007543087,1.0,0.9868082404136658,0.021189255639910698
pure_top_p,0.3,0.9,0,26,25,300,0.01582619920372963,1.0,0.9841737747192383,0.012109152041375637
pure_top_p,0.3,0.9,0,27,25,300,0.129737988114357,0.5333333333333333,0.8702620267868042,0.14418330788612366
pure_top_p,0.3,0.9,0,28,25,300,0.09028467535972595,0.46,0.9097153544425964,0.07520274817943573
pure_top_p,0.3,0.9,0,29,25,300,0.12160900235176086,0.3,0.8783910274505615,0.09330768138170242
pure_top_p,0.3,0.9,0,30,25,300,0.018554560840129852,0.8466666666666667,0.9814454317092896,0.02227221429347992
pure_top_p,0.3,0.9,0,31,25,300,1.4305114426349519e-08,1.0,1.0,5.066072361614715e-08
pure_top_p,0.3,0.9,0,32,25,300,0.04375291243195534,0.47,0.9562471508979797,0.026609284803271294
pure_top_p,0.3,0.9,0,33,25,300,0.0,1.0,1.0,0.0
pure_top_p,0.3,0.9,0,34,25,300,0.17479866743087769,0.58,0.8252013325691223,0.205502450466156
pure_top_p,0.3,0.9,0,35,25,300,9.536743306171047e-08,1.0,1.0,1.1699592761260647e-07
pure_top_p,0.3,0.9,0,36,25,300,0.009853871539235115,0.8466666666666667,0.9901461005210876,0.023590460419654846
pure_top_p,0.3,0.9,0,37,25,300,1.668930060816365e-08,1.0,1.0,3.1592509941447133e-08
pure_top_p,0.3,0.9,0,38,25,300,2.1457672971791908e-08,1.0,1.0,3.582254137768359e-08
pure_top_p,0.3,0.9,0,39,25,300,4.7683716530855236e-08,1.0,1.0,5.849796380630323e-08
pure_top_p,0.3,0.9,0,40,25,300,0.039973486214876175,0.7266666666666667,0.9600265622138977,0.043172720819711685
pure_top_p,0.3,0.9,0,41,25,300,8.583069188716763e-08,1.0,1.0,1.013214472322943e-07
pure_top_p,0.3,0.9,0,42,25,300,3.814697180359872e-08,1.0,1.0,4.776338613510234e-08
pure_top_p,0.3,0.9,0,43,25,300,0.16077274084091187,0.48,0.8392273187637329,0.15080930292606354
pure_top_p,0.3,0.9,0,44,25,300,0.05055703595280647,0.52,0.9494429230690002,0.05270935595035553
pure_top_p,0.3,0.9,0,45,25,300,0.147301584482193,0.14333333333333334,0.8526983857154846,0.07611030340194702
pure_top_p,0.3,0.9,0,46,25,300,0.0,1.0,1.0,0.0
pure_top_p,0.3,0.9,0,47,25,300,0.09999154508113861,0.10333333333333333,0.9000084400177002,0.044267091900110245
pure_top_p,0.3,0.9,0,48,25,300,9.298324243900424e-08,1.0,1.0,1.0061536670491478e-07
pure_top_p,0.3,0.9,0,49,25,300,0.0,1.0,1.0,0.0
pure_top_p,0.3,0.95,0,0,25,300,0.002663042861968279,1.0,0.9973369240760803,0.00904590729624033
pure_top_p,0.3,0.95,0,1,25,300,0.007640716154128313,1.0,0.9923592209815979,0.007353227585554123
pure_top_p,0.3,0.95,0,2,25,300,0.1631067395210266,0.4166666666666667,0.8368932604789734,0.1565144807100296
pure_top_p,0.3,0.95,0,3,25,300,0.02182079665362835,0.8466666666666667,0.9781790971755981,0.04438326880335808
pure_top_p,0.3,0.95,0,4,25,300,0.05276060476899147,0.78,0.9472393989562988,0.09951074421405792
pure_top_p,0.3,0.95,0,5,25,300,1.9073486612342094e-07,1.0,0.9999998211860657,1.3562194567384722e-07
pure_top_p,0.3,0.95,0,6,25,300,0.134303480386734,0.19666666666666666,0.8656964898109436,0.08461342006921768
pure_top_p,0.3,0.95,0,7,25,300,0.057957667857408524,0.3466666666666667,0.9420424103736877,0.026896832510828972
pure_top_p,0.3,0.95,0,8,25,300,3.099441414633475e-08,1.0,1.0,5.970423444523476e-08
pure_top_p,0.3,0.95,0,9,25,300,0.0,1.0,1.0,0.0
pure_top_p,0.3,0.95,0,10,25,300,0.00853573065251112,1.0,0.9914642572402954,0.010043739341199398
pure_top_p,0.3,0.95,0,11,25,300,0.16731496155261993,0.6666666666666666,0.8326850533485413,0.2358851432800293
pure_top_p,0.3,0.95,0,12,25,300,0.045760415494441986,0.58,0.9542396068572998,0.05373608320951462
pure_top_p,0.3,0.95,0,13,25,300,0.1085159182548523,0.42333333333333334,0.8914840817451477,0.11541023850440979
pure_top_p,0.3,0.95,0,14,25,300,0.0,1.0,1.0,0.0
pure_top_p,0.3,0.95,0,15,25,300,2.3841858265427618e-08,1.0,1.0,8.443453936024525e-08
pure_top_p,0.3,0.95,0,16,25,300,1.0490417423625331e-07,1.0,1.0,1.3925300379469263e-07
pure_top_p,0.3,0.95,0,17,25,300,0.017894664779305458,0.8466666666666667,0.9821053147315979,0.03587769716978073
pure_top_p,0.3,0.95,0,18,25,300,0.1562403291463852,0.19,0.8437596559524536,0.09550099819898605
pure_top_p,0.3,0.95,0,19,25,300,0.0,1.0,1.0,0.0
pure_top_p,0.3,0.95,0,20,25,300,0.06001642718911171,0.4666666666666667,0.9399835467338562,0.05108829215168953
pure_top_p,0.3,0.95,0,21,25,300,0.10524313151836395,0.13,0.8947568535804749,0.05626104772090912
pure_top_p,0.3,0.95,0,22,25,300,0.09870253503322601,0.1,0.901297390460968,0.04189819470047951
pure_top_p,0.3,0.95,0,23,25,300,0.048195723444223404,0.92,0.9518042206764221,0.1637127548456192
pure_top_p,0.3,0.95,0,24,25,300,0.17102180421352386,0.10333333333333333,0.8289782404899597,0.08012385666370392
pure_top_p,0.3,0.95,0,25,25,300,0.03062094748020172,0.92,0.9693790674209595,0.06118416413664818
pure_top_p,0.3,0.95,0,26,25,300,0.040702108293771744,0.7766666666666666,0.9592978954315186,0.050402235239744186
pure_top_p,0.3,0.95,0,27,25,300,0.1844383031129837,0.35,0.8155617117881775,0.15179583430290222
pure_top_p,0.3,0.95,0,28,25,300,0.11953885108232498,0.3466666666666667,0.8804612159729004,0.09221881628036499
pure_top_p,0.3,0.95,0,29,25,300,0.1100819930434227,0.15,0.8899180293083191,0.06015061214566231
pure_top_p,0.3,0.95,0,30,25,300,0.02162977308034897,0.7733333333333333,0.9783702492713928,0.034883491694927216
pure_top_p,0.3,0.95,0,31,25,300,1.4305114426349519e-08,1.0,1.0,5.066072361614715e-08
pure_top_p,0.3,0.95,0,32,25,300,0.04187234863638878,0.59,0.9581276178359985,0.026476053521037102
pure_top_p,0.3,0.95,0,33,25,300,0.0,1.0,1.0,0.0
pure_top_p,0.3,0.95,0,34,25,300,0.17507456243038177,0.58,0.8249253630638123,0.20608074963092804
pure_top_p,0.3,0.95,0,35,25,300,9.536743306171047e-08,1.0,1.0,1.1699592761260647e-07
pure_top_p,0.3,0.95,0,36,25,300,0.016176989302039146,0.9233333333333333,0.9838230609893799,0.02249772846698761
pure_top_p,0.3,0.95,0,37,25,300,1.668930060816365e-08,1.0,1.0,3.1592509941447133e-08
pure_top_p,0.3,0.95,0,38,25,300,0.0016968246782198548,1.0,0.9983031153678894,0.003993874415755272
pure_top_p,0.3,0.95,0,39,25,300,0.0034123118966817856,1.0,0.9965877532958984,0.006345353089272976
pure_top_p,0.3,0.95,0,40,25,300,0.049342162907123566,0.6466666666666666,0.950657844543457,0.057379189878702164
pure_top_p,0.3,0.95,0,41,25,300,8.583069188716763e-08,1.0,1.0,1.013214472322943e-07
pure_top_p,0.3,0.95,0,42,25,300,3.814697180359872e-08,1.0,1.0,4.776338613510234e-08
pure_top_p,0.3,0.95,0,43,25,300,0.13178324699401855,0.58,0.8682167530059814,0.15024565160274506
pure_top_p,0.3,0.95,0,44,25,300,0.054067935794591904,0.4866666666666667,0.9459320902824402,0.052732814103364944
pure_top_p,0.3,0.95,0,45,25,300,0.140339195728302,0.15333333333333332,0.8596608638763428,0.06386078894138336
pure_top_p,0.3,0.95,0,46,25,300,0.0,1.0,1.0,0.0
pure_top_p,0.3,0.95,0,47,25,300,0.10849624872207642,0.11333333333333333,0.8915038108825684,0.04861316457390785
pure_top_p,0.3,0.95,0,48,25,300,9.298324243900424e-08,1.0,1.0,1.0061536670491478e-07
pure_top_p,0.3,0.95,0,49,25,300,0.0,1.0,1.0,0.0
pure_top_p,0.7,0.6,0,0,25,300,0.0,1.0,1.0,0.0
pure_top_p,0.7,0.6,0,1,25,300,0.014799620024859905,1.0,0.9852004051208496,0.015545082278549671
pure_top_p,0.7,0.6,0,2,25,300,0.15603522956371307,0.39666666666666667,0.8439648151397705,0.14392372965812683
pure_top_p,0.7,0.6,0,3,25,300,0.021019242703914642,0.8466666666666667,0.9789807200431824,0.0442860908806324
pure_top_p,0.7,0.6,0,4,25,300,9.536743306171047e-08,1.0,1.0,1.1699592761260647e-07
pure_top_p,0.7,0.6,0,5,25,300,1.9073486612342094e-07,1.0,0.9999998211860657,1.3562194567384722e-07
pure_top_p,0.7,0.6,0,6,25,300,0.093217633664608,0.3333333333333333,0.9067824482917786,0.07417429238557816
pure_top_p,0.7,0.6,0,7,25,300,0.06350699067115784,0.30333333333333334,0.936492919921875,0.03373458981513977
pure_top_p,0.7,0.6,0,8,25,300,3.099441414633475e-08,1.0,1.0,5.970423444523476e-08
pure_top_p,0.7,0.6,0,9,25,300,0.0,1.0,1.0,0.0
pure_top_p,0.7,0.6,0,10,25,300,0.008634191937744617,1.0,0.9913657903671265,0.011306453496217728
pure_top_p,0.7,0.6,0,11,25,300,0.24302256107330322,0.52,0.7569774389266968,0.2493913769721985
pure_top_p,0.7,0.6,0,12,25,300,2.384185791015625e-07,1.0,0.9999998211860657,1.7262681240026723e-07
pure_top_p,0.7,0.6,0,13,25,300,0.09420879185199738,0.31333333333333335,0.9057912230491638,0.06994263827800751
pure_top_p,0.7,0.6,0,14,25,300,0.0,1.0,1.0,0.0
pure_top_p,0.7,0.6,0,15,25,300,2.3841858265427618e-08,1.0,1.0,8.443453936024525e-08
pure_top_p,0.7,0.6,0,16,25,300,1.0490417423625331e-07,1.0,1.0,1.3925300379469263e-07
pure_top_p,0.7,0.6,0,17,25,300,4.2915345943583816e-08,1.0,1.0,5.066072361614715e-08
pure_top_p,0.7,0.6,0,18,25,300,0.14978542923927307,0.15333333333333332,0.8502145409584045,0.07423850893974304
pure_top_p,0.7,0.6,0,19,25,300,0.0,1.0,1.0,0.0
pure_top_p,0.7,0.6,0,20,25,300,0.011333831585943699,1.0,0.9886661767959595,0.011053916066884995
pure_top_p,0.7,0.6,0,21,25,300,0.14410075545310974,0.11,0.8558992743492126,0.0700358897447586
pure_top_p,0.7,0.6,0,22,25,300,0.0865001454949379,0.15333333333333332,0.9134997725486755,0.03899914026260376
pure_top_p,0.7,0.6,0,23,25,300,0.0,1.0,1.0,0.0
pure_top_p,0.7,0.6,0,24,25,300,0.20769532024860382,0.056666666666666664,0.7923046946525574,0.07778438180685043
pure_top_p,0.7,0.6,0,25,25,300,0.022614477202296257,1.0,0.9773855805397034,0.023577220737934113
pure_top_p,0.7,0.6,0,26,25,300,0.017917465418577194,1.0,0.9820825457572937,0.011310108937323093
pure_top_p,0.7,0.6,0,27,25,300,0.20201578736305237,0.48333333333333334,0.7979841828346252,0.20766283571720123
pure_top_p,0.7,0.6,0,28,25,300,0.02639695815742016,0.92,0.9736031293869019,0.04554074630141258
pure_top_p,0.7,0.6,0,29,25,300,0.14418426156044006,0.16333333333333333,0.8558157086372375,0.09125424921512604
pure_top_p,0.7,0.6,0,30,25,300,0.0660383403301239,0.4066666666666667,0.9339615702629089,0.051529984921216965
pure_top_p,0.7,0.6,0,31,25,300,1.4305114426349519e-08,1.0,1.0,5.066072361614715e-08
pure_top_p,0.7,0.6,0,32,25,300,0.04365156963467598,0.5766666666666667,0.9563484787940979,0.021203020587563515
pure_top_p,0.7,0.6,0,33,25,300,0.0,1.0,1.0,0.0
pure_top_p,0.7,0.6,0,34,25,300,0.21675902605056763,0.48,0.7832409739494324,0.20860323309898376
pure_top_p,0.7,0.6,0,35,25,300,9.536743306171047e-08,1.0,1.0,1.1699592761260647e-07
pure_top_p,0.7,0.6,0,36,25,300,0.019544849172234535,0.78,0.9804551005363464,0.03077845275402069
pure_top_p,0.7,0.6,0,37,25,300,1.668930060816365e-08,1.0,1.0,3.1592509941447133e-08
pure_top_p,0.7,0.6,0,38,25,300,2.1457672971791908e-08,1.0,1.0,3.582254137768359e-08
pure_top_p,0.7,0.6,0,39,25,300,4.7683716530855236e-08,1.0,1.0,5.849796380630323e-08
pure_top_p,0.7,0.6,0,40,25,300,0.07315592467784882,0.5833333333333334,0.92684406042099,0.08333289623260498
pure_top_p,0.7,0.6,0,41,25,300,8.583069188716763e-08,1.0,1.0,1.013214472322943e-07
pure_top_p,0.7,0.6,0,42,25,300,3.814697180359872e-08,1.0,1.0,4.776338613510234e-08
pure_top_p,0.7,0.6,0,43,25,300,0.15388700366020203,0.5,0.8461129665374756,0.15414409339427948
pure_top_p,0.7,0.6,0,44,25,300,0.04774831607937813,0.5466666666666666,0.9522516131401062,0.05252131074666977
pure_top_p,0.7,0.6,0,45,25,300,0.16265085339546204,0.09333333333333334,0.8373491168022156,0.07561056315898895
pure_top_p,0.7,0.6,0,46,25,300,0.0,1.0,1.0,0.0
pure_top_p,0.7,0.6,0,47,25,300,0.1128607913851738,0.14666666666666667,0.8871392607688904,0.050236813724040985
pure_top_p,0.7,0.6,0,48,25,300,9.298324243900424e-08,1.0,1.0,1.0061536670491478e-07
pure_top_p,0.7,0.6,0,49,25,300,0.0,1.0,1.0,0.0
pure_top_p,0.7,0.8,0,0,25,300,0.1325826644897461,0.4766666666666667,0.8674173951148987,0.12050927430391312
pure_top_p,0.7,0.8,0,1,25,300,0.041828468441963196,0.6133333333333333,0.9581716060638428,0.036388568580150604
pure_top_p,0.7,0.8,0,2,25,300,0.35953980684280396,0.07333333333333333,0.640460193157196,0.1651885062456131
pure_top_p,0.7,0.8,0,3,25,300,0.02182079292833805,0.8466666666666667,0.9781792163848877,0.04438326507806778
pure_top_p,0.7,0.8,0,4,25,300,0.11511390656232834,0.52,0.8848860859870911,0.1200144812464714
pure_top_p,0.7,0.8,0,5,25,300,1.9073486612342094e-07,1.0,0.9999998211860657,1.3562194567384722e-07
pure_top_p,0.7,0.8,0,6,25,300,0.11446759849786758,0.15333333333333332,0.8855324387550354,0.05723562464118004
pure_top_p,0.7,0.8,0,7,25,300,0.05853669345378876,0.43333333333333335,0.94146329164505,0.029565343633294106
pure_top_p,0.7,0.8,0,8,25,300,3.099441414633475e-08,1.0,1.0,5.970423444523476e-08
pure_top_p,0.7,0.8,0,9,25,300,0.0,1.0,1.0,0.0
pure_top_p,0.7,0.8,0,10,25,300,0.01557824295014143,1.0,0.9844217896461487,0.013289226219058037
pure_top_p,0.7,0.8,0,11,25,300,0.2560373544692993,0.4866666666666667,0.7439627051353455,0.2444436401128769
pure_top_p,0.7,0.8,0,12,25,300,0.10519474744796753,0.22333333333333333,0.8948053121566772,0.06816232949495316
pure_top_p,0.7,0.8,0,13,25,300,0.14915858209133148,0.17666666666666667,0.8508414626121521,0.09297709167003632
pure_top_p,0.7,0.8,0,14,25,300,0.0,1.0,1.0,0.0
pure_top_p,0.7,0.8,0,15,25,300,0.008814288303256035,1.0,0.99118572473526,0.014156789518892765
pure_top_p,0.7,0.8,0,16,25,300,0.004935688339173794,1.0,0.9950643181800842,0.009480820037424564
pure_top_p,0.7,0.8,0,17,25,300,0.06346099823713303,0.46,0.9365391135215759,0.04707424342632294
pure_top_p,0.7,0.8,0,18,25,300,0.2065061628818512,0.08333333333333333,0.7934938669204712,0.09580346941947937
pure_top_p,0.7,0.8,0,19,25,300,0.0,1.0,1.0,0.0
pure_top_p,0.7,0.8,0,20,25,300,0.08768907189369202,0.15666666666666668,0.9123110175132751,0.039512068033218384
pure_top_p,0.7,0.8,0,21,25,300,0.12819717824459076,0.16,0.8718027472496033,0.06623867899179459
pure_top_p,0.7,0.8,0,22,25,300,0.09449058771133423,0.08666666666666667,0.9055094122886658,0.03696929290890694
pure_top_p,0.7,0.8,0,23,25,300,0.3080933392047882,0.21,0.6919066309928894,0.2101413607597351
pure_top_p,0.7,0.8,0,24,25,300,0.22022300958633423,0.01,0.7797769904136658,0.05913073197007179
pure_top_p,0.7,0.8,0,25,25,300,0.039042312651872635,0.6966666666666667,0.9609577655792236,0.039362043142318726
pure_top_p,0.7,0.8,0,26,25,300,0.08225784450769424,0.4266666666666667,0.917742133140564,0.05998927354812622
pure_top_p,0.7,0.8,0,27,25,300,0.22324565052986145,0.16,0.7767543792724609,0.12949226796627045
pure_top_p,0.7,0.8,0,28,25,300,0.13461226224899292,0.26666666666666666,0.8653876781463623,0.08550582081079483
pure_top_p,0.7,0.8,0,29,25,300,0.19083763659000397,0.04666666666666667,0.8091623783111572,0.09373210370540619
pure_top_p,0.7,0.8,0,30,25,300,0.05387789383530617,0.51,0.9461220502853394,0.04576301574707031
pure_top_p,0.7,0.8,0,31,25,300,1.4305114426349519e-08,1.0,1.0,5.066072361614715e-08
pure_top_p,0.7,0.8,0,32,25,300,0.05687781795859337,0.38666666666666666,0.943122148513794,0.023948896676301956
pure_top_p,0.7,0.8,0,33,25,300,0.025626689195632935,0.58,0.9743732810020447,0.02850927785038948
pure_top_p,0.7,0.8,0,34,25,300,0.21332186460494995,0.4866666666666667,0.78667813539505,0.2068711817264557
pure_top_p,0.7,0.8,0,35,25,300,0.0013216318329796195,1.0,0.9986783862113953,0.0015555925201624632
pure_top_p,0.7,0.8,0,36,25,300,0.03229781985282898,0.6666666666666666,0.9677022099494934,0.03382464498281479
pure_top_p,0.7,0.8,0,37,25,300,1.668930060816365e-08,1.0,1.0,3.1592509941447133e-08
pure_top_p,0.7,0.8,0,38,25,300,0.0036887223832309246,1.0,0.9963112473487854,0.005225327331572771
pure_top_p,0.7,0.8,0,39,25,300,0.024939997121691704,0.92,0.9750600457191467,0.0706280842423439
pure_top_p,0.7,0.8,0,40,25,300,0.11723031103610992,0.27666666666666667,0.8827696442604065,0.07460856437683105
pure_top_p,0.7,0.8,0,41,25,300,8.583069188716763e-08,1.0,1.0,1.013214472322943e-07
pure_top_p,0.7,0.8,0,42,25,300,3.814697180359872e-08,1.0,1.0,4.776338613510234e-08
pure_top_p,0.7,0.8,0,43,25,300,0.144378662109375,0.5466666666666666,0.855621337890625,0.151178777217865
pure_top_p,0.7,0.8,0,44,25,300,0.0547700896859169,0.48,0.9452298879623413,0.052709322422742844
pure_top_p,0.7,0.8,0,45,25,300,0.17430388927459717,0.08666666666666667,0.8256961107254028,0.07177664339542389
pure_top_p,0.7,0.8,0,46,25,300,0.0,1.0,1.0,0.0
pure_top_p,0.7,0.8,0,47,25,300,0.09863289445638657,0.11,0.9013671875,0.03976259008049965
pure_top_p,0.7,0.8,0,48,25,300,9.298324243900424e-08,1.0,1.0,1.0061536670491478e-07
pure_top_p,0.7,0.8,0,49,25,300,0.0,1.0,1.0,0.0
pure_top_p,0.7,0.9,0,0,25,300,0.11898684501647949,0.34,0.8810131549835205,0.08804913610219955
pure_top_p,0.7,0.9,0,1,25,300,0.06763861328363419,0.33666666666666667,0.932361364364624,0.04397181421518326
pure_top_p,0.7,0.9,0,2,25,300,0.28001081943511963,0.11333333333333333,0.7199891209602356,0.16466893255710602
pure_top_p,0.7,0.9,0,3,25,300,0.07792887836694717,0.59,0.922071099281311,0.0908912792801857
pure_top_p,0.7,0.9,0,4,25,300,0.07994025945663452,0.6666666666666666,0.9200597405433655,0.11324135214090347
pure_top_p,0.7,0.9,0,5,25,300,1.9073486612342094e-07,1.0,0.9999998211860657,1.3562194567384722e-07
pure_top_p,0.7,0.9,0,6,25,300,0.14765535295009613,0.11,0.8523446321487427,0.06919703632593155
pure_top_p,0.7,0.9,0,7,25,300,0.0835934653878212,0.25,0.9164064526557922,0.047522783279418945
pure_top_p,0.7,0.9,0,8,25,300,0.07409662008285522,0.8433333333333334,0.9259033203125,0.17375779151916504
pure_top_p,0.7,0.9,0,9,25,300,0.0,1.0,1.0,0.0
pure_top_p,0.7,0.9,0,10,25,300,0.034422557801008224,0.7966666666666666,0.9655773639678955,0.019017651677131653
pure_top_p,0.7,0.9,0,11,25,300,0.26346659660339355,0.48,0.7365334033966064,0.24723775684833527
pure_top_p,0.7,0.9,0,12,25,300,0.06764466315507889,0.41333333333333333,0.9323552250862122,0.06822051107883453
pure_top_p,0.7,0.9,0,13,25,300,0.1710103303194046,0.16666666666666666,0.8289896845817566,0.11324586719274521
pure_top_p,0.7,0.9,0,14,25,300,0.016150176525115967,0.8466666666666667,0.9838497638702393,0.038013704121112823
pure_top_p,0.7,0.9,0,15,25,300,0.11994977295398712,0.4633333333333333,0.8800502419471741,0.10770271718502045
pure_top_p,0.7,0.9,0,16,25,300,0.0010668321046978235,1.0,0.9989330768585205,0.0015111303655430675
pure_top_p,0.7,0.9,0,17,25,300,0.03791603446006775,0.71,0.9620839357376099,0.04262732341885567
pure_top_p,0.7,0.9,0,18,25,300,0.19073928892612457,0.0033333333333333335,0.8092607855796814,0.059427857398986816
pure_top_p,0.7,0.9,0,19,25,300,0.0,1.0,1.0,0.0
pure_top_p,0.7,0.9,0,20,25,300,0.0867002010345459,0.19,0.9132997393608093,0.039815694093704224
pure_top_p,0.7,0.9,0,21,25,300,0.15460287034511566,0.09,0.8453971147537231,0.06974544376134872
pure_top_p,0.7,0.9,0,22,25,300,0.12023191154003143,0.08333333333333333,0.8797680735588074,0.054380230605602264
pure_top_p,0.7,0.9,0,23,25,300,0.3391948640346527,0.15666666666666668,0.6608051061630249,0.19972683489322662
pure_top_p,0.7,0.9,0,24,25,300,0.22737129032611847,0.02666666666666667,0.772628664970398,0.06554362922906876
pure_top_p,0.7,0.9,0,25,25,300,0.09334412962198257,0.41,0.9066559076309204,0.0702756941318512
pure_top_p,0.7,0.9,0,26,25,300,0.07384596019983292,0.49333333333333335,0.9261539578437805,0.059576164931058884
pure_top_p,0.7,0.9,0,27,25,300,0.22034476697444916,0.18666666666666668,0.7796552777290344,0.15171875059604645
pure_top_p,0.7,0.9,0,28,25,300,0.16748753190040588,0.20666666666666667,0.8325124382972717,0.09505564719438553
pure_top_p,0.7,0.9,0,29,25,300,0.15741296112537384,0.05,0.8425869941711426,0.0611080676317215
pure_top_p,0.7,0.9,0,30,25,300,0.06393282860517502,0.44666666666666666,0.9360672235488892,0.040134817361831665
pure_top_p,0.7,0.9,0,31,25,300,1.4305114426349519e-08,1.0,1.0,5.066072361614715e-08
pure_top_p,0.7,0.9,0,32,25,300,0.07892691344022751,0.21666666666666667,0.9210730791091919,0.03793586790561676
pure_top_p,0.7,0.9,0,33,25,300,0.045247822999954224,0.44333333333333336,0.9547522068023682,0.034272924065589905
pure_top_p,0.7,0.9,0,34,25,300,0.31624144315719604,0.31333333333333335,0.683758556842804,0.23261520266532898
pure_top_p,0.7,0.9,0,35,25,300,0.026343008503317833,0.72,0.9736570119857788,0.03210809454321861
pure_top_p,0.7,0.9,0,36,25,300,0.05227277800440788,0.47333333333333333,0.9477272629737854,0.03112182579934597
pure_top_p,0.7,0.9,0,37,25,300,0.019189517945051193,0.6666666666666666,0.9808105230331421,0.023072823882102966
pure_top_p,0.7,0.9,0,38,25,300,0.04332255572080612,0.78,0.9566774368286133,0.07430329918861389
pure_top_p,0.7,0.9,0,39,25,300,0.0721457451581955,0.7,0.9278541803359985,0.10847419500350952
pure_top_p,0.7,0.9,0,40,25,300,0.11454436182975769,0.3233333333333333,0.8854557275772095,0.08698561787605286
pure_top_p,0.7,0.9,0,41,25,300,0.00668862322345376,0.92,0.99331134557724,0.02271983213722706
pure_top_p,0.7,0.9,0,42,25,300,3.814697180359872e-08,1.0,1.0,4.776338613510234e-08
pure_top_p,0.7,0.9,0,43,25,300,0.146219402551651,0.52,0.8537805080413818,0.15191508829593658
pure_top_p,0.7,0.9,0,44,25,300,0.054067935794591904,0.4866666666666667,0.9459320306777954,0.05273280665278435
pure_top_p,0.7,0.9,0,45,25,300,0.15874096751213074,0.04,0.8412590026855469,0.05836857482790947
pure_top_p,0.7,0.9,0,46,25,300,0.006930887699127197,1.0,0.993069052696228,0.013565337285399437
pure_top_p,0.7,0.9,0,47,25,300,0.10924522578716278,0.09666666666666666,0.8907548189163208,0.06296685338020325
pure_top_p,0.7,0.9,0,48,25,300,9.298324243900424e-08,1.0,1.0,1.0061536670491478e-07
pure_top_p,0.7,0.9,0,49,25,300,0.023171983659267426,0.78,0.9768279790878296,0.043704304844141006
pure_top_p,0.7,0.95,0,0,25,300,0.12224695831537247,0.26666666666666666,0.8777530789375305,0.09098739176988602
pure_top_p,0.7,0.95,0,1,25,300,0.08096694946289062,0.3333333333333333,0.9190329909324646,0.060523923486471176
pure_top_p,0.7,0.95,0,2,25,300,0.3253656029701233,0.04666666666666667,0.6746343970298767,0.12810590863227844
pure_top_p,0.7,0.95,0,3,25,300,0.10887802392244339,0.5733333333333334,0.891122043132782,0.12866799533367157
pure_top_p,0.7,0.95,0,4,25,300,0.11511390656232834,0.52,0.8848860859870911,0.1200144812464714
pure_top_p,0.7,0.95,0,5,25,300,1.9073486612342094e-07,1.0,0.9999998211860657,1.3562194567384722e-07
pure_top_p,0.7,0.95,0,6,25,300,0.1488165259361267,0.10666666666666667,0.8511834740638733,0.07959946990013123
pure_top_p,0.7,0.95,0,7,25,300,0.08155744522809982,0.22666666666666666,0.9184424877166748,0.03759687393903732
pure_top_p,0.7,0.95,0,8,25,300,0.0755625069141388,0.8433333333333334,0.9244374632835388,0.17650176584720612
pure_top_p,0.7,0.95,0,9,25,300,0.03510904684662819,0.6666666666666666,0.9648909568786621,0.04973464831709862
pure_top_p,0.7,0.95,0,10,25,300,0.0360749252140522,0.84,0.9639250636100769,0.028438735753297806
pure_top_p,0.7,0.95,0,11,25,300,0.2570156753063202,0.48,0.7429842948913574,0.24076397716999054
pure_top_p,0.7,0.95,0,12,25,300,0.14752046763896942,0.2,0.8524795174598694,0.10001013427972794
pure_top_p,0.7,0.95,0,13,25,300,0.16128845512866974,0.12,0.8387115001678467,0.09333643317222595
pure_top_p,0.7,0.95,0,14,25,300,0.029491614550352097,0.72,0.970508337020874,0.04737080633640289
pure_top_p,0.7,0.95,0,15,25,300,0.07029547542333603,0.7,0.9297046065330505,0.09157605469226837
pure_top_p,0.7,0.95,0,16,25,300,0.060704708099365234,0.8433333333333334,0.9392953515052795,0.14248843491077423
pure_top_p,0.7,0.95,0,17,25,300,0.058462955057621,0.3933333333333333,0.941537082195282,0.03819049522280693
pure_top_p,0.7,0.95,0,18,25,300,0.20839624106884003,0.023333333333333334,0.7916037440299988,0.0749998688697815
pure_top_p,0.7,0.95,0,19,25,300,0.0,1.0,1.0,0.0
pure_top_p,0.7,0.95,0,20,25,300,0.08837638795375824,0.15,0.9116235375404358,0.038997262716293335
pure_top_p,0.7,0.95,0,21,25,300,0.1526941955089569,0.06666666666666667,0.8473058342933655,0.062345199286937714
pure_top_p,0.7,0.95,0,22,25,300,0.11749449372291565,0.08333333333333333,0.882505476474762,0.054947350174188614
pure_top_p,0.7,0.95,0,23,25,300,0.3208748996257782,0.20333333333333334,0.6791250705718994,0.2162632793188095
pure_top_p,0.7,0.95,0,24,25,300,0.21643465757369995,0.006666666666666667,0.7835653424263,0.05944915488362312
pure_top_p,0.7,0.95,0,25,25,300,0.08524935692548752,0.29,0.9147506952285767,0.05794616788625717
pure_top_p,0.7,0.95,0,26,25,300,0.05411812290549278,0.7,0.9458819627761841,0.055612336844205856
pure_top_p,0.7,0.95,0,27,25,300,0.19133692979812622,0.23333333333333334,0.8086631298065186,0.13271333277225494
pure_top_p,0.7,0.95,0,28,25,300,0.19146551191806793,0.15,0.8085345029830933,0.10549648851156235
pure_top_p,0.7,0.95,0,29,25,300,0.17232297360897064,0.01,0.8276770114898682,0.07588569819927216
pure_top_p,0.7,0.95,0,30,25,300,0.09229674935340881,0.25333333333333335,0.9077032208442688,0.052464503794908524
pure_top_p,0.7,0.95,0,31,25,300,1.4305114426349519e-08,1.0,1.0,5.066072361614715e-08
pure_top_p,0.7,0.95,0,32,25,300,0.09391085058450699,0.19333333333333333,0.9060890674591064,0.04664595052599907
pure_top_p,0.7,0.95,0,33,25,300,0.029701372608542442,0.68,0.9702986478805542,0.025629349052906036
pure_top_p,0.7,0.95,0,34,25,300,0.2933015525341034,0.3466666666666667,0.7066984176635742,0.22834044694900513
pure_top_p,0.7,0.95,0,35,25,300,0.03418377414345741,0.6633333333333333,0.9658162593841553,0.04337101802229881
pure_top_p,0.7,0.95,0,36,25,300,0.030600331723690033,0.73,0.969399631023407,0.02460310608148575
pure_top_p,0.7,0.95,0,37,25,300,0.016432590782642365,0.72,0.9835674166679382,0.02211439236998558
pure_top_p,0.7,0.95,0,38,25,300,0.03402794525027275,0.7733333333333333,0.9659720659255981,0.06025755777955055
pure_top_p,0.7,0.95,0,39,25,300,0.09588723629713058,0.5766666666666667,0.9041128754615784,0.11110403388738632
pure_top_p,0.7,0.95,0,40,25,300,0.12137018889188766,0.17333333333333334,0.878629744052887,0.06415735930204391
pure_top_p,0.7,0.95,0,41,25,300,0.006688624154776335,0.92,0.99331134557724,0.022719833999872208
pure_top_p,0.7,0.95,0,42,25,300,3.814697180359872e-08,1.0,1.0,4.776338613510234e-08
pure_top_p,0.7,0.95,0,43,25,300,0.18965232372283936,0.37,0.8103476166725159,0.15490363538265228
pure_top_p,0.7,0.95,0,44,25,300,0.05406792834401131,0.4866666666666667,0.9459320306777954,0.05273279920220375
pure_top_p,0.7,0.95,0,45,25,300,0.1730705350637436,0.05333333333333334,0.8269294500350952,0.07668212801218033
pure_top_p,0.7,0.95,0,46,25,300,0.003673093393445015,1.0,0.9963269233703613,0.008649244904518127
pure_top_p,0.7,0.95,0,47,25,300,0.15999318659305573,0.043333333333333335,0.8400068283081055,0.08991014212369919
pure_top_p,0.7,0.95,0,48,25,300,0.019371457397937775,0.78,0.9806284308433533,0.036536023020744324
pure_top_p,0.7,0.95,0,49,25,300,0.029491595923900604,0.72,0.9705083966255188,0.047370780259370804
pure_top_p,1.0,0.6,0,0,25,300,0.15342329442501068,0.38666666666666666,0.8465766310691833,0.11744634062051773
pure_top_p,1.0,0.6,0,1,25,300,0.03275735303759575,0.75,0.9672426581382751,0.023352643474936485
pure_top_p,1.0,0.6,0,2,25,300,0.32953983545303345,0.10333333333333333,0.6704601645469666,0.18793192505836487
pure_top_p,1.0,0.6,0,3,25,300,0.06386397033929825,0.6033333333333334,0.9361359477043152,0.07981637865304947
pure_top_p,1.0,0.6,0,4,25,300,9.536743306171047e-08,1.0,1.0,1.1699592761260647e-07
pure_top_p,1.0,0.6,0,5,25,300,1.9073486612342094e-07,1.0,0.9999998211860657,1.3562194567384722e-07
pure_top_p,1.0,0.6,0,6,25,300,0.11629843711853027,0.14666666666666667,0.8837015628814697,0.06004921346902847
pure_top_p,1.0,0.6,0,7,25,300,0.07452784478664398,0.23,0.92547208070755,0.035754211246967316
pure_top_p,1.0,0.6,0,8,25,300,3.099441414633475e-08,1.0,1.0,5.970423444523476e-08
pure_top_p,1.0,0.6,0,9,25,300,0.0,1.0,1.0,0.0
pure_top_p,1.0,0.6,0,10,25,300,0.021510303020477295,1.0,0.9784896969795227,0.014047184027731419
pure_top_p,1.0,0.6,0,11,25,300,0.25573843717575073,0.4866666666666667,0.7442615628242493,0.2409788817167282
pure_top_p,1.0,0.6,0,12,25,300,0.11914713680744171,0.2966666666666667,0.8808528780937195,0.08363047242164612
pure_top_p,1.0,0.6,0,13,25,300,0.1408124566078186,0.3466666666666667,0.8591876029968262,0.1308734267950058
pure_top_p,1.0,0.6,0,14,25,300,0.0,1.0,1.0,0.0
pure_top_p,1.0,0.6,0,15,25,300,2.3841858265427618e-08,1.0,1.0,8.443453936024525e-08
pure_top_p,1.0,0.6,0,16,25,300,0.003464121138677001,1.0,0.9965358376502991,0.00692057516425848
pure_top_p,1.0,0.6,0,17,25,300,0.06605245172977448,0.4166666666666667,0.9339475631713867,0.04178355634212494
pure_top_p,1.0,0.6,0,18,25,300,0.1972932368516922,0.056666666666666664,0.802706778049469,0.08178382366895676
pure_top_p,1.0,0.6,0,19,25,300,0.0,1.0,1.0,0.0
pure_top_p,1.0,0.6,0,20,25,300,0.056960105895996094,0.3933333333333333,0.9430398344993591,0.03803827986121178
pure_top_p,1.0,0.6,0,21,25,300,0.1307981312274933,0.15,0.8692018389701843,0.06929343193769455
pure_top_p,1.0,0.6,0,22,25,300,0.0704747885465622,0.25,0.9295252561569214,0.031011037528514862
pure_top_p,1.0,0.6,0,23,25,300,0.10813034325838089,0.43666666666666665,0.8918697237968445,0.10003026574850082
pure_top_p,1.0,0.6,0,24,25,300,0.21580693125724792,0.056666666666666664,0.7841930985450745,0.07406788319349289
pure_top_p,1.0,0.6,0,25,25,300,0.0659487172961235,0.49,0.9340513348579407,0.04690372571349144
pure_top_p,1.0,0.6,0,26,25,300,0.020799919962882996,1.0,0.9792001247406006,0.011784390546381474
pure_top_p,1.0,0.6,0,27,25,300,0.2365635633468628,0.32,0.763436496257782,0.1853618025779724
pure_top_p,1.0,0.6,0,28,25,300,0.15153245627880096,0.21,0.8484675288200378,0.08877311646938324
pure_top_p,1.0,0.6,0,29,25,300,0.16226191818714142,0.08666666666666667,0.8377381563186646,0.08394598215818405
pure_top_p,1.0,0.6,0,30,25,300,0.06282788515090942,0.48,0.9371721148490906,0.04266372695565224
pure_top_p,1.0,0.6,0,31,25,300,1.4305114426349519e-08,1.0,1.0,5.066072361614715e-08
pure_top_p,1.0,0.6,0,32,25,300,0.08155827969312668,0.2733333333333333,0.9184417724609375,0.04944836348295212
pure_top_p,1.0,0.6,0,33,25,300,0.0,1.0,1.0,0.0
pure_top_p,1.0,0.6,0,34,25,300,0.21305008232593536,0.4866666666666667,0.786949872970581,0.20652151107788086
pure_top_p,1.0,0.6,0,35,25,300,9.536743306171047e-08,1.0,1.0,1.1699592761260647e-07
pure_top_p,1.0,0.6,0,36,25,300,0.020736942067742348,0.8666666666666667,0.9792631268501282,0.022106707096099854
pure_top_p,1.0,0.6,0,37,25,300,1.668930060816365e-08,1.0,1.0,3.1592509941447133e-08
pure_top_p,1.0,0.6,0,38,25,300,0.005311748944222927,1.0,0.9946883320808411,0.005537862423807383
pure_top_p,1.0,0.6,0,39,25,300,4.7683716530855236e-08,1.0,1.0,5.849796380630323e-08
pure_top_p,1.0,0.6,0,40,25,300,0.08032944798469543,0.49666666666666665,0.9196706414222717,0.0699719712138176
pure_top_p,1.0,0.6,0,41,25,300,8.583069188716763e-08,1.0,1.0,1.013214472322943e-07
pure_top_p,1.0,0.6,0,42,25,300,3.814697180359872e-08,1.0,1.0,4.776338613510234e-08
pure_top_p,1.0,0.6,0,43,25,300,0.15665414929389954,0.48,0.8433458209037781,0.14978811144828796
pure_top_p,1.0,0.6,0,44,25,300,0.05406792834401131,0.4866666666666667,0.9459320306777954,0.05273280665278435
pure_top_p,1.0,0.6,0,45,25,300,0.15208259224891663,0.11,0.847917377948761,0.0769600197672844
pure_top_p,1.0,0.6,0,46,25,300,0.0,1.0,1.0,0.0
pure_top_p,1.0,0.6,0,47,25,300,0.10180800408124924,0.13333333333333333,0.8981919288635254,0.04837508127093315
pure_top_p,1.0,0.6,0,48,25,300,9.298324243900424e-08,1.0,1.0,1.0061536670491478e-07
pure_top_p,1.0,0.6,0,49,25,300,0.0,1.0,1.0,0.0
pure_top_p,1.0,0.8,0,0,25,300,0.10777793824672699,0.25333333333333335,0.8922221064567566,0.06820087134838104
pure_top_p,1.0,0.8,0,1,25,300,0.08469272404909134,0.20666666666666667,0.9153072237968445,0.0356052964925766
pure_top_p,1.0,0.8,0,2,25,300,0.3495120108127594,0.02,0.6504879593849182,0.14434130489826202
pure_top_p,1.0,0.8,0,3,25,300,0.05543496459722519,0.77,0.9445649981498718,0.09983736276626587
pure_top_p,1.0,0.8,0,4,25,300,0.119910329580307,0.5,0.8800897002220154,0.12011060863733292
pure_top_p,1.0,0.8,0,5,25,300,1.9073486612342094e-07,1.0,0.9999998211860657,1.3562194567384722e-07
pure_top_p,1.0,0.8,0,6,25,300,0.14996853470802307,0.10333333333333333,0.8500314354896545,0.06665799766778946
pure_top_p,1.0,0.8,0,7,25,300,0.08602647483348846,0.19333333333333333,0.9139735698699951,0.046222396194934845
pure_top_p,1.0,0.8,0,8,25,300,3.099441414633475e-08,1.0,1.0,5.970423444523476e-08
pure_top_p,1.0,0.8,0,9,25,300,0.0,1.0,1.0,0.0
pure_top_p,1.0,0.8,0,10,25,300,0.03228943049907684,0.89,0.967710554599762,0.020080892369151115
pure_top_p,1.0,0.8,0,11,25,300,0.22270451486110687,0.5466666666666666,0.7772954106330872,0.24234527349472046
pure_top_p,1.0,0.8,0,12,25,300,0.17355988919734955,0.12666666666666668,0.8264400959014893,0.09866669774055481
pure_top_p,1.0,0.8,0,13,25,300,0.19414952397346497,0.09333333333333334,0.8058504462242126,0.11143641918897629
pure_top_p,1.0,0.8,0,14,25,300,0.0,1.0,1.0,0.0
pure_top_p,1.0,0.8,0,15,25,300,0.11078780144453049,0.42,0.8892122507095337,0.08661840111017227
pure_top_p,1.0,0.8,0,16,25,300,0.006421688478440046,1.0,0.993578314781189,0.011145425029098988
pure_top_p,1.0,0.8,0,17,25,300,0.06696152687072754,0.3566666666666667,0.9330384135246277,0.038551636040210724
pure_top_p,1.0,0.8,0,18,25,300,0.21479125320911407,0.03,0.7852087616920471,0.08438105881214142
pure_top_p,1.0,0.8,0,19,25,300,0.0,1.0,1.0,0.0
pure_top_p,1.0,0.8,0,20,25,300,0.09244363009929657,0.18333333333333332,0.9075563549995422,0.051194656640291214
pure_top_p,1.0,0.8,0,21,25,300,0.13330711424350739,0.1,0.8666929006576538,0.06095569208264351
pure_top_p,1.0,0.8,0,22,25,300,0.11872342228889465,0.056666666666666664,0.881276547908783,0.052206650376319885
pure_top_p,1.0,0.8,0,23,25,300,0.42345762252807617,0.043333333333333335,0.5765423774719238,0.15690644085407257
pure_top_p,1.0,0.8,0,24,25,300,0.2281106561422348,0.02666666666666667,0.771889328956604,0.06918928772211075
pure_top_p,1.0,0.8,0,25,25,300,0.09581417590379715,0.21333333333333335,0.9041857719421387,0.053957249969244
pure_top_p,1.0,0.8,0,26,25,300,0.06064160168170929,0.6666666666666666,0.9393584132194519,0.06184506416320801
pure_top_p,1.0,0.8,0,27,25,300,0.23288579285144806,0.20666666666666667,0.7671141624450684,0.15356707572937012
pure_top_p,1.0,0.8,0,28,25,300,0.18906858563423157,0.11333333333333333,0.810931384563446,0.08813276886940002
pure_top_p,1.0,0.8,0,29,25,300,0.18517780303955078,0.023333333333333334,0.814822256565094,0.08412070572376251
pure_top_p,1.0,0.8,0,30,25,300,0.09241941571235657,0.28,0.907580554485321,0.059797756373882294
pure_top_p,1.0,0.8,0,31,25,300,1.4305114426349519e-08,1.0,1.0,5.066072361614715e-08
pure_top_p,1.0,0.8,0,32,25,300,0.10978586971759796,0.03,0.8902141451835632,0.03146330267190933
pure_top_p,1.0,0.8,0,33,25,300,0.03507422283291817,0.68,0.9649257659912109,0.021861890330910683
pure_top_p,1.0,0.8,0,34,25,300,0.256719708442688,0.4266666666666667,0.743280291557312,0.22938980162143707
pure_top_p,1.0,0.8,0,35,25,300,0.0520939938724041,0.49666666666666665,0.9479060769081116,0.042336538434028625
pure_top_p,1.0,0.8,0,36,25,300,0.0496036671102047,0.43333333333333335,0.9503962993621826,0.030848398804664612
pure_top_p,1.0,0.8,0,37,25,300,0.026691962033510208,0.52,0.9733080863952637,0.02497747540473938
pure_top_p,1.0,0.8,0,38,25,300,0.03263016417622566,0.8433333333333334,0.9673699140548706,0.06811971217393875
pure_top_p,1.0,0.8,0,39,25,300,0.10063881427049637,0.42,0.8993611931800842,0.09501467645168304
pure_top_p,1.0,0.8,0,40,25,300,0.08508975058794022,0.30333333333333334,0.9149101972579956,0.05598491057753563
pure_top_p,1.0,0.8,0,41,25,300,0.03790178894996643,0.5466666666666666,0.9620983600616455,0.041690435260534286
pure_top_p,1.0,0.8,0,42,25,300,3.814697180359872e-08,1.0,1.0,4.776338613510234e-08
pure_top_p,1.0,0.8,0,43,25,300,0.19644992053508759,0.29333333333333333,0.8035500049591064,0.14777880907058716
pure_top_p,1.0,0.8,0,44,25,300,0.047748297452926636,0.5466666666666666,0.952251672744751,0.052521295845508575
pure_top_p,1.0,0.8,0,45,25,300,0.150703564286232,0.03,0.8492964506149292,0.053278304636478424
pure_top_p,1.0,0.8,0,46,25,300,0.010003706440329552,1.0,0.9899962544441223,0.01640639454126358
pure_top_p,1.0,0.8,0,47,25,300,0.18666484951972961,0.04666666666666667,0.8133351802825928,0.09898914396762848
pure_top_p,1.0,0.8,0,48,25,300,9.298324243900424e-08,1.0,1.0,1.0061536670491478e-07
pure_top_p,1.0,0.8,0,49,25,300,0.035109054297208786,0.6666666666666666,0.9648909568786621,0.049734655767679214
pure_top_p,1.0,0.9,0,0,25,300,0.1392568200826645,0.17333333333333334,0.8607432246208191,0.08585231751203537
pure_top_p,1.0,0.9,0,1,25,300,0.07220876961946487,0.30666666666666664,0.9277912378311157,0.03697887808084488
pure_top_p,1.0,0.9,0,2,25,300,0.4181363880634308,0.006666666666666667,0.5818635821342468,0.12505808472633362
pure_top_p,1.0,0.9,0,3,25,300,0.22415435314178467,0.2833333333333333,0.7758456468582153,0.1670323759317398
pure_top_p,1.0,0.9,0,4,25,300,0.119910329580307,0.5,0.8800897002220154,0.12011060863733292
pure_top_p,1.0,0.9,0,5,25,300,1.9073486612342094e-07,1.0,0.9999998211860657,1.3562194567384722e-07
pure_top_p,1.0,0.9,0,6,25,300,0.1938134729862213,0.03,0.8061864972114563,0.10572533309459686
pure_top_p,1.0,0.9,0,7,25,300,0.09793847054243088,0.18333333333333332,0.9020615816116333,0.04820709675550461
pure_top_p,1.0,0.9,0,8,25,300,0.1954571157693863,0.57,0.8045428991317749,0.2347216159105301
pure_top_p,1.0,0.9,0,9,25,300,0.0294916033744812,0.72,0.970508337020874,0.0473707914352417
pure_top_p,1.0,0.9,0,10,25,300,0.07771658897399902,0.67,0.922283411026001,0.09552387148141861
pure_top_p,1.0,0.9,0,11,25,300,0.19073554873466492,0.62,0.8092645406723022,0.24295826256275177
pure_top_p,1.0,0.9,0,12,25,300,0.15522262454032898,0.08666666666666667,0.8447773456573486,0.09356408566236496
pure_top_p,1.0,0.9,0,13,25,300,0.17344993352890015,0.12666666666666668,0.8265500664710999,0.10197624564170837
pure_top_p,1.0,0.9,0,14,25,300,0.016150159761309624,0.8466666666666667,0.9838497638702393,0.03801367059350014
pure_top_p,1.0,0.9,0,15,25,300,0.06611935794353485,0.7,0.933880627155304,0.087567038834095
pure_top_p,1.0,0.9,0,16,25,300,0.11986017972230911,0.69,0.8801397681236267,0.16876177489757538
pure_top_p,1.0,0.9,0,17,25,300,0.06518515199422836,0.32,0.9348148703575134,0.03443918004631996
pure_top_p,1.0,0.9,0,18,25,300,0.20404013991355896,0.02666666666666667,0.7959598898887634,0.07631739228963852
pure_top_p,1.0,0.9,0,19,25,300,0.0,1.0,1.0,0.0
pure_top_p,1.0,0.9,0,20,25,300,0.1075182855129242,0.09666666666666666,0.8924816846847534,0.050508640706539154
pure_top_p,1.0,0.9,0,21,25,300,0.1431005299091339,0.17333333333333334,0.8568994402885437,0.0687260553240776
pure_top_p,1.0,0.9,0,22,25,300,0.12675854563713074,0.08666666666666667,0.8732414841651917,0.05717170611023903
pure_top_p,1.0,0.9,0,23,25,300,0.4021550118923187,0.056666666666666664,0.5978450775146484,0.1570637971162796
pure_top_p,1.0,0.9,0,24,25,300,0.23673810064792633,0.013333333333333334,0.7632618546485901,0.06728997081518173
pure_top_p,1.0,0.9,0,25,25,300,0.11278640478849411,0.16,0.8872135281562805,0.05984362214803696
pure_top_p,1.0,0.9,0,26,25,300,0.07809938490390778,0.4766666666666667,0.9219006299972534,0.057397469878196716
pure_top_p,1.0,0.9,0,27,25,300,0.2683168351650238,0.08666666666666667,0.7316831350326538,0.14385506510734558
pure_top_p,1.0,0.9,0,28,25,300,0.2280046045780182,0.06333333333333334,0.7719954252243042,0.09551410377025604
pure_top_p,1.0,0.9,0,29,25,300,0.20110180974006653,0.013333333333333334,0.7988981604576111,0.08480505645275116
pure_top_p,1.0,0.9,0,30,25,300,0.0938168466091156,0.23,0.9061831831932068,0.04558512195944786
pure_top_p,1.0,0.9,0,31,25,300,0.023741550743579865,0.92,0.9762585163116455,0.08064597845077515
pure_top_p,1.0,0.9,0,32,25,300,0.12510797381401062,0.016666666666666666,0.8748920559883118,0.04820341244339943
pure_top_p,1.0,0.9,0,33,25,300,0.04670553654432297,0.49,0.9532944560050964,0.028076298534870148
pure_top_p,1.0,0.9,0,34,25,300,0.2936767637729645,0.3233333333333333,0.7063232064247131,0.22239835560321808
pure_top_p,1.0,0.9,0,35,25,300,0.052388496696949005,0.43,0.9476115107536316,0.032906148582696915
pure_top_p,1.0,0.9,0,36,25,300,0.07181090861558914,0.31666666666666665,0.9281890988349915,0.043515630066394806
pure_top_p,1.0,0.9,0,37,25,300,0.01786741241812706,0.7333333333333333,0.9821325540542603,0.021935706958174706
pure_top_p,1.0,0.9,0,38,25,300,0.11458373814821243,0.35333333333333333,0.8854162693023682,0.09364987164735794
pure_top_p,1.0,0.9,0,39,25,300,0.11489841341972351,0.4033333333333333,0.8851014971733093,0.10738462954759598
pure_top_p,1.0,0.9,0,40,25,300,0.14101949334144592,0.10666666666666667,0.8589805364608765,0.06753481924533844
pure_top_p,1.0,0.9,0,41,25,300,0.023409968242049217,0.72,0.976590096950531,0.037602052092552185
pure_top_p,1.0,0.9,0,42,25,300,3.814697180359872e-08,1.0,1.0,4.776338613510234e-08
pure_top_p,1.0,0.9,0,43,25,300,0.1703954041004181,0.37,0.8296045660972595,0.13986392319202423
pure_top_p,1.0,0.9,0,44,25,300,0.05055703595280647,0.52,0.9494429230690002,0.05270935595035553
pure_top_p,1.0,0.9,0,45,25,300,0.1792040765285492,0.02,0.8207959532737732,0.062390029430389404
pure_top_p,1.0,0.9,0,46,25,300,0.011995824053883553,0.9333333333333333,0.9880041480064392,0.017764508724212646
pure_top_p,1.0,0.9,0,47,25,300,0.16288991272449493,0.05,0.8371101021766663,0.08097008615732193
pure_top_p,1.0,0.9,0,48,25,300,0.061841756105422974,0.5933333333333334,0.9381582736968994,0.08220401406288147
pure_top_p,1.0,0.9,0,49,25,300,0.05055703595280647,0.52,0.9494429230690002,0.05270935595035553
pure_top_p,1.0,0.95,0,0,25,300,0.1613280028104782,0.2,0.8386719822883606,0.10254421830177307
pure_top_p,1.0,0.95,0,1,25,300,0.08666177093982697,0.24666666666666667,0.9133382439613342,0.04288143292069435
pure_top_p,1.0,0.95,0,2,25,300,0.374897837638855,0.013333333333333334,0.6251021027565002,0.11342911422252655
pure_top_p,1.0,0.95,0,3,25,300,0.18062762916088104,0.14333333333333334,0.8193723559379578,0.12689775228500366
pure_top_p,1.0,0.95,0,4,25,300,0.06714983284473419,0.72,0.9328501224517822,0.1078590527176857
pure_top_p,1.0,0.95,0,5,25,300,1.9073486612342094e-07,1.0,0.9999998211860657,1.3562194567384722e-07
pure_top_p,1.0,0.95,0,6,25,300,0.1904492974281311,0.11666666666666667,0.8095507025718689,0.10648350417613983
pure_top_p,1.0,0.95,0,7,25,300,0.08822198212146759,0.21,0.9117779731750488,0.04763782024383545
pure_top_p,1.0,0.95,0,8,25,300,0.15348447859287262,0.7033333333333334,0.8465155363082886,0.24130496382713318
pure_top_p,1.0,0.95,0,9,25,300,0.04774831235408783,0.5466666666666666,0.952251672744751,0.05252130702137947
pure_top_p,1.0,0.95,0,10,25,300,0.04533117264509201,0.6966666666666667,0.9546687602996826,0.03335477411746979
pure_top_p,1.0,0.95,0,11,25,300,0.2239295393228531,0.54,0.7760704755783081,0.2424563616514206
pure_top_p,1.0,0.95,0,12,25,300,0.22751517593860626,0.03333333333333333,0.7724847793579102,0.10488495230674744
pure_top_p,1.0,0.95,0,13,25,300,0.15778541564941406,0.12666666666666668,0.8422145843505859,0.08389981836080551
pure_top_p,1.0,0.95,0,14,25,300,0.02317197248339653,0.78,0.9768279790878296,0.04370427876710892
pure_top_p,1.0,0.95,0,15,25,300,0.13612160086631775,0.39666666666666667,0.8638783693313599,0.10800836980342865
pure_top_p,1.0,0.95,0,16,25,300,0.06584945321083069,0.7733333333333333,0.9341505765914917,0.12639734148979187
pure_top_p,1.0,0.95,0,17,25,300,0.08625251799821854,0.23,0.9137474298477173,0.04872909560799599
pure_top_p,1.0,0.95,0,18,25,300,0.22960983216762543,0.01,0.7703901529312134,0.06766914576292038
pure_top_p,1.0,0.95,0,19,25,300,0.10954847931861877,0.7033333333333334,0.8904514312744141,0.18886536359786987
pure_top_p,1.0,0.95,0,20,25,300,0.12796877324581146,0.08333333333333333,0.8720312714576721,0.056255191564559937
pure_top_p,1.0,0.95,0,21,25,300,0.14707066118717194,0.06666666666666667,0.8529293537139893,0.06523321568965912
pure_top_p,1.0,0.95,0,22,25,300,0.16032403707504272,0.023333333333333334,0.8396759629249573,0.05897917225956917
pure_top_p,1.0,0.95,0,23,25,300,0.4305509328842163,0.023333333333333334,0.5694490671157837,0.1349189281463623
pure_top_p,1.0,0.95,0,24,25,300,0.2911171615123749,0.006666666666666667,0.7088828682899475,0.11201944947242737
pure_top_p,1.0,0.95,0,25,25,300,0.08891359716653824,0.2,0.9110864400863647,0.04756037890911102
pure_top_p,1.0,0.95,0,26,25,300,0.06015282869338989,0.6133333333333333,0.9398472309112549,0.05168507248163223
pure_top_p,1.0,0.95,0,27,25,300,0.24843350052833557,0.08,0.7515665292739868,0.11859685927629471
pure_top_p,1.0,0.95,0,28,25,300,0.2336556315422058,0.10666666666666667,0.766344428062439,0.11317579448223114
pure_top_p,1.0,0.95,0,29,25,300,0.23439493775367737,0.0,0.7656050324440002,0.08707911521196365
pure_top_p,1.0,0.95,0,30,25,300,0.15787556767463684,0.11,0.8421244025230408,0.09158242493867874
pure_top_p,1.0,0.95,0,31,25,300,0.06528923660516739,0.78,0.934710681438446,0.12314094603061676
pure_top_p,1.0,0.95,0,32,25,300,0.13512146472930908,0.01,0.8648785352706909,0.051628466695547104
pure_top_p,1.0,0.95,0,33,25,300,0.07020401954650879,0.3466666666666667,0.9297959208488464,0.0466490238904953
pure_top_p,1.0,0.95,0,34,25,300,0.3757120370864868,0.18,0.6242879033088684,0.21331623196601868
pure_top_p,1.0,0.95,0,35,25,300,0.04345792904496193,0.5166666666666667,0.9565420746803284,0.040803130716085434
pure_top_p,1.0,0.95,0,36,25,300,0.057605087757110596,0.43,0.9423949122428894,0.033765796571969986
pure_top_p,1.0,0.95,0,37,25,300,0.018446536734700203,0.7333333333333333,0.9815535545349121,0.02180631272494793
pure_top_p,1.0,0.95,0,38,25,300,0.08341176807880402,0.5166666666666667,0.9165882468223572,0.0935247540473938
pure_top_p,1.0,0.95,0,39,25,300,0.16598351299762726,0.23666666666666666,0.8340164422988892,0.11004994064569473
pure_top_p,1.0,0.95,0,40,25,300,0.16952355206012726,0.043333333333333335,0.8304764628410339,0.0838913545012474
pure_top_p,1.0,0.95,0,41,25,300,0.03177063912153244,0.62,0.968229353427887,0.040649380534887314
pure_top_p,1.0,0.95,0,42,25,300,3.814697180359872e-08,1.0,1.0,4.776338613510234e-08
pure_top_p,1.0,0.95,0,43,25,300,0.1818382740020752,0.2833333333333333,0.81816166639328,0.13097520172595978
pure_top_p,1.0,0.95,0,44,25,300,0.050557032227516174,0.52,0.9494429230690002,0.05270935222506523
pure_top_p,1.0,0.95,0,45,25,300,0.16886253654956818,0.02666666666666667,0.831137478351593,0.06263062357902527
pure_top_p,1.0,0.95,0,46,25,300,0.025625938549637794,0.9066666666666666,0.9743740558624268,0.03452000021934509
pure_top_p,1.0,0.95,0,47,25,300,0.21624013781547546,0.013333333333333334,0.7837598919868469,0.08738554269075394
pure_top_p,1.0,0.95,0,48,25,300,0.0832749679684639,0.43,0.9167250394821167,0.08428819477558136
pure_top_p,1.0,0.95,0,49,25,300,0.05055703967809677,0.52,0.9494429230690002,0.05270935595035553
pure_top_p,1.5,0.6,0,0,25,300,0.18507827818393707,0.1,0.8149216771125793,0.1018877774477005
pure_top_p,1.5,0.6,0,1,25,300,0.10199349373579025,0.16,0.8980064988136292,0.05753477290272713
pure_top_p,1.5,0.6,0,2,25,300,0.4004111588001251,0.0,0.5995888710021973,0.12152920663356781
pure_top_p,1.5,0.6,0,3,25,300,0.16893647611141205,0.19333333333333333,0.8310635685920715,0.11288867890834808
pure_top_p,1.5,0.6,0,4,25,300,0.12310793250799179,0.4866666666666667,0.87689208984375,0.12006789445877075
pure_top_p,1.5,0.6,0,5,25,300,1.9073486612342094e-07,1.0,0.9999998211860657,1.3562194567384722e-07
pure_top_p,1.5,0.6,0,6,25,300,0.2641841769218445,0.056666666666666664,0.7358158230781555,0.13116949796676636
pure_top_p,1.5,0.6,0,7,25,300,0.10545439273118973,0.2,0.8945456147193909,0.05206195265054703
pure_top_p,1.5,0.6,0,8,25,300,3.099441414633475e-08,1.0,1.0,5.970423444523476e-08
pure_top_p,1.5,0.6,0,9,25,300,0.0,1.0,1.0,0.0
pure_top_p,1.5,0.6,0,10,25,300,0.10629034787416458,0.63,0.8937097191810608,0.13219471275806427
pure_top_p,1.5,0.6,0,11,25,300,0.2453756183385849,0.52,0.7546244263648987,0.24447019398212433
pure_top_p,1.5,0.6,0,12,25,300,0.20892643928527832,0.04666666666666667,0.7910735011100769,0.09161702543497086
pure_top_p,1.5,0.6,0,13,25,300,0.16998980939388275,0.13,0.830010175704956,0.09433811902999878
pure_top_p,1.5,0.6,0,14,25,300,0.0,1.0,1.0,0.0
pure_top_p,1.5,0.6,0,15,25,300,0.1126239150762558,0.41333333333333333,0.887376070022583,0.09294070303440094
pure_top_p,1.5,0.6,0,16,25,300,0.08923815935850143,0.7733333333333333,0.9107618927955627,0.14850971102714539
pure_top_p,1.5,0.6,0,17,25,300,0.09628329426050186,0.13333333333333333,0.9037167429924011,0.049818847328424454
pure_top_p,1.5,0.6,0,18,25,300,0.30257582664489746,0.006666666666666667,0.6974241733551025,0.11213697493076324
pure_top_p,1.5,0.6,0,19,25,300,0.0,1.0,1.0,0.0
pure_top_p,1.5,0.6,0,20,25,300,0.11575786769390106,0.04,0.8842421174049377,0.04132693260908127
pure_top_p,1.5,0.6,0,21,25,300,0.17205943167209625,0.03333333333333333,0.8279406428337097,0.06739909201860428
pure_top_p,1.5,0.6,0,22,25,300,0.11816363036632538,0.08666666666666667,0.8818363547325134,0.04630287364125252
pure_top_p,1.5,0.6,0,23,25,300,0.4668769836425781,0.0,0.5331230163574219,0.08301074057817459
pure_top_p,1.5,0.6,0,24,25,300,0.43915241956710815,0.006666666666666667,0.5608475804328918,0.15279024839401245
pure_top_p,1.5,0.6,0,25,25,300,0.15487109124660492,0.06333333333333334,0.8451289534568787,0.08237415552139282
pure_top_p,1.5,0.6,0,26,25,300,0.08274119347333908,0.43333333333333335,0.9172587990760803,0.06293582916259766
pure_top_p,1.5,0.6,0,27,25,300,0.2777756154537201,0.11666666666666667,0.7222244143486023,0.14523358643054962
pure_top_p,1.5,0.6,0,28,25,300,0.3489847779273987,0.006666666666666667,0.6510152220726013,0.10376624017953873
pure_top_p,1.5,0.6,0,29,25,300,0.3390613794326782,0.0,0.6609386205673218,0.11494877189397812
pure_top_p,1.5,0.6,0,30,25,300,0.30528464913368225,0.0033333333333333335,0.6947153806686401,0.09203939139842987
pure_top_p,1.5,0.6,0,31,25,300,1.4305114426349519e-08,1.0,1.0,5.066072361614715e-08
pure_top_p,1.5,0.6,0,32,25,300,0.18223263323307037,0.0,0.817767322063446,0.05536170303821564
pure_top_p,1.5,0.6,0,33,25,300,0.09422428160905838,0.13,0.905775785446167,0.038697198033332825
pure_top_p,1.5,0.6,0,34,25,300,0.3754787743091583,0.14333333333333334,0.6245211958885193,0.19062863290309906
pure_top_p,1.5,0.6,0,35,25,300,0.05349491164088249,0.4666666666666667,0.9465051293373108,0.04659276828169823
pure_top_p,1.5,0.6,0,36,25,300,0.06324230134487152,0.5266666666666666,0.9367576241493225,0.04962540417909622
pure_top_p,1.5,0.6,0,37,25,300,0.0036631666589528322,1.0,0.9963368773460388,0.0038191035855561495
pure_top_p,1.5,0.6,0,38,25,300,0.07162849605083466,0.6333333333333333,0.9283716082572937,0.09221769869327545
pure_top_p,1.5,0.6,0,39,25,300,0.09940644353628159,0.4633333333333333,0.9005935788154602,0.10691285878419876
pure_top_p,1.5,0.6,0,40,25,300,0.15886461734771729,0.04666666666666667,0.8411354422569275,0.060092367231845856
pure_top_p,1.5,0.6,0,41,25,300,0.023409968242049217,0.72,0.976590096950531,0.03760204836726189
pure_top_p,1.5,0.6,0,42,25,300,3.814697180359872e-08,1.0,1.0,4.776338613510234e-08
pure_top_p,1.5,0.6,0,43,25,300,0.19122973084449768,0.23,0.8087702989578247,0.12470032274723053
pure_top_p,1.5,0.6,0,44,25,300,0.2411351054906845,0.23666666666666666,0.7588648200035095,0.20011596381664276
pure_top_p,1.5,0.6,0,45,25,300,0.1640087068080902,0.02,0.8359913229942322,0.05140608921647072
pure_top_p,1.5,0.6,0,46,25,300,0.0,1.0,1.0,0.0
pure_top_p,1.5,0.6,0,47,25,300,0.19405977427959442,0.02666666666666667,0.8059402704238892,0.0820368155837059
pure_top_p,1.5,0.6,0,48,25,300,9.298324243900424e-08,1.0,1.0,1.0061536670491478e-07
pure_top_p,1.5,0.6,0,49,25,300,0.0,1.0,1.0,0.0
pure_top_p,1.5,0.8,0,0,25,300,0.2109672874212265,0.043333333333333335,0.7890326976776123,0.10685276985168457
pure_top_p,1.5,0.8,0,1,25,300,0.24577011168003082,0.05333333333333334,0.7542299032211304,0.14624395966529846
pure_top_p,1.5,0.8,0,2,25,300,0.4351770579814911,0.0,0.5648229718208313,0.11221746355295181
pure_top_p,1.5,0.8,0,3,25,300,0.28264811635017395,0.08,0.7173519134521484,0.15332642197608948
pure_top_p,1.5,0.8,0,4,25,300,0.10871870815753937,0.5466666666666666,0.8912813067436218,0.11958631128072739
pure_top_p,1.5,0.8,0,5,25,300,0.0553600937128067,0.8433333333333334,0.9446399807929993,0.1332317590713501
pure_top_p,1.5,0.8,0,6,25,300,0.38193976879119873,0.02,0.6180601716041565,0.13196399807929993
pure_top_p,1.5,0.8,0,7,25,300,0.1358894407749176,0.013333333333333334,0.86411052942276,0.051548346877098083
pure_top_p,1.5,0.8,0,8,25,300,0.20564799010753632,0.57,0.7943519949913025,0.2454005628824234
pure_top_p,1.5,0.8,0,9,25,300,0.04002431780099869,0.62,0.9599756002426147,0.05120979622006416
pure_top_p,1.5,0.8,0,10,25,300,0.13757501542568207,0.25666666666666665,0.862424910068512,0.09059891849756241
pure_top_p,1.5,0.8,0,11,25,300,0.25345638394355774,0.5,0.7465437054634094,0.2492559850215912
pure_top_p,1.5,0.8,0,12,25,300,0.24565358459949493,0.0,0.7543464303016663,0.09756425768136978
pure_top_p,1.5,0.8,0,13,25,300,0.19441840052604675,0.06333333333333334,0.8055816292762756,0.09004974365234375
pure_top_p,1.5,0.8,0,14,25,300,0.03510904684662819,0.6666666666666666,0.9648909568786621,0.04973464459180832
pure_top_p,1.5,0.8,0,15,25,300,0.1449989229440689,0.2633333333333333,0.8550010919570923,0.09256649762392044
pure_top_p,1.5,0.8,0,16,25,300,0.1808975785970688,0.51,0.8191023468971252,0.1914137601852417
pure_top_p,1.5,0.8,0,17,25,300,0.10388436913490295,0.13333333333333333,0.8961156010627747,0.04945356026291847
pure_top_p,1.5,0.8,0,18,25,300,0.338270902633667,0.0,0.661729097366333,0.09990759193897247
pure_top_p,1.5,0.8,0,19,25,300,0.1890513151884079,0.4266666666666667,0.8109486699104309,0.21391694247722626
pure_top_p,1.5,0.8,0,20,25,300,0.13752685487270355,0.006666666666666667,0.8624731302261353,0.04118187353014946
pure_top_p,1.5,0.8,0,21,25,300,0.2183072417974472,0.006666666666666667,0.7816928029060364,0.0807647779583931
pure_top_p,1.5,0.8,0,22,25,300,0.1956944316625595,0.0033333333333333335,0.8043054938316345,0.05811164900660515
pure_top_p,1.5,0.8,0,23,25,300,0.45630162954330444,0.0,0.5436984300613403,0.09074234962463379
pure_top_p,1.5,0.8,0,24,25,300,0.42331618070602417,0.0033333333333333335,0.5766838192939758,0.14843058586120605
pure_top_p,1.5,0.8,0,25,25,300,0.2161906361579895,0.006666666666666667,0.7838094234466553,0.08512409031391144
pure_top_p,1.5,0.8,0,26,25,300,0.08936602622270584,0.37333333333333335,0.9106339812278748,0.05487196147441864
pure_top_p,1.5,0.8,0,27,25,300,0.3237265646457672,0.0033333333333333335,0.6762734651565552,0.12889312207698822
pure_top_p,1.5,0.8,0,28,25,300,0.3778320252895355,0.0033333333333333335,0.6221679449081421,0.11122193187475204
pure_top_p,1.5,0.8,0,29,25,300,0.32018014788627625,0.0,0.6798198223114014,0.12103681266307831
pure_top_p,1.5,0.8,0,30,25,300,0.34930166602134705,0.0,0.6506983637809753,0.07344664633274078
pure_top_p,1.5,0.8,0,31,25,300,0.045504625886678696,0.8466666666666667,0.9544954299926758,0.10710712522268295
pure_top_p,1.5,0.8,0,32,25,300,0.23517543077468872,0.0033333333333333335,0.7648245692253113,0.08310548961162567
pure_top_p,1.5,0.8,0,33,25,300,0.19840937852859497,0.03333333333333333,0.8015905618667603,0.0718974620103836
pure_top_p,1.5,0.8,0,34,25,300,0.35962173342704773,0.14,0.6403782367706299,0.16988921165466309
pure_top_p,1.5,0.8,0,35,25,300,0.05496753752231598,0.42,0.94503253698349,0.03695214167237282
pure_top_p,1.5,0.8,0,36,25,300,0.061305057257413864,0.36,0.938694953918457,0.032555218786001205
pure_top_p,1.5,0.8,0,37,25,300,0.05014977976679802,0.58,0.9498502612113953,0.06514862924814224
pure_top_p,1.5,0.8,0,38,25,300,0.22882695496082306,0.07666666666666666,0.7711730599403381,0.09706967324018478
pure_top_p,1.5,0.8,0,39,25,300,0.19020523130893707,0.07,0.8097947835922241,0.0820896178483963
pure_top_p,1.5,0.8,0,40,25,300,0.28100016713142395,0.0,0.7189998626708984,0.09044145047664642
pure_top_p,1.5,0.8,0,41,25,300,0.17508329451084137,0.2733333333333333,0.824916660785675,0.14737968146800995
pure_top_p,1.5,0.8,0,42,25,300,0.03604559600353241,0.92,0.9639544486999512,0.12244066596031189
pure_top_p,1.5,0.8,0,43,25,300,0.2067389190196991,0.12333333333333334,0.7932611107826233,0.11725273728370667
pure_top_p,1.5,0.8,0,44,25,300,0.16782709956169128,0.52,0.8321729302406311,0.2060471773147583
pure_top_p,1.5,0.8,0,45,25,300,0.16903218626976013,0.0033333333333333335,0.8309678435325623,0.056066710501909256
pure_top_p,1.5,0.8,0,46,25,300,0.020966557785868645,0.98,0.9790334105491638,0.015206175856292248
pure_top_p,1.5,0.8,0,47,25,300,0.23600491881370544,0.0033333333333333335,0.7639951705932617,0.08752710372209549
pure_top_p,1.5,0.8,0,48,25,300,0.1318991631269455,0.2866666666666667,0.8681007623672485,0.10535897314548492
pure_top_p,1.5,0.8,0,49,25,300,0.054770126938819885,0.48,0.9452298879623413,0.05270935595035553
pure_top_p,1.5,0.9,0,0,25,300,0.23122772574424744,0.016666666666666666,0.768772304058075,0.10326387733221054
pure_top_p,1.5,0.9,0,1,25,300,0.33642518520355225,0.0033333333333333335,0.663574755191803,0.14717219769954681
pure_top_p,1.5,0.9,0,2,25,300,0.4352234899997711,0.0,0.5647764801979065,0.08820623904466629
pure_top_p,1.5,0.9,0,3,25,300,0.3150388300418854,0.013333333333333334,0.6849611401557922,0.119594044983387
pure_top_p,1.5,0.9,0,4,25,300,0.13047510385513306,0.44333333333333336,0.8695249557495117,0.12182603776454926
pure_top_p,1.5,0.9,0,5,25,300,0.08247819542884827,0.7,0.9175217747688293,0.14062921702861786
pure_top_p,1.5,0.9,0,6,25,300,0.4104422330856323,0.013333333333333334,0.5895578265190125,0.11949030309915543
pure_top_p,1.5,0.9,0,7,25,300,0.2183794379234314,0.01,0.7816205620765686,0.09902667999267578
pure_top_p,1.5,0.9,0,8,25,300,0.2670501470565796,0.35,0.7329498529434204,0.21034662425518036
pure_top_p,1.5,0.9,0,9,25,300,0.03510906174778938,0.6666666666666666,0.9648909568786621,0.04973466321825981
pure_top_p,1.5,0.9,0,10,25,300,0.15650157630443573,0.14333333333333334,0.8434984087944031,0.08735368400812149
pure_top_p,1.5,0.9,0,11,25,300,0.26459643244743347,0.35333333333333333,0.7354035973548889,0.23877480626106262
pure_top_p,1.5,0.9,0,12,25,300,0.23853693902492523,0.0,0.7614629864692688,0.06579231470823288
pure_top_p,1.5,0.9,0,13,25,300,0.19426044821739197,0.10333333333333333,0.8057395219802856,0.08399716019630432
pure_top_p,1.5,0.9,0,14,25,300,0.035109054297208786,0.6666666666666666,0.9648909568786621,0.04973465949296951
pure_top_p,1.5,0.9,0,15,25,300,0.19736027717590332,0.07333333333333333,0.8026397824287415,0.07803574204444885
pure_top_p,1.5,0.9,0,16,25,300,0.1328832060098648,0.5366666666666666,0.8671168088912964,0.15935538709163666
pure_top_p,1.5,0.9,0,17,25,300,0.13864028453826904,0.07,0.8613597750663757,0.08432277292013168
pure_top_p,1.5,0.9,0,18,25,300,0.37139418721199036,0.0,0.6286057829856873,0.09722321480512619
pure_top_p,1.5,0.9,0,19,25,300,0.25803181529045105,0.29333333333333333,0.7419681549072266,0.21178773045539856
pure_top_p,1.5,0.9,0,20,25,300,0.1664954274892807,0.006666666666666667,0.8335045576095581,0.05244585499167442
pure_top_p,1.5,0.9,0,21,25,300,0.22916041314601898,0.006666666666666667,0.7708396315574646,0.09958940744400024
pure_top_p,1.5,0.9,0,22,25,300,0.1827610731124878,0.03333333333333333,0.8172389268875122,0.07140412926673889
pure_top_p,1.5,0.9,0,23,25,300,0.44117939472198486,0.0,0.5588206052780151,0.09116493910551071
pure_top_p,1.5,0.9,0,24,25,300,0.4034059941768646,0.0,0.5965940356254578,0.11017023772001266
pure_top_p,1.5,0.9,0,25,25,300,0.19416926801204681,0.02666666666666667,0.805830717086792,0.07882454991340637
pure_top_p,1.5,0.9,0,26,25,300,0.09950251132249832,0.23333333333333334,0.9004974365234375,0.07027342915534973
pure_top_p,1.5,0.9,0,27,25,300,0.33410948514938354,0.02,0.6658905148506165,0.12725715339183807
pure_top_p,1.5,0.9,0,28,25,300,0.3742655813694,0.0,0.6257344484329224,0.0770854651927948
pure_top_p,1.5,0.9,0,29,25,300,0.3415542244911194,0.0033333333333333335,0.6584457159042358,0.12978817522525787
pure_top_p,1.5,0.9,0,30,25,300,0.36607885360717773,0.0,0.633921205997467,0.0703793615102768
pure_top_p,1.5,0.9,0,31,25,300,0.09988019615411758,0.7033333333333334,0.9001198410987854,0.15545491874217987
pure_top_p,1.5,0.9,0,32,25,300,0.2844817042350769,0.0,0.7155182361602783,0.08179029822349548
pure_top_p,1.5,0.9,0,33,25,300,0.22986264526844025,0.02,0.7701373100280762,0.08557408303022385
pure_top_p,1.5,0.9,0,34,25,300,0.38136953115463257,0.14333333333333334,0.6186304688453674,0.19328629970550537
pure_top_p,1.5,0.9,0,35,25,300,0.057990480214357376,0.39666666666666667,0.9420095682144165,0.0386059433221817
pure_top_p,1.5,0.9,0,36,25,300,0.07093387842178345,0.23,0.9290661811828613,0.03556341677904129
pure_top_p,1.5,0.9,0,37,25,300,0.15073484182357788,0.3433333333333333,0.8492651581764221,0.16472122073173523
pure_top_p,1.5,0.9,0,38,25,300,0.22239923477172852,0.08,0.7776008248329163,0.09739557653665543
pure_top_p,1.5,0.9,0,39,25,300,0.18525096774101257,0.04666666666666667,0.8147490620613098,0.07887263596057892
pure_top_p,1.5,0.9,0,40,25,300,0.2771317958831787,0.0,0.7228682041168213,0.07943753153085709
pure_top_p,1.5,0.9,0,41,25,300,0.21084216237068176,0.21333333333333335,0.7891578078269958,0.1643339842557907
pure_top_p,1.5,0.9,0,42,25,300,0.1371905505657196,0.6333333333333333,0.862809419631958,0.20378375053405762
pure_top_p,1.5,0.9,0,43,25,300,0.2735591530799866,0.02666666666666667,0.7264408469200134,0.12269996851682663
pure_top_p,1.5,0.9,0,44,25,300,0.26187941431999207,0.23666666666666666,0.7381206154823303,0.21383808553218842
pure_top_p,1.5,0.9,0,45,25,300,0.19949376583099365,0.0033333333333333335,0.8005061745643616,0.06273746490478516
pure_top_p,1.5,0.9,0,46,25,300,0.04684293642640114,0.75,0.9531570672988892,0.04439873993396759
pure_top_p,1.5,0.9,0,47,25,300,0.2487393170595169,0.0,0.7512606978416443,0.07523701339960098
pure_top_p,1.5,0.9,0,48,25,300,0.15227946639060974,0.18,0.8477205634117126,0.10093603283166885
pure_top_p,1.5,0.9,0,49,25,300,0.1265927404165268,0.39666666666666667,0.8734073042869568,0.12867508828639984
pure_top_p,1.5,0.95,0,0,25,300,0.24285413324832916,0.0033333333333333335,0.757145881652832,0.09021583199501038
pure_top_p,1.5,0.95,0,1,25,300,0.3332321345806122,0.013333333333333334,0.6667678952217102,0.16182443499565125
pure_top_p,1.5,0.95,0,2,25,300,0.4529086947441101,0.0033333333333333335,0.5470913052558899,0.0844888836145401
pure_top_p,1.5,0.95,0,3,25,300,0.32515406608581543,0.03666666666666667,0.6748458743095398,0.14675255119800568
pure_top_p,1.5,0.95,0,4,25,300,0.19798724353313446,0.2966666666666667,0.8020128011703491,0.1573083996772766
pure_top_p,1.5,0.95,0,5,25,300,0.09648050367832184,0.7033333333333334,0.9035195112228394,0.16253173351287842
pure_top_p,1.5,0.95,0,6,25,300,0.44818562269210815,0.0,0.5518143773078918,0.10735602676868439
pure_top_p,1.5,0.95,0,7,25,300,0.16627134382724762,0.006666666666666667,0.8337286114692688,0.09221834689378738
pure_top_p,1.5,0.95,0,8,25,300,0.27607470750808716,0.22,0.7239252924919128,0.1750013828277588
pure_top_p,1.5,0.95,0,9,25,300,0.03510905057191849,0.6666666666666666,0.9648909568786621,0.04973465949296951
pure_top_p,1.5,0.95,0,10,25,300,0.2015988677740097,0.15,0.7984011173248291,0.18422666192054749
pure_top_p,1.5,0.95,0,11,25,300,0.27973252534866333,0.36666666666666664,0.7202674150466919,0.2361174076795578
pure_top_p,1.5,0.95,0,12,25,300,0.2821108102798462,0.0,0.7178891897201538,0.09824331849813461
pure_top_p,1.5,0.95,0,13,25,300,0.22606465220451355,0.02,0.7739353179931641,0.09092289209365845
pure_top_p,1.5,0.95,0,14,25,300,0.05266357585787773,0.5,0.9473364353179932,0.0527515709400177
pure_top_p,1.5,0.95,0,15,25,300,0.18137449026107788,0.06,0.8186255097389221,0.06920811533927917
pure_top_p,1.5,0.95,0,16,25,300,0.17030440270900726,0.3466666666666667,0.8296955227851868,0.14492928981781006
pure_top_p,1.5,0.95,0,17,25,300,0.19248677790164948,0.02,0.8075132369995117,0.08122247457504272
pure_top_p,1.5,0.95,0,18,25,300,0.363718181848526,0.0,0.6362818479537964,0.09063401818275452
pure_top_p,1.5,0.95,0,19,25,300,0.16908793151378632,0.4,0.8309120535850525,0.19620010256767273
pure_top_p,1.5,0.95,0,20,25,300,0.19324825704097748,0.0,0.8067517280578613,0.06355797499418259
pure_top_p,1.5,0.95,0,21,25,300,0.2731790542602539,0.0033333333333333335,0.7268210053443909,0.10098356008529663
pure_top_p,1.5,0.95,0,22,25,300,0.2548489570617676,0.013333333333333334,0.7451510429382324,0.1058058887720108
pure_top_p,1.5,0.95,0,23,25,300,0.4382455050945282,0.0,0.561754584312439,0.06443380564451218
pure_top_p,1.5,0.95,0,24,25,300,0.4516957700252533,0.0,0.5483042597770691,0.08875778317451477
pure_top_p,1.5,0.95,0,25,25,300,0.2791445553302765,0.0,0.7208554148674011,0.09427158534526825
pure_top_p,1.5,0.95,0,26,25,300,0.09711836278438568,0.2833333333333333,0.9028816819190979,0.04936479404568672
pure_top_p,1.5,0.95,0,27,25,300,0.38520756363868713,0.0,0.6147924661636353,0.10981424897909164
pure_top_p,1.5,0.95,0,28,25,300,0.39881631731987,0.0,0.6011836528778076,0.08929348737001419
pure_top_p,1.5,0.95,0,29,25,300,0.3359649181365967,0.0,0.6640350818634033,0.10695235431194305
pure_top_p,1.5,0.95,0,30,25,300,0.35062122344970703,0.0,0.6493788361549377,0.06718886643648148
pure_top_p,1.5,0.95,0,31,25,300,0.1423354148864746,0.5833333333333334,0.8576645851135254,0.17083528637886047
pure_top_p,1.5,0.95,0,32,25,300,0.3209088146686554,0.0,0.679091215133667,0.08560220897197723
pure_top_p,1.5,0.95,0,33,25,300,0.2129228562116623,0.006666666666666667,0.7870771288871765,0.05992354452610016
pure_top_p,1.5,0.95,0,34,25,300,0.39665865898132324,0.02666666666666667,0.6033413410186768,0.12576501071453094
pure_top_p,1.5,0.95,0,35,25,300,0.04939919710159302,0.5266666666666666,0.950600802898407,0.04167524725198746
pure_top_p,1.5,0.95,0,36,25,300,0.06756815314292908,0.23666666666666666,0.9324318170547485,0.028219766914844513
pure_top_p,1.5,0.95,0,37,25,300,0.22208218276500702,0.21666666666666667,0.7779178023338318,0.18992570042610168
pure_top_p,1.5,0.95,0,38,25,300,0.25722986459732056,0.05,0.7427701354026794,0.09212261438369751
pure_top_p,1.5,0.95,0,39,25,300,0.1844773143529892,0.043333333333333335,0.8155226707458496,0.08104646950960159
pure_top_p,1.5,0.95,0,40,25,300,0.26988932490348816,0.0033333333333333335,0.7301107048988342,0.07797393947839737
pure_top_p,1.5,0.95,0,41,25,300,0.27972161769866943,0.09,0.7202784419059753,0.14738509058952332
pure_top_p,1.5,0.95,0,42,25,300,0.2291269451379776,0.4033333333333333,0.7708730101585388,0.21246206760406494
pure_top_p,1.5,0.95,0,43,25,300,0.23703409731388092,0.08,0.7629659175872803,0.11536357551813126
pure_top_p,1.5,0.95,0,44,25,300,0.14498776197433472,0.43333333333333335,0.8550121784210205,0.17893852293491364
pure_top_p,1.5,0.95,0,45,25,300,0.20655471086502075,0.0,0.7934452295303345,0.05579113960266113
pure_top_p,1.5,0.95,0,46,25,300,0.09214289486408234,0.34,0.9078571796417236,0.06370396167039871
pure_top_p,1.5,0.95,0,47,25,300,0.27078571915626526,0.0,0.7292142510414124,0.08029741793870926
pure_top_p,1.5,0.95,0,48,25,300,0.19502204656600952,0.18666666666666668,0.8049779534339905,0.12080033868551254
pure_top_p,1.5,0.95,0,49,25,300,0.11037208884954453,0.4533333333333333,0.8896278738975525,0.13704629242420197
