decoding_mode,temperature,top_p,top_k,prompt_id,correctness,strict_accuracy,informativeness,within_answer_distinct_1,within_answer_distinct_2,trigram_repetition_rate,model_generation_latency_seconds,tokens_per_second,word_length,stopped_early_on_eos,unique_answer_rate,pairwise_token_jaccard_distance,corpus_distinct_1,corpus_distinct_2,n_answers,n_pairs,semantic_cosine_distance,semantic_near_duplicate_rate,semantic_similarity_mean,semantic_similarity_sd
pure_top_k,0.1,1.0,10,0,1.0,1.0,0.5,1.0,1.0,0.0,0.4271189161576331,42.17000476898437,14.0,1.0,0.04,0.0,0.04,0.04,25,300,0.0,1.0,1.0,0.0
pure_top_k,0.1,1.0,10,1,0.0,0.0,0.25,1.0,1.0,0.0,0.1827193991374223,43.78307738051853,6.0,1.0,0.08,0.1511111111111111,0.04,0.048,25,300,0.00666113430634141,1.0,0.993338942527771,0.00732699129730463
pure_top_k,0.1,1.0,10,2,0.5,0.0,0.27,1.0,1.0,0.0,0.2767117766477167,43.3705454252866,9.0,1.0,0.08,0.1533333333333333,0.08,0.08,25,300,0.03474663943052292,0.8466666666666667,0.9652534127235413,0.08178535848855972
pure_top_k,0.1,1.0,10,3,0.0,0.0,0.25,1.0,1.0,0.0,0.1830904645565897,43.69605188797075,6.0,1.0,0.08,0.1466666666666666,0.0466666666666666,0.056,25,300,0.0023272510152310133,1.0,0.9976727366447449,0.0022697518579661846
pure_top_k,0.1,1.0,10,4,0.0,0.0,0.25,1.0,1.0,0.0,0.0912487542256712,43.83627813564737,2.0,1.0,0.04,0.0,0.04,0.04,25,300,9.536743306171047e-08,1.0,1.0,1.1699592761260647e-07
pure_top_k,0.1,1.0,10,5,0.0,0.0,0.0,1.0,1.0,0.0,0.068683383418247,43.67885308281588,2.0,1.0,0.04,0.0,0.04,0.04,25,300,1.9073486612342094e-07,1.0,0.9999998211860657,1.3562194567384722e-07
pure_top_k,0.1,1.0,10,6,0.76,0.68,0.68,0.9486226720647774,1.0,0.0,0.7086871084291488,43.61596469656852,26.88,0.88,0.24,0.2518092385506926,0.0941704035874439,0.1304347826086956,25,300,0.06739339232444763,0.6466666666666666,0.9326066374778748,0.08934400230646133
pure_top_k,0.1,1.0,10,7,0.0,0.0,0.44,0.9710516934046346,1.0,0.0,0.5241865835804492,43.73651058410087,15.56,1.0,0.24,0.5014783829696873,0.107981220657277,0.1770573566084788,25,300,0.04774513095617294,0.5166666666666667,0.9522548317909241,0.029611891135573387
pure_top_k,0.1,1.0,10,8,0.0,0.0,0.0,1.0,0.0,0.0,0.045765493037179,43.70945871684772,1.0,1.0,0.04,0.0,0.04,,25,300,3.099441414633475e-08,1.0,1.0,5.970423444523476e-08
pure_top_k,0.1,1.0,10,9,0.0,0.0,0.0,1.0,0.0,0.0,0.0683075028844177,43.919230458535104,1.0,1.0,0.04,0.0,0.04,,25,300,0.0,1.0,1.0,0.0
pure_top_k,0.1,1.0,10,10,1.0,1.0,0.75,0.9615384615384616,1.0,0.0,0.7130770699214191,43.48524074766578,26.0,1.0,0.04,0.0,0.0384615384615384,0.04,25,300,0.0,1.0,1.0,0.0
pure_top_k,0.1,1.0,10,11,0.0,0.0,0.29,0.9965217391304348,0.08,0.0,0.1207779582869261,43.67756541689888,2.76,1.0,0.08,0.1469444444444445,0.3287671232876712,0.5,25,300,0.07999646663665771,0.8466666666666667,0.9200034737586975,0.18829263746738434
pure_top_k,0.1,1.0,10,12,0.5,0.0,0.5,1.0,1.0,0.0,0.4110869939811528,43.78695481251525,13.0,1.0,0.04,0.0,0.04,0.04,25,300,2.384185791015625e-07,1.0,0.9999998211860657,1.7262681240026723e-07
pure_top_k,0.1,1.0,10,13,0.46,0.0,0.25,1.0,1.0,0.0,0.1602121686283498,42.911413669249214,4.88,1.0,0.08,0.1124444444444444,0.1229508196721311,0.1443298969072164,25,300,0.019278375431895256,0.8466666666666667,0.980721652507782,0.04537655785679817
pure_top_k,0.1,1.0,10,14,0.5,0.0,0.0,1.0,0.0,0.0,0.068341920915991,43.897038160998726,1.0,1.0,0.04,0.0,0.04,,25,300,0.0,1.0,1.0,0.0
pure_top_k,0.1,1.0,10,15,1.0,1.0,0.25,1.0,1.0,0.0,0.1828477751929312,43.75471785797165,6.0,1.0,0.04,0.0,0.04,0.04,25,300,2.3841858265427618e-08,1.0,1.0,8.443453936024525e-08
pure_top_k,0.1,1.0,10,16,0.0,0.0,0.25,1.0,1.0,0.0,0.391522707613185,43.43343724754219,8.0,1.0,0.04,0.0,0.04,0.04,25,300,1.0490417423625331e-07,1.0,1.0,1.3925300379469263e-07
pure_top_k,0.1,1.0,10,17,0.0,0.0,0.25,1.0,1.0,0.0,0.5032871346082538,43.71405653999666,18.0,1.0,0.04,0.0,0.0377777777777777,0.04,25,300,4.2915345943583816e-08,1.0,1.0,5.066072361614715e-08
pure_top_k,0.1,1.0,10,18,1.0,1.0,0.75,0.8251707317073169,1.0,0.0,1.097393577070907,43.74084783363314,40.04,0.0,0.08,0.0068571428571428,0.0349650349650349,0.0420081967213114,25,300,0.0009802099084481597,1.0,0.9990198016166687,0.00332960719242692
pure_top_k,0.1,1.0,10,19,1.0,1.0,0.25,1.0,0.0,0.0,0.0456498773954808,43.815115730321395,1.0,1.0,0.04,0.0,0.04,,25,300,0.0,1.0,1.0,0.0
pure_top_k,0.1,1.0,10,20,0.5,0.0,0.5,1.0,1.0,0.0,0.301388351758942,43.15269007317037,11.0,1.0,0.08,0.125,0.0436363636363636,0.056,25,300,0.011039434932172298,1.0,0.9889605641365051,0.011057860217988491
pure_top_k,0.1,1.0,10,21,0.02,0.0,0.31,0.9865587044534414,1.0,0.0,0.5287164296209812,43.659784155979395,14.08,1.0,0.2,0.1746296754538442,0.0681818181818181,0.1131498470948012,25,300,0.026316750794649124,0.6566666666666666,0.9736832976341248,0.03943232446908951
pure_top_k,0.1,1.0,10,22,0.42,0.0,0.25,0.8899550054625955,0.9913636363636362,0.0,1.163397471923381,41.15902624792457,32.2,0.12,0.36,0.3318903134013157,0.0770186335403726,0.1153846153846153,25,300,0.06942937523126602,0.37,0.930570662021637,0.05195077136158943
pure_top_k,0.1,1.0,10,23,0.5,0.0,0.25,1.0,1.0,0.0,0.1600815031956881,43.73168691015372,3.0,1.0,0.04,0.0,0.04,0.04,25,300,0.0,1.0,1.0,0.0
pure_top_k,0.1,1.0,10,24,0.0,0.0,0.41,0.8887580437580438,1.0,0.0,0.9959009568206966,39.53282662787328,28.44,0.76,0.32,0.447308860474172,0.087667161961367,0.125,25,300,0.10001454502344131,0.4033333333333333,0.8999854326248169,0.07974736392498016
pure_top_k,0.1,1.0,10,25,1.0,1.0,0.75,1.0,1.0,0.0,0.2291631743498146,39.31246942152648,5.0,1.0,0.04,0.0,0.04,0.04,25,300,0.0,1.0,1.0,0.0
pure_top_k,0.1,1.0,10,26,1.0,1.0,0.87,0.8884010582010582,0.9812095875139356,0.0,1.1948407272528856,39.94714758078358,27.28,0.08,0.24,0.2327474662457036,0.0475609756097561,0.0641509433962264,25,300,0.010491804219782352,1.0,0.9895082712173462,0.00897806603461504
pure_top_k,0.1,1.0,10,27,0.0,0.0,0.25,1.0,1.0,0.0,0.2043086339905857,39.16480377222659,5.0,1.0,0.04,0.0,0.04,0.04,25,300,0.0,1.0,1.0,0.0
pure_top_k,0.1,1.0,10,28,0.0,0.0,0.25,0.8918020541549952,1.0,0.0,0.977607119306922,39.14322399378856,17.64,1.0,0.12,0.0712631578947368,0.0448343079922027,0.0573770491803278,25,300,0.017493728548288345,0.92,0.9825063347816467,0.04359196871519089
pure_top_k,0.1,1.0,10,29,0.48,0.0,0.26,0.9713964818708652,1.0,0.0,1.2315443288441748,39.00167598281483,36.52,0.0,0.16,0.1362799957178417,0.0678336980306345,0.0922384701912261,25,300,0.03818628937005997,0.7733333333333333,0.961813747882843,0.08023731410503387
pure_top_k,0.1,1.0,10,30,0.0,0.0,0.25,1.0,1.0,0.0,0.3384200905077159,38.522207230722614,7.0,1.0,0.04,0.0,0.04,0.04,25,300,1.6212463549436507e-07,1.0,0.9999998807907104,1.1453258252913656e-07
pure_top_k,0.1,1.0,10,31,0.0,0.0,0.0,1.0,0.0,0.0,0.0517823316995054,38.70191580640849,1.0,1.0,0.04,0.0,0.04,,25,300,1.4305114426349519e-08,1.0,1.0,5.066072361614715e-08
pure_top_k,0.1,1.0,10,32,0.0,0.0,0.51,0.9914285714285714,1.0,0.0,0.5104943542554975,38.61598796087213,10.32,1.0,0.16,0.0943541083099906,0.0813953488372093,0.111587982832618,25,300,0.008374787867069244,0.9166666666666666,0.991625189781189,0.01794297620654106
pure_top_k,0.1,1.0,10,33,0.5,0.0,0.75,1.0,1.0,0.0,0.3959083443135023,38.143936099835344,8.0,1.0,0.04,0.0,0.04,0.04,25,300,0.0,1.0,1.0,0.0
pure_top_k,0.1,1.0,10,34,0.08,0.08,0.31,1.0,0.08,0.0,0.1151997504942118,38.22059469197688,1.48,1.0,0.08,0.1533333333333333,0.2162162162162162,0.5,25,300,0.06391610950231552,0.8466666666666667,0.9360838532447815,0.15044346451759338
pure_top_k,0.1,1.0,10,35,1.0,1.0,0.25,1.0,1.0,0.0,0.4650969407148659,38.75021388622119,11.0,1.0,0.04,0.0,0.04,0.04,25,300,9.536743306171047e-08,1.0,1.0,1.1699592761260647e-07
pure_top_k,0.1,1.0,10,36,1.0,1.0,0.25,1.0,1.0,0.0,0.3597207793872803,38.97467186756232,12.0,1.0,0.04,0.0,0.04,0.04,25,300,0.0,1.0,1.0,0.0
pure_top_k,0.1,1.0,10,37,0.5,0.0,0.0,1.0,1.0,0.0,0.3343465069402009,38.92882440280626,11.0,1.0,0.04,0.0,0.04,0.04,25,300,1.668930060816365e-08,1.0,1.0,3.1592509941447133e-08
pure_top_k,0.1,1.0,10,38,0.5,0.0,0.5,1.0,1.0,0.0,0.4104704036656767,39.00780109668193,14.0,1.0,0.04,0.0,0.04,0.04,25,300,2.1457672971791908e-08,1.0,1.0,3.582254137768359e-08
pure_top_k,0.1,1.0,10,39,1.0,1.0,0.25,1.0,1.0,0.0,0.2865963421855121,38.40903641101965,8.0,1.0,0.04,0.0,0.04,0.04,25,300,4.7683716530855236e-08,1.0,1.0,5.849796380630323e-08
pure_top_k,0.1,1.0,10,40,0.52,0.04,0.27,0.9344615384615385,1.0,0.0,0.4433202049601823,39.5240552388512,15.44,1.0,0.08,0.04,0.0673575129533678,0.0720221606648199,25,300,0.012293276377022266,0.92,0.98770672082901,0.041758179664611816
pure_top_k,0.1,1.0,10,41,1.0,1.0,0.25,1.0,0.0,0.0,0.0766436513420194,39.19454363298239,1.0,1.0,0.04,0.0,0.04,,25,300,8.583069188716763e-08,1.0,1.0,1.013214472322943e-07
pure_top_k,0.1,1.0,10,42,0.0,0.0,0.0,1.0,1.0,0.0,0.1045168843865394,38.39904350448669,2.0,1.0,0.04,0.0,0.04,0.04,25,300,3.814697180359872e-08,1.0,1.0,4.776338613510234e-08
pure_top_k,0.1,1.0,10,43,0.9,0.8,0.6,1.0,0.8,0.0,0.3829445391427725,38.71772050728,7.4,1.0,0.08,0.2962962962962963,0.0486486486486486,0.05,25,300,0.10259144753217697,0.6666666666666666,0.897408664226532,0.1453283727169037
pure_top_k,0.1,1.0,10,44,1.0,1.0,0.25,1.0,0.0,0.0,0.0545724616944789,39.59972733346798,1.0,1.0,0.08,0.0,0.04,,25,300,0.029491612687706947,0.72,0.9705083966255188,0.047370802611112595
pure_top_k,0.1,1.0,10,45,0.16,0.08,0.33,0.9395341228031596,1.0,0.0,0.8459750112704932,38.79944456858327,25.88,0.96,0.36,0.349419117115028,0.1225710014947683,0.2065217391304347,25,300,0.08009746670722961,0.5766666666666667,0.9199025630950928,0.09329419583082199
pure_top_k,0.1,1.0,10,46,1.0,1.0,0.75,1.0,1.0,0.0,0.409488570401445,39.126636790569215,14.0,1.0,0.04,0.0,0.04,0.04,25,300,0.0,1.0,1.0,0.0
pure_top_k,0.1,1.0,10,47,0.84,0.76,0.69,0.954847910111068,1.0,0.0,0.9203773404471576,38.154648045808365,28.92,1.0,0.32,0.4404732363889728,0.081267217630854,0.1241084165477888,25,300,0.08339615166187286,0.25,0.9166038036346436,0.054453205317258835
pure_top_k,0.1,1.0,10,48,0.5,0.0,0.0,1.0,1.0,0.0,0.1445993017964064,35.76857104551595,2.0,1.0,0.04,0.0,0.04,0.04,25,300,9.298324243900424e-08,1.0,1.0,1.0061536670491478e-07
pure_top_k,0.1,1.0,10,49,0.0,0.0,0.0,1.0,0.0,0.0,0.0770526013243943,38.97485897815603,1.0,1.0,0.04,0.0,0.04,,25,300,0.0,1.0,1.0,0.0
pure_top_k,0.1,1.0,15,0,1.0,1.0,0.5,1.0,1.0,0.0,0.4125757161621004,43.63778512659419,14.0,1.0,0.04,0.0,0.04,0.04,25,300,0.0,1.0,1.0,0.0
pure_top_k,0.1,1.0,15,1,0.0,0.0,0.25,1.0,1.0,0.0,0.1866688118781893,42.856816002711966,6.0,1.0,0.08,0.14,0.04,0.048,25,300,0.0061713471077382565,1.0,0.9938287138938904,0.00726430956274271
pure_top_k,0.1,1.0,15,2,0.5,0.0,0.28,1.0,1.0,0.0,0.2750788701698184,43.625147584674295,9.0,1.0,0.08,0.22,0.08,0.08,25,300,0.049853868782520294,0.78,0.9501461982727051,0.0940285474061966
pure_top_k,0.1,1.0,15,3,0.0,0.0,0.25,1.0,1.0,0.0,0.1829646587278693,43.72441060244104,6.0,1.0,0.08,0.1199999999999999,0.0466666666666666,0.056,25,300,0.0019041072810068727,1.0,0.9980959296226501,0.002241317881271243
pure_top_k,0.1,1.0,15,4,0.0,0.0,0.25,1.0,1.0,0.0,0.0912464728672057,43.837450569340355,2.0,1.0,0.04,0.0,0.04,0.04,25,300,9.536743306171047e-08,1.0,1.0,1.1699592761260647e-07
pure_top_k,0.1,1.0,15,5,0.0,0.0,0.0,1.0,1.0,0.0,0.0685552678164094,43.76046249298136,2.0,1.0,0.04,0.0,0.04,0.04,25,300,1.9073486612342094e-07,1.0,0.9999998211860657,1.3562194567384722e-07
pure_top_k,0.1,1.0,15,6,0.76,0.68,0.67,0.9394701754385966,1.0,0.0,0.7035000195726753,43.71984582847531,26.92,0.96,0.2,0.2358632972935933,0.0892857142857142,0.1282843894899536,25,300,0.0643208771944046,0.6533333333333333,0.9356791377067566,0.08634290099143982
pure_top_k,0.1,1.0,15,7,0.02,0.0,0.42,0.9618513878278584,1.0,0.0,0.5436881390400231,42.998050261414136,15.88,1.0,0.36,0.496060964323454,0.107981220657277,0.1895261845386533,25,300,0.049358662217855453,0.43666666666666665,0.9506414532661438,0.03555532917380333
pure_top_k,0.1,1.0,15,8,0.0,0.0,0.0,1.0,0.0,0.0,0.0457573904003947,43.71450888734839,1.0,1.0,0.04,0.0,0.04,,25,300,3.099441414633475e-08,1.0,1.0,5.970423444523476e-08
pure_top_k,0.1,1.0,15,9,0.0,0.0,0.0,1.0,0.0,0.0,0.0685056372825055,43.793516887508105,1.0,1.0,0.04,0.0,0.04,,25,300,0.0,1.0,1.0,0.0
pure_top_k,0.1,1.0,15,10,1.0,1.0,0.75,0.9615384615384616,1.0,0.0,0.7082047170680016,43.774872428983045,26.0,1.0,0.04,0.0,0.0384615384615384,0.04,25,300,0.0,1.0,1.0,0.0
pure_top_k,0.1,1.0,15,11,0.0,0.0,0.31,0.9947826086956522,0.12,0.0,0.14773192608729,43.54352149510783,3.64,1.0,0.08,0.2108333333333333,0.2474226804123711,0.3333333333333333,25,300,0.11476389318704605,0.78,0.8852360844612122,0.2164541780948639
pure_top_k,0.1,1.0,15,12,0.48,0.0,0.49,1.0,1.0,0.0,0.4077813314087689,43.84752450814399,12.88,1.0,0.08,0.0577777777777777,0.0559006211180124,0.0606060606060606,25,300,0.012510486878454685,0.92,0.9874895215034485,0.042495205998420715
pure_top_k,0.1,1.0,15,13,0.48,0.0,0.25,1.0,1.0,0.0,0.1500818355754017,42.89204449299816,4.44,1.0,0.08,0.0586666666666666,0.1351351351351351,0.1627906976744186,25,300,0.010058320127427578,0.92,0.9899417161941528,0.03416614234447479
pure_top_k,0.1,1.0,15,14,0.5,0.0,0.0,1.0,0.0,0.0,0.0691718826256692,43.38413828251468,1.0,1.0,0.04,0.0,0.04,,25,300,0.0,1.0,1.0,0.0
pure_top_k,0.1,1.0,15,15,1.0,1.0,0.25,1.0,1.0,0.0,0.1846675807237624,43.34035039395095,6.0,1.0,0.04,0.0,0.04,0.04,25,300,2.3841858265427618e-08,1.0,1.0,8.443453936024525e-08
pure_top_k,0.1,1.0,15,16,0.0,0.0,0.25,1.0,1.0,0.0,0.3953414307255298,43.02383874897792,8.0,1.0,0.04,0.0,0.04,0.04,25,300,1.0490417423625331e-07,1.0,1.0,1.3925300379469263e-07
pure_top_k,0.1,1.0,15,17,0.0,0.0,0.25,1.0,1.0,0.0,0.5016699199005962,43.53897288880774,17.84,1.0,0.08,0.0090196078431372,0.0381165919282511,0.0403800475059382,25,300,0.00023458719078917056,1.0,0.9997653961181641,0.0005520624108612537
pure_top_k,0.1,1.0,15,18,1.0,1.0,0.75,0.8288048780487803,1.0,0.0,1.130559323420748,42.48496788269304,40.2,0.0,0.16,0.0480511225511225,0.0368159203980099,0.046938775510204,25,300,0.004980236757546663,1.0,0.9950197339057922,0.006509433966130018
pure_top_k,0.1,1.0,15,19,1.0,1.0,0.25,1.0,0.0,0.0,0.0455669682938605,43.891578853079885,1.0,1.0,0.04,0.0,0.04,,25,300,0.0,1.0,1.0,0.0
pure_top_k,0.1,1.0,15,20,0.5,0.0,0.5,1.0,1.0,0.0,0.2977498270198703,43.67016653538247,11.0,1.0,0.08,0.1133333333333333,0.0436363636363636,0.056,25,300,0.010009112767875195,1.0,0.9899908304214478,0.011009570211172104
pure_top_k,0.1,1.0,15,21,0.0,0.0,0.33,0.9942564102564104,1.0,0.0,0.5223828493151814,43.72540989898536,13.88,1.0,0.28,0.1418936434222812,0.063400576368876,0.1055900621118012,25,300,0.018597368150949478,0.8,0.981402575969696,0.02688208408653736
pure_top_k,0.1,1.0,15,22,0.42,0.0,0.25,0.8940670766978893,0.9950757575757576,0.0,1.0883931042067707,43.73466839655215,31.8,0.12,0.36,0.3334183023725764,0.0817610062893081,0.1246753246753246,25,300,0.07265613228082657,0.43,0.9273438453674316,0.06222514063119888
pure_top_k,0.1,1.0,15,23,0.5,0.0,0.25,1.0,1.0,0.0,0.1610537630319595,43.47704613653264,3.0,1.0,0.04,0.0,0.04,0.04,25,300,0.0,1.0,1.0,0.0
pure_top_k,0.1,1.0,15,24,0.0,0.0,0.37,0.911351327951328,1.0,0.0,0.9223278265539556,40.32912126659886,26.2,0.8,0.32,0.4969102931787385,0.0938511326860841,0.133220910623946,25,300,0.13919350504875183,0.30333333333333334,0.8608064651489258,0.0929010733962059
pure_top_k,0.1,1.0,15,25,1.0,1.0,0.75,1.0,1.0,0.0,0.2346328453999012,38.39772030405644,5.0,1.0,0.04,0.0,0.04,0.04,25,300,0.0,1.0,1.0,0.0
pure_top_k,0.1,1.0,15,26,0.98,0.96,0.85,0.8907555555555555,0.982948717948718,0.0,1.2049371184408664,39.74051107142706,27.48,0.04,0.16,0.2232565860132437,0.0473876063183475,0.0614035087719298,25,300,0.010359999723732471,1.0,0.9896398782730103,0.009546236135065556
pure_top_k,0.1,1.0,15,27,0.08,0.0,0.25,1.0,1.0,0.0,0.1868307780474423,39.45907139722579,4.68,1.0,0.12,0.245,0.0683760683760683,0.0760869565217391,25,300,0.08171019703149796,0.71,0.9182897806167603,0.12938250601291656
pure_top_k,0.1,1.0,15,28,0.0,0.0,0.25,0.8904761904761905,1.0,0.0,0.9950822578556836,38.91084760436311,17.84,1.0,0.08,0.0210526315789473,0.0365384615384615,0.0444444444444444,25,300,0.0025572648737579584,1.0,0.9974428415298462,0.00868659745901823
pure_top_k,0.1,1.0,15,29,0.5,0.0,0.25,0.9727637314734088,1.0,0.0,1.2545222274120895,38.2979806789411,36.76,0.0,0.08,0.0408888888888888,0.0489130434782608,0.0536312849162011,25,300,0.009888002648949623,0.92,0.9901120066642761,0.03358761593699455
pure_top_k,0.1,1.0,15,30,0.0,0.0,0.25,1.0,1.0,0.0,0.3357075169496238,38.78054573905326,7.0,1.0,0.04,0.0,0.04,0.04,25,300,1.6212463549436507e-07,1.0,0.9999998807907104,1.1453258252913656e-07
pure_top_k,0.1,1.0,15,31,0.0,0.0,0.0,1.0,0.0,0.0,0.0550882745161652,36.62679562762445,1.0,1.0,0.04,0.0,0.04,,25,300,1.4305114426349519e-08,1.0,1.0,5.066072361614715e-08
pure_top_k,0.1,1.0,15,32,0.0,0.0,0.5,1.0,1.0,0.0,0.4908177168481052,38.69178678194006,10.0,1.0,0.08,0.0457142857142857,0.056,0.0577777777777777,25,300,0.003447900991886854,1.0,0.9965521097183228,0.011711937375366688
pure_top_k,0.1,1.0,15,33,0.5,0.0,0.75,1.0,1.0,0.0,0.3841374898422509,39.08058319446914,8.0,1.0,0.04,0.0,0.04,0.04,25,300,0.0,1.0,1.0,0.0
pure_top_k,0.1,1.0,15,34,0.04,0.04,0.28,1.0,0.04,0.0,0.1091503646411001,38.54654916208071,1.24,1.0,0.08,0.08,0.2580645161290322,1.0,25,300,0.033347535878419876,0.92,0.9666524529457092,0.11327595263719559
pure_top_k,0.1,1.0,15,35,1.0,1.0,0.25,1.0,1.0,0.0,0.4536554438993335,39.70371815325775,11.0,1.0,0.04,0.0,0.04,0.04,25,300,9.536743306171047e-08,1.0,1.0,1.1699592761260647e-07
pure_top_k,0.1,1.0,15,36,1.0,1.0,0.25,1.0,1.0,0.0,0.3502804611995816,39.97976043206121,12.0,1.0,0.04,0.0,0.04,0.04,25,300,0.0,1.0,1.0,0.0
pure_top_k,0.1,1.0,15,37,0.5,0.0,0.0,1.0,1.0,0.0,0.3359796526376158,38.73803227192573,11.0,1.0,0.04,0.0,0.04,0.04,25,300,1.668930060816365e-08,1.0,1.0,3.1592509941447133e-08
pure_top_k,0.1,1.0,15,38,0.5,0.0,0.5,1.0,1.0,0.0,0.4171322961337864,38.405823919338005,14.0,1.0,0.04,0.0,0.04,0.04,25,300,2.1457672971791908e-08,1.0,1.0,3.582254137768359e-08
pure_top_k,0.1,1.0,15,39,1.0,1.0,0.25,1.0,1.0,0.0,0.2818798570893704,39.05233915648021,8.0,1.0,0.04,0.0,0.04,0.04,25,300,4.7683716530855236e-08,1.0,1.0,5.849796380630323e-08
pure_top_k,0.1,1.0,15,40,0.5,0.0,0.25,0.9333333333333332,1.0,0.0,0.4273877999465912,39.7999334672342,15.0,1.0,0.04,0.0,0.0373333333333333,0.04,25,300,0.0,1.0,1.0,0.0
pure_top_k,0.1,1.0,15,41,1.0,1.0,0.25,1.0,0.0,0.0,0.0769421072676777,39.1381325890615,1.0,1.0,0.04,0.0,0.04,,25,300,8.583069188716763e-08,1.0,1.0,1.013214472322943e-07
pure_top_k,0.1,1.0,15,42,0.0,0.0,0.0,1.0,1.0,0.0,0.1039256013464182,38.668227919384385,2.0,1.0,0.04,0.0,0.04,0.04,25,300,3.814697180359872e-08,1.0,1.0,4.776338613510234e-08
pure_top_k,0.1,1.0,15,43,0.96,0.92,0.69,1.0,0.92,0.0,0.4090998144075274,39.272006705350314,8.28,1.0,0.12,0.1781111111111111,0.0483091787439613,0.0604395604395604,25,300,0.04771457612514496,0.8466666666666667,0.9522854685783386,0.11045828461647034
pure_top_k,0.1,1.0,15,44,1.0,1.0,0.25,1.0,0.0,0.0,0.0620117190387099,37.56331409183798,1.0,1.0,0.08,0.0,0.04,,25,300,0.04774831235408783,0.5466666666666666,0.952251672744751,0.05252130702137947
pure_top_k,0.1,1.0,15,45,0.34,0.2,0.42,0.9344028472538584,1.0,0.0,0.9175765032880008,38.73695744133781,28.56,0.8,0.56,0.526824007504296,0.1306122448979592,0.2380281690140845,25,300,0.12057388573884964,0.29333333333333333,0.8794260621070862,0.08202081173658371
pure_top_k,0.1,1.0,15,46,1.0,1.0,0.75,1.0,1.0,0.0,0.4129952479619533,38.81671391555449,14.0,1.0,0.04,0.0,0.04,0.04,25,300,0.0,1.0,1.0,0.0
pure_top_k,0.1,1.0,15,47,0.8,0.68,0.67,0.93214161529951,1.0,0.0,0.916270712390542,38.14756024428266,29.04,0.96,0.4,0.5096521285673953,0.0956284153005464,0.1669024045261669,25,300,0.10599276423454285,0.16,0.89400714635849,0.05692228674888611
pure_top_k,0.1,1.0,15,48,0.5,0.0,0.0,1.0,1.0,0.0,0.1324389240797608,37.8363561320248,2.0,1.0,0.04,0.0,0.04,0.04,25,300,9.298324243900424e-08,1.0,1.0,1.0061536670491478e-07
pure_top_k,0.1,1.0,15,49,0.0,0.0,0.0,1.0,0.0,0.0,0.0808768241107463,37.16545770890599,1.0,1.0,0.04,0.0,0.04,,25,300,0.0,1.0,1.0,0.0
pure_top_k,0.1,1.0,20,0,1.0,1.0,0.5,1.0,1.0,0.0,0.4181876790802926,43.07135951437088,14.0,1.0,0.04,0.0,0.04,0.04,25,300,0.0,1.0,1.0,0.0
pure_top_k,0.1,1.0,20,1,0.0,0.0,0.25,1.0,1.0,0.0,0.1826349841430782,43.80352805917286,6.0,1.0,0.08,0.1711111111111111,0.04,0.048,25,300,0.007542761042714119,1.0,0.9924572706222534,0.0073565030470490456
pure_top_k,0.1,1.0,20,2,0.52,0.04,0.28,1.0,1.0,0.0,0.2944438836816698,43.738321483346525,9.76,1.0,0.2,0.3986998324256389,0.1598360655737705,0.1917808219178082,25,300,0.12190745025873184,0.5833333333333334,0.8780925273895264,0.15195798873901367
pure_top_k,0.1,1.0,20,3,0.0,0.0,0.25,1.0,1.0,0.0,0.1838797164987772,43.526809707273614,6.0,1.0,0.08,0.1199999999999999,0.0466666666666666,0.056,25,300,0.0019041072810068727,1.0,0.9980959296226501,0.002241318579763174
pure_top_k,0.1,1.0,20,4,0.0,0.0,0.25,1.0,1.0,0.0,0.0914482811558991,43.74078115679533,2.0,1.0,0.04,0.0,0.04,0.04,25,300,9.536743306171047e-08,1.0,1.0,1.1699592761260647e-07
pure_top_k,0.1,1.0,20,5,0.0,0.0,0.0,1.0,1.0,0.0,0.0685411965567618,43.76954266731961,2.0,1.0,0.04,0.0,0.04,0.04,25,300,1.9073486612342094e-07,1.0,0.9999998211860657,1.3562194567384722e-07
pure_top_k,0.1,1.0,20,6,0.64,0.56,0.64,0.9360188933873146,1.0,0.0,0.7390626496542245,43.434902162917275,27.8,0.96,0.24,0.3033411055140526,0.0894660894660894,0.1302395209580838,25,300,0.08313383162021637,0.5466666666666666,0.9168661236763,0.09234482795000076
pure_top_k,0.1,1.0,20,7,0.02,0.0,0.43,0.9689509549274256,1.0,0.0,0.5102786681894212,43.506414988357285,15.0,1.0,0.24,0.4844905473027783,0.1078431372549019,0.1827676240208877,25,300,0.04586823657155037,0.56,0.9541317820549011,0.033812135457992554
pure_top_k,0.1,1.0,20,8,0.0,0.0,0.0,1.0,0.0,0.0,0.0457388362009077,43.729661460472734,1.0,1.0,0.04,0.0,0.04,,25,300,3.099441414633475e-08,1.0,1.0,5.970423444523476e-08
pure_top_k,0.1,1.0,20,9,0.0,0.0,0.0,1.0,0.0,0.0,0.0689631296321749,43.58557889300269,1.0,1.0,0.04,0.0,0.04,,25,300,0.0,1.0,1.0,0.0
pure_top_k,0.1,1.0,20,10,1.0,1.0,0.75,0.9615384615384616,1.0,0.0,0.7096926844585687,43.686280998752025,26.0,1.0,0.04,0.0,0.0384615384615384,0.04,25,300,0.0,1.0,1.0,0.0
pure_top_k,0.1,1.0,20,11,0.0,0.0,0.29,0.9965217391304348,0.08,0.0,0.1197834091354161,43.73537198350754,2.76,1.0,0.08,0.1469444444444445,0.3287671232876712,0.5,25,300,0.07999645173549652,0.8466666666666667,0.9200036525726318,0.18829263746738434
pure_top_k,0.1,1.0,20,12,0.5,0.0,0.5,1.0,1.0,0.0,0.4109882284328341,43.79692662944895,13.0,1.0,0.04,0.0,0.04,0.04,25,300,2.384185791015625e-07,1.0,0.9999998211860657,1.7262681240026723e-07
pure_top_k,0.1,1.0,20,13,0.42,0.0,0.25,1.0,1.0,0.0,0.1785574583709239,43.3888877949238,5.76,1.0,0.08,0.2053333333333333,0.1041666666666666,0.1176470588235294,25,300,0.03520392253994942,0.72,0.9647960662841797,0.056546058505773544
pure_top_k,0.1,1.0,20,14,0.5,0.0,0.0,1.0,0.0,0.0,0.070188353024423,42.762190068640464,1.0,1.0,0.04,0.0,0.04,,25,300,0.0,1.0,1.0,0.0
pure_top_k,0.1,1.0,20,15,1.0,1.0,0.25,1.0,1.0,0.0,0.1863497598562389,42.95791067553686,6.0,1.0,0.04,0.0,0.04,0.04,25,300,2.3841858265427618e-08,1.0,1.0,8.443453936024525e-08
pure_top_k,0.1,1.0,20,16,0.0,0.0,0.25,1.0,1.0,0.0,0.3949094669427723,43.06567299312984,8.0,1.0,0.04,0.0,0.04,0.04,25,300,1.0490417423625331e-07,1.0,1.0,1.3925300379469263e-07
pure_top_k,0.1,1.0,20,17,0.0,0.0,0.25,1.0,1.0,0.0,0.5059824353363365,43.49359844897524,18.0,1.0,0.04,0.0,0.0377777777777777,0.04,25,300,4.2915345943583816e-08,1.0,1.0,5.066072361614715e-08
pure_top_k,0.1,1.0,20,18,0.98,0.96,0.74,0.8322032520325203,1.0,0.0,1.101594150196761,43.12325763542516,39.96,0.04,0.12,0.1011008403361344,0.052,0.0687179487179487,25,300,0.019614694640040398,0.92,0.9803853631019592,0.04664360359311104
pure_top_k,0.1,1.0,20,19,1.0,1.0,0.25,1.0,0.0,0.0,0.0455753778573125,43.88380982717947,1.0,1.0,0.04,0.0,0.04,,25,300,0.0,1.0,1.0,0.0
pure_top_k,0.1,1.0,20,20,0.5,0.0,0.5,1.0,1.0,0.0,0.2964099653251469,43.858297366174554,11.0,1.0,0.08,0.125,0.0436363636363636,0.056,25,300,0.011039461940526962,1.0,0.9889605641365051,0.011057831346988678
pure_top_k,0.1,1.0,20,21,0.0,0.0,0.32,0.9884162895927602,1.0,0.0,0.5508296843618155,41.770575948293455,14.0,1.0,0.24,0.1986154786475993,0.0657142857142857,0.0984615384615384,25,300,0.026523631066083908,0.5966666666666667,0.9734763503074646,0.03136122226715088
pure_top_k,0.1,1.0,20,22,0.46,0.0,0.25,0.9027174544304524,0.9913257575757576,0.0,1.131974742570892,42.36091923088643,31.84,0.08,0.36,0.2740404525607365,0.0729559748427673,0.1012987012987013,25,300,0.052001651376485825,0.5933333333333334,0.9479983448982239,0.04620412364602089
pure_top_k,0.1,1.0,20,23,0.5,0.0,0.25,1.0,1.0,0.0,0.1602341400086879,43.68721134610143,3.0,1.0,0.04,0.0,0.04,0.04,25,300,0.0,1.0,1.0,0.0
pure_top_k,0.1,1.0,20,24,0.0,0.0,0.38,0.8948216918216919,1.0,0.0,0.959324069339782,39.70560658805787,27.36,0.68,0.28,0.4747324485713764,0.0793157076205287,0.1148867313915857,25,300,0.12139696627855301,0.3433333333333333,0.8786029815673828,0.08903341740369797
pure_top_k,0.1,1.0,20,25,1.0,1.0,0.75,1.0,1.0,0.0,0.2304046845342963,39.09588921529882,5.0,1.0,0.04,0.0,0.04,0.04,25,300,0.0,1.0,1.0,0.0
pure_top_k,0.1,1.0,20,26,1.0,1.0,0.9,0.8895650793650793,0.9765942028985508,0.0,1.2242750954441726,39.00446587087178,27.2,0.08,0.2,0.2249075659835122,0.0475609756097561,0.0616352201257861,25,300,0.01049400307238102,1.0,0.9895059466362,0.009068544022738934
pure_top_k,0.1,1.0,20,27,0.02,0.0,0.25,1.0,1.0,0.0,0.1980073287151753,39.63131268520376,4.92,1.0,0.08,0.0685714285714285,0.056910569105691,0.0612244897959183,25,300,0.022525468841195107,0.92,0.977474570274353,0.07651522010564804
pure_top_k,0.1,1.0,20,28,0.0,0.0,0.25,0.892063492063492,1.0,0.0,0.9709949957486242,39.53223191346361,17.68,1.0,0.08,0.0403508771929824,0.0368932038834951,0.0448979591836734,25,300,0.004901424050331116,1.0,0.9950986504554749,0.011536798439919949
pure_top_k,0.1,1.0,20,29,0.5,0.0,0.25,0.9727637314734088,1.0,0.0,1.2197920749057083,39.36912882450951,36.76,0.0,0.08,0.0408888888888888,0.0489130434782608,0.0536312849162011,25,300,0.009888002648949623,0.92,0.9901120066642761,0.03358761966228485
pure_top_k,0.1,1.0,20,30,0.0,0.0,0.26,0.996,1.0,0.0,0.3461962713580578,38.32052072569423,7.12,1.0,0.08,0.0266666666666666,0.0505617977528089,0.065359477124183,25,300,0.0023727829102426767,1.0,0.9976272583007812,0.008059391751885414
pure_top_k,0.1,1.0,20,31,0.0,0.0,0.0,1.0,0.0,0.0,0.0505826261918991,39.609959702320815,1.0,1.0,0.04,0.0,0.04,,25,300,1.4305114426349519e-08,1.0,1.0,5.066072361614715e-08
pure_top_k,0.1,1.0,20,32,0.0,0.0,0.5,1.0,1.0,0.0,0.4830331247486174,39.137924514273955,9.92,1.0,0.08,0.04,0.0483870967741935,0.0493273542600896,25,300,0.003934192471206188,1.0,0.9960658550262451,0.013363787904381752
pure_top_k,0.1,1.0,20,33,0.5,0.0,0.75,1.0,1.0,0.0,0.3976613112725317,37.92576553769195,8.0,1.0,0.04,0.0,0.04,0.04,25,300,0.0,1.0,1.0,0.0
pure_top_k,0.1,1.0,20,34,0.08,0.08,0.31,1.0,0.08,0.0,0.1138452864065766,38.86653595372543,1.48,1.0,0.08,0.1533333333333333,0.2162162162162162,0.5,25,300,0.06391610950231552,0.8466666666666667,0.9360838532447815,0.15044346451759338
pure_top_k,0.1,1.0,20,35,1.0,1.0,0.25,1.0,1.0,0.0,0.4684323506988585,38.648213160407096,11.0,1.0,0.04,0.0,0.04,0.04,25,300,9.536743306171047e-08,1.0,1.0,1.1699592761260647e-07
pure_top_k,0.1,1.0,20,36,1.0,1.0,0.25,1.0,1.0,0.0,0.3497637924924492,40.04114768642673,12.0,1.0,0.04,0.0,0.04,0.04,25,300,0.0,1.0,1.0,0.0
pure_top_k,0.1,1.0,20,37,0.5,0.0,0.0,1.0,1.0,0.0,0.3274315398558974,39.71944078672963,11.0,1.0,0.04,0.0,0.04,0.04,25,300,1.668930060816365e-08,1.0,1.0,3.1592509941447133e-08
pure_top_k,0.1,1.0,20,38,0.5,0.0,0.5,1.0,1.0,0.0,0.4187304478138685,38.258573795290246,14.0,1.0,0.04,0.0,0.04,0.04,25,300,2.1457672971791908e-08,1.0,1.0,3.582254137768359e-08
pure_top_k,0.1,1.0,20,39,1.0,1.0,0.25,1.0,1.0,0.0,0.2738379948213696,40.191465058464935,8.0,1.0,0.04,0.0,0.04,0.04,25,300,4.7683716530855236e-08,1.0,1.0,5.849796380630323e-08
pure_top_k,0.1,1.0,20,40,0.5,0.0,0.27,0.9386666666666666,1.0,0.0,0.432538829902187,39.18633692540457,14.92,1.0,0.08,0.0541176470588235,0.0455764075067024,0.0517241379310344,25,300,0.004131088498979807,1.0,0.9958689212799072,0.009723608382046223
pure_top_k,0.1,1.0,20,41,1.0,1.0,0.25,1.0,0.0,0.0,0.0762194514926522,39.404540691405735,1.0,1.0,0.04,0.0,0.04,,25,300,8.583069188716763e-08,1.0,1.0,1.013214472322943e-07
pure_top_k,0.1,1.0,20,42,0.0,0.0,0.0,1.0,1.0,0.0,0.1048007430788129,38.35877440989811,2.0,1.0,0.04,0.0,0.04,0.04,25,300,3.814697180359872e-08,1.0,1.0,4.776338613510234e-08
pure_top_k,0.1,1.0,20,43,0.92,0.84,0.63,1.0,0.84,0.0,0.3947456412296742,38.69210255664856,7.72,1.0,0.08,0.2488888888888888,0.0466321243523316,0.0476190476190476,25,300,0.08617684990167618,0.72,0.913823127746582,0.1384209841489792
pure_top_k,0.1,1.0,20,44,1.0,1.0,0.25,1.0,0.0,0.0,0.0589772691763937,38.085848414725305,1.0,1.0,0.08,0.0,0.04,,25,300,0.04002431780099869,0.62,0.9599756598472595,0.051209788769483566
pure_top_k,0.1,1.0,20,45,0.14,0.08,0.31,0.9440830988657076,1.0,0.0,0.8146157199889421,39.06077874086866,24.88,0.96,0.28,0.3302523070554979,0.1228615863141524,0.2103559870550161,25,300,0.07754760980606079,0.5733333333333334,0.9224523901939392,0.09316317737102509
pure_top_k,0.1,1.0,20,46,1.0,1.0,0.75,1.0,1.0,0.0,0.4090391982253641,39.16969963657845,14.0,1.0,0.04,0.0,0.04,0.04,25,300,0.0,1.0,1.0,0.0
pure_top_k,0.1,1.0,20,47,0.76,0.68,0.67,0.9415554050442512,0.9976689189189188,0.0,0.9794783937372268,36.68736072502719,29.72,0.96,0.52,0.5150152076791623,0.1088709677419354,0.2016689847009735,25,300,0.09570181369781494,0.17666666666666667,0.9042980670928955,0.0509658008813858
pure_top_k,0.1,1.0,20,48,0.5,0.0,0.0,1.0,1.0,0.0,0.1332176701538264,37.739414264658656,2.0,1.0,0.04,0.0,0.04,0.04,25,300,9.298324243900424e-08,1.0,1.0,1.0061536670491478e-07
pure_top_k,0.1,1.0,20,49,0.0,0.0,0.0,1.0,0.0,0.0,0.081221423652023,37.06669828404255,1.0,1.0,0.04,0.0,0.04,,25,300,0.0,1.0,1.0,0.0
pure_top_k,0.1,1.0,25,0,1.0,1.0,0.51,1.0,1.0,0.0,0.4261643812619149,42.55572272838149,14.12,1.0,0.08,0.0222222222222222,0.0509915014164305,0.0548780487804878,25,300,0.002663042861968279,1.0,0.9973369240760803,0.00904590729624033
pure_top_k,0.1,1.0,25,1,0.0,0.0,0.25,1.0,1.0,0.0,0.1866617957782,42.858679067430785,6.0,1.0,0.08,0.1711111111111111,0.04,0.048,25,300,0.007542755454778671,1.0,0.9924572706222534,0.00735649885609746
pure_top_k,0.1,1.0,25,2,0.52,0.04,0.27,1.0,1.0,0.0,0.2896309677883982,43.78281020382263,9.56,1.0,0.16,0.2210901643159707,0.1589958158995816,0.1775700934579439,25,300,0.07039349526166916,0.77,0.9296064972877502,0.13271065056324005
pure_top_k,0.1,1.0,25,3,0.0,0.0,0.25,1.0,1.0,0.0,0.1829100449662655,43.737442093209985,6.0,1.0,0.08,0.1371428571428571,0.0466666666666666,0.056,25,300,0.0021761273965239525,1.0,0.9978238940238953,0.0022687504533678293
pure_top_k,0.1,1.0,25,4,0.0,0.0,0.25,1.0,1.0,0.0,0.0912773337773978,43.82257497796004,2.0,1.0,0.04,0.0,0.04,0.04,25,300,9.536743306171047e-08,1.0,1.0,1.1699592761260647e-07
pure_top_k,0.1,1.0,25,5,0.0,0.0,0.0,1.0,1.0,0.0,0.0686065124906599,43.72825691298349,2.0,1.0,0.04,0.0,0.04,0.04,25,300,1.9073486612342094e-07,1.0,0.9999998211860657,1.3562194567384722e-07
pure_top_k,0.1,1.0,25,6,0.56,0.36,0.59,0.9432987854251011,1.0,0.0,0.725325092645362,43.73259846674682,27.52,0.88,0.16,0.2855889709585362,0.0861313868613138,0.1181818181818181,25,300,0.07698126882314682,0.59,0.9230186939239502,0.09137934446334839
pure_top_k,0.1,1.0,25,7,0.0,0.0,0.39,0.9697682709447416,1.0,0.0,0.5364386086817831,43.53476225500432,15.92,1.0,0.28,0.4881174495022369,0.1087962962962963,0.1842751842751842,25,300,0.04451092705130577,0.55,0.9554890990257263,0.029310759156942368
pure_top_k,0.1,1.0,25,8,0.0,0.0,0.0,1.0,0.0,0.0,0.0457799603603779,43.689407946599694,1.0,1.0,0.04,0.0,0.04,,25,300,3.099441414633475e-08,1.0,1.0,5.970423444523476e-08
pure_top_k,0.1,1.0,25,9,0.0,0.0,0.0,1.0,0.0,0.0,0.0684365536924451,43.83725883283338,1.0,1.0,0.04,0.0,0.04,,25,300,0.0,1.0,1.0,0.0
pure_top_k,0.1,1.0,25,10,1.0,1.0,0.75,0.9615384615384616,1.0,0.0,0.7281378336623311,42.59996195827701,26.0,1.0,0.04,0.0,0.0384615384615384,0.04,25,300,0.0,1.0,1.0,0.0
pure_top_k,0.1,1.0,25,11,0.0,0.0,0.27,0.9982608695652172,0.04,0.0,0.0940316237974911,43.79881201759048,1.88,1.0,0.08,0.0766666666666666,0.4897959183673469,1.0,25,300,0.04173237457871437,0.92,0.9582676291465759,0.1417575627565384
pure_top_k,0.1,1.0,25,12,0.5,0.0,0.5,1.0,1.0,0.0,0.4146511658560484,43.425702833470275,13.0,1.0,0.04,0.0,0.04,0.04,25,300,2.384185791015625e-07,1.0,0.9999998211860657,1.7262681240026723e-07
pure_top_k,0.1,1.0,25,13,0.48,0.0,0.25,1.0,1.0,0.0,0.1471461737155913,43.75714433794017,4.44,1.0,0.08,0.0586666666666666,0.1351351351351351,0.1627906976744186,25,300,0.010058320127427578,0.92,0.9899417161941528,0.03416614234447479
pure_top_k,0.1,1.0,25,14,0.5,0.0,0.0,1.0,0.0,0.0,0.0697859055921434,43.01204072480254,1.0,1.0,0.04,0.0,0.04,,25,300,0.0,1.0,1.0,0.0
pure_top_k,0.1,1.0,25,15,1.0,1.0,0.25,1.0,1.0,0.0,0.1862423108704387,42.99245690450246,6.0,1.0,0.04,0.0,0.04,0.04,25,300,2.3841858265427618e-08,1.0,1.0,8.443453936024525e-08
pure_top_k,0.1,1.0,25,16,0.0,0.0,0.25,1.0,1.0,0.0,0.3881482059787959,43.797940688068536,8.0,1.0,0.04,0.0,0.04,0.04,25,300,1.0490417423625331e-07,1.0,1.0,1.3925300379469263e-07
pure_top_k,0.1,1.0,25,17,0.0,0.0,0.25,1.0,1.0,0.0,0.5000219815317541,43.83836476195366,17.92,1.0,0.08,0.0047058823529411,0.0379464285714285,0.0401891252955082,25,300,0.00012241402873769403,1.0,0.9998776316642761,0.0004156737995799631
pure_top_k,0.1,1.0,25,18,1.0,1.0,0.75,0.8286829268292683,1.0,0.0,1.1163831159006803,43.02057712834458,40.16,0.0,0.12,0.0478571428571428,0.0358565737051792,0.0449438202247191,25,300,0.004185252822935581,1.0,0.9958147406578064,0.005129482131451368
pure_top_k,0.1,1.0,25,19,1.0,1.0,0.25,1.0,0.0,0.0,0.0455821246933191,43.8770468659593,1.0,1.0,0.04,0.0,0.04,,25,300,0.0,1.0,1.0,0.0
pure_top_k,0.1,1.0,25,20,0.5,0.0,0.5,1.0,1.0,0.0,0.2966279155109078,43.82642211601871,11.0,1.0,0.08,0.125,0.0436363636363636,0.056,25,300,0.011039451695978642,1.0,0.9889604449272156,0.011057842522859573
pure_top_k,0.1,1.0,25,21,0.0,0.0,0.35,0.981948717948718,1.0,0.0,0.5150116398092359,43.73081507202467,13.6,1.0,0.32,0.2840306730879486,0.0647058823529411,0.1142857142857142,25,300,0.04199910908937454,0.41333333333333333,0.958000898361206,0.03655943647027016
pure_top_k,0.1,1.0,25,22,0.4,0.0,0.25,0.8979859553792191,0.9951136363636364,0.0,1.102402237933129,43.448689356367595,32.04,0.12,0.28,0.3262216220811815,0.0699126092384519,0.1005154639175257,25,300,0.06846527010202408,0.31333333333333335,0.9315347075462341,0.053918175399303436
pure_top_k,0.1,1.0,25,23,0.5,0.0,0.25,1.0,1.0,0.0,0.1607509030494838,43.55067644653013,3.0,1.0,0.04,0.0,0.04,0.04,25,300,0.0,1.0,1.0,0.0
pure_top_k,0.1,1.0,25,24,0.0,0.0,0.38,0.9046173123269898,1.0,0.0,0.8882238249760122,43.514079106522665,27.8,0.76,0.36,0.5323380814106433,0.1007633587786259,0.1428571428571428,25,300,0.13427971303462982,0.27,0.8657203912734985,0.08558569103479385
pure_top_k,0.1,1.0,25,25,1.0,1.0,0.75,1.0,1.0,0.0,0.2263284195680171,39.79021894039402,5.0,1.0,0.08,0.0511111111111111,0.048,0.05,25,300,0.0072240703739225864,1.0,0.9927758574485779,0.017003759741783142
pure_top_k,0.1,1.0,25,26,1.0,1.0,0.86,0.8904000000000001,0.9828205128205127,0.0,1.2031434993911534,39.69942281044927,27.4,0.08,0.16,0.2348297405118382,0.0475030450669914,0.0615577889447236,25,300,0.010398664511740208,1.0,0.9896012544631958,0.00907884631305933
pure_top_k,0.1,1.0,25,27,0.02,0.0,0.25,1.0,1.0,0.0,0.1974964559730142,39.711777920879435,4.92,1.0,0.08,0.0685714285714285,0.056910569105691,0.0612244897959183,25,300,0.024546118453145027,0.92,0.9754539132118225,0.08337902277708054
pure_top_k,0.1,1.0,25,28,0.0,0.0,0.26,0.8965004668534081,1.0,0.0,0.9640536075085402,39.724633540642905,17.96,0.96,0.16,0.1259679786587681,0.0732177263969171,0.0870445344129554,25,300,0.03585761412978172,0.8433333333333334,0.964142382144928,0.06800628453493118
pure_top_k,0.1,1.0,25,29,0.5,0.0,0.27,0.9721360069747168,1.0,0.0,1.2558362003322692,38.25349553463152,36.04,0.0,0.12,0.1435757575757575,0.0519337016574585,0.0625,25,300,0.03314800187945366,0.72,0.9668520092964172,0.05294542387127876
pure_top_k,0.1,1.0,25,30,0.0,0.0,0.25,1.0,1.0,0.0,0.3425468547083437,38.27132148607957,7.0,1.0,0.04,0.0,0.04,0.04,25,300,1.6212463549436507e-07,1.0,0.9999998807907104,1.1453258252913656e-07
pure_top_k,0.1,1.0,25,31,0.0,0.0,0.0,1.0,0.0,0.0,0.0504263628460466,39.70575839704063,1.0,1.0,0.04,0.0,0.04,,25,300,1.4305114426349519e-08,1.0,1.0,5.066072361614715e-08
pure_top_k,0.1,1.0,25,32,0.0,0.0,0.5,1.0,1.0,0.0,0.4943658385984599,38.57054027789491,10.0,1.0,0.04,0.0,0.04,0.04,25,300,0.0,1.0,1.0,0.0
pure_top_k,0.1,1.0,25,33,0.5,0.0,0.75,1.0,1.0,0.0,0.4002708917297423,37.74088844189894,8.0,1.0,0.04,0.0,0.04,0.04,25,300,0.0,1.0,1.0,0.0
pure_top_k,0.1,1.0,25,34,0.04,0.04,0.28,1.0,0.04,0.0,0.1092001006007194,38.538637239215696,1.24,1.0,0.08,0.08,0.2580645161290322,1.0,25,300,0.033347561955451965,0.92,0.9666524529457092,0.11327604204416275
pure_top_k,0.1,1.0,25,35,1.0,1.0,0.25,1.0,1.0,0.0,0.4557155406102538,39.53832354436276,11.0,1.0,0.04,0.0,0.04,0.04,25,300,9.536743306171047e-08,1.0,1.0,1.1699592761260647e-07
pure_top_k,0.1,1.0,25,36,1.0,1.0,0.25,1.0,1.0,0.0,0.3507814040873199,39.92269779651256,12.0,1.0,0.04,0.0,0.04,0.04,25,300,0.0,1.0,1.0,0.0
pure_top_k,0.1,1.0,25,37,0.5,0.0,0.0,1.0,1.0,0.0,0.3329019168764353,39.09646266740878,11.0,1.0,0.04,0.0,0.04,0.04,25,300,1.668930060816365e-08,1.0,1.0,3.1592509941447133e-08
pure_top_k,0.1,1.0,25,38,0.5,0.0,0.5,1.0,1.0,0.0,0.3998074111156166,40.025736580742866,14.0,1.0,0.04,0.0,0.04,0.04,25,300,2.1457672971791908e-08,1.0,1.0,3.582254137768359e-08
pure_top_k,0.1,1.0,25,39,1.0,1.0,0.25,1.0,1.0,0.0,0.280219259429723,39.296433820017825,8.0,1.0,0.04,0.0,0.04,0.04,25,300,4.7683716530855236e-08,1.0,1.0,5.849796380630323e-08
pure_top_k,0.1,1.0,25,40,0.5,0.0,0.26,0.936,1.0,0.0,0.4239694010652601,40.01489527649732,14.96,1.0,0.08,0.028235294117647,0.0454545454545454,0.0515759312320916,25,300,0.0021553507540374994,1.0,0.9978446364402771,0.007321361918002367
pure_top_k,0.1,1.0,25,41,1.0,1.0,0.25,1.0,0.0,0.0,0.0808553002309053,37.35036459019639,1.0,1.0,0.04,0.0,0.04,,25,300,8.583069188716763e-08,1.0,1.0,1.013214472322943e-07
pure_top_k,0.1,1.0,25,42,0.0,0.0,0.0,1.0,1.0,0.0,0.1041697305720299,38.52282440476322,2.0,1.0,0.04,0.0,0.04,0.04,25,300,3.814697180359872e-08,1.0,1.0,4.776338613510234e-08
pure_top_k,0.1,1.0,25,43,0.88,0.76,0.57,1.0,0.76,0.0,0.3728127273079007,38.708609897054515,7.08,1.0,0.08,0.3377777777777778,0.0508474576271186,0.0526315789473684,25,300,0.11695422977209091,0.62,0.8830456733703613,0.149638831615448
pure_top_k,0.1,1.0,25,44,1.0,1.0,0.25,1.0,0.0,0.0,0.0601090630423277,39.94954226708629,1.0,1.0,0.08,0.0,0.04,,25,300,0.05266357958316803,0.5,0.9473364353179932,0.0527515709400177
pure_top_k,0.1,1.0,25,45,0.14,0.0,0.32,0.9470858072597202,1.0,0.0,0.8895638389140368,39.053932846621855,27.36,0.84,0.24,0.3959780437655426,0.0875706214689265,0.130307467057101,25,300,0.08219865709543228,0.5233333333333333,0.9178013205528259,0.08698086440563202
pure_top_k,0.1,1.0,25,46,1.0,1.0,0.75,1.0,1.0,0.0,0.4119604941643774,38.90405550535573,14.0,1.0,0.04,0.0,0.04,0.04,25,300,0.0,1.0,1.0,0.0
pure_top_k,0.1,1.0,25,47,0.76,0.64,0.66,0.9257846138898772,0.9963235294117646,0.0,1.0217859799694269,36.25179130397288,30.28,1.0,0.44,0.5213700714375078,0.1027667984189723,0.1566757493188011,25,300,0.09602131694555283,0.19333333333333333,0.903978705406189,0.056053124368190765
pure_top_k,0.1,1.0,25,48,0.5,0.0,0.0,1.0,1.0,0.0,0.1312119213957339,38.20365514969447,2.0,1.0,0.04,0.0,0.04,0.04,25,300,9.298324243900424e-08,1.0,1.0,1.0061536670491478e-07
pure_top_k,0.1,1.0,25,49,0.0,0.0,0.0,1.0,0.0,0.0,0.0801167116127907,37.506180061642134,1.0,1.0,0.04,0.0,0.04,,25,300,0.0,1.0,1.0,0.0
pure_top_k,0.1,1.0,30,0,1.0,1.0,0.5,1.0,1.0,0.0,0.4109341492783278,43.80696774419302,14.0,1.0,0.04,0.0,0.04,0.04,25,300,0.0,1.0,1.0,0.0
pure_top_k,0.1,1.0,30,1,0.0,0.0,0.25,1.0,1.0,0.0,0.1830528581701218,43.70411285998303,6.0,1.0,0.08,0.1266666666666666,0.04,0.048,25,300,0.005583598744124174,1.0,0.9944164752960205,0.007144030183553696
pure_top_k,0.1,1.0,30,2,0.52,0.04,0.26,1.0,1.0,0.0,0.2932139035593718,43.792477329436686,9.76,1.0,0.12,0.2122539682539682,0.151639344262295,0.1735159817351598,25,300,0.08225083351135254,0.7733333333333333,0.9177491068840027,0.15282875299453735
pure_top_k,0.1,1.0,30,3,0.0,0.0,0.25,1.0,1.0,0.0,0.1826796866673976,43.79260040488667,6.0,1.0,0.08,0.1085714285714285,0.0466666666666666,0.056,25,300,0.001722762593999505,1.0,0.9982771873474121,0.002204208867624402
pure_top_k,0.1,1.0,30,4,0.0,0.0,0.25,1.0,1.0,0.0,0.0914874565228819,43.72215140394538,2.0,1.0,0.04,0.0,0.04,0.04,25,300,9.536743306171047e-08,1.0,1.0,1.1699592761260647e-07
pure_top_k,0.1,1.0,30,5,0.0,0.0,0.0,1.0,1.0,0.0,0.0686326907295733,43.711274870861374,2.0,1.0,0.04,0.0,0.04,0.04,25,300,1.9073486612342094e-07,1.0,0.9999998211860657,1.3562194567384722e-07
pure_top_k,0.1,1.0,30,6,0.52,0.4,0.6,0.9417940620782724,1.0,0.0,0.7951384497713297,42.953827467655664,29.24,0.76,0.2,0.3786883263852165,0.0827586206896551,0.1142857142857142,25,300,0.10020577907562256,0.46,0.899794340133667,0.09300883114337921
pure_top_k,0.1,1.0,30,7,0.02,0.0,0.42,0.9731628214922332,1.0,0.0,0.5291769344080239,42.35778613778023,15.16,1.0,0.32,0.4990048026607682,0.1247002398081534,0.2168367346938775,25,300,0.045448172837495804,0.5966666666666667,0.9545518159866333,0.03202337399125099
pure_top_k,0.1,1.0,30,8,0.0,0.0,0.0,1.0,0.0,0.0,0.0456891896110027,43.77951045249563,1.0,1.0,0.04,0.0,0.04,,25,300,3.099441414633475e-08,1.0,1.0,5.970423444523476e-08
pure_top_k,0.1,1.0,30,9,0.0,0.0,0.0,1.0,0.0,0.0,0.068360684076324,43.885307135522325,1.0,1.0,0.04,0.0,0.04,,25,300,0.0,1.0,1.0,0.0
pure_top_k,0.1,1.0,30,10,1.0,1.0,0.75,0.9615384615384616,1.0,0.0,0.7080451057851315,43.78265325925724,26.0,1.0,0.08,0.0061538461538461,0.04,0.0432,25,300,0.00011739790352294222,1.0,0.9998826384544373,0.00039878085954114795
pure_top_k,0.1,1.0,30,11,0.0,0.0,0.29,0.9965217391304348,0.08,0.0,0.1196192939300089,43.77587057716186,2.76,1.0,0.08,0.1469444444444444,0.3287671232876712,0.5,25,300,0.07998697459697723,0.8466666666666667,0.9200130105018616,0.18827031552791595
pure_top_k,0.1,1.0,30,12,0.5,0.0,0.5,1.0,1.0,0.0,0.412629816904664,43.62892039603658,13.0,1.0,0.04,0.0,0.04,0.04,25,300,2.384185791015625e-07,1.0,0.9999998211860657,1.7262681240026723e-07
pure_top_k,0.1,1.0,30,13,0.46,0.0,0.25,1.0,1.0,0.0,0.1586015532072633,43.33665415436186,4.88,1.0,0.08,0.1124444444444444,0.1229508196721311,0.1443298969072164,25,300,0.019278373569250107,0.8466666666666667,0.980721652507782,0.04537656158208847
pure_top_k,0.1,1.0,30,14,0.5,0.0,0.0,1.0,0.0,0.0,0.0684586027823388,43.82247907119994,1.0,1.0,0.04,0.0,0.04,,25,300,0.0,1.0,1.0,0.0
pure_top_k,0.1,1.0,30,15,1.0,1.0,0.25,1.0,1.0,0.0,0.1825366209261118,43.826924740966554,6.0,1.0,0.04,0.0,0.04,0.04,25,300,2.3841858265427618e-08,1.0,1.0,8.443453936024525e-08
pure_top_k,0.1,1.0,30,16,0.0,0.0,0.25,1.0,1.0,0.0,0.3989309876784682,42.64576651857741,8.0,1.0,0.04,0.0,0.04,0.04,25,300,1.0490417423625331e-07,1.0,1.0,1.3925300379469263e-07
pure_top_k,0.1,1.0,30,17,0.0,0.0,0.25,1.0,1.0,0.0,0.5020050447341055,43.82441236532798,18.0,1.0,0.04,0.0,0.0377777777777777,0.04,25,300,4.2915345943583816e-08,1.0,1.0,5.066072361614715e-08
pure_top_k,0.1,1.0,30,18,1.0,1.0,0.75,0.8261951219512195,1.0,0.0,1.1211554972548037,42.83853979132445,40.28,0.0,0.08,0.036,0.0347567030784508,0.0417515274949083,25,300,0.005146121606230736,1.0,0.9948537945747375,0.006057477556169033
pure_top_k,0.1,1.0,30,19,1.0,1.0,0.25,1.0,0.0,0.0,0.0456224140897392,43.84009117189083,1.0,1.0,0.04,0.0,0.04,,25,300,0.0,1.0,1.0,0.0
pure_top_k,0.1,1.0,30,20,0.5,0.0,0.5,1.0,1.0,0.0,0.2967261626757681,43.81208352758677,11.0,1.0,0.08,0.13,0.0436363636363636,0.056,25,300,0.011481033638119698,1.0,0.9885188937187195,0.01104898564517498
pure_top_k,0.1,1.0,30,21,0.0,0.0,0.36,0.9803197586727,1.0,0.0,0.5253915183991194,43.77586700983726,14.04,1.0,0.36,0.2740378127061564,0.0655270655270655,0.1134969325153374,25,300,0.039464835077524185,0.5033333333333333,0.9605350494384766,0.03515179082751274
pure_top_k,0.1,1.0,30,22,0.28,0.0,0.25,0.8858334617192007,0.987840909090909,0.0,1.1043401918560267,42.58081722091197,32.28,0.44,0.44,0.43582592988814,0.0916976456009913,0.1368286445012787,25,300,0.09790673106908798,0.18,0.9020932912826538,0.05399578437209129
pure_top_k,0.1,1.0,30,23,0.5,0.0,0.25,1.0,1.0,0.0,0.1599368144292384,43.76836067962056,3.0,1.0,0.04,0.0,0.04,0.04,25,300,0.0,1.0,1.0,0.0
pure_top_k,0.1,1.0,30,24,0.0,0.0,0.37,0.9083203147946982,1.0,0.0,0.9636563985515386,39.47036230719976,26.8,0.92,0.32,0.4862984298380047,0.0854430379746835,0.1317957166392092,25,300,0.13256144523620605,0.2833333333333333,0.867438554763794,0.08870594203472137
pure_top_k,0.1,1.0,30,25,1.0,1.0,0.75,1.0,1.0,0.0,0.2334394022356718,38.60111913014188,5.0,1.0,0.04,0.0,0.04,0.04,25,300,0.0,1.0,1.0,0.0
pure_top_k,0.1,1.0,30,26,1.0,1.0,0.89,0.8895682539682539,0.978076923076923,0.0,1.193558527044952,39.92367673791459,27.2,0.12,0.16,0.22986486007758,0.0476190476190476,0.061712846347607,25,300,0.010930866934359074,1.0,0.9890689849853516,0.008844103664159775
pure_top_k,0.1,1.0,30,27,0.08,0.0,0.25,1.0,1.0,0.0,0.1860157460998743,39.51568755397366,4.68,1.0,0.12,0.245,0.0683760683760683,0.0760869565217391,25,300,0.08524632453918457,0.71,0.9147536158561707,0.13503733277320862
pure_top_k,0.1,1.0,30,28,0.0,0.0,0.25,0.8931279178338002,1.0,0.0,0.9678755846992136,39.07066377029235,17.44,1.0,0.12,0.1151770334928229,0.0454545454545454,0.0582120582120582,25,300,0.03099221922457218,0.8466666666666667,0.9690077900886536,0.05658562481403351
pure_top_k,0.1,1.0,30,29,0.5,0.0,0.25,0.9725544899738447,1.0,0.0,1.224559618961066,39.21532794507187,36.52,0.0,0.08,0.0783703703703703,0.0491803278688524,0.0539325842696629,25,300,0.018951937556266785,0.8466666666666667,0.9810481667518616,0.044608213007450104
pure_top_k,0.1,1.0,30,30,0.0,0.0,0.25,1.0,1.0,0.0,0.3340268634259701,38.95675857984274,7.0,1.0,0.04,0.0,0.04,0.04,25,300,1.6212463549436507e-07,1.0,0.9999998807907104,1.1453258252913656e-07
pure_top_k,0.1,1.0,30,31,0.0,0.0,0.0,1.0,0.0,0.0,0.0535742227453738,37.44285626336544,1.0,1.0,0.04,0.0,0.04,,25,300,1.4305114426349519e-08,1.0,1.0,5.066072361614715e-08
pure_top_k,0.1,1.0,30,32,0.0,0.0,0.5,1.0,1.0,0.0,0.4970272655319422,38.464435116747296,10.0,1.0,0.04,0.0,0.04,0.04,25,300,0.0,1.0,1.0,0.0
pure_top_k,0.1,1.0,30,33,0.5,0.0,0.75,1.0,1.0,0.0,0.4048486285470426,37.20812938178334,8.0,1.0,0.04,0.0,0.04,0.04,25,300,0.0,1.0,1.0,0.0
pure_top_k,0.1,1.0,30,34,0.2,0.2,0.4,1.0,0.2,0.0,0.1302933068573474,38.58114294419246,2.2,1.0,0.12,0.3392592592592592,0.1818181818181818,0.3,25,300,0.13858431577682495,0.6666666666666666,0.861415684223175,0.19614054262638092
pure_top_k,0.1,1.0,30,35,1.0,1.0,0.25,1.0,1.0,0.0,0.4579579638317227,39.34602696113867,11.0,1.0,0.04,0.0,0.04,0.04,25,300,9.536743306171047e-08,1.0,1.0,1.1699592761260647e-07
pure_top_k,0.1,1.0,30,36,1.0,1.0,0.25,1.0,1.0,0.0,0.3501764991041273,39.98889108248408,12.0,1.0,0.04,0.0,0.04,0.04,25,300,0.0,1.0,1.0,0.0
pure_top_k,0.1,1.0,30,37,0.5,0.0,0.0,1.0,1.0,0.0,0.3299970181938261,39.423331984563525,11.0,1.0,0.04,0.0,0.04,0.04,25,300,1.668930060816365e-08,1.0,1.0,3.1592509941447133e-08
pure_top_k,0.1,1.0,30,38,0.5,0.0,0.5,1.0,1.0,0.0,0.4044428475294262,39.57207910568628,14.0,1.0,0.04,0.0,0.04,0.04,25,300,2.1457672971791908e-08,1.0,1.0,3.582254137768359e-08
pure_top_k,0.1,1.0,30,39,1.0,1.0,0.25,1.0,1.0,0.0,0.2773295683134347,39.67702072231573,8.0,1.0,0.04,0.0,0.04,0.04,25,300,4.7683716530855236e-08,1.0,1.0,5.849796380630323e-08
pure_top_k,0.1,1.0,30,40,0.5,0.0,0.26,0.936,1.0,0.0,0.4457449307758361,38.11680961393565,14.96,1.0,0.08,0.028235294117647,0.0454545454545454,0.0515759312320916,25,300,0.0021553507540374994,1.0,0.9978446364402771,0.00732136145234108
pure_top_k,0.1,1.0,30,41,1.0,1.0,0.25,1.0,0.0,0.0,0.078597120642662,38.26833928914955,1.0,1.0,0.04,0.0,0.04,,25,300,8.583069188716763e-08,1.0,1.0,1.013214472322943e-07
pure_top_k,0.1,1.0,30,42,0.0,0.0,0.0,1.0,1.0,0.0,0.104826869899407,38.3006363417458,2.0,1.0,0.04,0.0,0.04,0.04,25,300,3.814697180359872e-08,1.0,1.0,4.776338613510234e-08
pure_top_k,0.1,1.0,30,43,0.84,0.68,0.51,1.0,0.68,0.0,0.3407531868387013,39.52057310852976,6.4,1.0,0.12,0.4185925925925925,0.0625,0.0814814814814814,25,300,0.13948041200637817,0.5466666666666666,0.8605195879936218,0.15292154252529144
pure_top_k,0.1,1.0,30,44,1.0,1.0,0.25,1.0,0.0,0.0,0.0582543113362043,38.80519634943707,1.0,1.0,0.08,0.0,0.04,,25,300,0.04002431780099869,0.62,0.9599756598472595,0.051209792494773865
pure_top_k,0.1,1.0,30,45,0.2,0.08,0.33,0.9339710609785572,1.0,0.0,0.8904858072288334,38.88352963922784,27.24,0.8,0.36,0.4540780342371007,0.1436699857752489,0.2551622418879056,25,300,0.10530027747154236,0.41333333333333333,0.8946996927261353,0.09516913443803787
pure_top_k,0.1,1.0,30,46,1.0,1.0,0.75,1.0,1.0,0.0,0.4176787616219372,38.390157319548145,14.0,1.0,0.04,0.0,0.04,0.04,25,300,0.0,1.0,1.0,0.0
pure_top_k,0.1,1.0,30,47,0.78,0.6,0.65,0.9225727294148346,0.99875,0.0,0.9123808311577888,36.678453926110535,27.76,1.0,0.36,0.4962494054318787,0.1045845272206303,0.1842496285289747,25,300,0.09421005845069885,0.23,0.9057899117469788,0.0568959005177021
pure_top_k,0.1,1.0,30,48,0.5,0.0,0.0,1.0,1.0,0.0,0.1339962136466055,37.41713311971379,2.0,1.0,0.04,0.0,0.04,0.04,25,300,9.298324243900424e-08,1.0,1.0,1.0061536670491478e-07
pure_top_k,0.1,1.0,30,49,0.0,0.0,0.0,1.0,0.0,0.0,0.0795766768883913,37.80077884233098,1.0,1.0,0.04,0.0,0.04,,25,300,0.0,1.0,1.0,0.0
pure_top_k,0.3,1.0,10,0,1.0,1.0,0.52,0.9969230769230768,1.0,0.0,0.4298741993308067,43.446740622771074,14.6,1.0,0.12,0.0752248677248677,0.0794520547945205,0.1029411764705882,25,300,0.0128493532538414,0.92,0.9871506690979004,0.035265933722257614
pure_top_k,0.3,1.0,10,1,0.0,0.0,0.25,1.0,1.0,0.0,0.1931887007784098,43.064970143524505,6.16,1.0,0.2,0.2685502645502646,0.0779220779220779,0.1162790697674418,25,300,0.022517165169119835,0.8533333333333334,0.977482795715332,0.027225540950894356
pure_top_k,0.3,1.0,10,2,0.58,0.16,0.33,0.9973333333333332,1.0,0.0,0.3387831377703696,43.80167609066757,11.44,1.0,0.52,0.7100527497038812,0.1958041958041958,0.2873563218390804,25,300,0.2393645942211151,0.23666666666666666,0.7606354355812073,0.14924578368663788
pure_top_k,0.3,1.0,10,3,0.0,0.0,0.25,1.0,1.0,0.0,0.1817915877420455,43.57872011550754,5.92,1.0,0.2,0.2838280423280423,0.0675675675675675,0.0975609756097561,25,300,0.042256489396095276,0.72,0.9577435255050659,0.063227578997612
pure_top_k,0.3,1.0,10,4,0.0,0.0,0.25,1.0,0.88,0.0,0.0885878705140202,43.799612342652,1.88,1.0,0.08,0.11,0.0425531914893617,0.0454545454545454,25,300,0.05276060104370117,0.78,0.9472394585609436,0.09951073676347733
pure_top_k,0.3,1.0,10,5,0.0,0.0,0.0,1.0,1.0,0.0,0.0686426349077373,43.704777006599485,2.0,1.0,0.04,0.0,0.04,0.04,25,300,1.9073486612342094e-07,1.0,0.9999998211860657,1.3562194567384722e-07
pure_top_k,0.3,1.0,10,6,0.54,0.36,0.61,0.9182675585912428,0.9989743589743588,0.0,0.8369055509380996,43.53995076901336,31.08,0.84,0.68,0.5182997617463159,0.1148387096774193,0.1946666666666666,25,300,0.1206812635064125,0.20333333333333334,0.8793187737464905,0.0711960643529892
pure_top_k,0.3,1.0,10,7,0.04,0.0,0.44,0.9591663776196284,1.0,0.0,0.5357045853883028,43.75552779687541,16.36,1.0,0.52,0.5878311847098451,0.1422121896162528,0.2822966507177033,25,300,0.06245389208197594,0.3566666666666667,0.9375461935997009,0.03500231355428696
pure_top_k,0.3,1.0,10,8,0.08,0.08,0.06,0.989090909090909,0.0761904761904762,0.0,0.0914023576863109,43.71523530096744,2.68,1.0,0.08,0.1533333333333333,0.2835820895522388,0.4523809523809524,25,300,0.07894017547369003,0.8466666666666667,0.921059787273407,0.1858064830303192
pure_top_k,0.3,1.0,10,9,0.0,0.0,0.0,1.0,0.0,0.0,0.0689304056577384,43.55433983952165,1.0,1.0,0.04,0.0,0.04,,25,300,0.0,1.0,1.0,0.0
pure_top_k,0.3,1.0,10,10,1.0,1.0,0.75,0.9574432217921062,1.0,0.0,0.7395739059522748,43.496771898542136,27.0,1.0,0.48,0.2161010818698065,0.0755555555555555,0.1184615384615384,25,300,0.011449746787548065,1.0,0.9885501861572266,0.01376490667462349
pure_top_k,0.3,1.0,10,11,0.0,0.0,0.37,0.9767606306736742,0.4,0.0,0.2649301189929247,43.773044776660065,7.96,1.0,0.16,0.510793956043956,0.1179245283018868,0.1550802139037433,25,300,0.2519929111003876,0.5,0.7480071187019348,0.24781754612922668
pure_top_k,0.3,1.0,10,12,0.5,0.04,0.51,0.9967224080267556,1.0,0.0,0.4421604906022549,43.78140640506493,14.28,1.0,0.16,0.1716373761123407,0.1400560224089636,0.1837349397590361,25,300,0.030989615246653557,0.8433333333333334,0.9690104126930237,0.06394651532173157
pure_top_k,0.3,1.0,10,13,0.4,0.0,0.25,1.0,1.0,0.0,0.1940051460824906,43.49065941471586,6.44,1.0,0.16,0.3370406445406445,0.1118012422360248,0.1470588235294117,25,300,0.05895498767495155,0.5433333333333333,0.9410451054573059,0.06732188165187836
pure_top_k,0.3,1.0,10,14,0.5,0.0,0.0,1.0,0.0,0.0,0.0690743646305054,43.44480932664282,1.0,1.0,0.04,0.0,0.04,,25,300,0.0,1.0,1.0,0.0
pure_top_k,0.3,1.0,10,15,1.0,1.0,0.25,1.0,1.0,0.0,0.1896540418267249,43.66240701027845,6.28,1.0,0.12,0.0903535353535353,0.0764331210191082,0.0909090909090909,25,300,0.0050798156298696995,1.0,0.9949202537536621,0.01199505478143692
pure_top_k,0.3,1.0,10,16,0.0,0.0,0.25,1.0,1.0,0.0,0.3980641985032707,42.94361086880151,8.04,1.0,0.08,0.0333333333333333,0.0530973451327433,0.0646766169154228,25,300,0.002210574457421899,1.0,0.9977893829345703,0.007508588023483753
pure_top_k,0.3,1.0,10,17,0.0,0.0,0.25,0.9733650793650794,1.0,0.0,0.4975777437258512,43.5775918530816,17.36,1.0,0.28,0.1753956623585106,0.0599078341013824,0.0855745721271393,25,300,0.028670305386185646,0.7033333333333334,0.9713297486305237,0.04125521704554558
pure_top_k,0.3,1.0,10,18,0.62,0.36,0.51,0.9410340795260232,0.9989189189189188,0.0,0.724306091889739,43.13488291100021,25.72,0.72,0.84,0.6885689136234097,0.1919504643962848,0.357487922705314,25,300,0.1503078043460846,0.07,0.849692165851593,0.05709967389702797
pure_top_k,0.3,1.0,10,19,1.0,1.0,0.25,1.0,0.0,0.0,0.0458986690361052,43.59679544908435,1.0,1.0,0.04,0.0,0.04,,25,300,0.0,1.0,1.0,0.0
pure_top_k,0.3,1.0,10,20,0.58,0.16,0.54,0.9779444444444444,1.0,0.0,0.3342902893479913,43.6609780039241,12.28,1.0,0.32,0.3296992685963274,0.1074918566775244,0.1773049645390071,25,300,0.0455944687128067,0.5833333333333334,0.9544055461883545,0.041627317667007446
pure_top_k,0.3,1.0,10,21,0.08,0.0,0.45,0.9692434895137816,1.0,0.0,0.5748315787967294,43.70083423939062,16.32,1.0,0.96,0.5262776336346846,0.1418092909535452,0.2734375,25,300,0.12036196142435074,0.17,0.8796379566192627,0.06557910144329071
pure_top_k,0.3,1.0,10,22,0.38,0.0,0.26,0.9044509963253172,0.9937343260188088,0.0,1.1006100666895509,43.51057404729237,32.0,0.12,0.88,0.4952072441295533,0.1203007518796992,0.2018111254851229,25,300,0.10514499992132187,0.12,0.8948549628257751,0.04614201560616493
pure_top_k,0.3,1.0,10,23,0.48,0.0,0.22,1.0,1.0,0.0,0.1635970408748835,43.76586672395103,3.0,1.0,0.16,0.1533333333333333,0.0933333333333333,0.1,25,300,0.06438558548688889,0.7733333333333333,0.9356144070625305,0.14680372178554535
pure_top_k,0.3,1.0,10,24,0.0,0.0,0.29,0.914029632936922,1.0,0.0,0.8640475407987833,37.693832984255515,22.24,0.96,0.8,0.6623663954640027,0.198076923076923,0.3696969696969697,25,300,0.18516583740711212,0.06333333333333334,0.8148341774940491,0.07426489889621735
pure_top_k,0.3,1.0,10,25,1.0,1.0,0.75,1.0,1.0,0.0,0.2238923057075589,39.15955973379209,4.88,1.0,0.2,0.1379999999999999,0.0573770491803278,0.0927835051546391,25,300,0.022867945954203606,0.9,0.9771320819854736,0.03215323016047478
pure_top_k,0.3,1.0,10,26,1.0,1.0,0.88,0.8873610129001434,0.9702100154274066,0.0,1.1310416402760892,39.81457137501907,24.92,0.44,0.72,0.3115039168777012,0.06266318537859,0.1120107962213225,25,300,0.020988482981920242,0.92,0.9790115356445312,0.029969900846481323
pure_top_k,0.3,1.0,10,27,0.2,0.04,0.23,1.0,1.0,0.0,0.1841777627449482,39.18842670736976,4.64,1.0,0.32,0.5607619047619048,0.2068965517241379,0.2527472527472527,25,300,0.18339873850345612,0.36333333333333334,0.8166012167930603,0.15424573421478271
pure_top_k,0.3,1.0,10,28,0.0,0.0,0.25,0.8974416433239963,1.0,0.0,0.9030077982600778,38.590989196587245,16.16,1.0,0.28,0.3038606497854209,0.058695652173913,0.0850574712643678,25,300,0.06847348064184189,0.6433333333333333,0.9315266013145447,0.07118271291255951
pure_top_k,0.3,1.0,10,29,0.42,0.0,0.34,0.9520277171413444,1.0,0.0,1.17233530103229,39.60201499086374,34.24,0.2,0.8,0.6289684421369194,0.1475029036004645,0.277511961722488,25,300,0.14374318718910217,0.12333333333333334,0.8562568426132202,0.08643326908349991
pure_top_k,0.3,1.0,10,30,0.04,0.0,0.32,0.992,1.0,0.0,0.4235030243638903,39.418869608477834,8.0,1.0,0.36,0.2491974506974507,0.105,0.16,25,300,0.04625655338168144,0.5466666666666666,0.9537433981895447,0.04562852904200554
pure_top_k,0.3,1.0,10,31,0.0,0.0,0.0,1.0,0.0,0.0,0.0506998656876384,39.52311175560573,1.0,1.0,0.04,0.0,0.04,,25,300,1.4305114426349519e-08,1.0,1.0,5.066072361614715e-08
pure_top_k,0.3,1.0,10,32,0.0,0.0,0.53,0.9901114827201783,1.0,0.0,0.5373855535872281,38.91724558524641,11.12,0.96,0.48,0.4363628564498555,0.1366906474820144,0.2134387351778656,25,300,0.042505670338869095,0.5566666666666666,0.95749431848526,0.025073299184441566
pure_top_k,0.3,1.0,10,33,0.5,0.0,0.75,1.0,1.0,0.0,0.3954023610521108,38.035538412480626,8.0,1.0,0.04,0.0,0.04,0.04,25,300,0.0,1.0,1.0,0.0
pure_top_k,0.3,1.0,10,34,0.44,0.44,0.58,1.0,0.44,0.0,0.1651111003011464,37.35343225809047,3.64,1.0,0.12,0.5281481481481481,0.1098901098901098,0.1363636363636363,25,300,0.21387988328933716,0.4866666666666667,0.7861201167106628,0.20817624032497406
pure_top_k,0.3,1.0,10,35,1.0,1.0,0.25,1.0,1.0,0.0,0.4777248072437942,37.7464983492577,11.0,1.0,0.08,0.0466666666666666,0.0436363636363636,0.048,25,300,0.000881106243468821,1.0,0.999118983745575,0.0014151446521282196
pure_top_k,0.3,1.0,10,36,0.96,0.96,0.25,1.0,1.0,0.0,0.3620810000319034,38.926459785061496,12.08,1.0,0.12,0.0334893162393162,0.0529801324503311,0.0649819494584837,25,300,0.0022623103577643633,1.0,0.9977376461029053,0.007502761669456959
pure_top_k,0.3,1.0,10,37,0.5,0.0,0.0,1.0,1.0,0.0,0.3278000913653522,39.68388056236522,11.0,1.0,0.08,0.0133333333333333,0.0436363636363636,0.048,25,300,0.0006105409120209515,1.0,0.9993894696235657,0.0020738476887345314
pure_top_k,0.3,1.0,10,38,0.5,0.0,0.5,1.0,1.0,0.0,0.4123031671438366,38.835716744164,14.0,1.0,0.08,0.0106666666666666,0.0428571428571428,0.0461538461538461,25,300,0.0008853100007399917,1.0,0.9991146922111511,0.0030071751680225134
pure_top_k,0.3,1.0,10,39,0.98,0.96,0.26,0.9982608695652172,1.0,0.0,0.3057759132049977,38.67460550152675,8.72,1.0,0.16,0.193004958004958,0.1513761467889908,0.2072538860103626,25,300,0.025172261521220207,0.92,0.9748277068138123,0.0684426948428154
pure_top_k,0.3,1.0,10,40,0.6,0.2,0.38,0.9483745903219588,1.0,0.0,0.4675304492935538,39.798821551156394,16.4,1.0,0.48,0.3503732481932102,0.0878048780487804,0.1168831168831168,25,300,0.0722302719950676,0.5833333333333334,0.9277697801589966,0.07257714867591858
pure_top_k,0.3,1.0,10,41,1.0,1.0,0.25,1.0,0.0,0.0,0.0768309565354138,38.164953249801464,1.0,1.0,0.08,0.0,0.04,,25,300,0.012819782830774784,0.8466666666666667,0.9871801733970642,0.03017454594373703
pure_top_k,0.3,1.0,10,42,0.0,0.0,0.0,1.0,1.0,0.0,0.1071636099368333,37.392766059226325,2.0,1.0,0.04,0.0,0.04,0.04,25,300,3.814697180359872e-08,1.0,1.0,4.776338613510234e-08
pure_top_k,0.3,1.0,10,43,0.76,0.52,0.39,0.9969230769230768,0.52,0.0,0.3029664344713091,39.07318899957779,5.24,1.0,0.16,0.5011111111111111,0.1068702290076335,0.1509433962264151,25,300,0.16177339851856232,0.48,0.8382264971733093,0.15239427983760834
pure_top_k,0.3,1.0,10,44,1.0,1.0,0.25,1.0,0.0,0.0,0.0643845493625849,38.104064631377554,1.0,1.0,0.08,0.0,0.04,,25,300,0.0540679432451725,0.4866666666666667,0.9459320306777954,0.052732814103364944
pure_top_k,0.3,1.0,10,45,0.44,0.32,0.5,0.9493875201626918,0.9989743589743588,0.0,0.8471923197060823,38.83563793706835,26.28,0.8,0.8,0.6414278380307622,0.1586826347305389,0.2954898911353033,25,300,0.16312649846076965,0.11333333333333333,0.836873471736908,0.07739932090044022
pure_top_k,0.3,1.0,10,46,1.0,1.0,0.75,1.0,1.0,0.0,0.4176831718813628,38.365539990203594,14.0,1.0,0.04,0.0,0.04,0.04,25,300,0.0,1.0,1.0,0.0
pure_top_k,0.3,1.0,10,47,0.7,0.6,0.65,0.92091886671861,0.9967124183006536,0.0,1.0251445074472576,37.45647226136502,31.56,0.92,0.72,0.5965719925343818,0.1464646464646464,0.2777053455019557,25,300,0.11182422935962677,0.1,0.8881758451461792,0.04711452126502991
pure_top_k,0.3,1.0,10,48,0.5,0.0,0.0,1.0,1.0,0.0,0.1322344338428228,37.902383858856595,2.0,1.0,0.04,0.0,0.04,0.04,25,300,9.298324243900424e-08,1.0,1.0,1.0061536670491478e-07
pure_top_k,0.3,1.0,10,49,0.0,0.0,0.0,1.0,0.0,0.0,0.082704257974401,36.06754130451851,1.0,1.0,0.08,0.0,0.04,,25,300,0.008426171727478504,0.92,0.9915738105773926,0.028622280806303024
pure_top_k,0.3,1.0,15,0,1.0,1.0,0.54,0.9930608695652174,1.0,0.0,0.4478948350250721,43.1369670954834,15.16,1.0,0.2,0.157922002094191,0.0923482849604221,0.1468926553672316,25,300,0.025204183533787727,0.8433333333333334,0.9747958183288574,0.04804106429219246
pure_top_k,0.3,1.0,15,1,0.04,0.0,0.25,1.0,1.0,0.0,0.1895212126243859,43.26664198028925,6.16,1.0,0.24,0.2788483738483738,0.1038961038961039,0.1550387596899224,25,300,0.018390202894806862,0.9133333333333333,0.9816098213195801,0.02137286216020584
pure_top_k,0.3,1.0,15,2,0.54,0.08,0.3,0.9971428571428572,1.0,0.0,0.3171713658608496,43.27482256900677,10.44,1.0,0.52,0.7031635589351598,0.2404580152671755,0.3586497890295358,25,300,0.21015657484531403,0.21666666666666667,0.7898434400558472,0.13499411940574646
pure_top_k,0.3,1.0,15,3,0.0,0.0,0.25,1.0,1.0,0.0,0.1811870830971747,43.7126267977805,5.92,1.0,0.16,0.2291269841269841,0.0608108108108108,0.089430894308943,25,300,0.02253519371151924,0.8466666666666667,0.9774647951126099,0.04470372945070267
pure_top_k,0.3,1.0,15,4,0.0,0.0,0.25,1.0,0.96,0.0,0.0904671350587158,43.77275346277137,1.96,1.0,0.08,0.04,0.0408163265306122,0.0416666666666666,25,300,0.019185736775398254,0.92,0.9808143377304077,0.06517037749290466
pure_top_k,0.3,1.0,15,5,0.0,0.0,0.0,1.0,1.0,0.0,0.0685190356802195,43.78355502414121,2.0,1.0,0.04,0.0,0.04,0.04,25,300,1.9073486612342094e-07,1.0,0.9999998211860657,1.3562194567384722e-07
pure_top_k,0.3,1.0,15,6,0.52,0.44,0.61,0.9137936818152468,0.9962857142857144,0.0,0.8551493819709868,43.77428949692093,31.84,0.92,0.72,0.5573681334662818,0.1206030150753768,0.2075226977950713,25,300,0.1205461397767067,0.14333333333333334,0.8794538378715515,0.06329808384180069
pure_top_k,0.3,1.0,15,7,0.0,0.0,0.47,0.960626246302717,1.0,0.0,0.572728350572288,43.67268917929902,17.88,1.0,0.6,0.577781260053978,0.1309771309771309,0.2960526315789473,25,300,0.06223306059837341,0.3433333333333333,0.9377670288085938,0.031745053827762604
pure_top_k,0.3,1.0,15,8,0.0,0.0,0.0,1.0,0.0,0.0,0.0456519545428454,43.81003542136621,1.0,1.0,0.04,0.0,0.04,,25,300,3.099441414633475e-08,1.0,1.0,5.970423444523476e-08
pure_top_k,0.3,1.0,15,9,0.0,0.0,0.0,1.0,0.0,0.0,0.0683050574176013,43.9219592133388,1.0,1.0,0.04,0.0,0.04,,25,300,0.0,1.0,1.0,0.0
pure_top_k,0.3,1.0,15,10,1.0,1.0,0.75,0.9569120722264738,1.0,0.0,0.7274668627139181,43.60865891635401,26.68,1.0,0.36,0.1255919516314971,0.0674662668665667,0.1012461059190031,25,300,0.007197903003543615,0.9966666666666667,0.9928021430969238,0.01284030731767416
pure_top_k,0.3,1.0,15,11,0.0,0.0,0.31,0.9839234485321442,0.28,0.0,0.2054749311134218,43.7497225619542,5.84,1.0,0.2,0.4143019943019943,0.1677419354838709,0.2538461538461538,25,300,0.2121191918849945,0.58,0.7878808379173279,0.24755248427391052
pure_top_k,0.3,1.0,15,12,0.5,0.08,0.5,0.99441647597254,1.0,0.0,0.4523545744922012,43.700195277164255,14.52,1.0,0.32,0.3284850921160529,0.1212121212121212,0.1745562130177514,25,300,0.06026624143123627,0.58,0.9397336840629578,0.07453641295433044
pure_top_k,0.3,1.0,15,13,0.36,0.0,0.26,0.996,1.0,0.0,0.2197463524993509,43.15747591867888,7.24,1.0,0.2,0.5080436857604039,0.1712707182320442,0.2307692307692307,25,300,0.09030242264270782,0.39,0.9096975922584534,0.07913702726364136
pure_top_k,0.3,1.0,15,14,0.5,0.0,0.0,1.0,0.0,0.0,0.068566091749817,43.75370427880272,1.0,1.0,0.04,0.0,0.04,,25,300,0.0,1.0,1.0,0.0
pure_top_k,0.3,1.0,15,15,1.0,1.0,0.27,0.998095238095238,1.0,0.0,0.2081825215835124,43.58322371212782,6.72,1.0,0.12,0.1077999999999999,0.1488095238095238,0.2097902097902098,25,300,0.024012543261051178,0.92,0.975987434387207,0.07363446056842804
pure_top_k,0.3,1.0,15,16,0.0,0.0,0.25,1.0,1.0,0.0,0.396456503951922,43.01338535053967,8.0,1.0,0.08,0.0159999999999999,0.0444444444444444,0.045,25,300,0.0002561213623266667,1.0,0.9997439384460449,0.0008696415461599827
pure_top_k,0.3,1.0,15,17,0.0,0.0,0.26,0.9733333333333332,1.0,0.0,0.5219756860844791,42.38008432721139,17.52,1.0,0.32,0.2222297588892016,0.0684931506849315,0.1016949152542373,25,300,0.035578638315200806,0.71,0.9644213914871216,0.045285388827323914
pure_top_k,0.3,1.0,15,18,0.74,0.48,0.55,0.916783281502923,1.0,0.0,0.9332451979536563,41.5171201039675,32.28,0.6,0.72,0.6459361689779983,0.1617283950617284,0.2878980891719745,25,300,0.158749058842659,0.15333333333333332,0.8412509560585022,0.08959304541349411
pure_top_k,0.3,1.0,15,19,1.0,1.0,0.25,1.0,0.0,0.0,0.045762976668775,43.705511062455024,1.0,1.0,0.04,0.0,0.04,,25,300,0.0,1.0,1.0,0.0
pure_top_k,0.3,1.0,15,20,0.56,0.12,0.55,0.9852894736842106,1.0,0.0,0.3307259896304458,43.780518465265295,12.08,1.0,0.28,0.3831122043528828,0.1059602649006622,0.1768953068592057,25,300,0.05443209782242775,0.4633333333333333,0.9455678462982178,0.04150304198265076
pure_top_k,0.3,1.0,15,21,0.04,0.0,0.39,0.9789738624546808,1.0,0.0,0.534032075246796,43.68583082040036,14.88,1.0,0.64,0.4557264729752144,0.1424731182795699,0.2564841498559078,25,300,0.093043752014637,0.23666666666666666,0.9069562554359436,0.06766092777252197
pure_top_k,0.3,1.0,15,22,0.46,0.0,0.26,0.8981985173889061,0.9987096774193548,0.0,1.1128869340289385,42.297882162563965,31.96,0.12,0.88,0.5005043739619837,0.1196473551637279,0.2158647594278283,25,300,0.09534551948308945,0.10333333333333333,0.9046545624732971,0.03522438183426857
pure_top_k,0.3,1.0,15,23,0.46,0.0,0.25,1.0,1.0,0.0,0.1836190843116492,43.68967864941813,3.72,1.0,0.12,0.155,0.2043010752688172,0.25,25,300,0.08275480568408966,0.8433333333333334,0.9172451496124268,0.19387218356132507
pure_top_k,0.3,1.0,15,24,0.02,0.0,0.34,0.9117410316709506,0.9988888888888888,0.0,0.7908879251312464,43.32789083535524,24.36,0.92,0.84,0.6882832023036893,0.1865284974093264,0.3574007220216607,25,300,0.17394278943538666,0.05333333333333334,0.8260571956634521,0.07048565149307251
pure_top_k,0.3,1.0,15,25,0.98,0.96,0.74,1.0,1.0,0.0,0.2274608993064611,38.916266402002805,4.92,1.0,0.24,0.2041111111111111,0.065040650406504,0.1122448979591836,25,300,0.032708678394556046,0.8433333333333334,0.9672913551330566,0.032248903065919876
pure_top_k,0.3,1.0,15,26,1.0,1.0,0.84,0.8761656891755067,0.9817328753760538,0.0,1.1496646965760735,39.70876273678855,26.28,0.32,0.76,0.3867138652040504,0.0732323232323232,0.135593220338983,25,300,0.025301793590188026,0.92,0.9746981859207153,0.04046724736690521
pure_top_k,0.3,1.0,15,27,0.18,0.0,0.2,1.0,1.0,0.0,0.1895042688492685,39.39751009375264,4.64,1.0,0.24,0.5635396825396826,0.1896551724137931,0.2637362637362637,25,300,0.1723061054944992,0.39,0.8276938796043396,0.15176822245121002
pure_top_k,0.3,1.0,15,28,0.0,0.0,0.26,0.8917024587612822,1.0,0.0,0.8953455100487918,39.43833528620516,16.8,1.0,0.28,0.3587470468368907,0.0741525423728813,0.0961968680089485,25,300,0.10214121639728546,0.44333333333333336,0.8978587985038757,0.08331691473722458
pure_top_k,0.3,1.0,15,29,0.4,0.0,0.31,0.9646885796057824,1.0,0.0,1.197241552071646,39.6549261844805,35.52,0.04,0.8,0.572760148518467,0.148314606741573,0.2485549132947976,25,300,0.13692064583301544,0.26666666666666666,0.8630794286727905,0.09985344856977463
pure_top_k,0.3,1.0,15,30,0.08,0.0,0.32,0.992,1.0,0.0,0.3787071113754063,38.88340450189075,7.72,1.0,0.24,0.1697650497650497,0.082901554404145,0.1130952380952381,25,300,0.026043377816677094,0.7133333333333334,0.9739567041397095,0.03145720437169075
pure_top_k,0.3,1.0,15,31,0.0,0.0,0.0,1.0,0.0,0.0,0.0513724558707326,38.97796026052775,1.0,1.0,0.04,0.0,0.04,,25,300,1.4305114426349519e-08,1.0,1.0,5.066072361614715e-08
pure_top_k,0.3,1.0,15,32,0.0,0.0,0.54,0.974019314019314,1.0,0.0,0.5354155904240906,38.884560584032045,10.84,1.0,0.56,0.4442768915638885,0.1245421245421245,0.1854838709677419,25,300,0.0426802895963192,0.49,0.9573197364807129,0.021975940093398094
pure_top_k,0.3,1.0,15,33,0.5,0.0,0.74,1.0,1.0,0.0,0.3828834917303175,39.32564926807285,8.0,1.0,0.08,0.032,0.05,0.0685714285714285,25,300,0.009954539127647877,0.92,0.9900454878807068,0.03381389006972313
pure_top_k,0.3,1.0,15,34,0.32,0.32,0.49,1.0,0.36,0.0,0.1415695137903093,39.25362596800189,2.96,1.0,0.12,0.5066666666666667,0.1351351351351351,0.1428571428571428,25,300,0.21460866928100586,0.49333333333333335,0.7853912711143494,0.21552839875221252
pure_top_k,0.3,1.0,15,35,1.0,1.0,0.27,0.9968,1.0,0.0,0.4737738014850765,39.4031599716589,11.56,1.0,0.12,0.0773550724637681,0.0830449826989619,0.0984848484848484,25,300,0.005525842308998108,0.92,0.9944741725921631,0.01638159528374672
pure_top_k,0.3,1.0,15,36,0.88,0.88,0.27,0.995,0.9974193548387098,0.0013333333333333,0.3905603648070246,40.02837812169674,13.04,0.96,0.16,0.1330284767526146,0.1151515151515151,0.140983606557377,25,300,0.01955599896609783,0.8433333333333334,0.9804439544677734,0.03737287223339081
pure_top_k,0.3,1.0,15,37,0.5,0.0,0.0,0.99,1.0,0.0,0.3330582263227552,39.42490646216156,11.12,1.0,0.12,0.1059523809523809,0.0539568345323741,0.0711462450592885,25,300,0.011608554981648922,0.78,0.9883913993835449,0.02070039138197899
pure_top_k,0.3,1.0,15,38,0.5,0.0,0.5,1.0,1.0,0.0,0.4216018825490027,37.99979269147696,14.0,1.0,0.08,0.0106666666666666,0.0428571428571428,0.0461538461538461,25,300,0.0008853100007399917,1.0,0.9991148114204407,0.0030071749351918697
pure_top_k,0.3,1.0,15,39,1.0,1.0,0.25,1.0,1.0,0.0,0.284817274119705,38.95264356982588,8.08,1.0,0.08,0.04,0.0594059405940594,0.0734463276836158,25,300,0.0012478746939450502,1.0,0.9987521171569824,0.004238657187670469
pure_top_k,0.3,1.0,15,40,0.54,0.08,0.31,0.9521804511278196,1.0,0.0,0.4473369353916496,37.60574753409088,14.72,1.0,0.32,0.273288872283572,0.0760869565217391,0.0991253644314868,25,300,0.05154331773519516,0.6466666666666666,0.9484567046165466,0.06473544985055923
pure_top_k,0.3,1.0,15,41,1.0,1.0,0.25,1.0,0.0,0.0,0.0812393584568053,36.58093356854577,1.0,1.0,0.08,0.0,0.04,,25,300,0.00668862322345376,0.92,0.9933114647865295,0.022719833999872208
pure_top_k,0.3,1.0,15,42,0.0,0.0,0.0,1.0,1.0,0.0,0.1030196637846529,38.93258540113419,2.0,1.0,0.04,0.0,0.04,0.04,25,300,3.814697180359872e-08,1.0,1.0,4.776338613510234e-08
pure_top_k,0.3,1.0,15,43,0.72,0.44,0.33,0.9969230769230768,0.44,0.0,0.2799074007477611,39.49123700455778,4.68,1.0,0.12,0.4742592592592592,0.1196581196581196,0.1739130434782608,25,300,0.16022227704524994,0.4866666666666667,0.8397777080535889,0.15401393175125122
pure_top_k,0.3,1.0,15,44,1.0,1.0,0.25,1.0,0.0,0.0,0.0642213778290897,38.32288461745313,1.0,1.0,0.08,0.0,0.04,,25,300,0.0540679432451725,0.4866666666666667,0.9459320306777954,0.052732814103364944
pure_top_k,0.3,1.0,15,45,0.46,0.32,0.48,0.9194245718024164,1.0,0.0,0.9521058355271816,38.859741161719946,29.8,0.68,0.72,0.6542741430160495,0.1492734478203434,0.3019125683060109,25,300,0.15093044936656952,0.14333333333333334,0.8490695953369141,0.07300408184528351
pure_top_k,0.3,1.0,15,46,1.0,1.0,0.75,1.0,1.0,0.0,0.4160128035582602,38.52500399596632,14.0,1.0,0.04,0.0,0.04,0.04,25,300,0.0,1.0,1.0,0.0
pure_top_k,0.3,1.0,15,47,0.78,0.64,0.68,0.8822613166630383,0.995946117639314,0.0,1.0177198051381855,38.30978984853843,32.92,0.68,0.88,0.5407534194252734,0.1501210653753026,0.3108614232209737,25,300,0.1034345030784607,0.15,0.8965655565261841,0.04545534774661064
pure_top_k,0.3,1.0,15,48,0.5,0.0,0.0,1.0,1.0,0.0,0.1295865285862237,38.63330858272673,2.0,1.0,0.04,0.0,0.04,0.04,25,300,9.298324243900424e-08,1.0,1.0,1.0061536670491478e-07
pure_top_k,0.3,1.0,15,49,0.0,0.0,0.0,1.0,0.0,0.0,0.0819052753597497,36.73331746212675,1.0,1.0,0.04,0.0,0.04,,25,300,0.0,1.0,1.0,0.0
pure_top_k,0.3,1.0,20,0,1.0,1.0,0.53,0.9937230769230768,1.0,0.0,0.453127719014883,42.38772867419425,15.0,1.0,0.16,0.1128108921729611,0.0826666666666666,0.1142857142857142,25,300,0.021015850827097893,0.8466666666666667,0.9789841771125793,0.04811942204833031
pure_top_k,0.3,1.0,20,1,0.0,0.0,0.25,1.0,1.0,0.0,0.1881950351316481,43.782689786271405,6.12,1.0,0.2,0.2716693121693121,0.0915032679738562,0.140625,25,300,0.023814551532268524,0.8433333333333334,0.9761853814125061,0.033115312457084656
pure_top_k,0.3,1.0,20,2,0.56,0.12,0.32,1.0,1.0,0.0,0.3218983139004558,43.741975176470326,10.8,1.0,0.52,0.7552211602066276,0.2185185185185185,0.2979591836734694,25,300,0.2371932417154312,0.15333333333333332,0.7628068327903748,0.1378527581691742
pure_top_k,0.3,1.0,20,3,0.0,0.0,0.25,1.0,1.0,0.0,0.1809026671294122,43.7804273531788,5.92,1.0,0.12,0.1538095238095237,0.0472972972972973,0.065040650406504,25,300,0.0034497324377298355,1.0,0.9965503215789795,0.003980066627264023
pure_top_k,0.3,1.0,20,4,0.0,0.0,0.25,1.0,1.0,0.0,0.0917190870177,43.62431508354346,2.0,1.0,0.04,0.0,0.04,0.04,25,300,9.536743306171047e-08,1.0,1.0,1.1699592761260647e-07
pure_top_k,0.3,1.0,20,5,0.0,0.0,0.0,1.0,1.0,0.0,0.0685699393134563,43.75105682115402,2.0,1.0,0.04,0.0,0.04,0.04,25,300,1.9073486612342094e-07,1.0,0.9999998211860657,1.3562194567384722e-07
pure_top_k,0.3,1.0,20,6,0.4,0.28,0.57,0.919141675953486,1.0,0.0,0.8411873113084585,43.746650979563654,31.44,0.88,0.4,0.4754483700888997,0.1048593350383631,0.1690885072655218,25,300,0.12239191681146622,0.29,0.8776081204414368,0.08340393751859665
pure_top_k,0.3,1.0,20,7,0.04,0.0,0.43,0.9677248085248086,1.0,0.0,0.5563652070891112,43.73503152374084,16.68,1.0,0.64,0.5840438711014873,0.1577777777777777,0.3058823529411765,25,300,0.061885520815849304,0.33666666666666667,0.9381145238876343,0.03190755099058151
pure_top_k,0.3,1.0,20,8,0.0,0.0,0.0,1.0,0.0,0.0,0.0457423248048871,43.72583303412824,1.0,1.0,0.04,0.0,0.04,,25,300,3.099441414633475e-08,1.0,1.0,5.970423444523476e-08
pure_top_k,0.3,1.0,20,9,0.0,0.0,0.0,1.0,0.0,0.0,0.0689041104819625,43.56036037091429,1.0,1.0,0.04,0.0,0.04,,25,300,0.0,1.0,1.0,0.0
pure_top_k,0.3,1.0,20,10,1.0,1.0,0.75,0.9604322625012278,1.0,0.0,0.7139727458078414,43.75473132157901,26.2,1.0,0.28,0.0760938443202505,0.0549618320610687,0.0777777777777777,25,300,0.0034371057990938425,1.0,0.9965628981590271,0.006683627609163523
pure_top_k,0.3,1.0,20,11,0.0,0.0,0.31,0.9790117853161332,0.36,0.0,0.2393471477925777,43.75693207975752,7.12,1.0,0.32,0.4825510378510377,0.1542553191489361,0.2515337423312883,25,300,0.24197909235954285,0.52,0.7580209374427795,0.24866919219493866
pure_top_k,0.3,1.0,20,12,0.36,0.0,0.5,1.0,1.0,0.0,0.4816862441413104,43.58929858745787,15.52,1.0,0.28,0.3587833755455833,0.1005154639175257,0.1239669421487603,25,300,0.0449836365878582,0.49666666666666665,0.9550162553787231,0.04281316697597504
pure_top_k,0.3,1.0,20,13,0.38,0.0,0.26,0.994,1.0,0.0,0.2277494920231401,42.41605833230644,7.56,1.0,0.4,0.5399212430592764,0.2169312169312169,0.3353658536585366,25,300,0.09667077660560608,0.33666666666666667,0.9033292531967163,0.07598038762807846
pure_top_k,0.3,1.0,20,14,0.5,0.0,0.0,1.0,0.0,0.0,0.0675627012923359,43.81071327647092,1.0,1.0,0.08,0.0,0.04,,25,300,0.008426171727478504,0.92,0.9915738105773926,0.028622280806303024
pure_top_k,0.3,1.0,20,15,1.0,1.0,0.25,1.0,1.0,0.0,0.1965437955316156,42.5072454546419,6.36,1.0,0.08,0.11,0.0628930817610062,0.0746268656716417,25,300,0.006516203749924898,1.0,0.9934837818145752,0.012290106154978275
pure_top_k,0.3,1.0,20,16,0.0,0.0,0.25,1.0,1.0,0.0,0.3969553790893406,42.85854901018059,8.0,1.0,0.04,0.0,0.04,0.04,25,300,1.0490417423625331e-07,1.0,1.0,1.3925300379469263e-07
pure_top_k,0.3,1.0,20,17,0.0,0.0,0.25,0.9930555555555556,1.0,0.0,0.4841742795705795,43.55744703422744,16.96,1.0,0.24,0.1302123712057922,0.0542452830188679,0.075187969924812,25,300,0.01551783550530672,0.8466666666666667,0.9844822287559509,0.031168146058917046
pure_top_k,0.3,1.0,20,18,0.66,0.36,0.49,0.9248119781452092,0.9969731081926204,0.0010526315789473,0.8070376070681959,43.06018908044029,28.44,0.72,0.84,0.6610560171936124,0.1888111888111888,0.3579710144927536,25,300,0.15372438728809357,0.08,0.8462756276130676,0.060063645243644714
pure_top_k,0.3,1.0,20,19,1.0,1.0,0.25,1.0,0.0,0.0,0.0457999472320079,43.67084156862754,1.0,1.0,0.04,0.0,0.04,,25,300,0.0,1.0,1.0,0.0
pure_top_k,0.3,1.0,20,20,0.5,0.04,0.51,0.9825663082437276,0.9986666666666668,0.0,0.3398083099070936,43.6771113400373,12.36,1.0,0.28,0.396322211512605,0.1221864951768488,0.2132867132867132,25,300,0.05656759813427925,0.47,0.9434323906898499,0.04519311338663101
pure_top_k,0.3,1.0,20,21,0.12,0.0,0.47,0.9555922583951996,1.0,0.0,0.6069861375540495,42.90006557101914,17.96,1.0,0.84,0.5903802434202919,0.1733333333333333,0.3364705882352941,25,300,0.13109099864959717,0.15333333333333332,0.8689090013504028,0.07696571946144104
pure_top_k,0.3,1.0,20,22,0.24,0.0,0.25,0.8870397492030326,0.9926871657754012,0.0,1.1036181306000798,43.14722096497927,32.68,0.12,0.92,0.4988488333348617,0.10920245398773,0.189873417721519,25,300,0.09637425094842911,0.18333333333333332,0.9036256670951843,0.05215664952993393
pure_top_k,0.3,1.0,20,23,0.44,0.0,0.23,0.9945454545454544,1.0,0.0,0.199246209366247,43.7479855892378,4.08,1.0,0.16,0.2930952380952381,0.2962962962962963,0.3975903614457831,25,300,0.13839587569236755,0.64,0.8616040945053101,0.21518832445144653
pure_top_k,0.3,1.0,20,24,0.0,0.0,0.32,0.9237260107643313,1.0,0.0,0.8681145325209946,39.65212642294317,24.68,0.88,0.72,0.6788431920934486,0.1899827288428324,0.3429602888086642,25,300,0.18262121081352234,0.08333333333333333,0.8173787593841553,0.0786416232585907
pure_top_k,0.3,1.0,20,25,0.96,0.92,0.74,1.0,1.0,0.0,0.220875981748104,39.66818689626792,4.88,1.0,0.24,0.1393492063492063,0.0737704918032786,0.1134020618556701,25,300,0.025355784222483635,0.8366666666666667,0.9746441841125488,0.03840133175253868
pure_top_k,0.3,1.0,20,26,0.9,0.88,0.8,0.8975944025192603,0.983878692521871,0.0,1.1003403428383172,39.86531400280066,25.44,0.28,0.72,0.4634160872310539,0.0840998685939553,0.1698369565217391,25,300,0.047230351716279984,0.7566666666666667,0.9527695775032043,0.056194569915533066
pure_top_k,0.3,1.0,20,27,0.1,0.0,0.23,1.0,0.96,0.0,0.182720163911581,39.57452939771479,4.52,1.0,0.24,0.3512063492063493,0.1061946902654867,0.1363636363636363,25,300,0.1090422049164772,0.5733333333333334,0.890957772731781,0.13971196115016937
pure_top_k,0.3,1.0,20,28,0.0,0.0,0.28,0.8994035169623404,1.0,0.0,0.935676687033847,38.80107916463478,17.88,0.96,0.32,0.4101107118507543,0.0943775100401606,0.1247357293868921,25,300,0.1278737187385559,0.33666666666666667,0.8721262812614441,0.09267418831586838
pure_top_k,0.3,1.0,20,29,0.44,0.0,0.36,0.9527126307300358,1.0,0.0,1.205026732366532,39.22679435120341,33.24,0.2,0.8,0.5521051334006063,0.1321428571428571,0.2343558282208589,25,300,0.1205713301897049,0.19666666666666666,0.8794286251068115,0.08510393649339676
pure_top_k,0.3,1.0,20,30,0.0,0.0,0.31,0.9807272727272728,0.996,0.0,0.3998721771687269,38.87326847308495,7.76,1.0,0.24,0.1874806397306397,0.0721649484536082,0.1065088757396449,25,300,0.0313350185751915,0.7733333333333333,0.9686649441719055,0.04276290908455849
pure_top_k,0.3,1.0,20,31,0.0,0.0,0.0,1.0,0.0,0.0,0.0536009664367884,37.605919486024774,1.0,1.0,0.04,0.0,0.04,,25,300,1.4305114426349519e-08,1.0,1.0,5.066072361614715e-08
pure_top_k,0.3,1.0,20,32,0.0,0.0,0.55,0.9919327731092438,1.0,0.0,0.5234739075042307,38.16402768587115,10.48,1.0,0.48,0.4543115351137796,0.1450381679389313,0.1940928270042194,25,300,0.04818499833345413,0.5,0.9518150091171265,0.027465661987662315
pure_top_k,0.3,1.0,20,33,0.5,0.0,0.75,1.0,1.0,0.0,0.3847723315563053,39.0352638640214,8.0,1.0,0.04,0.0,0.04,0.04,25,300,0.0,1.0,1.0,0.0
pure_top_k,0.3,1.0,20,34,0.28,0.28,0.46,1.0,0.28,0.0,0.1387404187023639,39.17078617195378,2.68,1.0,0.12,0.4288888888888889,0.1492537313432835,0.2142857142857142,25,300,0.17479866743087769,0.58,0.8252013325691223,0.205502450466156
pure_top_k,0.3,1.0,20,35,1.0,1.0,0.27,0.9966666666666666,1.0,0.0,0.4765707670245319,39.043752869009104,11.52,1.0,0.12,0.06487922705314,0.0798611111111111,0.0950570342205323,25,300,0.005087184254080057,0.92,0.9949128031730652,0.01561703346669674
pure_top_k,0.3,1.0,20,36,0.96,0.96,0.29,0.9921428571428572,0.9974193548387098,0.0013333333333333,0.4054371114354581,38.46297379649731,12.92,0.96,0.2,0.1526884749062168,0.1223241590214067,0.162251655629139,25,300,0.01691494695842266,0.8433333333333334,0.983085036277771,0.036468956619501114
pure_top_k,0.3,1.0,20,37,0.5,0.0,0.0,1.0,1.0,0.0,0.3280646251514554,39.64391415811174,11.0,1.0,0.08,0.0133333333333333,0.0436363636363636,0.048,25,300,0.0006105409120209515,1.0,0.9993894696235657,0.002073847921565175
pure_top_k,0.3,1.0,20,38,0.5,0.0,0.5,1.0,1.0,0.0,0.4003477377165109,39.97767337194161,14.0,1.0,0.08,0.0106666666666666,0.0428571428571428,0.0461538461538461,25,300,0.0008853100007399917,1.0,0.9991146922111511,0.0030071751680225134
pure_top_k,0.3,1.0,20,39,1.0,1.0,0.25,1.0,1.0,0.0,0.2933043602947146,38.61626797079296,8.32,1.0,0.08,0.14,0.0576923076923076,0.0710382513661202,25,300,0.004094421863555908,1.0,0.9959055781364441,0.006576573941856623
pure_top_k,0.3,1.0,20,40,0.62,0.24,0.36,0.9639729551494256,1.0,0.0,0.4737824768573045,39.178425034074905,16.12,1.0,0.52,0.4591425299409549,0.1311881188118812,0.20844327176781,25,300,0.10839246213436127,0.2866666666666667,0.8916075825691223,0.0781952366232872
pure_top_k,0.3,1.0,20,41,1.0,1.0,0.25,1.0,0.0,0.0,0.0785257214773446,38.321285244078645,1.0,1.0,0.04,0.0,0.04,,25,300,8.583069188716763e-08,1.0,1.0,1.013214472322943e-07
pure_top_k,0.3,1.0,20,42,0.0,0.0,0.0,1.0,1.0,0.0,0.1018064077943563,39.33861994983313,2.0,1.0,0.04,0.0,0.04,0.04,25,300,3.814697180359872e-08,1.0,1.0,4.776338613510234e-08
pure_top_k,0.3,1.0,20,43,0.78,0.56,0.42,1.0,0.56,0.0,0.3071417403779924,39.36531376910215,5.44,1.0,0.12,0.468787037037037,0.0735294117647058,0.0990990990990991,25,300,0.15778625011444092,0.4866666666666667,0.8422136902809143,0.15348981320858002
pure_top_k,0.3,1.0,20,44,1.0,1.0,0.25,1.0,0.0,0.0,0.0623283194378017,39.11324923309978,1.0,1.0,0.08,0.0,0.04,,25,300,0.05406792834401131,0.4866666666666667,0.9459320306777954,0.05273280665278435
pure_top_k,0.3,1.0,20,45,0.46,0.4,0.5,0.9390187925756648,1.0,0.0,0.8817120112944394,39.18547079166787,28.12,0.92,0.72,0.6232982216263382,0.1545961002785515,0.3015873015873015,25,300,0.1314309984445572,0.19333333333333333,0.868569016456604,0.06652772426605225
pure_top_k,0.3,1.0,20,46,1.0,1.0,0.75,1.0,1.0,0.0,0.4242747767176479,37.76265318698377,14.0,1.0,0.04,0.0,0.04,0.04,25,300,0.0,1.0,1.0,0.0
pure_top_k,0.3,1.0,20,47,0.62,0.52,0.64,0.9054435730293944,0.992867982965544,0.0,1.003128543337807,37.511732852642346,31.76,0.8,0.8,0.5909648675083551,0.1340852130325814,0.2677878395860285,25,300,0.11365151405334473,0.11666666666666667,0.8863484859466553,0.05116646736860275
pure_top_k,0.3,1.0,20,48,0.5,0.0,0.0,1.0,1.0,0.0,0.128407611278817,38.97794505300647,2.0,1.0,0.04,0.0,0.04,0.04,25,300,9.298324243900424e-08,1.0,1.0,1.0061536670491478e-07
pure_top_k,0.3,1.0,20,49,0.0,0.0,0.0,1.0,0.0,0.0,0.0784834105242043,37.8696363681567,1.0,1.0,0.08,0.0,0.04,,25,300,0.008426171727478504,0.92,0.9915738701820374,0.028622280806303024
pure_top_k,0.3,1.0,25,0,1.0,1.0,0.52,0.998,1.0,0.0,0.419914152212441,43.81732090452992,14.36,1.0,0.12,0.0697733918128654,0.0722222222222222,0.0895522388059701,25,300,0.007202907465398312,0.92,0.9927971363067627,0.016855711117386818
pure_top_k,0.3,1.0,25,1,0.08,0.0,0.25,1.0,1.0,0.0,0.1889070959296076,42.76897255473117,6.12,1.0,0.32,0.3074126984126984,0.0980392156862745,0.1484375,25,300,0.028496980667114258,0.77,0.9715030789375305,0.034047964960336685
pure_top_k,0.3,1.0,25,2,0.56,0.12,0.33,0.9973333333333332,1.0,0.0,0.3398826267011464,42.85762849091164,11.24,1.0,0.44,0.6897459656356715,0.1779359430604982,0.2421875,25,300,0.21330031752586365,0.19333333333333333,0.786699652671814,0.14799247682094574
pure_top_k,0.3,1.0,25,3,0.0,0.0,0.25,1.0,1.0,0.0,0.1810707969125359,43.74062255088843,5.92,1.0,0.12,0.1444444444444444,0.0472972972972973,0.065040650406504,25,300,0.003278210526332259,1.0,0.9967218041419983,0.0039047838654369116
pure_top_k,0.3,1.0,25,4,0.0,0.0,0.25,1.0,1.0,0.0,0.0914808002114295,43.725117877257674,2.0,1.0,0.04,0.0,0.04,0.04,25,300,9.536743306171047e-08,1.0,1.0,1.1699592761260647e-07
pure_top_k,0.3,1.0,25,5,0.0,0.0,0.0,1.0,1.0,0.0,0.0706124591920524,42.51559346265431,2.0,1.0,0.04,0.0,0.04,0.04,25,300,1.9073486612342094e-07,1.0,0.9999998211860657,1.3562194567384722e-07
pure_top_k,0.3,1.0,25,6,0.46,0.32,0.58,0.9000557086346561,0.9988888888888888,0.0,0.9234840964805336,42.85875283705854,33.4,0.76,0.72,0.5440068188205948,0.1302270011947431,0.2229064039408867,25,300,0.13596157729625702,0.17,0.8640384674072266,0.07801428437232971
pure_top_k,0.3,1.0,25,7,0.02,0.0,0.45,0.9623244243111252,1.0,0.0,0.5426145823672414,43.625298143370145,16.44,1.0,0.64,0.5870295137245246,0.1569506726457399,0.3064133016627078,25,300,0.06155400723218918,0.33,0.9384459257125854,0.030955949798226357
pure_top_k,0.3,1.0,25,8,0.0,0.0,0.0,1.0,0.0,0.0,0.0461145861819386,43.39847552695901,1.0,1.0,0.04,0.0,0.04,,25,300,3.099441414633475e-08,1.0,1.0,5.970423444523476e-08
pure_top_k,0.3,1.0,25,9,0.0,0.0,0.0,1.0,0.0,0.0,0.068379311421886,43.873920041040336,1.0,1.0,0.04,0.0,0.04,,25,300,0.0,1.0,1.0,0.0
pure_top_k,0.3,1.0,25,10,1.0,1.0,0.75,0.9587033528412836,1.0,0.0,0.7372042738366872,43.62536569397441,27.0,1.0,0.36,0.1445838202121626,0.0681481481481481,0.1,25,300,0.007047104649245739,1.0,0.9929528832435608,0.00885760597884655
pure_top_k,0.3,1.0,25,11,0.0,0.0,0.33,0.9898009237139672,0.2,0.0,0.1893468246888369,42.049607050828605,4.92,1.0,0.2,0.3262128193331091,0.2153846153846154,0.3238095238095238,25,300,0.17081725597381592,0.6666666666666666,0.8291828036308289,0.24110837280750275
pure_top_k,0.3,1.0,25,12,0.42,0.0,0.49,1.0,1.0,0.0,0.4482426408398896,43.13908338711404,14.04,1.0,0.32,0.2816328094793071,0.1025641025641025,0.1380368098159509,25,300,0.041101984679698944,0.5766666666666667,0.95889812707901,0.05085355415940285
pure_top_k,0.3,1.0,25,13,0.38,0.0,0.25,1.0,1.0,0.0,0.2119563637487589,42.606308501373334,6.88,1.0,0.12,0.3986666666666667,0.1162790697674418,0.1292517006802721,25,300,0.06823370605707169,0.5066666666666667,0.9317663311958313,0.07156354188919067
pure_top_k,0.3,1.0,25,14,0.5,0.0,0.0,1.0,0.0,0.0,0.0691178577393293,43.41647136696649,1.0,1.0,0.04,0.0,0.04,,25,300,0.0,1.0,1.0,0.0
pure_top_k,0.3,1.0,25,15,1.0,1.0,0.25,1.0,1.0,0.0,0.1885112175624816,43.125610160395254,6.12,1.0,0.08,0.04,0.065359477124183,0.078125,25,300,0.002369555877521634,1.0,0.9976305365562439,0.008048896677792072
pure_top_k,0.3,1.0,25,16,0.0,0.0,0.25,1.0,1.0,0.0,0.387112844120711,43.91519146428443,8.0,1.0,0.04,0.0,0.04,0.04,25,300,1.0490417423625331e-07,1.0,1.0,1.3925300379469263e-07
pure_top_k,0.3,1.0,25,17,0.0,0.0,0.25,0.9704444444444446,1.0,0.0,0.5193463846575469,43.59644345662617,18.08,1.0,0.24,0.170610638948504,0.0575221238938053,0.0749414519906323,25,300,0.035672567784786224,0.6533333333333333,0.9643273949623108,0.047484807670116425
pure_top_k,0.3,1.0,25,18,0.66,0.32,0.49,0.9272725480465344,0.998,0.001025641025641,0.7531564057525247,43.55109108643339,27.04,0.68,0.8,0.7238344089107482,0.2156573116691285,0.4233128834355828,25,300,0.17383216321468353,0.06,0.8261678218841553,0.07233677804470062
pure_top_k,0.3,1.0,25,19,1.0,1.0,0.25,1.0,0.0,0.0,0.0457143193669616,43.75577825152688,1.0,1.0,0.04,0.0,0.04,,25,300,0.0,1.0,1.0,0.0
pure_top_k,0.3,1.0,25,20,0.5,0.04,0.51,0.9930718954248364,1.0,0.0,0.310769727518782,43.63927560266207,11.36,1.0,0.24,0.3345410583425289,0.0950704225352112,0.1737451737451737,25,300,0.048745132982730865,0.6166666666666667,0.9512549042701721,0.05075966939330101
pure_top_k,0.3,1.0,25,21,0.08,0.0,0.41,0.9742073167107492,1.0,0.0,0.5387624141201377,43.683766133702214,15.2,1.0,0.8,0.5242661636037654,0.1447368421052631,0.276056338028169,25,300,0.11598658561706543,0.15,0.8840134739875793,0.060627471655607224
pure_top_k,0.3,1.0,25,22,0.36,0.0,0.26,0.8850300612944807,0.9944696969696968,0.0,1.0684831668343395,43.72620873865149,32.44,0.28,0.8,0.5059624658027461,0.1172839506172839,0.2038216560509554,25,300,0.10522787272930145,0.08333333333333333,0.8947721123695374,0.049531109631061554
pure_top_k,0.3,1.0,25,23,0.48,0.0,0.24,1.0,1.0,0.0,0.1672566514834761,43.75818657629744,3.2,1.0,0.12,0.1183333333333333,0.15,0.1818181818181818,25,300,0.05559040233492851,0.8433333333333334,0.9444096088409424,0.15106980502605438
pure_top_k,0.3,1.0,25,24,0.0,0.0,0.34,0.90426062527998,1.0,0.0,0.8821649152971804,39.778928685673144,24.96,0.8,0.72,0.6164300066916295,0.1626297577854671,0.2965641952983725,25,300,0.15827955305576324,0.08,0.8417204022407532,0.0725780501961708
pure_top_k,0.3,1.0,25,25,0.98,0.96,0.74,1.0,1.0,0.0,0.2232013526372611,39.800631558472126,4.92,1.0,0.12,0.1885714285714286,0.065040650406504,0.0714285714285714,25,300,0.03387121111154556,0.92,0.9661288261413574,0.0568959079682827
pure_top_k,0.3,1.0,25,26,1.0,1.0,0.86,0.8886496105110412,0.9734645949863342,0.0,1.110247125402093,39.41443051271913,24.72,0.48,0.72,0.403900891367626,0.0836653386454183,0.1579670329670329,25,300,0.036233674734830856,0.8366666666666667,0.9637662768363953,0.0479588583111763
pure_top_k,0.3,1.0,25,27,0.12,0.0,0.21,1.0,1.0,0.0,0.1907370465341954,39.511515264749015,4.52,1.0,0.12,0.3885714285714286,0.0884955752212389,0.0909090909090909,25,300,0.10650411248207092,0.5933333333333334,0.8934959173202515,0.13030047714710236
pure_top_k,0.3,1.0,25,28,0.0,0.0,0.29,0.9062777353365588,0.9942857142857144,0.003076923076923,0.8951546534430236,39.96989744667404,17.72,0.88,0.4,0.4847968941849912,0.0977596741344195,0.1373390557939914,25,300,0.15511134266853333,0.26,0.8448886871337891,0.09741226583719254
pure_top_k,0.3,1.0,25,29,0.42,0.0,0.3,0.9604415969618482,1.0,0.0,1.2044254047051073,39.312700186365376,34.8,0.08,0.64,0.5467003817847782,0.1234285714285714,0.2152941176470588,25,300,0.13490994274616241,0.24333333333333335,0.8650901317596436,0.10138173401355743
pure_top_k,0.3,1.0,25,30,0.04,0.0,0.31,0.992,1.0,0.0,0.3905763506796211,38.54326306332525,7.64,1.0,0.24,0.157030562030562,0.0785340314136125,0.108433734939759,25,300,0.028223419561982155,0.7666666666666667,0.9717766046524048,0.03976358473300934
pure_top_k,0.3,1.0,25,31,0.0,0.0,0.0,1.0,0.0,0.0,0.0531651266291737,37.858412592427506,1.0,1.0,0.04,0.0,0.04,,25,300,1.4305114426349519e-08,1.0,1.0,5.066072361614715e-08
pure_top_k,0.3,1.0,25,32,0.0,0.0,0.48,0.967513986013986,1.0,0.0,0.5040474549029023,39.082866577877645,10.44,1.0,0.44,0.3223479766707321,0.0996168582375478,0.1483050847457627,25,300,0.0292540043592453,0.79,0.9707460403442383,0.020206863060593605
pure_top_k,0.3,1.0,25,33,0.5,0.0,0.75,0.9911111111111112,1.0,0.0,0.4007839780766516,38.13631766079575,8.08,1.0,0.08,0.0613333333333333,0.0495049504950495,0.0621468926553672,25,300,0.008045484311878681,0.8466666666666667,0.9919544458389282,0.01893717423081398
pure_top_k,0.3,1.0,25,34,0.36,0.36,0.52,1.0,0.44,0.0,0.1487206084560602,38.775292648145616,3.24,1.0,0.16,0.6,0.1481481481481481,0.1785714285714285,25,300,0.24731121957302094,0.4266666666666667,0.7526887655258179,0.22014537453651428
pure_top_k,0.3,1.0,25,35,1.0,1.0,0.35,0.989927536231884,1.0,0.0,0.5368774309568107,38.39464733461873,13.32,1.0,0.24,0.2048229936602934,0.1051051051051051,0.1623376623376623,25,300,0.024008890613913536,0.6566666666666666,0.9759911894798279,0.03349294140934944
pure_top_k,0.3,1.0,25,36,0.88,0.88,0.31,0.995,0.9974193548387098,0.0013333333333333,0.3930414067581296,40.166071698387725,13.12,0.96,0.32,0.2458633518230841,0.1201201201201201,0.1623376623376623,25,300,0.026671698316931725,0.7866666666666666,0.9733282327651978,0.03849506378173828
pure_top_k,0.3,1.0,25,37,0.5,0.0,0.0,1.0,1.0,0.0,0.3287955399509519,39.56095778786715,11.0,1.0,0.08,0.0133333333333333,0.0436363636363636,0.048,25,300,0.0006105409120209515,1.0,0.9993894696235657,0.002073847921565175
pure_top_k,0.3,1.0,25,38,0.5,0.0,0.5,1.0,1.0,0.0,0.4070081458427012,39.33728327196368,14.0,1.0,0.08,0.0204444444444444,0.0428571428571428,0.0461538461538461,25,300,0.0016968236304819584,1.0,0.9983031153678894,0.003993871156126261
pure_top_k,0.3,1.0,25,39,1.0,1.0,0.25,1.0,1.0,0.0,0.2907795893400907,38.70606521566449,8.24,1.0,0.08,0.11,0.058252427184466,0.0718232044198895,25,300,0.0032170559279620647,1.0,0.9967830181121826,0.006067546084523201
pure_top_k,0.3,1.0,25,40,0.68,0.36,0.45,0.950324723522092,1.0,0.0,0.529508938761428,39.55731892306731,18.44,1.0,0.48,0.4500017979688929,0.1214750542299349,0.2018348623853211,25,300,0.11928369849920273,0.3433333333333333,0.8807163238525391,0.08532723784446716
pure_top_k,0.3,1.0,25,41,1.0,1.0,0.25,1.0,0.0,0.0,0.0735978720616548,40.23724847852513,1.0,1.0,0.08,0.0,0.04,,25,300,0.00668862322345376,0.92,0.99331134557724,0.02271983213722706
pure_top_k,0.3,1.0,25,42,0.0,0.0,0.0,1.0,1.0,0.0,0.1039113551191985,38.62163711616935,2.0,1.0,0.04,0.0,0.04,0.04,25,300,3.814697180359872e-08,1.0,1.0,4.776338613510234e-08
pure_top_k,0.3,1.0,25,43,0.76,0.52,0.39,1.0,0.52,0.0,0.3038150230329484,38.2473309883508,5.04,1.0,0.12,0.4905555555555556,0.0793650793650793,0.1089108910891089,25,300,0.15917259454727173,0.48,0.8408274054527283,0.1522650569677353
pure_top_k,0.3,1.0,25,44,1.0,1.0,0.25,1.0,0.0,0.0,0.0669595657661556,37.81400067776765,1.0,1.0,0.08,0.0,0.04,,25,300,0.05477011203765869,0.48,0.9452298879623413,0.05270935222506523
pure_top_k,0.3,1.0,25,45,0.5,0.28,0.48,0.9202407455380182,1.0,0.0,0.978777343276888,38.92520513147576,30.68,0.64,0.84,0.6611524665197357,0.1323155216284987,0.2522996057818659,25,300,0.13961967825889587,0.12333333333333334,0.860380232334137,0.06128387153148651
pure_top_k,0.3,1.0,25,46,1.0,1.0,0.75,1.0,1.0,0.0,0.4122610169742256,38.88111057125483,14.0,1.0,0.04,0.0,0.04,0.04,25,300,0.0,1.0,1.0,0.0
pure_top_k,0.3,1.0,25,47,0.78,0.64,0.67,0.8807469373711371,0.9909376395961764,0.0,1.0504375795740637,37.42840710835047,32.96,0.76,1.0,0.5810469615582096,0.1419902912621359,0.2853566958698373,25,300,0.1042664498090744,0.23333333333333334,0.895733654499054,0.06037498265504837
pure_top_k,0.3,1.0,25,48,0.5,0.0,0.0,1.0,1.0,0.0,0.1289235716126859,38.86255238245867,2.0,1.0,0.04,0.0,0.04,0.04,25,300,9.298324243900424e-08,1.0,1.0,1.0061536670491478e-07
pure_top_k,0.3,1.0,25,49,0.0,0.0,0.0,1.0,0.0,0.0,0.0785991641785949,37.86564655079988,1.0,1.0,0.08,0.0,0.04,,25,300,0.008426171727478504,0.92,0.9915738105773926,0.028622280806303024
pure_top_k,0.3,1.0,30,0,1.0,1.0,0.54,0.9936507936507936,1.0,0.0,0.4237430384196341,43.70788962758642,14.48,1.0,0.2,0.1929475391221768,0.09366391184573,0.1420118343195266,25,300,0.04472421109676361,0.77,0.9552757740020752,0.08451758325099945
pure_top_k,0.3,1.0,30,1,0.02,0.0,0.25,1.0,1.0,0.0,0.1929612413607537,43.74372337163589,6.2,1.0,0.32,0.3388518518518519,0.0967741935483871,0.1538461538461538,25,300,0.03286999464035034,0.7366666666666667,0.9671299457550049,0.03347393870353699
pure_top_k,0.3,1.0,30,2,0.54,0.08,0.3,1.0,1.0,0.0,0.3062619655579328,43.10328606782633,10.0,1.0,0.4,0.631354196210002,0.196,0.2488888888888888,25,300,0.20005518198013306,0.28,0.7999448776245117,0.15453815460205078
pure_top_k,0.3,1.0,30,3,0.0,0.0,0.25,1.0,1.0,0.0,0.1931787212006747,41.206829002067536,5.96,1.0,0.16,0.188829365079365,0.0604026845637583,0.0887096774193548,25,300,0.012796271592378616,0.92,0.9872037768363953,0.03354524448513985
pure_top_k,0.3,1.0,30,4,0.0,0.0,0.25,1.0,0.96,0.0,0.0905636616796254,43.728677458918064,1.96,1.0,0.08,0.04,0.0408163265306122,0.0416666666666666,25,300,0.019185733050107956,0.92,0.9808142185211182,0.06517037749290466
pure_top_k,0.3,1.0,30,5,0.0,0.0,0.0,1.0,1.0,0.0,0.0685952805262058,43.73493844192243,2.0,1.0,0.04,0.0,0.04,0.04,25,300,1.9073486612342094e-07,1.0,0.9999998211860657,1.3562194567384722e-07
pure_top_k,0.3,1.0,30,6,0.44,0.24,0.56,0.90804666473877,1.0,0.0,0.8806090467702598,43.74101044369247,32.52,0.84,0.64,0.5304031073273773,0.1213235294117647,0.1946902654867256,25,300,0.12777695059776306,0.24333333333333335,0.8722230792045593,0.07976573705673218
pure_top_k,0.3,1.0,30,7,0.02,0.0,0.44,0.944204960768132,1.0,0.0,0.5553646942414343,43.69882833498647,17.24,1.0,0.6,0.5821434681466914,0.1361702127659574,0.2808988764044944,25,300,0.06330488622188568,0.37666666666666665,0.9366951584815979,0.03503473848104477
pure_top_k,0.3,1.0,30,8,0.0,0.0,0.0,1.0,0.0,0.0,0.0456324065942316,43.828737704294234,1.0,1.0,0.04,0.0,0.04,,25,300,3.099441414633475e-08,1.0,1.0,5.970423444523476e-08
pure_top_k,0.3,1.0,30,9,0.0,0.0,0.0,1.0,0.0,0.0,0.0685454590432345,43.768981131254634,1.0,1.0,0.04,0.0,0.04,,25,300,0.0,1.0,1.0,0.0
pure_top_k,0.3,1.0,30,10,1.0,1.0,0.75,0.9580906892671598,1.0,0.0,0.7211562208272517,43.76604896015136,26.52,1.0,0.24,0.1293527485412913,0.0648567119155354,0.0940438871473354,25,300,0.006257524713873863,1.0,0.9937424659729004,0.009872273541986942
pure_top_k,0.3,1.0,30,11,0.0,0.0,0.33,0.9803113553113554,0.32,0.0,0.2168614699691533,43.39293738558112,6.24,1.0,0.16,0.4487736263736264,0.1524390243902439,0.2086330935251798,25,300,0.2257186323404312,0.5466666666666666,0.77428138256073,0.24564403295516968
pure_top_k,0.3,1.0,30,12,0.42,0.04,0.51,0.9984,1.0,0.0,0.4719786721561104,43.81253244026175,15.24,1.0,0.32,0.328214604838589,0.1409921671018277,0.1843575418994413,25,300,0.05651843920350075,0.58,0.9434815645217896,0.07633066177368164
pure_top_k,0.3,1.0,30,13,0.32,0.0,0.26,0.9959899749373434,1.0,0.0,0.2333005831204354,43.661713965851526,8.08,1.0,0.44,0.5949867755153206,0.2524752475247525,0.3615819209039548,25,300,0.12629511952400208,0.2833333333333333,0.8737048506736755,0.10257791727781296
pure_top_k,0.3,1.0,30,14,0.5,0.0,0.0,1.0,0.0,0.0,0.0688811962865292,43.56450320336393,1.0,1.0,0.04,0.0,0.04,,25,300,0.0,1.0,1.0,0.0
pure_top_k,0.3,1.0,30,15,1.0,1.0,0.27,1.0,1.0,0.0,0.1954960202425718,43.79344469560953,6.4,1.0,0.12,0.107170490328385,0.11875,0.1629629629629629,25,300,0.019846243783831596,0.92,0.9801537990570068,0.057917241007089615
pure_top_k,0.3,1.0,30,16,0.0,0.0,0.25,1.0,1.0,0.0,0.4019175545312464,42.52307764250916,8.0,1.0,0.08,0.0306666666666666,0.0444444444444444,0.045,25,300,0.0004908029222860932,1.0,0.9995092749595642,0.0011549836490303278
pure_top_k,0.3,1.0,30,17,0.0,0.0,0.25,0.9719188034188032,1.0,0.0,0.5020367576181889,43.50605995482292,17.52,1.0,0.36,0.1964586650854318,0.0707762557077625,0.1089588377723971,25,300,0.02697593718767166,0.78,0.9730240702629089,0.0406062938272953
pure_top_k,0.3,1.0,30,18,0.7,0.48,0.57,0.9123729774226876,0.996837837837838,0.0011111111111111,0.8494095784798265,42.84682397505383,30.28,0.6,0.8,0.6826896614191255,0.1984231274638633,0.3668478260869565,25,300,0.14825081825256348,0.08,0.8517492413520813,0.0564747229218483
pure_top_k,0.3,1.0,30,19,1.0,1.0,0.25,1.0,0.0,0.0,0.0458007327001541,43.67916133059643,1.0,1.0,0.04,0.0,0.04,,25,300,0.0,1.0,1.0,0.0
pure_top_k,0.3,1.0,30,20,0.54,0.08,0.53,0.9912777777777778,1.0,0.0,0.3215993307158351,43.64784725854789,11.76,1.0,0.24,0.3047529135751104,0.1152542372881356,0.1925925925925926,25,300,0.03964095562696457,0.6733333333333333,0.9603590965270996,0.04105214774608612
pure_top_k,0.3,1.0,30,21,0.0,0.0,0.42,0.9609336870026524,1.0,0.0,0.5396534400153905,43.80787629613146,15.08,1.0,0.64,0.4390619177392367,0.1405835543766578,0.25,25,300,0.08950880169868469,0.26666666666666666,0.9104912281036377,0.0653301328420639
pure_top_k,0.3,1.0,30,22,0.4,0.0,0.25,0.897966658834633,0.9949545454545456,0.0,1.1469582685269415,41.62438671379154,31.64,0.12,0.84,0.4632514630528544,0.1126582278481012,0.1790849673202614,25,300,0.08962008357048035,0.09666666666666666,0.9103798270225525,0.036635853350162506
pure_top_k,0.3,1.0,30,23,0.5,0.0,0.25,1.0,1.0,0.0,0.1597796053718775,43.81079508682888,3.0,1.0,0.04,0.0,0.04,0.04,25,300,0.0,1.0,1.0,0.0
pure_top_k,0.3,1.0,30,24,0.0,0.0,0.35,0.9227879010410156,0.99515,0.0,0.9206225434876978,39.6135653359252,26.2,0.88,0.76,0.6762147655027332,0.1669341894060995,0.3127090301003344,25,300,0.18266679346561432,0.08333333333333333,0.8173332214355469,0.07582162320613861
pure_top_k,0.3,1.0,30,25,0.98,0.96,0.74,1.0,1.0,0.0,0.2315061550028622,38.411623360680736,4.96,1.0,0.24,0.279744708994709,0.0967741935483871,0.1515151515151515,25,300,0.048165980726480484,0.7433333333333333,0.9518340229988098,0.055742498487234116
pure_top_k,0.3,1.0,30,26,1.0,1.0,0.82,0.8839909533633672,0.9841605810037596,0.0,1.201275202697143,39.66365963740721,26.76,0.12,0.72,0.350558896536967,0.0675675675675675,0.1343472750316856,25,300,0.01457632053643465,1.0,0.9854235649108887,0.011354965157806873
pure_top_k,0.3,1.0,30,27,0.14,0.04,0.24,1.0,1.0,0.0,0.2005683137010783,39.5271602095646,5.24,1.0,0.24,0.4855608465608465,0.1755725190839694,0.1981132075471698,25,300,0.18010641634464264,0.4633333333333333,0.8198935985565186,0.18170157074928284
pure_top_k,0.3,1.0,30,28,0.0,0.0,0.26,0.8885475766064002,0.9942857142857144,0.003076923076923,0.8767096123844386,39.7944802628461,16.76,0.96,0.4,0.4801878990865058,0.1072961373390558,0.1496598639455782,25,300,0.13213345408439636,0.2633333333333333,0.8678666353225708,0.08561226725578308
pure_top_k,0.3,1.0,30,29,0.48,0.0,0.42,0.9600428101467,1.0,0.0,1.2197548075579108,38.0882865977487,34.0,0.24,0.84,0.553482647531614,0.1376896149358226,0.2512019230769231,25,300,0.10561917722225189,0.2,0.8943808078765869,0.06424203515052795
pure_top_k,0.3,1.0,30,30,0.1,0.0,0.34,0.988,1.0,0.0,0.423338092956692,37.29267617796851,8.04,1.0,0.36,0.2380529655529655,0.0895522388059701,0.1306818181818181,25,300,0.04088346287608147,0.6866666666666666,0.9591166377067566,0.03968498110771179
pure_top_k,0.3,1.0,30,31,0.0,0.0,0.0,1.0,0.0,0.0,0.0510380917042493,39.31144454368625,1.0,1.0,0.04,0.0,0.04,,25,300,1.4305114426349519e-08,1.0,1.0,5.066072361614715e-08
pure_top_k,0.3,1.0,30,32,0.02,0.0,0.51,0.9762724275724276,0.9983333333333334,0.0,0.5471034602541477,38.85247570113718,11.12,0.96,0.44,0.2800979432632862,0.1258992805755395,0.1936758893280632,25,300,0.02673307992517948,0.8033333333333333,0.9732668995857239,0.02411160059273243
pure_top_k,0.3,1.0,30,33,0.52,0.04,0.75,0.9872222222222224,1.0,0.0,0.4180640217568725,37.54114736901027,8.2,1.0,0.16,0.0873510101010101,0.0634146341463414,0.0833333333333333,25,300,0.01219445001333952,0.8533333333333334,0.9878056049346924,0.02285262569785118
pure_top_k,0.3,1.0,30,34,0.32,0.32,0.49,1.0,0.48,0.0,0.1389246035553514,39.15577638327717,3.08,1.0,0.12,0.6266666666666667,0.1298701298701298,0.1346153846153846,25,300,0.2767966687679291,0.37333333333333335,0.7232033014297485,0.22635355591773987
pure_top_k,0.3,1.0,30,35,1.0,1.0,0.27,1.0,1.0,0.0,0.4815847577806562,38.19776711974491,11.32,1.0,0.08,0.0591304347826086,0.0812720848056537,0.0968992248062015,25,300,0.007159933913499117,0.92,0.9928401708602905,0.024320758879184723
pure_top_k,0.3,1.0,30,36,0.92,0.92,0.25,1.0,1.0,0.0,0.3547601931076496,39.71078877056115,12.0,1.0,0.08,0.115,0.0662251655629139,0.0722021660649819,25,300,0.011784677393734455,0.8466666666666667,0.9882153272628784,0.02773834951221943
pure_top_k,0.3,1.0,30,37,0.5,0.0,0.0,0.9966666666666666,1.0,0.0,0.3282967751473188,39.73412256120625,11.04,1.0,0.08,0.0342857142857142,0.0507246376811594,0.0637450199203187,25,300,0.004006626550108194,0.92,0.9959933757781982,0.013609777204692364
pure_top_k,0.3,1.0,30,38,0.5,0.0,0.5,1.0,1.0,0.0,0.4180786809325218,38.305392213163856,14.0,1.0,0.08,0.0106666666666666,0.0428571428571428,0.0461538461538461,25,300,0.0008853100007399917,1.0,0.9991145730018616,0.0030071751680225134
pure_top_k,0.3,1.0,30,39,1.0,1.0,0.25,1.0,1.0,0.0,0.2866933669149876,38.71275866858382,8.08,1.0,0.08,0.04,0.0594059405940594,0.0734463276836158,25,300,0.0011698688613250852,1.0,0.9988301396369934,0.00397368473932147
pure_top_k,0.3,1.0,30,40,0.58,0.16,0.34,0.947080586080586,1.0,0.0,0.4506920481100678,39.65473077150424,15.68,1.0,0.4,0.3255610868205982,0.1020408163265306,0.1471389645776566,25,300,0.06764340400695801,0.5833333333333334,0.9323564767837524,0.07342169433832169
pure_top_k,0.3,1.0,30,41,1.0,1.0,0.25,1.0,0.0,0.0,0.0754559626895933,39.79421892494977,1.0,1.0,0.04,0.0,0.04,,25,300,8.583069188716763e-08,1.0,1.0,1.013214472322943e-07
pure_top_k,0.3,1.0,30,42,0.0,0.0,0.0,1.0,1.0,0.0,0.1024185715708881,39.10610823930448,2.0,1.0,0.04,0.0,0.04,0.04,25,300,3.814697180359872e-08,1.0,1.0,4.776338613510234e-08
pure_top_k,0.3,1.0,30,43,0.76,0.52,0.39,1.0,0.52,0.0,0.3001164404023438,39.134959253979325,5.08,1.0,0.12,0.483111111111111,0.0787401574803149,0.1078431372549019,25,300,0.15949460864067078,0.48,0.8405053615570068,0.15282003581523895
pure_top_k,0.3,1.0,30,44,1.0,1.0,0.25,1.0,0.0,0.0,0.0640610505919903,39.33263233873586,1.0,1.0,0.08,0.0,0.04,,25,300,0.05477011203765869,0.48,0.9452298879623413,0.05270935222506523
pure_top_k,0.3,1.0,30,45,0.34,0.2,0.42,0.907874505994588,1.0,0.0,0.9662585520930588,38.75892948797742,30.96,0.72,0.72,0.6256260519021168,0.1390644753476612,0.2885117493472585,25,300,0.12792737782001495,0.14333333333333334,0.8720725774765015,0.06472580879926682
pure_top_k,0.3,1.0,30,46,1.0,1.0,0.75,1.0,1.0,0.0,0.4249363990593701,37.70662426020883,14.0,1.0,0.04,0.0,0.04,0.04,25,300,0.0,1.0,1.0,0.0
pure_top_k,0.3,1.0,30,47,0.76,0.68,0.62,0.931465314947601,0.9957487492182614,0.0,0.9730826456844808,36.29705081444893,28.76,0.84,0.76,0.6098069350541249,0.1728907330567081,0.332378223495702,25,300,0.13924048840999603,0.1,0.8607594966888428,0.10136071592569351
pure_top_k,0.3,1.0,30,48,0.5,0.0,0.0,1.0,1.0,0.0,0.1513662623893469,34.367786183116344,2.0,1.0,0.04,0.0,0.04,0.04,25,300,9.298324243900424e-08,1.0,1.0,1.0061536670491478e-07
pure_top_k,0.3,1.0,30,49,0.0,0.0,0.0,1.0,0.0,0.0,0.0753901284653693,39.31278129126815,1.0,1.0,0.08,0.0,0.04,,25,300,0.008426171727478504,0.92,0.9915738701820374,0.028622280806303024
pure_top_k,0.7,1.0,10,0,0.92,0.84,0.66,0.965116543140382,1.0,0.0,0.486905774557963,43.61602043772154,17.04,1.0,0.88,0.614797122369042,0.1214953271028037,0.2630272952853598,25,300,0.14171205461025238,0.2,0.8582879900932312,0.08401121944189072
pure_top_k,0.7,1.0,10,1,0.14,0.0,0.24,1.0,1.0,0.0,0.2008423783816396,43.80872803121915,6.32,1.0,0.64,0.4995849798349798,0.1329113924050632,0.225563909774436,25,300,0.058858681470155716,0.42,0.9411413669586182,0.038813307881355286
pure_top_k,0.7,1.0,10,2,0.54,0.16,0.31,0.9863333333333334,1.0,0.0,0.3047587532270699,43.83314093394163,10.4,1.0,0.84,0.8862346244632234,0.3576923076923077,0.5957446808510638,25,300,0.35454031825065613,0.023333333333333334,0.6454597115516663,0.14983657002449036
pure_top_k,0.7,1.0,10,3,0.1,0.08,0.24,0.9916666666666666,1.0,0.0,0.2048744412790984,43.73420460061675,6.76,1.0,0.4,0.4591593703137822,0.1952662721893491,0.3055555555555556,25,300,0.1323177069425583,0.5133333333333333,0.8676822781562805,0.17035505175590515
pure_top_k,0.7,1.0,10,4,0.0,0.0,0.25,1.0,0.52,0.0,0.0804168335720896,43.77090298617174,1.52,1.0,0.08,0.26,0.0526315789473684,0.0769230769230769,25,300,0.12470672279596329,0.48,0.8752933740615845,0.1200144961476326
pure_top_k,0.7,1.0,10,5,0.0,0.0,0.0,1.0,1.0,0.0,0.0685673510469495,43.75273199655915,2.0,1.0,0.04,0.0,0.04,0.04,25,300,1.9073486612342094e-07,1.0,0.9999998211860657,1.3562194567384722e-07
pure_top_k,0.7,1.0,10,6,0.36,0.12,0.48,0.9175087291316494,0.9527625818768308,0.0042958748221906,0.7954097133036703,43.36140217598598,28.88,0.76,0.96,0.6682899600461707,0.1659807956104252,0.3508522727272727,25,300,0.1542002409696579,0.06666666666666667,0.8457997441291809,0.07766757160425186
pure_top_k,0.7,1.0,10,7,0.06,0.0,0.46,0.9429559506270218,1.0,0.0,0.6888867447432131,41.47501424137847,21.64,1.0,1.0,0.672952429305381,0.1687170474516696,0.4209558823529412,25,300,0.093686543405056,0.15,0.9063134789466858,0.042280733585357666
pure_top_k,0.7,1.0,10,8,0.06,0.04,0.05,0.9942857142857144,0.0788235294117647,0.0,0.1126848091371357,43.72359511703042,3.32,0.96,0.12,0.156231884057971,0.5595238095238095,0.8983050847457628,25,300,0.07771839946508408,0.8433333333333334,0.9222816228866577,0.1823761761188507
pure_top_k,0.7,1.0,10,9,0.0,0.0,0.0,1.0,0.0,0.0,0.0676309625059365,43.76998010838499,1.0,1.0,0.08,0.0,0.04,,25,300,0.008426171727478504,0.92,0.9915738105773926,0.028622278943657875
pure_top_k,0.7,1.0,10,10,1.0,1.0,0.74,0.9426436952199466,1.0,0.0,0.8096480533108115,43.81922793684892,29.68,1.0,1.0,0.4802284475876704,0.1024258760107816,0.206415620641562,25,300,0.03428468108177185,0.88,0.9657153487205505,0.018156707286834717
pure_top_k,0.7,1.0,10,11,0.0,0.0,0.29,0.961479171730888,0.6,0.0,0.2987183567415923,43.76050024800781,9.44,1.0,0.32,0.5390068526162819,0.123015873015873,0.198237885462555,25,300,0.24755772948265076,0.49666666666666665,0.7524423003196716,0.23756177723407745
pure_top_k,0.7,1.0,10,12,0.42,0.08,0.5,0.995204915514593,1.0,0.0,0.4636681460961699,43.82796347907302,13.92,1.0,0.64,0.6387188400498495,0.2140845070422535,0.3181818181818182,25,300,0.14636139571666718,0.26,0.8536385893821716,0.09848351031541824
pure_top_k,0.7,1.0,10,13,0.22,0.0,0.3,0.9865907817672523,1.0,0.0,0.3412776321358979,43.322084537806546,11.88,1.0,0.76,0.7151798498867945,0.1812080536912751,0.3076923076923077,25,300,0.163936048746109,0.19666666666666666,0.8360639214515686,0.09227987378835678
pure_top_k,0.7,1.0,10,14,0.5,0.0,0.0,1.0,0.0,0.0,0.0648378837574273,43.803216977760854,1.0,1.0,0.08,0.0,0.04,,25,300,0.029491599649190903,0.72,0.9705083966255188,0.0473707914352417
pure_top_k,0.7,1.0,10,15,0.96,0.92,0.43,0.9827809294154124,1.0,0.0,0.3743616419378668,43.57261749134119,12.08,1.0,0.56,0.5754855823966587,0.23841059602649,0.4115523465703971,25,300,0.13704033195972443,0.31,0.8629596829414368,0.09736926853656769
pure_top_k,0.7,1.0,10,16,0.0,0.0,0.25,0.9969230769230768,1.0,0.0,0.4027363855578005,43.51444430440613,8.36,1.0,0.2,0.1523234681984682,0.0726495726495726,0.0909090909090909,25,300,0.016549015417695045,0.9133333333333333,0.9834511280059814,0.026485500857234
pure_top_k,0.7,1.0,10,17,0.0,0.0,0.28,0.9526192754613808,1.0,0.0,0.5158561897929758,42.30855667299498,16.2,1.0,0.76,0.4415268612458387,0.1135802469135802,0.2157894736842105,25,300,0.0645345002412796,0.37333333333333335,0.9354655146598816,0.037319377064704895
pure_top_k,0.7,1.0,10,18,0.6,0.24,0.44,0.9500837064719873,1.0,0.0,0.6311425732541829,43.3268811962188,22.24,0.88,1.0,0.8043558004388651,0.2706093189964157,0.5478424015009381,25,300,0.20993958413600922,0.023333333333333334,0.7900604009628296,0.07295666635036469
pure_top_k,0.7,1.0,10,19,0.96,0.96,0.26,0.9965217391304348,0.04,0.0,0.0727190631255507,43.34348976767453,1.88,1.0,0.08,0.08,0.4791666666666667,1.0,25,300,0.03715401515364647,0.92,0.962846040725708,0.1262059211730957
pure_top_k,0.7,1.0,10,20,0.64,0.32,0.59,0.9301495405179616,0.9976470588235294,0.0,0.4446169821266085,43.68808449214498,16.24,1.0,0.92,0.596909727562945,0.1348039215686274,0.3054830287206266,25,300,0.11932574212551117,0.06333333333333334,0.8806742429733276,0.050531405955553055
pure_top_k,0.7,1.0,10,21,0.1,0.0,0.48,0.9522914724905572,1.0,0.0,0.5678193089272827,43.81210986026794,16.84,1.0,1.0,0.6364969679073031,0.173396674584323,0.3686868686868687,25,300,0.14784365892410278,0.06333333333333334,0.8521563410758972,0.06057407706975937
pure_top_k,0.7,1.0,10,22,0.34,0.0,0.32,0.877891162329918,0.9872788778267906,0.0,1.0642048880830408,43.63239056524722,33.16,0.2,1.0,0.5417676146758673,0.1451027811366384,0.2880299251870324,25,300,0.09052055329084396,0.21333333333333335,0.9094793796539307,0.05013398453593254
pure_top_k,0.7,1.0,10,23,0.3,0.0,0.2,1.0,1.0,0.0,0.2333957009203731,43.69501351370023,5.0,1.0,0.52,0.7173956043956043,0.3178294573643411,0.375,25,300,0.34907519817352295,0.20666666666666667,0.6509248614311218,0.22137002646923065
pure_top_k,0.7,1.0,10,24,0.0,0.0,0.27,0.9596159735689148,0.9987878787878788,0.0,0.5889979558158666,40.36424883942803,16.84,1.0,0.92,0.7346206818158665,0.3,0.4961038961038961,25,300,0.2317637950181961,0.03,0.7682362198829651,0.06861039996147156
pure_top_k,0.7,1.0,10,25,0.88,0.76,0.68,1.0,1.0,0.0,0.213631713008508,39.164735086063835,4.6,1.0,0.56,0.5186150793650794,0.1304347826086956,0.3333333333333333,25,300,0.10727227479219437,0.33,0.8927276730537415,0.0778573751449585
pure_top_k,0.7,1.0,10,26,0.98,0.96,0.73,0.8919905298504612,0.984766438070786,0.0,0.9578727632109076,39.71014234297981,22.12,0.4,0.92,0.608229904721395,0.1087613293051359,0.2574568288854003,25,300,0.06906424462795258,0.5733333333333334,0.930935800075531,0.05701802298426628
pure_top_k,0.7,1.0,10,27,0.22,0.04,0.25,1.0,1.0,0.0,0.221919278614223,39.618249747793016,6.24,1.0,0.64,0.727051245351942,0.1858974358974359,0.3206106870229007,25,300,0.2651524841785431,0.11333333333333333,0.7348474860191345,0.1501675844192505
pure_top_k,0.7,1.0,10,28,0.0,0.0,0.26,0.8908084429731489,1.0,0.0,0.8716981915570795,39.45487503870377,17.12,0.88,0.56,0.5631883202199508,0.1328976034858388,0.2142857142857142,25,300,0.16910532116889954,0.14666666666666667,0.8308946490287781,0.09021162986755371
pure_top_k,0.7,1.0,10,29,0.38,0.0,0.29,0.9499596197210048,1.0,0.0,1.165515114767477,39.600226246961846,31.96,0.2,1.0,0.7528332401427339,0.2389162561576354,0.4701397712833545,25,300,0.2011461704969406,0.02,0.798853874206543,0.09223761409521103
pure_top_k,0.7,1.0,10,30,0.14,0.0,0.38,0.9736666666666668,0.9927272727272728,0.0,0.4373955884482711,38.56022916060299,8.8,1.0,0.76,0.4765579746763957,0.1809954751131221,0.2959183673469387,25,300,0.08282238245010376,0.37333333333333335,0.9171777367591858,0.05515659600496292
pure_top_k,0.7,1.0,10,31,0.0,0.0,0.0,1.0,0.0,0.0,0.0506875436287372,39.54623412917187,1.0,1.0,0.04,0.0,0.04,,25,300,1.4305114426349519e-08,1.0,1.0,5.066072361614715e-08
pure_top_k,0.7,1.0,10,32,0.04,0.0,0.56,0.988051282051282,1.0,0.0,0.6351333739608527,38.13414979921415,12.92,0.88,0.88,0.6323328294764112,0.2191358024691358,0.3979933110367893,25,300,0.09886619448661804,0.11333333333333333,0.9011338353157043,0.048432640731334686
pure_top_k,0.7,1.0,10,33,0.62,0.24,0.72,0.9662564102564104,1.0,0.0,0.4568513486906886,37.53544727662917,8.72,1.0,0.48,0.3368220600205894,0.1376146788990825,0.1968911917098445,25,300,0.05094091594219208,0.4033333333333333,0.9490591287612915,0.0340459942817688
pure_top_k,0.7,1.0,10,34,0.28,0.28,0.43,1.0,0.52,0.0,0.1347458290960639,37.65654367788803,2.84,1.0,0.2,0.682962962962963,0.1830985915492957,0.2391304347826087,25,300,0.2963523864746094,0.32,0.7036475539207458,0.22308258712291718
pure_top_k,0.7,1.0,10,35,1.0,1.0,0.35,0.9911462450592884,1.0,0.0,0.5196335110440851,38.92034956959248,13.0,1.0,0.28,0.2486324931784886,0.0984615384615384,0.15,25,300,0.02935939095914364,0.6466666666666666,0.9706406593322754,0.04043368622660637
pure_top_k,0.7,1.0,10,36,0.68,0.68,0.33,0.9881318681318682,0.9984,0.0,0.37541209471412,40.1062193666957,12.68,1.0,0.76,0.5268759981213935,0.1118012422360248,0.2121212121212121,25,300,0.044204603880643845,0.5433333333333333,0.9557954668998718,0.027478406205773354
pure_top_k,0.7,1.0,10,37,0.5,0.0,0.0,0.9933333333333332,1.0,0.0,0.3411320228502154,38.395060993789414,11.08,1.0,0.12,0.1157142857142857,0.0541516245487364,0.0714285714285714,25,300,0.01015599723905325,0.8466666666666667,0.9898439645767212,0.017882822081446648
pure_top_k,0.7,1.0,10,38,0.5,0.0,0.48,0.9977777777777778,1.0,0.0,0.4025125975627452,39.868282762088405,14.0,1.0,0.2,0.1865410312273057,0.0968660968660968,0.1288343558282208,25,300,0.03835724666714668,0.77,0.961642861366272,0.07930368185043335
pure_top_k,0.7,1.0,10,39,0.82,0.72,0.32,0.9934899749373436,1.0,0.0,0.3920484383124858,38.473831607942515,11.72,1.0,0.56,0.6151772529871842,0.2593856655290102,0.3992537313432835,25,300,0.11479072272777557,0.44666666666666666,0.8852091431617737,0.12234001606702805
pure_top_k,0.7,1.0,10,40,0.62,0.28,0.43,0.948865943413312,1.0,0.0,0.5504966812022031,39.54618888236402,18.44,1.0,0.92,0.5638625980831496,0.2150537634408602,0.3840909090909091,25,300,0.12458972632884979,0.25,0.8754103779792786,0.08945920318365097
pure_top_k,0.7,1.0,10,41,1.0,1.0,0.25,1.0,0.0,0.0,0.0742134040687232,38.342341387757415,1.0,1.0,0.08,0.0,0.04,,25,300,0.023409968242049217,0.72,0.976590096950531,0.037602052092552185
pure_top_k,0.7,1.0,10,42,0.0,0.0,0.0,1.0,1.0,0.0,0.1039339549932628,38.6536228914467,2.0,1.0,0.04,0.0,0.04,0.04,25,300,3.814697180359872e-08,1.0,1.0,4.776338613510234e-08
pure_top_k,0.7,1.0,10,43,0.8,0.6,0.47,0.985018315018315,0.64,0.0,0.4369401498697698,38.66197737022944,9.6,0.96,0.48,0.6686624725459167,0.2768595041322314,0.4470046082949309,25,300,0.19028320908546448,0.2733333333333333,0.8097167611122131,0.1348847895860672
pure_top_k,0.7,1.0,10,44,1.0,1.0,0.25,1.0,0.0,0.0,0.0672683488950132,39.27907258268957,1.0,1.0,0.08,0.0,0.04,,25,300,0.05055702105164528,0.52,0.9494429230690002,0.052709341049194336
pure_top_k,0.7,1.0,10,45,0.68,0.52,0.56,0.8931789717890009,0.99875,0.0,1.0554215535521507,38.925113043086505,34.12,0.6,0.96,0.6398147298370157,0.1524249422632794,0.3234244946492271,25,300,0.14989715814590454,0.10333333333333333,0.8501028418540955,0.06449868530035019
pure_top_k,0.7,1.0,10,46,1.0,1.0,0.74,1.0,1.0,0.0,0.4045651226770133,39.42986054349292,13.92,1.0,0.12,0.022063492063492,0.043103448275862,0.0464396284829721,25,300,0.0027873471844941378,1.0,0.9972127079963684,0.006795485038310289
pure_top_k,0.7,1.0,10,47,0.56,0.28,0.54,0.8877027993326415,0.9967386759581882,0.0011764705882352,0.9553540285490452,37.29675518335732,29.88,0.8,1.0,0.7297693020023243,0.1962616822429906,0.4765193370165745,25,300,0.16062991321086884,0.04,0.83937007188797,0.07573497295379639
pure_top_k,0.7,1.0,10,48,0.48,0.0,0.04,1.0,0.96,0.0,0.1943329817801713,35.29148504182799,2.6,1.0,0.2,0.343015873015873,0.1384615384615384,0.2,25,300,0.08387333899736404,0.58,0.9161267280578613,0.1093350276350975
pure_top_k,0.7,1.0,10,49,0.0,0.0,0.0,1.0,0.0,0.0,0.0713238230068236,38.67937036206772,1.0,1.0,0.08,0.0,0.04,,25,300,0.04002431780099869,0.62,0.9599756598472595,0.051209792494773865
pure_top_k,0.7,1.0,15,0,1.0,1.0,0.68,0.9852323308270676,1.0,0.0,0.4637139672227204,43.334173598015305,16.08,1.0,0.72,0.5077776706783779,0.1485148514851485,0.258575197889182,25,300,0.10495036840438843,0.4766666666666667,0.8950496315956116,0.09433350712060928
pure_top_k,0.7,1.0,15,1,0.06,0.0,0.25,1.0,1.0,0.0,0.2255964888818562,43.601565625092725,7.0,1.0,0.6,0.5604434781764503,0.1828571428571428,0.3266666666666666,25,300,0.07868599891662598,0.3233333333333333,0.921314001083374,0.049280282109975815
pure_top_k,0.7,1.0,15,2,0.54,0.24,0.34,0.9906095238095238,1.0,0.0,0.3808922496810555,43.79814620425637,12.88,1.0,0.88,0.8605878845841531,0.3938461538461538,0.66,25,300,0.36427056789398193,0.04666666666666667,0.6357294321060181,0.15375050902366638
pure_top_k,0.7,1.0,15,3,0.06,0.0,0.24,1.0,1.0,0.0,0.20026057690382,43.54231330672041,6.52,1.0,0.4,0.4749157891223109,0.2024539877300613,0.3043478260869565,25,300,0.10588028281927109,0.53,0.8941196799278259,0.1090109795331955
pure_top_k,0.7,1.0,15,4,0.0,0.0,0.25,1.0,0.68,0.0,0.084093792643398,43.75924188828241,1.68,1.0,0.08,0.2266666666666666,0.0476190476190476,0.0588235294117647,25,300,0.10871869325637817,0.5466666666666666,0.8912813067436218,0.11958631128072739
pure_top_k,0.7,1.0,15,5,0.0,0.0,0.0,1.0,1.0,0.0,0.0685583658516406,43.75846441238456,2.0,1.0,0.04,0.0,0.04,0.04,25,300,1.9073486612342094e-07,1.0,0.9999998211860657,1.3562194567384722e-07
pure_top_k,0.7,1.0,15,6,0.56,0.32,0.54,0.9262168055647844,0.9544515133988818,0.001081081081081,0.8008029402513057,43.7263916804235,28.64,0.72,1.0,0.6963276501814127,0.1819425444596443,0.4065155807365439,25,300,0.18650850653648376,0.03666666666666667,0.8134914040565491,0.09074217826128006
pure_top_k,0.7,1.0,15,7,0.06,0.0,0.49,0.9209186597716008,0.9972413793103448,0.0014285714285714,0.6654024539515376,42.689603093311426,21.12,1.0,0.92,0.6563130008563733,0.1693404634581105,0.3936567164179104,25,300,0.08489763736724854,0.21,0.9151023626327515,0.04213891178369522
pure_top_k,0.7,1.0,15,8,0.08,0.04,0.07,0.9897933227344992,0.12,0.0,0.1659851526841521,43.81520756468058,4.88,0.92,0.16,0.2278845173592101,0.5203252032520326,0.826530612244898,25,300,0.10641217976808548,0.77,0.8935878276824951,0.19751964509487152
pure_top_k,0.7,1.0,15,9,0.0,0.0,0.0,1.0,0.0,0.0,0.0658685569651424,43.68294541918899,1.0,1.0,0.08,0.0,0.04,,25,300,0.02317197248339653,0.78,0.9768279790878296,0.043704286217689514
pure_top_k,0.7,1.0,15,10,1.0,1.0,0.76,0.949871347579668,1.0,0.0,0.7997332231514156,43.6124631983696,29.52,0.96,1.0,0.4635374444580925,0.0975609756097561,0.182328190743338,25,300,0.03904104232788086,0.7533333333333333,0.9609589576721191,0.028419185429811478
pure_top_k,0.7,1.0,15,11,0.0,0.0,0.35,0.9729006023814208,0.48,0.0,0.3080059276241809,43.58332140607772,9.48,1.0,0.4,0.5503208190823292,0.136,0.2222222222222222,25,300,0.26575031876564026,0.48,0.7342497110366821,0.24890631437301636
pure_top_k,0.7,1.0,15,12,0.48,0.24,0.53,0.9798179271708684,0.9976470588235294,0.0,0.56033612055704,43.831380485946575,17.0,1.0,0.84,0.7425129808987286,0.2068965517241379,0.3292682926829268,25,300,0.17543238401412964,0.06333333333333334,0.8245676159858704,0.09083560109138489
pure_top_k,0.7,1.0,15,13,0.3,0.0,0.27,0.9942564102564104,0.96,0.0,0.2552089622057974,43.70196696532928,8.44,1.0,0.68,0.7743275357639674,0.2417061611374407,0.3655913978494624,25,300,0.17518994212150574,0.1,0.8248100876808167,0.10557819902896881
pure_top_k,0.7,1.0,15,14,0.5,0.0,0.0,1.0,0.0,0.0,0.0684549877326935,43.824678745400576,1.0,1.0,0.04,0.0,0.04,,25,300,0.0,1.0,1.0,0.0
pure_top_k,0.7,1.0,15,15,1.0,1.0,0.37,0.9862121212121212,1.0,0.0,0.3169407519884407,42.78545571685641,9.92,1.0,0.36,0.3918089321235447,0.2177419354838709,0.3766816143497757,25,300,0.09276191145181656,0.5733333333333334,0.9072381854057312,0.10560663789510727
pure_top_k,0.7,1.0,15,16,0.0,0.0,0.25,1.0,1.0,0.0,0.3971658362075686,43.8104337234525,8.16,1.0,0.16,0.1381616161616161,0.0524017467248908,0.0637254901960784,25,300,0.008398312143981457,1.0,0.9916017651557922,0.01197205763310194
pure_top_k,0.7,1.0,15,17,0.0,0.0,0.27,0.9593164496920048,1.0,0.0,0.5056055643782019,43.830575902850256,16.84,1.0,0.72,0.5007796969375065,0.1330166270783848,0.2272727272727272,25,300,0.08287663757801056,0.3233333333333333,0.9171234369277954,0.05387692153453827
pure_top_k,0.7,1.0,15,18,0.6,0.28,0.45,0.9560073445384724,0.9987878787878788,0.0,0.6678045632690192,41.873512378470195,22.64,0.88,1.0,0.7602788990495154,0.2942206654991243,0.5879120879120879,25,300,0.19681496918201447,0.02,0.8031850457191467,0.0730644091963768
pure_top_k,0.7,1.0,15,19,0.96,0.96,0.25,1.0,0.04,0.0,0.0700224211253225,43.17368969521042,1.88,1.0,0.12,0.08,0.5106382978723404,1.0,25,300,0.05303613469004631,0.7733333333333333,0.9469637870788574,0.12857317924499512
pure_top_k,0.7,1.0,15,20,0.76,0.52,0.64,0.9184682994525504,0.9971712158808932,0.0,0.4998274688515812,43.78787129452651,18.52,1.0,0.84,0.5577481850330528,0.1745689655172413,0.357630979498861,25,300,0.10202246159315109,0.09666666666666666,0.8979774713516235,0.047656938433647156
pure_top_k,0.7,1.0,15,21,0.1,0.0,0.48,0.956815691829178,1.0,0.0,0.6164542670361698,42.5476812987534,18.32,1.0,1.0,0.6735540759971478,0.1834061135371179,0.3903002309468822,25,300,0.15454883873462677,0.06333333333333334,0.8454511761665344,0.05600755661725998
pure_top_k,0.7,1.0,15,22,0.28,0.0,0.3,0.891946104520915,0.9938992869875224,0.0,1.061549360789359,43.630448981931366,32.28,0.28,1.0,0.5853449795157106,0.1763975155279503,0.3461538461538461,25,300,0.12397962063550949,0.03666666666666667,0.8760203123092651,0.058645106852054596
pure_top_k,0.7,1.0,15,23,0.28,0.0,0.26,1.0,1.0,0.0,0.2406001692824065,43.59414977777615,5.04,1.0,0.4,0.6518324845089551,0.2706766917293233,0.3055555555555556,25,300,0.32279419898986816,0.31,0.6772057414054871,0.23361732065677643
pure_top_k,0.7,1.0,15,24,0.0,0.0,0.27,0.9615887650648988,0.9984,0.0,0.6564925281517208,39.36784185467762,18.36,1.0,1.0,0.7376483706945809,0.2997762863534675,0.5308056872037915,25,300,0.24203912913799286,0.01,0.7579609155654907,0.06480226665735245
pure_top_k,0.7,1.0,15,25,0.94,0.88,0.72,1.0,1.0,0.0,0.2116685437504201,39.29887125078399,4.72,1.0,0.56,0.5068611111111111,0.1610169491525423,0.3225806451612903,25,300,0.09690550714731216,0.23,0.903094470500946,0.05665198341012001
pure_top_k,0.7,1.0,15,26,0.96,0.96,0.67,0.8989329380577957,0.9757189501708242,0.0047999999999999,0.9226287128869444,39.504793612008825,21.24,0.4,0.84,0.6130223640599313,0.1165354330708661,0.2688524590163934,25,300,0.07455079257488251,0.5166666666666667,0.9254491925239563,0.05653376877307892
pure_top_k,0.7,1.0,15,27,0.3,0.04,0.2,1.0,0.96,0.0,0.1915190639626234,39.566499919732166,4.64,1.0,0.52,0.7659219597195603,0.2241379310344827,0.3296703296703296,25,300,0.2342105358839035,0.15666666666666668,0.7657895088195801,0.13915380835533142
pure_top_k,0.7,1.0,15,28,0.0,0.0,0.26,0.8911608909379807,0.9976470588235294,0.0,0.8561502039991319,39.41595652230794,17.08,0.92,0.76,0.5862749455489624,0.1400437636761488,0.2384259259259259,25,300,0.16643919050693512,0.15333333333333332,0.8335608243942261,0.07893326878547668
pure_top_k,0.7,1.0,15,29,0.42,0.04,0.37,0.9369215639140316,0.9976973684210526,0.0,1.1981331964489073,38.2832679314417,31.6,0.28,1.0,0.7634769422539727,0.2278953922789539,0.4820051413881748,25,300,0.24220570921897888,0.01,0.7577943205833435,0.08737814426422119
pure_top_k,0.7,1.0,15,30,0.16,0.0,0.36,0.9883333333333334,0.9963636363636365,0.0,0.4603517089039087,38.57767617932998,8.8,1.0,0.8,0.4280037056310276,0.2045454545454545,0.3025641025641025,25,300,0.08568209409713745,0.31666666666666665,0.9143178462982178,0.06227552518248558
pure_top_k,0.7,1.0,15,31,0.0,0.0,0.0,1.0,0.0,0.0,0.0539932684227823,38.58561697863075,1.0,1.0,0.08,0.08,0.08,,25,300,0.023741550743579865,0.92,0.9762585163116455,0.08064598590135574
pure_top_k,0.7,1.0,15,32,0.06,0.0,0.59,0.970591706539075,1.0,0.0,0.6600513892900198,38.660071842931366,13.52,0.92,1.0,0.6751719829123624,0.2869822485207101,0.4792332268370607,25,300,0.09754222631454468,0.05333333333333334,0.9024576544761658,0.0302231777459383
pure_top_k,0.7,1.0,15,33,0.68,0.36,0.71,0.9725555555555556,1.0,0.0,0.4677960371691733,38.74118079205622,9.36,1.0,0.6,0.3471333794058252,0.1404255319148936,0.2285714285714285,25,300,0.05811436474323273,0.43333333333333335,0.9418855905532837,0.04401303827762604
pure_top_k,0.7,1.0,15,34,0.3,0.28,0.45,1.0,0.44,0.0,0.1427605902869254,37.17102461549724,2.84,1.0,0.2,0.6344444444444445,0.1971830985915492,0.2391304347826087,25,300,0.26558297872543335,0.38333333333333336,0.7344169616699219,0.22174875438213348
pure_top_k,0.7,1.0,15,35,1.0,1.0,0.42,0.9857232351566152,1.0,0.0,0.5736150491889567,38.47514175127444,14.68,1.0,0.4,0.3334022640999041,0.1171662125340599,0.1929824561403508,25,300,0.037064190953969955,0.6066666666666667,0.9629358053207397,0.03834252059459686
pure_top_k,0.7,1.0,15,36,0.68,0.68,0.33,0.9892564102564104,0.9974193548387098,0.0013333333333333,0.4043092458508909,39.460496941217215,13.24,0.96,0.76,0.5119473399951427,0.1483679525222551,0.2532051282051282,25,300,0.04287497326731682,0.6566666666666666,0.9571250677108765,0.03332945331931114
pure_top_k,0.7,1.0,15,37,0.5,0.0,0.02,0.9904761904761904,1.0,0.0,0.3576821312028915,37.97811399573968,11.52,1.0,0.28,0.1721600064452231,0.0865051903114186,0.1287878787878787,25,300,0.016260553151369095,0.9133333333333333,0.98373943567276,0.020114565268158913
pure_top_k,0.7,1.0,15,38,0.52,0.04,0.5,0.9927272727272728,1.0,0.0,0.4150553831085563,37.89572132204833,13.64,1.0,0.24,0.2685402422393269,0.0932944606413994,0.1194968553459119,25,300,0.07096519321203232,0.6366666666666667,0.9290348291397095,0.09455130994319916
pure_top_k,0.7,1.0,15,39,0.88,0.8,0.3,0.9973420479302832,1.0,0.0,0.3898525395989418,39.03321029508274,11.76,1.0,0.44,0.5680270571584016,0.2653061224489796,0.4349442379182156,25,300,0.09756026417016983,0.62,0.9024397730827332,0.1068558320403099
pure_top_k,0.7,1.0,15,40,0.74,0.48,0.49,0.9529720390720392,1.0,0.0,0.6131492792069912,39.574469556308856,21.12,1.0,1.0,0.6471854141138816,0.2,0.398019801980198,25,300,0.19088172912597656,0.03,0.8091182708740234,0.08039886504411697
pure_top_k,0.7,1.0,15,41,1.0,1.0,0.25,1.0,0.0,0.0,0.0745370233245193,37.71764958747638,1.0,1.0,0.08,0.0,0.04,,25,300,0.02786898985505104,0.6666666666666666,0.9721310138702393,0.03947844356298447
pure_top_k,0.7,1.0,15,42,0.0,0.0,0.0,1.0,1.0,0.0,0.1026261369045823,39.03601631055677,2.0,1.0,0.04,0.0,0.04,0.04,25,300,3.814697180359872e-08,1.0,1.0,4.776338613510234e-08
pure_top_k,0.7,1.0,15,43,0.76,0.52,0.47,0.9872195834855684,0.64,0.0,0.4186942242272198,38.42715236727442,8.68,1.0,0.4,0.6345068084465947,0.2981651376146789,0.4870466321243523,25,300,0.18479441106319427,0.3,0.8152055740356445,0.14345629513263702
pure_top_k,0.7,1.0,15,44,1.0,1.0,0.25,1.0,0.0,0.0,0.0623548290133475,39.201510626824685,1.0,1.0,0.08,0.0,0.04,,25,300,0.05406792834401131,0.4866666666666667,0.9459320306777954,0.05273280292749405
pure_top_k,0.7,1.0,15,45,0.42,0.24,0.46,0.8933317407356615,0.9978888888888888,0.0,1.0367935915291309,38.62869821660157,32.52,0.6,1.0,0.7058431876306487,0.1815980629539951,0.4132334581772784,25,300,0.17227429151535034,0.04666666666666667,0.8277256488800049,0.06133154034614563
pure_top_k,0.7,1.0,15,46,1.0,1.0,0.73,1.0,1.0,0.0,0.4119509168248623,38.60413643201262,13.76,1.0,0.16,0.0595681246857717,0.0494186046511627,0.0564263322884012,25,300,0.007058447226881981,0.9966666666666667,0.9929416179656982,0.013289392925798893
pure_top_k,0.7,1.0,15,47,0.52,0.24,0.51,0.9156994961824552,0.9964410569105692,0.0,0.9449910931102932,35.938353110549635,28.04,0.8,1.0,0.7092511969951971,0.1977240398293029,0.4631268436578171,25,300,0.1506148725748062,0.04,0.8493850827217102,0.078317791223526
pure_top_k,0.7,1.0,15,48,0.48,0.0,0.01,1.0,0.96,0.0,0.1480109361838549,37.40913518742354,2.12,1.0,0.16,0.2257142857142857,0.1509433962264151,0.2142857142857142,25,300,0.059116192162036896,0.7033333333333334,0.9408838152885437,0.10144152492284775
pure_top_k,0.7,1.0,15,49,0.04,0.04,0.01,1.0,0.0,0.0,0.0748276855517178,38.56237488323119,1.0,1.0,0.12,0.08,0.08,,25,300,0.04394794628024101,0.71,0.9560520648956299,0.08012009412050247
pure_top_k,0.7,1.0,20,0,1.0,1.0,0.66,0.9820549672549672,1.0,0.0,0.4837619132362306,43.816051323316486,16.88,1.0,0.72,0.5208505595750856,0.1391509433962264,0.2431077694235588,25,300,0.12053059786558151,0.33,0.8794693946838379,0.08825813978910446
pure_top_k,0.7,1.0,20,1,0.16,0.0,0.25,1.0,1.0,0.0,0.2027686508838087,43.786111002458114,6.36,1.0,0.64,0.5483003385503386,0.1509433962264151,0.2761194029850746,25,300,0.06271608918905258,0.45,0.9372839331626892,0.03885818272829056
pure_top_k,0.7,1.0,20,2,0.56,0.2,0.34,0.987458506405875,1.0,0.0,0.3313918091822415,43.81557178051443,10.96,1.0,0.96,0.8847238201411731,0.391304347826087,0.6693227091633466,25,300,0.32669302821159363,0.023333333333333334,0.6733070015907288,0.13604670763015747
pure_top_k,0.7,1.0,20,3,0.2,0.16,0.3,0.9893073593073594,1.0,0.0,0.2559266912937164,43.72358647546341,8.68,1.0,0.44,0.5044524614033672,0.2764976958525346,0.4427083333333333,25,300,0.15189474821090698,0.51,0.848105251789093,0.17410531640052795
pure_top_k,0.7,1.0,20,4,0.0,0.0,0.25,0.995,0.76,0.0,0.0913534843176603,43.78304668310156,2.0,1.0,0.12,0.24,0.14,0.28,25,300,0.10522940009832382,0.56,0.894770622253418,0.12082047015428543
pure_top_k,0.7,1.0,20,5,0.0,0.0,0.0,1.0,1.0,0.0,0.0687607324775308,43.63112094216297,2.0,1.0,0.04,0.0,0.04,0.04,25,300,1.9073486612342094e-07,1.0,0.9999998211860657,1.3562194567384722e-07
pure_top_k,0.7,1.0,20,6,0.42,0.16,0.48,0.9114562281739108,0.9885777039497968,0.0041025641025641,0.805167299695313,43.713297778286304,29.64,0.76,1.0,0.6889712643972856,0.1868279569892473,0.4158553546592489,25,300,0.17687517404556274,0.04,0.8231248259544373,0.06605957448482513
pure_top_k,0.7,1.0,20,7,0.04,0.0,0.46,0.9575258163831054,1.0,0.0,0.5335407893918455,43.00153419054371,16.52,1.0,0.96,0.657167464722374,0.2131519274376417,0.4302884615384615,25,300,0.08414141833782196,0.20666666666666667,0.9158585667610168,0.04097741097211838
pure_top_k,0.7,1.0,20,8,0.04,0.0,0.04,0.9917894736842108,0.08,0.0,0.1206746879406273,43.453304038407616,3.64,1.0,0.12,0.1536458333333333,0.5274725274725275,0.9393939393939394,25,300,0.067967988550663,0.8433333333333334,0.93203204870224,0.15924300253391266
pure_top_k,0.7,1.0,20,9,0.0,0.0,0.0,1.0,0.0,0.0,0.0683195332158356,43.91167642510422,1.0,1.0,0.04,0.0,0.04,,25,300,0.0,1.0,1.0,0.0
pure_top_k,0.7,1.0,20,10,1.0,1.0,0.77,0.9469571566794784,1.0,0.0,0.80278868005611,43.55774356195727,29.32,0.96,0.96,0.4251064697013409,0.1050477489768076,0.1991525423728813,25,300,0.030699927359819412,0.8433333333333334,0.9693000316619873,0.02816203236579895
pure_top_k,0.7,1.0,20,11,0.0,0.0,0.27,0.9775404788448268,0.32,0.0,0.2049467424955219,43.55961116046491,5.92,1.0,0.24,0.44767716821173,0.1910828025477707,0.2954545454545454,25,300,0.22384104132652283,0.5466666666666666,0.7761589884757996,0.24356403946876526
pure_top_k,0.7,1.0,20,12,0.46,0.16,0.49,0.9793682703664556,0.96,0.0,0.5309087020624429,43.92650294857853,17.24,1.0,0.76,0.6284878915181522,0.1408775981524249,0.2377450980392156,25,300,0.1485859900712967,0.15666666666666668,0.8514139652252197,0.11143826693296432
pure_top_k,0.7,1.0,20,13,0.36,0.0,0.28,1.0,0.96,0.0,0.2343374393228441,43.58658574667794,7.8,1.0,0.68,0.730535447192164,0.2153846153846154,0.3470588235294117,25,300,0.163895383477211,0.19,0.8361046314239502,0.10838182270526886
pure_top_k,0.7,1.0,20,14,0.5,0.0,0.0,1.0,0.0,0.0,0.067635732917115,43.76500849447867,1.0,1.0,0.08,0.0,0.04,,25,300,0.008426184765994549,0.92,0.9915738701820374,0.028622325509786606
pure_top_k,0.7,1.0,20,15,0.98,0.96,0.44,0.97865088985089,1.0,0.0,0.3925976911745965,43.75861162370209,13.12,1.0,0.56,0.5577237609325777,0.2042682926829268,0.3597359735973597,25,300,0.12685991823673248,0.36666666666666664,0.8731400370597839,0.09437034279108047
pure_top_k,0.7,1.0,20,16,0.04,0.04,0.32,1.0,0.88,0.0,0.3853153055161237,43.7062110786473,7.16,1.0,0.16,0.2833333333333333,0.073170731707317,0.0666666666666666,25,300,0.07875455170869827,0.7733333333333333,0.9212453961372375,0.14621460437774658
pure_top_k,0.7,1.0,20,17,0.0,0.0,0.29,0.9497874097007224,0.9984615384615384,0.0,0.5322760580480099,42.893188120973925,17.16,1.0,0.8,0.4556943616131889,0.1351981351981352,0.245049504950495,25,300,0.06969437003135681,0.29333333333333333,0.9303056597709656,0.034063927829265594
pure_top_k,0.7,1.0,20,18,0.66,0.44,0.47,0.9578957405302232,0.9586206896551724,0.0,0.6223605036083609,43.779451620338634,21.0,1.0,1.0,0.781045390497339,0.2723880597014925,0.5557729941291585,25,300,0.20049796998500824,0.03,0.7995020747184753,0.08247454464435577
pure_top_k,0.7,1.0,20,19,0.96,0.96,0.25,1.0,0.04,0.0,0.064029935253784,43.70437572332541,1.68,1.0,0.08,0.08,0.4523809523809524,1.0,25,300,0.038031309843063354,0.92,0.9619686603546143,0.12918592989444733
pure_top_k,0.7,1.0,20,20,0.56,0.24,0.56,0.9530039716045908,0.996682615629984,0.0,0.4265369156375527,43.65780087519559,15.6,1.0,0.76,0.5632743724828699,0.1687979539641943,0.3114754098360656,25,300,0.0928030014038086,0.07333333333333333,0.9071970582008362,0.03353347256779671
pure_top_k,0.7,1.0,20,21,0.1,0.0,0.49,0.9506136892945076,1.0,0.0,0.6290755072049796,42.33765197062061,17.8,1.0,1.0,0.6602658239540719,0.1901565995525727,0.3767772511848341,25,300,0.15325360000133514,0.1,0.8467463850975037,0.07171734422445297
pure_top_k,0.7,1.0,20,22,0.3,0.0,0.28,0.8947677084029206,0.9938112816974296,0.0,1.0717380625661463,43.467649086707894,32.08,0.24,1.0,0.5831229836871766,0.1752190237797246,0.3359173126614987,25,300,0.12379676848649979,0.03,0.876203179359436,0.0494496151804924
pure_top_k,0.7,1.0,20,23,0.28,0.0,0.22,0.9897454545454544,1.0,0.0,0.2973234576545656,43.732832360781984,6.92,1.0,0.68,0.801576783781439,0.3369565217391304,0.4150943396226415,25,300,0.3868716061115265,0.09,0.6131284832954407,0.18878187239170074
pure_top_k,0.7,1.0,20,24,0.0,0.0,0.29,0.969834188034188,1.0,0.0,0.6537315419502556,39.209832706396995,17.84,1.0,1.0,0.7802860897177103,0.3064516129032258,0.5378973105134475,25,300,0.2657930552959442,0.02,0.7342069745063782,0.09318245202302933
pure_top_k,0.7,1.0,20,25,0.86,0.72,0.68,1.0,1.0,0.0,0.2219723818916826,37.76605906733916,4.64,1.0,0.56,0.4497341269841269,0.1206896551724138,0.2857142857142857,25,300,0.08938796073198318,0.27666666666666667,0.9106119871139526,0.061375126242637634
pure_top_k,0.7,1.0,20,26,0.92,0.92,0.73,0.9193388805985508,0.984552832674572,0.0036363636363636,0.8802847992908209,40.0236757349341,20.4,0.56,0.96,0.6337569182201888,0.1237623762376237,0.2943201376936317,25,300,0.08055801689624786,0.4666666666666667,0.9194419384002686,0.05924626439809799
pure_top_k,0.7,1.0,20,27,0.26,0.04,0.24,1.0,1.0,0.0,0.1762127997633069,39.32383728945408,4.56,1.0,0.56,0.6714576146247972,0.2456140350877192,0.3932584269662921,25,300,0.20665714144706726,0.12,0.7933428883552551,0.12272391468286514
pure_top_k,0.7,1.0,20,28,0.02,0.0,0.26,0.8885389052086478,0.9942857142857144,0.003076923076923,0.8945815794635564,39.88780872871698,17.4,0.88,0.8,0.6505250879026347,0.1602564102564102,0.2528216704288939,25,300,0.2199811339378357,0.07,0.7800188064575195,0.11728322505950928
pure_top_k,0.7,1.0,20,29,0.36,0.0,0.35,0.94240098392328,0.9976470588235294,0.0,1.252240941198543,37.54454948433284,33.96,0.2,1.0,0.7529874735396447,0.220162224797219,0.4701670644391408,25,300,0.20829525589942932,0.006666666666666667,0.7917047739028931,0.07915261387825012
pure_top_k,0.7,1.0,20,30,0.14,0.0,0.34,0.981,1.0,0.0,0.4636924547422677,37.7164303436077,8.56,1.0,0.64,0.3749088988353694,0.1355140186915887,0.2539682539682539,25,300,0.070468470454216,0.44333333333333336,0.9295315742492676,0.055789764970541
pure_top_k,0.7,1.0,20,31,0.04,0.04,0.01,1.0,0.04,0.0,0.053613945050165,38.31081129168754,1.04,1.0,0.08,0.08,0.1153846153846153,1.0,25,300,0.02996193803846836,0.92,0.9700380563735962,0.10177560895681381
pure_top_k,0.7,1.0,20,32,0.02,0.0,0.53,0.9812693972693972,1.0,0.0,0.5696693572960794,38.62507181400766,11.6,0.96,0.92,0.6342132889410386,0.2773972602739726,0.4044943820224719,25,300,0.09110096842050552,0.13,0.9088990092277527,0.04458097368478775
pure_top_k,0.7,1.0,20,33,0.64,0.28,0.72,0.963062049062049,1.0,0.0,0.5018225213047117,38.69170842613571,9.76,1.0,0.64,0.3649100776960684,0.1352459016393442,0.2100456621004566,25,300,0.057265982031822205,0.39666666666666667,0.9427339434623718,0.03450961038470268
pure_top_k,0.7,1.0,20,34,0.44,0.44,0.58,1.0,0.52,0.0,0.1595068717468529,38.47522409401684,3.72,1.0,0.16,0.62,0.1290322580645161,0.1470588235294117,25,300,0.2597286105155945,0.4066666666666667,0.7402713894844055,0.22294004261493683
pure_top_k,0.7,1.0,20,35,1.0,1.0,0.35,0.9934448160535116,1.0,0.0,0.5148438759148121,39.30212569932819,13.2,1.0,0.32,0.2955332126542271,0.106060606060606,0.1672131147540983,25,300,0.0332706943154335,0.6566666666666666,0.9667293429374695,0.04294442757964134
pure_top_k,0.7,1.0,20,36,0.62,0.6,0.41,0.9742842292842292,0.9930995792426368,0.0026666666666666,0.50298315750435,39.41592615054225,16.0,0.92,0.72,0.5890182426201562,0.1767554479418886,0.3144329896907216,25,300,0.06768554449081421,0.30666666666666664,0.9323144555091858,0.039682745933532715
pure_top_k,0.7,1.0,20,37,0.5,0.0,0.01,0.9909803921568628,1.0,0.0,0.344912079302594,38.79650774971068,11.32,1.0,0.16,0.13906328320802,0.0704225352112676,0.0926640926640926,25,300,0.017187591642141342,0.7733333333333333,0.9828124046325684,0.031026914715766907
pure_top_k,0.7,1.0,20,38,0.52,0.04,0.5,0.994141414141414,1.0,0.0,0.4123259344883263,38.62012052972836,13.72,1.0,0.28,0.2907238759192124,0.1220930232558139,0.1630094043887147,25,300,0.07661384344100952,0.6333333333333333,0.9233862161636353,0.101014643907547
pure_top_k,0.7,1.0,20,39,0.9,0.8,0.32,1.0,1.0,0.0,0.3559409269317984,39.07757189044457,10.48,1.0,0.52,0.5636304371797592,0.2175572519083969,0.3459915611814346,25,300,0.07622867822647095,0.56,0.9237713813781738,0.0800803005695343
pure_top_k,0.7,1.0,20,40,0.68,0.36,0.46,0.9462717313086668,0.9987096774193548,0.0,0.5970291099511087,38.73586348794684,20.04,0.96,0.84,0.5995614629653677,0.2087475149105367,0.4100418410041841,25,300,0.13020628690719604,0.11666666666666667,0.869793713092804,0.06730861216783524
pure_top_k,0.7,1.0,20,41,1.0,1.0,0.25,1.0,0.0,0.0,0.0764626061357557,38.77393397882859,1.0,1.0,0.08,0.0,0.04,,25,300,0.006688624154776335,0.92,0.9933114647865295,0.022719833999872208
pure_top_k,0.7,1.0,20,42,0.0,0.0,0.0,1.0,1.0,0.0,0.1059572613053023,37.978278685560994,2.0,1.0,0.04,0.0,0.04,0.04,25,300,3.814697180359872e-08,1.0,1.0,4.776338613510234e-08
pure_top_k,0.7,1.0,20,43,0.8,0.6,0.49,0.9875291375291376,0.68,0.0,0.4211681905947625,38.540429679904406,8.64,0.96,0.4,0.6183856453595801,0.2844036697247706,0.4611398963730569,25,300,0.1712826043367386,0.31333333333333335,0.8287173509597778,0.13804636895656586
pure_top_k,0.7,1.0,20,44,1.0,1.0,0.25,1.0,0.0,0.0,0.0658397188689559,39.57336943217417,1.0,1.0,0.08,0.0,0.04,,25,300,0.05266355723142624,0.5,0.9473364353179932,0.05275154858827591
pure_top_k,0.7,1.0,20,45,0.44,0.24,0.48,0.9050710740470652,0.9989189189189188,0.0,1.0121218207571656,39.15106771367767,32.68,0.72,1.0,0.6703173987362817,0.1588447653429603,0.3610421836228288,25,300,0.14125564694404602,0.08,0.8587443828582764,0.053955718874931335
pure_top_k,0.7,1.0,20,46,1.0,1.0,0.73,1.0,1.0,0.0,0.4168814840354025,38.53849225946769,13.96,1.0,0.2,0.0621900871459694,0.0515759312320916,0.0586419753086419,25,300,0.009081518277525902,0.9966666666666667,0.9909185767173767,0.014676212333142757
pure_top_k,0.7,1.0,20,47,0.54,0.28,0.56,0.9143246046431448,0.9943632478632476,0.0,0.8999823864363133,38.057489583421265,27.88,0.8,0.96,0.7147213199496897,0.2065527065527065,0.4579025110782865,25,300,0.138282909989357,0.06333333333333334,0.8617171049118042,0.0580146461725235
pure_top_k,0.7,1.0,20,48,0.48,0.0,0.02,1.0,1.0,0.0,0.1525500419549643,38.59821600484566,2.32,1.0,0.12,0.1177777777777777,0.1206896551724138,0.2121212121212121,25,300,0.021785764023661613,0.8433333333333334,0.9782143235206604,0.054850608110427856
pure_top_k,0.7,1.0,20,49,0.04,0.04,0.01,1.0,0.0,0.0,0.0765096600167452,38.26782847433349,1.0,1.0,0.12,0.08,0.08,,25,300,0.03704327344894409,0.7733333333333333,0.9629567265510559,0.07832559943199158
pure_top_k,0.7,1.0,25,0,1.0,1.0,0.66,0.9785783298826776,1.0,0.0,0.4863048471137881,42.81363073681107,16.44,1.0,0.76,0.5784820692875523,0.1414868105515587,0.2780612244897959,25,300,0.13754874467849731,0.29,0.8624512553215027,0.093870148062706
pure_top_k,0.7,1.0,25,1,0.06,0.0,0.25,1.0,1.0,0.0,0.2128360871598124,42.82158776860674,6.48,1.0,0.64,0.6015799867343985,0.1975308641975308,0.3065693430656934,25,300,0.0825716108083725,0.31666666666666665,0.9174283742904663,0.05201129615306854
pure_top_k,0.7,1.0,25,2,0.6,0.32,0.34,0.9955942028985508,1.0,0.0,0.3214790047053247,43.791364007423255,10.8,1.0,0.88,0.8616332794399587,0.4022140221402214,0.6707317073170732,25,300,0.3434259295463562,0.06666666666666667,0.6565740704536438,0.16275335848331451
pure_top_k,0.7,1.0,25,3,0.08,0.04,0.23,0.9912941176470588,1.0,0.0,0.1998829311784357,43.625139640999585,6.48,1.0,0.4,0.4700885418617616,0.2037037037037037,0.3138686131386861,25,300,0.1167716309428215,0.52,0.8832283616065979,0.13903258740901947
pure_top_k,0.7,1.0,25,4,0.0,0.0,0.25,1.0,0.76,0.0,0.085821692738682,43.80886657828709,1.76,1.0,0.08,0.19,0.0454545454545454,0.0526315789473684,25,300,0.09113188087940216,0.62,0.9088681936264038,0.11660011112689972
pure_top_k,0.7,1.0,25,5,0.0,0.0,0.0,1.0,1.0,0.0,0.0687380965333431,43.64706577080846,2.0,1.0,0.04,0.0,0.04,0.04,25,300,1.9073486612342094e-07,1.0,0.9999998211860657,1.3562194567384722e-07
pure_top_k,0.7,1.0,25,6,0.42,0.2,0.5,0.9251510059449972,0.994579945799458,0.0034285714285714,0.7973477768246084,43.50398789326673,28.56,0.92,1.0,0.6794837815048763,0.1752433936022253,0.3832853025936599,25,300,0.17243823409080505,0.043333333333333335,0.8275617957115173,0.074045829474926
pure_top_k,0.7,1.0,25,7,0.04,0.0,0.46,0.9415916963211082,0.9952564102564102,0.0016,0.5748252943810076,43.841713408949815,18.48,1.0,0.96,0.6433049610266625,0.1795918367346938,0.3741935483870968,25,300,0.07839126139879227,0.22,0.9216088056564331,0.03490220382809639
pure_top_k,0.7,1.0,25,8,0.1,0.0,0.1,0.9755585041033956,0.2,0.0,0.240345027577132,43.772898045901385,7.72,0.88,0.24,0.3573930141825606,0.4432989690721649,0.7337278106508875,25,300,0.1623862385749817,0.6366666666666667,0.8376137018203735,0.22031737864017487
pure_top_k,0.7,1.0,25,9,0.0,0.0,0.0,1.0,0.0,0.0,0.0665722078830003,43.86664522240514,1.0,1.0,0.08,0.0,0.04,,25,300,0.016150159761309624,0.8466666666666667,0.9838498830795288,0.03801367059350014
pure_top_k,0.7,1.0,25,10,0.96,0.96,0.74,0.9518212162595368,0.9988235294117648,0.0,0.793846445567906,43.740468242649285,29.16,0.96,1.0,0.4969369533855863,0.1248285322359396,0.2159090909090909,25,300,0.05008816346526146,0.8733333333333333,0.9499118328094482,0.0729638934135437
pure_top_k,0.7,1.0,25,11,0.0,0.0,0.35,0.964457990014054,0.6,0.0,0.3481254653166979,43.75784070126228,10.96,1.0,0.36,0.5537031556685257,0.1030927835051546,0.1616541353383458,25,300,0.2552497088909149,0.5,0.7447502613067627,0.24398870766162872
pure_top_k,0.7,1.0,25,12,0.42,0.12,0.47,0.9952380952380953,1.0,0.0,0.4847884464077651,43.13897227043349,14.84,1.0,0.72,0.6553957881901005,0.1968085106382978,0.3219373219373219,25,300,0.1581140160560608,0.19,0.8418859839439392,0.11041422188282013
pure_top_k,0.7,1.0,25,13,0.26,0.0,0.29,0.9834654620741576,0.9969230769230768,0.0,0.2966187069844455,43.68350614522396,10.72,1.0,0.64,0.7299012448591911,0.1828358208955224,0.3086419753086419,25,300,0.16152623295783997,0.15666666666666668,0.8384737968444824,0.0973990261554718
pure_top_k,0.7,1.0,25,14,0.5,0.0,0.0,1.0,0.0,0.0,0.0661066027078777,43.590189556873455,1.0,1.0,0.08,0.0,0.04,,25,300,0.02317197248339653,0.78,0.9768279790878296,0.043704282492399216
pure_top_k,0.7,1.0,25,15,1.0,1.0,0.33,0.9898008658008658,0.998,0.0,0.2941870712488889,43.78039923889865,9.56,1.0,0.32,0.3835707633603754,0.209205020920502,0.322429906542056,25,300,0.06830251216888428,0.7066666666666667,0.9316974878311157,0.09624941647052765
pure_top_k,0.7,1.0,25,16,0.04,0.04,0.28,1.0,0.96,0.0,0.3940435050614178,43.753643965909795,7.84,1.0,0.28,0.2043648018648018,0.0765765765765765,0.0862944162436548,25,300,0.04187957942485809,0.9133333333333333,0.9581204056739807,0.11075729876756668
pure_top_k,0.7,1.0,25,17,0.02,0.0,0.3,0.9483713427954912,1.0,0.0,0.4795991002395749,43.787511441138605,15.8,1.0,0.76,0.4992192021797312,0.1687657430730478,0.2768817204301075,25,300,0.07869786024093628,0.3,0.9213021993637085,0.049804408103227615
pure_top_k,0.7,1.0,25,18,0.7,0.44,0.49,0.9558045744042876,1.0,0.0,0.6296308786515147,43.76734656057365,22.28,0.92,1.0,0.7939153008905371,0.2597864768683274,0.5325884543761639,25,300,0.20226551592350006,0.01,0.7977344989776611,0.07516829669475555
pure_top_k,0.7,1.0,25,19,0.96,0.96,0.26,1.0,0.04,0.0,0.0647871141415089,43.82989209585021,1.72,1.0,0.08,0.08,0.4651162790697674,1.0,25,300,0.03752082213759422,0.92,0.9624792337417603,0.12745186686515808
pure_top_k,0.7,1.0,25,20,0.64,0.32,0.58,0.9512528778949833,0.9952449965493444,0.0,0.4469459419511258,43.007074797302224,16.12,1.0,0.76,0.5729504045893685,0.1608910891089109,0.3456464379947229,25,300,0.10776860266923904,0.10333333333333333,0.8922314643859863,0.04631061479449272
pure_top_k,0.7,1.0,25,21,0.08,0.0,0.47,0.9666094646094646,1.0,0.0,0.6165143991541118,42.42618606716502,17.92,1.0,1.0,0.7036254250345211,0.1986607142857142,0.4231678486997636,25,300,0.158949077129364,0.05,0.841050922870636,0.05415590852499008
pure_top_k,0.7,1.0,25,22,0.32,0.0,0.27,0.8869592920837605,0.9938546990643764,0.0,1.0878691079001874,43.4263633037327,32.44,0.2,1.0,0.5711137475078614,0.1597051597051597,0.3079847908745247,25,300,0.10909581184387207,0.06,0.8909042477607727,0.04603626951575279
pure_top_k,0.7,1.0,25,23,0.3,0.0,0.27,1.0,1.0,0.0,0.2557631239388138,43.67942822623568,5.48,1.0,0.56,0.7226034125910902,0.3586206896551724,0.4333333333333333,25,300,0.3367595374584198,0.14666666666666667,0.6632404327392578,0.203244149684906
pure_top_k,0.7,1.0,25,24,0.0,0.0,0.31,0.9679778463651848,1.0,0.0,0.5488329984713346,41.91208460853659,16.16,1.0,0.88,0.7255871387565982,0.3153846153846154,0.5287671232876713,25,300,0.2089286595582962,0.05,0.7910712957382202,0.06336157768964767
pure_top_k,0.7,1.0,25,25,0.84,0.68,0.64,1.0,1.0,0.0,0.230944546284154,39.01971462303605,4.92,1.0,0.68,0.5978090428090428,0.2032520325203252,0.3673469387755102,25,300,0.12163284420967102,0.19,0.8783671855926514,0.07524804025888443
pure_top_k,0.7,1.0,25,26,0.88,0.88,0.7,0.9115139200668612,0.9798230945256116,0.0022222222222222,0.8513190069142729,39.18903326842142,19.28,0.6,0.88,0.6230871279570832,0.1076388888888889,0.2395644283121597,25,300,0.0801595076918602,0.43,0.9198405146598816,0.06101656332612038
pure_top_k,0.7,1.0,25,27,0.2,0.08,0.23,1.0,0.88,0.0,0.2020481206756084,39.4825273481131,5.28,1.0,0.56,0.6825299011417432,0.2121212121212121,0.2897196261682243,25,300,0.23912958800792694,0.22333333333333333,0.7608704566955566,0.16284571588039398
pure_top_k,0.7,1.0,25,28,0.02,0.0,0.29,0.9294820384294068,1.0,0.0,0.8889593986980617,39.627919697833335,18.76,0.8,0.8,0.6537468237225752,0.1571709233791748,0.2665289256198347,25,300,0.23506098985671997,0.09,0.76493901014328,0.11439050734043121
pure_top_k,0.7,1.0,25,29,0.38,0.0,0.34,0.9384533606452572,0.994649947753396,0.0028571428571428,1.2494844605308026,37.80050457207822,35.16,0.12,1.0,0.7686035682042851,0.2159730033745781,0.4814814814814814,25,300,0.1753031611442566,0.01,0.8246967792510986,0.0540836937725544
pure_top_k,0.7,1.0,25,30,0.16,0.0,0.34,0.987,1.0,0.0,0.4335652751289308,38.3154522931948,8.68,1.0,0.68,0.40099532898875,0.1818181818181818,0.2871794871794871,25,300,0.07141318172216415,0.45,0.9285868406295776,0.05271017923951149
pure_top_k,0.7,1.0,25,31,0.0,0.0,0.0,1.0,0.0,0.0,0.0566403117589652,37.51923690286617,1.0,1.0,0.08,0.1533333333333333,0.08,,25,300,0.045504625886678696,0.8466666666666667,0.9544954299926758,0.10710712522268295
pure_top_k,0.7,1.0,25,32,0.0,0.0,0.55,0.9725762725292136,1.0,0.0,0.636117043569684,38.64956976208444,12.88,0.92,0.92,0.5838436543241623,0.2236024844720497,0.3838383838383838,25,300,0.08327745646238327,0.23333333333333334,0.9167225360870361,0.04571371525526047
pure_top_k,0.7,1.0,25,33,0.52,0.04,0.73,0.9586161616161616,1.0,0.0,0.450217132596299,38.122447011302896,8.96,1.0,0.4,0.2654388074888075,0.125,0.1708542713567839,25,300,0.04838472232222557,0.6866666666666666,0.9516152143478394,0.05455704405903816
pure_top_k,0.7,1.0,25,34,0.48,0.48,0.61,1.0,0.56,0.0,0.1738901865389198,37.02273709627334,3.96,1.0,0.16,0.6333333333333333,0.1212121212121212,0.1351351351351351,25,300,0.2615150213241577,0.4066666666666667,0.7384849786758423,0.2245296984910965
pure_top_k,0.7,1.0,25,35,1.0,1.0,0.37,0.9907894736842106,1.0,0.0,0.5460138936340809,37.76701515228421,13.48,1.0,0.32,0.3049447110444112,0.0979228486646884,0.1442307692307692,25,300,0.033510513603687286,0.59,0.9664894342422485,0.03863611817359924
pure_top_k,0.7,1.0,25,36,0.52,0.52,0.42,0.98314182194617,0.9974193548387098,0.0013333333333333,0.4514229286555201,39.94321047295223,14.76,0.96,0.68,0.5510257578008763,0.1398416886543535,0.2570621468926554,25,300,0.05624963715672493,0.44333333333333336,0.9437503814697266,0.031676772981882095
pure_top_k,0.7,1.0,25,37,0.5,0.0,0.0,0.9933333333333332,1.0,0.0,0.3298706750571727,39.664415026166104,11.08,1.0,0.12,0.1079365079365079,0.0541516245487364,0.0714285714285714,25,300,0.009762424044311047,0.8466666666666667,0.9902376532554626,0.017915375530719757
pure_top_k,0.7,1.0,25,38,0.5,0.0,0.49,0.9903636363636364,1.0,0.0,0.4231207226403057,38.19297231183699,14.08,1.0,0.28,0.2617701062916749,0.115819209039548,0.1671732522796352,25,300,0.06292189657688141,0.68,0.937078058719635,0.08882180601358414
pure_top_k,0.7,1.0,25,39,0.76,0.64,0.4,0.9880434782608696,1.0,0.0,0.4675888978783041,38.488722856778175,14.04,1.0,0.64,0.6454055218990611,0.225071225071225,0.3987730061349693,25,300,0.11102442443370819,0.27,0.8889755010604858,0.07571688294410706
pure_top_k,0.7,1.0,25,40,0.68,0.36,0.48,0.9555010845174184,1.0,0.0,0.5508132819086313,39.52181064545618,19.08,1.0,0.8,0.5998554687168779,0.1970649895178197,0.3517699115044247,25,300,0.16446329653263092,0.12333333333333334,0.8355367183685303,0.08029596507549286
pure_top_k,0.7,1.0,25,41,1.0,1.0,0.25,1.0,0.0,0.0,0.0791220262739806,37.008213524195234,1.0,1.0,0.08,0.0,0.04,,25,300,0.012819784693419933,0.8466666666666667,0.9871801733970642,0.03017454780638218
pure_top_k,0.7,1.0,25,42,0.0,0.0,0.0,1.0,1.0,0.0,0.1024433654453605,39.122883253566606,2.0,1.0,0.04,0.0,0.04,0.04,25,300,3.814697180359872e-08,1.0,1.0,4.776338613510234e-08
pure_top_k,0.7,1.0,25,43,0.74,0.48,0.4,0.9830981416957026,0.56,0.0,0.4056064707133919,38.52829603253496,8.96,0.96,0.36,0.6357967560421146,0.2699115044247787,0.4328358208955223,25,300,0.1986924558877945,0.30333333333333334,0.8013074994087219,0.14847169816493988
pure_top_k,0.7,1.0,25,44,1.0,1.0,0.27,0.9984,0.04,0.0,0.0871755208913236,38.78927095346748,1.96,1.0,0.12,0.0766666666666666,0.4897959183673469,1.0,25,300,0.084873266518116,0.49333333333333335,0.9151267409324646,0.13240733742713928
pure_top_k,0.7,1.0,25,45,0.72,0.6,0.63,0.9204711303235676,1.0,0.0,0.9842708369903268,39.19210408994903,31.96,0.76,1.0,0.7093224284808074,0.1635916359163591,0.3769035532994924,25,300,0.17420139908790588,0.06,0.8257986307144165,0.07249511033296585
pure_top_k,0.7,1.0,25,46,1.0,1.0,0.75,1.0,1.0,0.0,0.4147533897683024,38.45890706746676,13.92,1.0,0.16,0.0594264705882352,0.0517241379310344,0.0619195046439628,25,300,0.007177659776061773,1.0,0.9928223490715027,0.01129862666130066
pure_top_k,0.7,1.0,25,47,0.5,0.24,0.52,0.8833276751656731,0.9932492325077692,0.001,0.9217733702156692,38.4059119645196,29.24,0.84,1.0,0.7262148770409829,0.1950886766712141,0.4759887005649718,25,300,0.14656071364879608,0.05333333333333334,0.8534393310546875,0.06817804276943207
pure_top_k,0.7,1.0,25,48,0.5,0.0,0.0,1.0,1.0,0.0,0.1294930127821862,38.96886412622794,2.0,1.0,0.08,0.0533333333333333,0.06,0.08,25,300,0.015760155394673347,0.92,0.984239935874939,0.053534261882305145
pure_top_k,0.7,1.0,25,49,0.0,0.0,0.0,1.0,0.0,0.0,0.0747665944043546,37.292303619695446,1.0,1.0,0.08,0.0,0.04,,25,300,0.04002431780099869,0.62,0.9599756598472595,0.051209788769483566
pure_top_k,0.7,1.0,30,0,1.0,1.0,0.65,0.9766283909327388,1.0,0.0,0.4174467880092561,43.23291928250056,14.24,1.0,0.8,0.6405391044381109,0.1357340720221606,0.2767857142857143,25,300,0.17210449278354645,0.24333333333333335,0.8278955221176147,0.11070723831653595
pure_top_k,0.7,1.0,30,1,0.1,0.0,0.25,1.0,1.0,0.0,0.2122934137005359,43.70859809311768,6.56,1.0,0.56,0.5209826377326375,0.1341463414634146,0.2302158273381295,25,300,0.061523228883743286,0.44,0.9384767413139343,0.041846949607133865
pure_top_k,0.7,1.0,30,2,0.58,0.16,0.32,0.9915917065390748,1.0,0.0,0.3139618589915335,43.81944488514493,10.68,1.0,0.88,0.8691526734332023,0.3880597014925373,0.6296296296296297,25,300,0.31567707657814026,0.023333333333333334,0.6843228936195374,0.14187054336071014
pure_top_k,0.7,1.0,30,3,0.04,0.0,0.23,0.995,1.0,0.0,0.2036393110360949,43.79516791084267,6.64,1.0,0.44,0.4237491919844861,0.180722891566265,0.3049645390070922,25,300,0.10321713238954544,0.52,0.8967828154563904,0.11738843470811844
pure_top_k,0.7,1.0,30,4,0.0,0.0,0.25,1.0,0.76,0.0,0.0860482729040085,43.69258953022408,1.76,1.0,0.08,0.19,0.0454545454545454,0.0526315789473684,25,300,0.09113188087940216,0.62,0.9088681936264038,0.11660011112689972
pure_top_k,0.7,1.0,30,5,0.0,0.0,0.0,1.0,1.0,0.0,0.0685893829725682,43.73866174912057,2.0,1.0,0.04,0.0,0.04,0.04,25,300,1.9073486612342094e-07,1.0,0.9999998211860657,1.3562194567384722e-07
pure_top_k,0.7,1.0,30,6,0.64,0.4,0.58,0.9169230448647152,0.9955720092915216,0.0012903225806451,0.8533029779791832,43.4020539356793,31.32,0.64,0.92,0.679972372755076,0.1776649746192893,0.4023591087811271,25,300,0.17425476014614105,0.03333333333333333,0.8257452845573425,0.07803783565759659
pure_top_k,0.7,1.0,30,7,0.02,0.0,0.45,0.9646020701520702,0.9987096774193548,0.0,0.5851667213253677,43.7227477077232,18.72,1.0,0.88,0.6501588889826072,0.174,0.4063157894736842,25,300,0.07598675042390823,0.27666666666666667,0.9240132570266724,0.0371955931186676
pure_top_k,0.7,1.0,30,8,0.0,0.0,0.0,1.0,0.0,0.0,0.0455656899046152,43.89286528521405,1.0,1.0,0.04,0.0,0.04,,25,300,3.099441414633475e-08,1.0,1.0,5.970423444523476e-08
pure_top_k,0.7,1.0,30,9,0.0,0.0,0.0,1.0,0.0,0.0,0.0657143358606844,43.82900999173419,1.0,1.0,0.08,0.0,0.04,,25,300,0.02317197434604168,0.78,0.9768279790878296,0.043704286217689514
pure_top_k,0.7,1.0,30,10,0.98,0.96,0.74,0.9434849622273076,1.0,0.0,0.7773013678845018,43.616091670575955,28.6,0.96,0.88,0.400941505269504,0.1103351955307262,0.2083936324167872,25,300,0.04286842793226242,0.9066666666666666,0.957131564617157,0.0758904367685318
pure_top_k,0.7,1.0,30,11,0.0,0.0,0.33,0.975767160375856,0.4,0.0,0.2681860544160008,43.48378800644901,8.08,1.0,0.36,0.5158393883415435,0.1542056074766355,0.2751322751322751,25,300,0.2577095925807953,0.4533333333333333,0.7422903180122375,0.24666008353233337
pure_top_k,0.7,1.0,30,12,0.3,0.08,0.49,0.9968815592203896,1.0,0.0,0.4973955593258142,43.739578263153675,15.8,1.0,0.76,0.6430689884996434,0.181360201511335,0.293010752688172,25,300,0.13209842145442963,0.21,0.867901623249054,0.08576752245426178
pure_top_k,0.7,1.0,30,13,0.3,0.0,0.27,1.0,1.0,0.0,0.2531967573612928,43.73436251697578,8.84,1.0,0.64,0.7405678356780793,0.2117117117117117,0.3197969543147208,25,300,0.15835332870483398,0.13333333333333333,0.841646671295166,0.09026806801557541
pure_top_k,0.7,1.0,30,14,0.5,0.0,0.0,1.0,0.0,0.0,0.0688808732852339,43.56491414852544,1.0,1.0,0.04,0.0,0.04,,25,300,0.0,1.0,1.0,0.0
pure_top_k,0.7,1.0,30,15,1.0,1.0,0.34,0.9935,1.0,0.0,0.292543908432126,42.57302344031164,9.2,1.0,0.36,0.4383271555265822,0.2130434782608695,0.3170731707317073,25,300,0.0820825919508934,0.6333333333333333,0.9179173707962036,0.09245988726615906
pure_top_k,0.7,1.0,30,16,0.0,0.0,0.27,1.0,0.96,0.0,0.3914399329852313,43.73698627274351,7.64,1.0,0.24,0.2325252525252525,0.0694444444444444,0.0837696335078534,25,300,0.04831279069185257,0.8433333333333334,0.951687216758728,0.09951474517583847
pure_top_k,0.7,1.0,30,17,0.0,0.0,0.26,0.9529563841955146,0.9872727272727272,0.0114285714285714,0.5087119937315583,43.71294821728526,16.96,0.96,0.68,0.4264077686227092,0.1425233644859813,0.2332506203473945,25,300,0.0789199098944664,0.38333333333333336,0.9210801124572754,0.07095123082399368
pure_top_k,0.7,1.0,30,18,0.6,0.32,0.48,0.9548572335121428,0.9979949874686718,0.0,0.6548611986543983,42.21032965729825,22.76,0.96,1.0,0.7986841875254138,0.2762237762237762,0.5594149908592322,25,300,0.19226565957069397,0.013333333333333334,0.8077343702316284,0.07111532986164093
pure_top_k,0.7,1.0,30,19,1.0,1.0,0.25,1.0,0.0,0.0,0.0457894914876669,43.68258166478692,1.0,1.0,0.04,0.0,0.04,,25,300,0.0,1.0,1.0,0.0
pure_top_k,0.7,1.0,30,20,0.66,0.4,0.64,0.9489360225332766,0.998,0.0,0.4345762042887509,43.826152833595515,15.96,1.0,0.92,0.5622107276852564,0.1825,0.336,25,300,0.09760343283414841,0.08,0.9023966193199158,0.03527802601456642
pure_top_k,0.7,1.0,30,21,0.06,0.0,0.44,0.9610641081868956,1.0,0.0,0.588821881171316,43.81006921510116,17.64,1.0,1.0,0.6460413408933078,0.1768707482993197,0.3701923076923077,25,300,0.15558727085590363,0.06666666666666667,0.8444127440452576,0.06410333514213562
pure_top_k,0.7,1.0,30,22,0.36,0.0,0.29,0.8894292938638422,0.990951404249317,0.0,1.0757270203903315,43.477338386238195,33.0,0.2,0.96,0.5657176731906735,0.1727493917274939,0.3249686323713927,25,300,0.09603974968194962,0.09666666666666666,0.9039601683616638,0.03743831068277359
pure_top_k,0.7,1.0,30,23,0.36,0.0,0.19,1.0,1.0,0.0,0.2289825726859271,43.832538244657016,4.92,1.0,0.56,0.7231918767507003,0.296875,0.3495145631067961,25,300,0.33033692836761475,0.14,0.6696630120277405,0.20163187384605408
pure_top_k,0.7,1.0,30,24,0.0,0.0,0.29,0.9464778355512372,1.0,0.0,0.668165585435927,39.239667944611845,17.36,0.96,0.92,0.7514434513504858,0.3221957040572792,0.5812182741116751,25,300,0.22122415900230408,0.02666666666666667,0.7787758111953735,0.06317498534917831
pure_top_k,0.7,1.0,30,25,0.94,0.88,0.72,1.0,1.0,0.0,0.2253406060300766,39.576846469053386,5.04,1.0,0.6,0.4107338864838865,0.1349206349206349,0.2871287128712871,25,300,0.07211872935295105,0.38,0.9278812408447266,0.05568893253803253
pure_top_k,0.7,1.0,30,26,0.96,0.96,0.77,0.8823715906991236,0.9718894204801252,0.005064935064935,1.0430006954818964,39.92388984694587,23.36,0.4,1.0,0.5543834640506006,0.0980392156862745,0.2220609579100145,25,300,0.05305717885494232,0.7066666666666667,0.9469427466392517,0.050938647240400314
pure_top_k,0.7,1.0,30,27,0.26,0.04,0.23,0.9971428571428572,1.0,0.0,0.190550766782835,39.70167397176514,5.08,1.0,0.68,0.7491617103656577,0.2265625,0.3786407766990291,25,300,0.2545294761657715,0.12333333333333334,0.7454705834388733,0.14543811976909637
pure_top_k,0.7,1.0,30,28,0.0,0.0,0.25,0.90309292839943,0.9977777777777778,0.0,0.827825858509168,39.62934636424992,15.68,0.96,0.56,0.5889701977835621,0.1311475409836065,0.2263681592039801,25,300,0.17466102540493011,0.11333333333333333,0.8253390192985535,0.08699962496757507
pure_top_k,0.7,1.0,30,29,0.36,0.0,0.31,0.9488242203966014,0.9988235294117648,0.0,1.22441232140176,38.74448283572209,33.08,0.08,1.0,0.7453015936825163,0.221436984687868,0.4720873786407767,25,300,0.23942425847053528,0.0033333333333333335,0.7605757713317871,0.07945920526981354
pure_top_k,0.7,1.0,30,30,0.12,0.0,0.35,0.9824747474747476,0.9952941176470588,0.0,0.4670708047691733,39.32630967115944,9.36,1.0,0.64,0.4322181587488156,0.2100840336134453,0.3427230046948357,25,300,0.08246337622404099,0.4066666666666667,0.9175366163253784,0.06115410104393959
pure_top_k,0.7,1.0,30,31,0.0,0.0,0.0,1.0,0.0,0.0,0.0522805145941674,38.43286491804248,1.0,1.0,0.04,0.0,0.04,,25,300,1.4305114426349519e-08,1.0,1.0,5.066072361614715e-08
pure_top_k,0.7,1.0,30,32,0.06,0.04,0.53,0.9580801451042936,0.995,0.0026666666666666,0.5959618662111461,39.11225744101304,11.92,0.92,0.96,0.6385415697117948,0.2742474916387959,0.4087591240875912,25,300,0.09628002345561981,0.06333333333333334,0.903719961643219,0.03888937830924988
pure_top_k,0.7,1.0,30,33,0.68,0.36,0.72,0.9628080808080808,1.0,0.0,0.5067134755104781,38.12522050749055,10.08,1.0,0.6,0.3825241289685439,0.1746031746031746,0.2863436123348017,25,300,0.06324788182973862,0.4666666666666667,0.9367521405220032,0.05269598960876465
pure_top_k,0.7,1.0,30,34,0.36,0.36,0.52,1.0,0.48,0.0,0.1491254884935915,38.275108255743525,3.28,1.0,0.16,0.6396296296296297,0.1463414634146341,0.175438596491228,25,300,0.26696208119392395,0.39,0.7330378890037537,0.2233627587556839
pure_top_k,0.7,1.0,30,35,1.0,1.0,0.37,0.9877498093058732,1.0,0.0,0.5310548278689384,39.15990948364765,13.56,1.0,0.32,0.283617885873358,0.103244837758112,0.1783439490445859,25,300,0.03203923627734184,0.5966666666666667,0.9679608345031738,0.03758721053600311
pure_top_k,0.7,1.0,30,36,0.68,0.68,0.41,0.9807793819084142,0.9949193548387096,0.0026236559139784,0.5117531310208142,38.34004114163217,15.92,0.92,0.68,0.5513050440494286,0.1634146341463414,0.3038961038961039,25,300,0.06100834533572197,0.36666666666666664,0.9389917254447937,0.036338042467832565
pure_top_k,0.7,1.0,30,37,0.5,0.0,0.0,0.99,1.0,0.0,0.3318874699063599,39.56121735272837,11.12,1.0,0.12,0.1165079365079364,0.0539568345323741,0.0711462450592885,25,300,0.012148043140769005,0.78,0.9878519773483276,0.020622985437512398
pure_top_k,0.7,1.0,30,38,0.5,0.0,0.5,0.990909090909091,1.0,0.0,0.414500079555437,39.60694571047621,14.28,1.0,0.24,0.2918819134427445,0.1312849162011173,0.1801801801801801,25,300,0.06657901406288147,0.6366666666666667,0.9334210157394409,0.08754994720220566
pure_top_k,0.7,1.0,30,39,0.94,0.88,0.3,0.998,1.0,0.0,0.3352795715164393,39.34503248889301,9.96,1.0,0.4,0.4768524317225702,0.2449799196787148,0.3883928571428571,25,300,0.07676734775304794,0.6866666666666666,0.9232327342033386,0.10727890580892563
pure_top_k,0.7,1.0,30,40,0.66,0.32,0.43,0.9451544558192986,1.0,0.0,0.5906528589688241,39.50763005134244,20.36,0.88,0.84,0.5810073261564458,0.2054794520547945,0.382716049382716,25,300,0.1465410441160202,0.22666666666666666,0.8534589409828186,0.10215248912572861
pure_top_k,0.7,1.0,30,41,1.0,1.0,0.25,1.0,0.0,0.0,0.0742342003248631,37.8085050494475,1.0,1.0,0.08,0.0,0.04,,25,300,0.027868986129760742,0.6666666666666666,0.9721310138702393,0.03947843611240387
pure_top_k,0.7,1.0,30,42,0.0,0.0,0.0,1.0,1.0,0.0,0.1015348979271947,39.44342759047867,2.0,1.0,0.04,0.0,0.04,0.04,25,300,3.814697180359872e-08,1.0,1.0,4.776338613510234e-08
pure_top_k,0.7,1.0,30,43,0.86,0.72,0.54,0.9922171945701358,0.7175,0.0,0.3944694757927209,38.905753554078,7.8,1.0,0.36,0.5569205151879872,0.1979695431472081,0.2906976744186046,25,300,0.1513075828552246,0.4066666666666667,0.8486923575401306,0.13614174723625183
pure_top_k,0.7,1.0,30,44,1.0,1.0,0.25,1.0,0.0,0.0,0.0640792789589613,39.35717691987104,1.0,1.0,0.08,0.0,0.04,,25,300,0.05477011948823929,0.48,0.9452298879623413,0.05270935222506523
pure_top_k,0.7,1.0,30,45,0.4,0.2,0.44,0.9243993922613862,1.0,0.0,0.9412973270192744,39.035387443362104,29.48,0.72,1.0,0.6249173894920926,0.1350267379679144,0.284923928077455,25,300,0.15454597771167755,0.10666666666666667,0.8454539775848389,0.07108184695243835
pure_top_k,0.7,1.0,30,46,1.0,1.0,0.75,1.0,1.0,0.0,0.4089572458714247,39.07107475421309,13.96,1.0,0.16,0.0775146198830409,0.0544412607449856,0.0617283950617283,25,300,0.010100650601089,0.9966666666666667,0.9898992776870728,0.014606259763240814
pure_top_k,0.7,1.0,30,47,0.64,0.52,0.62,0.9133805342290996,0.9853956427638568,0.0028287841191066,0.973014584193006,37.28215389888799,28.0,0.8,1.0,0.6969256995597723,0.1971830985915492,0.4364963503649635,25,300,0.13926203548908234,0.056666666666666664,0.8607380390167236,0.07027745991945267
pure_top_k,0.7,1.0,30,48,0.48,0.0,0.03,1.0,0.96,0.0,0.1673798221629113,37.45965534005156,2.44,1.0,0.2,0.2502380952380952,0.1475409836065573,0.2222222222222222,25,300,0.05758830904960632,0.7033333333333334,0.9424117207527161,0.09987286478281021
pure_top_k,0.7,1.0,30,49,0.0,0.0,0.0,1.0,0.0,0.0,0.0757912153098731,39.104829494922846,1.0,1.0,0.08,0.0,0.04,,25,300,0.008426171727478504,0.92,0.9915738105773926,0.028622280806303024
pure_top_k,1.0,1.0,10,0,1.0,1.0,0.7,0.9612767671523224,1.0,0.0,0.4592778224870562,43.586177979067386,16.0,1.0,1.0,0.695217231462593,0.1707920792079208,0.3403693931398417,25,300,0.17572057247161865,0.13333333333333333,0.8242794871330261,0.09500843286514282
pure_top_k,1.0,1.0,10,1,0.3,0.0,0.23,0.9913636363636364,1.0,0.0,0.2172489487286656,43.641749754577056,6.64,1.0,0.84,0.6965497358964852,0.2409638554216867,0.4893617021276595,25,300,0.10783425718545914,0.09666666666666666,0.8921657204627991,0.041902024298906326
pure_top_k,1.0,1.0,10,2,0.58,0.32,0.37,0.9764608023555392,0.9971428571428572,0.0,0.3291641882527619,43.31912546265761,11.04,1.0,0.96,0.9181595931629972,0.4673913043478261,0.8047808764940239,25,300,0.37195441126823425,0.0033333333333333335,0.6280456781387329,0.12654995918273926
pure_top_k,1.0,1.0,10,3,0.28,0.2,0.28,0.98650623885918,1.0,0.0,0.2624923365749418,43.738396652921665,8.84,1.0,0.68,0.6546776513373824,0.2927927927927928,0.5583756345177665,25,300,0.23475293815135956,0.23,0.7652470469474792,0.17595623433589935
pure_top_k,1.0,1.0,10,4,0.0,0.0,0.24,1.0,0.68,0.0,0.083987741600722,43.81539903173131,1.68,1.0,0.12,0.2783333333333333,0.0714285714285714,0.0588235294117647,25,300,0.12451788783073425,0.5233333333333333,0.8754822015762329,0.1349341869354248
pure_top_k,1.0,1.0,10,5,0.02,0.0,0.01,1.0,1.0,0.0,0.0813431774917989,43.75777110978401,2.48,1.0,0.08,0.0685714285714285,0.2258064516129032,0.3513513513513513,25,300,0.01301169116050005,0.92,0.9869883060455322,0.04419786483049393
pure_top_k,1.0,1.0,10,6,0.38,0.24,0.45,0.9322205532090702,0.9109189189189189,0.0029268292682926,0.6326582711189985,43.770739997231395,23.68,0.88,0.92,0.7348973641417805,0.2121212121212121,0.4270650263620387,25,300,0.23642492294311523,0.03333333333333333,0.7635750770568848,0.12727853655815125
pure_top_k,1.0,1.0,10,7,0.08,0.04,0.45,0.9328691380308782,1.0,0.0,0.5996525064017624,43.52678676618293,19.24,1.0,1.0,0.7359469828315287,0.2386587771203155,0.5601659751037344,25,300,0.12612849473953247,0.09,0.8738715648651123,0.07449869066476822
pure_top_k,1.0,1.0,10,8,0.1,0.08,0.08,0.9963636363636365,0.1180952380952381,0.0,0.115031911516562,43.85620765552071,3.32,1.0,0.16,0.2279781687846204,0.5357142857142857,0.8135593220338984,25,300,0.1034344956278801,0.77,0.8965655565261841,0.19157178699970245
pure_top_k,1.0,1.0,10,9,0.0,0.0,0.0,1.0,0.0,0.0,0.0628840904403477,43.885508109427086,1.0,1.0,0.08,0.0,0.04,,25,300,0.040024325251579285,0.62,0.9599756598472595,0.05120979622006416
pure_top_k,1.0,1.0,10,10,1.0,1.0,0.75,0.9353308760469206,0.9977352472089314,0.0,0.9047320724651218,43.77692843081549,32.48,0.88,1.0,0.5376176835806467,0.1367521367521367,0.2909319899244332,25,300,0.0507255382835865,0.65,0.949274480342865,0.02895837090909481
pure_top_k,1.0,1.0,10,11,0.0,0.0,0.31,0.9817312156442592,0.28,0.0,0.2019463664107024,43.7838473524693,5.76,1.0,0.28,0.4160908871053799,0.1973684210526315,0.3307086614173228,25,300,0.2123258262872696,0.57,0.7876741290092468,0.2466217428445816
pure_top_k,1.0,1.0,10,12,0.36,0.08,0.52,0.9868704944178628,1.0,0.0,0.5714321750681848,43.39607947114958,16.28,0.96,0.96,0.7352832558542924,0.2642857142857143,0.4126582278481012,25,300,0.1631319224834442,0.12666666666666668,0.8368681073188782,0.08643990755081177
pure_top_k,1.0,1.0,10,13,0.26,0.0,0.28,0.9949230769230768,1.0,0.0,0.2772719739004969,43.71468352441102,9.72,1.0,0.64,0.7218642012376022,0.242798353909465,0.3990825688073394,25,300,0.15505990386009216,0.14,0.8449401259422302,0.08607329428195953
pure_top_k,1.0,1.0,10,14,0.5,0.0,0.0,1.0,0.0,0.0,0.0639429937303066,43.79510362953911,1.0,1.0,0.08,0.0,0.04,,25,300,0.035109054297208786,0.6666666666666666,0.9648909568786621,0.049734655767679214
pure_top_k,1.0,1.0,10,15,0.94,0.88,0.45,0.9692431239388796,1.0,0.0,0.453876697672531,41.853160742649735,14.04,1.0,0.56,0.5867372780633985,0.2329545454545454,0.4220183486238532,25,300,0.1375800520181656,0.3233333333333333,0.8624199628829956,0.10170365124940872
pure_top_k,1.0,1.0,10,16,0.02,0.0,0.29,0.9966666666666666,0.92,0.0,0.3913106282055378,43.75158627702018,7.72,1.0,0.32,0.3576770868020868,0.1198156682027649,0.1510416666666666,25,300,0.08042165637016296,0.7033333333333334,0.9195782542228699,0.12027952820062637
pure_top_k,1.0,1.0,10,17,0.0,0.0,0.32,0.9682313221245782,1.0,0.0,0.4697804601956158,43.64277458696737,14.72,1.0,0.92,0.5077259400941875,0.1847826086956521,0.3411078717201166,25,300,0.06631749123334885,0.25666666666666665,0.9336825609207153,0.02630552649497986
pure_top_k,1.0,1.0,10,18,0.68,0.36,0.46,0.9536109595149322,1.0,0.0,0.5634878629352897,43.61674037027458,18.08,0.96,0.88,0.8461401656441232,0.355603448275862,0.6309794988610479,25,300,0.2598373293876648,0.02,0.7401626110076904,0.07964673638343811
pure_top_k,1.0,1.0,10,19,0.74,0.72,0.31,0.986564396865688,0.238,0.001025641025641,0.2284683431033044,43.57264363854272,7.36,0.96,0.36,0.52303861020777,0.3783783783783784,0.6375,25,300,0.22333122789859772,0.4866666666666667,0.7766687870025635,0.22610698640346527
pure_top_k,1.0,1.0,10,20,0.78,0.64,0.68,0.9589486417192404,0.9928571428571428,0.0059259259259259,0.447922239061445,43.58832184963872,16.36,1.0,0.92,0.6771414553861664,0.2,0.4077922077922078,25,300,0.14024841785430908,0.03,0.8597515821456909,0.0504540354013443
pure_top_k,1.0,1.0,10,21,0.1,0.0,0.47,0.9517663512957631,1.0,0.0,0.6039273145422339,43.55229577876885,18.12,1.0,1.0,0.6797166166524388,0.1872246696035242,0.4312354312354312,25,300,0.16610801219940186,0.09,0.8338919878005981,0.06770919263362885
pure_top_k,1.0,1.0,10,22,0.42,0.0,0.26,0.9059387870670556,0.9940592686071812,0.0,1.0685745454672724,43.75576374729872,31.92,0.16,1.0,0.6047309047869366,0.1855541718555417,0.3624678663239074,25,300,0.11399473994970322,0.14333333333333334,0.8860052227973938,0.05060415714979172
pure_top_k,1.0,1.0,10,23,0.26,0.0,0.16,0.9952,1.0,0.0,0.249061674773693,43.83475352312349,5.56,1.0,0.88,0.8947123579797077,0.4726027397260274,0.5950413223140496,25,300,0.42678236961364746,0.043333333333333335,0.5732175707817078,0.14837953448295593
pure_top_k,1.0,1.0,10,24,0.02,0.0,0.28,0.9663950835352566,1.0,0.0,0.5146570706740021,39.93043710780472,12.84,0.96,0.84,0.7454811762231963,0.3596214511041009,0.5753424657534246,25,300,0.24278827011585236,0.043333333333333335,0.7572116851806641,0.09999693185091019
pure_top_k,1.0,1.0,10,25,0.86,0.72,0.67,1.0,1.0,0.0,0.2386468071956187,38.08696804207112,5.0,1.0,0.8,0.6280726310726311,0.192,0.45,25,300,0.12931928038597107,0.1,0.8706806302070618,0.07159820944070816
pure_top_k,1.0,1.0,10,26,0.94,0.92,0.71,0.909420510153462,0.9751712040918856,0.003076923076923,0.8636865212395787,40.005363189382734,20.32,0.52,0.96,0.6502125096785059,0.1323283082077052,0.3374125874125874,25,300,0.08355394750833511,0.3233333333333333,0.9164460301399231,0.05060688778758049
pure_top_k,1.0,1.0,10,27,0.22,0.04,0.22,1.0,1.0,0.0,0.2042918685264885,39.90366945107824,5.6,1.0,0.88,0.77889525488558,0.2071428571428571,0.3826086956521739,25,300,0.2796376347541809,0.03666666666666667,0.7203623652458191,0.13311776518821716
pure_top_k,1.0,1.0,10,28,0.0,0.0,0.26,0.9144502875735612,0.9946666666666668,0.0028571428571428,0.912814922677353,38.07148221710256,17.68,0.92,0.96,0.693241408498532,0.1831578947368421,0.3311111111111111,25,300,0.2631588280200958,0.02666666666666667,0.7368412017822266,0.10636920481920242
pure_top_k,1.0,1.0,10,29,0.36,0.0,0.37,0.9460464909942016,0.9990243902439024,0.0,1.2022296553477645,38.040935251727475,33.2,0.16,1.0,0.7971289482882931,0.262782401902497,0.5502450980392157,25,300,0.24213635921478271,0.0,0.7578636407852173,0.09316590428352356
pure_top_k,1.0,1.0,10,30,0.2,0.0,0.4,0.9733873185637892,0.988923076923077,0.0,0.5508735350519419,37.713844232654935,10.04,1.0,1.0,0.6035473847250499,0.28125,0.4199134199134199,25,300,0.132694810628891,0.12333333333333334,0.8673052191734314,0.06104869022965431
pure_top_k,1.0,1.0,10,31,0.0,0.0,0.0,1.0,0.04,0.0,0.0625361900683491,34.457711803075235,1.04,1.0,0.08,0.08,0.1153846153846153,1.0,25,300,0.029594948515295982,0.92,0.9704050421714783,0.10052900016307831
pure_top_k,1.0,1.0,10,32,0.06,0.0,0.56,0.9764729344729344,1.0,0.0,0.6209824996627867,38.10821155003487,12.56,0.96,1.0,0.683529613510517,0.2539682539682539,0.4758620689655172,25,300,0.10284977406263351,0.02666666666666667,0.8971501588821411,0.030581317842006683
pure_top_k,1.0,1.0,10,33,0.7,0.4,0.72,0.9595873015873017,1.0,0.0,0.4449558222759515,38.53960560783896,8.76,1.0,0.72,0.4384234907249614,0.136986301369863,0.2319587628865979,25,300,0.06561672687530518,0.32666666666666666,0.93438321352005,0.0387754961848259
pure_top_k,1.0,1.0,10,34,0.34,0.32,0.42,1.0,0.6,0.0,0.1734313259739428,38.71658065723836,3.92,1.0,0.32,0.7502885632885633,0.336734693877551,0.4383561643835616,25,300,0.32921963930130005,0.23333333333333334,0.6707803606987,0.20764721930027008
pure_top_k,1.0,1.0,10,35,1.0,1.0,0.47,0.982266033336715,1.0,0.0,0.5995461262390017,38.74453203034819,16.12,1.0,0.56,0.4610323008866386,0.141439205955335,0.246031746031746,25,300,0.05860108137130737,0.36666666666666664,0.9413989186286926,0.041718989610672
pure_top_k,1.0,1.0,10,36,0.56,0.56,0.41,0.984185185185185,1.0,0.0,0.493465970037505,39.00121902745352,15.24,0.92,0.96,0.6277929887642941,0.1822784810126582,0.3837837837837838,25,300,0.06608838587999344,0.35333333333333333,0.9339116215705872,0.03471171110868454
pure_top_k,1.0,1.0,10,37,0.5,0.0,0.0,0.9806493506493508,1.0,0.0,0.3405670256447047,38.96295535433159,11.24,1.0,0.36,0.2672655021993257,0.092526690391459,0.13671875,25,300,0.05245401710271835,0.75,0.9475460052490234,0.10916111618280411
pure_top_k,1.0,1.0,10,38,0.54,0.08,0.52,0.9891883116883116,1.0,0.0,0.4146162382140755,39.8391423377814,14.16,1.0,0.48,0.4712207126144869,0.1602209944751381,0.2522255192878338,25,300,0.11799779534339905,0.4,0.8820022344589233,0.10493765026330948
pure_top_k,1.0,1.0,10,39,0.84,0.76,0.34,0.9915897435897436,1.0,0.0,0.4239230477903038,39.08615774597541,12.92,1.0,0.6,0.6791976751105676,0.2861538461538461,0.4666666666666667,25,300,0.14981035888195038,0.4,0.8501896262168884,0.13123241066932678
pure_top_k,1.0,1.0,10,40,0.68,0.36,0.44,0.9743563881423014,1.0,0.0,0.6126625053584576,38.1674810218189,20.0,0.96,1.0,0.6987991780044367,0.2729083665338645,0.5241090146750524,25,300,0.20471447706222534,0.043333333333333335,0.7952855229377747,0.10063285380601883
pure_top_k,1.0,1.0,10,41,1.0,1.0,0.26,1.0,0.12,0.0,0.0939106158539652,39.09273918384953,1.8,1.0,0.2,0.1913974358974358,0.2888888888888888,0.8,25,300,0.09495119750499725,0.4533333333333333,0.9050488471984863,0.1186068132519722
pure_top_k,1.0,1.0,10,42,0.0,0.0,0.0,1.0,1.0,0.0,0.1064661360532045,38.19515101756676,2.0,1.0,0.08,0.0533333333333333,0.06,0.08,25,300,0.010802232660353184,0.92,0.9891977906227112,0.036693230271339417
pure_top_k,1.0,1.0,10,43,0.78,0.56,0.49,0.980400850181972,0.679047619047619,0.0,0.4313948169164359,38.992276489127995,9.28,0.92,0.56,0.6804884150263458,0.2746781115879828,0.4663461538461538,25,300,0.2085098773241043,0.24333333333333335,0.7914901375770569,0.1487152874469757
pure_top_k,1.0,1.0,10,44,1.0,1.0,0.27,0.9975757575757576,0.04,0.0,0.0949881491530686,39.09802109736387,2.28,1.0,0.12,0.0774193548387096,0.543859649122807,1.0,25,300,0.08900608867406845,0.47,0.9109938740730286,0.13707351684570312
pure_top_k,1.0,1.0,10,45,0.46,0.2,0.46,0.9075804262073052,0.9989473684210526,0.0,1.054360919650644,38.765687729084355,33.4,0.52,0.96,0.7043973881277614,0.1893491124260355,0.4329268292682927,25,300,0.1522863805294037,0.04666666666666667,0.8477136492729187,0.056695666164159775
pure_top_k,1.0,1.0,10,46,1.0,1.0,0.73,1.0,1.0,0.0,0.4190008808113634,38.83610340425204,14.04,1.0,0.36,0.1833873761830418,0.0762711864406779,0.0972644376899696,25,300,0.030571091920137405,0.86,0.9694288969039917,0.03518376126885414
pure_top_k,1.0,1.0,10,47,0.62,0.36,0.53,0.9224833073813627,0.9958815592203896,0.0,0.8243730571772904,36.45032309598935,24.32,0.96,1.0,0.8122223508025089,0.2794117647058823,0.6337308347529813,25,300,0.20934292674064636,0.0033333333333333335,0.790657103061676,0.06885440647602081
pure_top_k,1.0,1.0,10,48,0.46,0.0,0.04,1.0,1.0,0.0,0.1773767454456537,38.55864593702265,2.64,1.0,0.2,0.3084126984126984,0.1363636363636363,0.2195121951219512,25,300,0.06715083122253418,0.58,0.932849109172821,0.08666833490133286
pure_top_k,1.0,1.0,10,49,0.04,0.04,0.01,1.0,0.0,0.0,0.0737026116251945,37.31295008580797,1.0,1.0,0.12,0.08,0.08,,25,300,0.06454484164714813,0.5233333333333333,0.9354551434516907,0.08256363868713379
pure_top_k,1.0,1.0,15,0,0.98,0.96,0.71,0.966789260497956,1.0,0.0,0.4700529655721038,42.93447631721398,15.96,1.0,1.0,0.6749987468960088,0.1551724137931034,0.3595800524934383,25,300,0.16797396540641785,0.10666666666666667,0.8320260643959045,0.08624736964702606
pure_top_k,1.0,1.0,15,1,0.24,0.04,0.26,0.9911111111111112,1.0,0.0,0.2574358698260038,43.79707172141274,8.0,0.96,0.88,0.7472039978704066,0.33,0.56,25,300,0.12098391354084015,0.12333333333333334,0.879016101360321,0.057335253804922104
pure_top_k,1.0,1.0,15,2,0.56,0.2,0.34,0.9942564102564104,1.0,0.0,0.3141947882249951,43.78759264387848,10.64,1.0,1.0,0.8983667651509551,0.4285714285714285,0.7136929460580913,25,300,0.38010862469673157,0.0033333333333333335,0.619891345500946,0.1476958841085434
pure_top_k,1.0,1.0,15,3,0.36,0.2,0.21,0.9710186562663344,1.0,0.0,0.304138921815902,43.782923647567685,10.2,1.0,0.92,0.7857338405387431,0.30078125,0.5974025974025974,25,300,0.3182750940322876,0.056666666666666664,0.6817248463630676,0.13689066469669342
pure_top_k,1.0,1.0,15,4,0.0,0.0,0.25,1.0,0.8,0.0,0.0872701460681855,43.57887031505873,1.8,1.0,0.08,0.1666666666666666,0.0444444444444444,0.05,25,300,0.07994025945663452,0.6666666666666666,0.9200598001480103,0.11324135959148407
pure_top_k,1.0,1.0,15,5,0.02,0.0,0.02,1.0,1.0,0.0,0.094104073466733,43.77781647413088,2.92,1.0,0.12,0.1319586296056884,0.2328767123287671,0.375,25,300,0.02794058434665203,0.8466666666666667,0.9720593094825745,0.06583459675312042
pure_top_k,1.0,1.0,15,6,0.38,0.24,0.46,0.918804702485671,0.9102553843959492,0.0034524847428073,0.6932919733412564,42.238059710734554,24.44,0.84,0.92,0.7242005797401322,0.224390243902439,0.4779661016949152,25,300,0.19889414310455322,0.056666666666666664,0.8011058568954468,0.09126445651054382
pure_top_k,1.0,1.0,15,7,0.08,0.0,0.44,0.928629192928587,0.9975,0.0012903225806451,0.6436192251276225,43.7574193405799,21.48,0.96,1.0,0.7175544398628562,0.2081128747795414,0.511070110701107,25,300,0.11184323579072952,0.07333333333333333,0.8881567120552063,0.052481163293123245
pure_top_k,1.0,1.0,15,8,0.12,0.08,0.09,0.9893928571428572,0.16,0.0,0.1626444370951503,43.73101469369717,4.88,0.96,0.2,0.296664462854939,0.5528455284552846,0.8673469387755102,25,300,0.14953354001045227,0.7,0.8504664897918701,0.23293787240982056
pure_top_k,1.0,1.0,15,9,0.0,0.0,0.0,1.0,0.0,0.0,0.0649884566385298,43.684453369473104,1.0,1.0,0.08,0.0,0.04,,25,300,0.0294916033744812,0.72,0.9705083966255188,0.0473707914352417
pure_top_k,1.0,1.0,15,10,0.96,0.92,0.71,0.950493609914921,0.9988888888888888,0.0,0.7581499282643199,43.76688530594295,25.48,0.96,1.0,0.63309632632347,0.1728395061728395,0.3242375601926163,25,300,0.1219436526298523,0.2633333333333333,0.8780563473701477,0.10045216232538223
pure_top_k,1.0,1.0,15,11,0.0,0.0,0.26,0.9882283458853915,0.24,0.0,0.1879944295808672,43.65730021349122,5.24,1.0,0.28,0.3814252744458694,0.2949640287769784,0.4561403508771929,25,300,0.2040717601776123,0.49,0.7959282398223877,0.24142184853553772
pure_top_k,1.0,1.0,15,12,0.34,0.16,0.5,0.9769556133294524,1.0,0.0,0.559800620470196,43.63143855304257,17.04,1.0,0.96,0.7833193325412633,0.2378752886836027,0.4142156862745098,25,300,0.18367935717105865,0.06,0.8163206577301025,0.08657518029212952
pure_top_k,1.0,1.0,15,13,0.3,0.0,0.26,0.9916017316017316,0.96,0.0,0.2787219720240682,43.76167281086698,9.12,1.0,0.76,0.7927967989629657,0.293859649122807,0.4679802955665024,25,300,0.17547468841075897,0.07333333333333333,0.8245253562927246,0.08778390288352966
pure_top_k,1.0,1.0,15,14,0.5,0.0,0.0,1.0,0.0,0.0,0.0661111028678714,43.02483248295064,1.0,1.0,0.08,0.0,0.04,,25,300,0.0294916033744812,0.72,0.9705083966255188,0.047370795160532
pure_top_k,1.0,1.0,15,15,1.0,1.0,0.41,0.9811282051282052,1.0,0.0,0.3767578650917857,43.66380190414723,12.04,1.0,0.44,0.4869880947762653,0.2013201320132013,0.3525179856115107,25,300,0.09610744565725327,0.4166666666666667,0.9038926362991333,0.08416473120450974
pure_top_k,1.0,1.0,15,16,0.0,0.0,0.31,1.0,0.88,0.0,0.3867125449795276,43.65897528054642,7.44,1.0,0.36,0.4086544403309109,0.1142857142857142,0.1351351351351351,25,300,0.09373383224010468,0.69,0.9062661528587341,0.13979746401309967
pure_top_k,1.0,1.0,15,17,0.0,0.0,0.3,0.979405415713196,1.0,0.0,0.452920433031395,43.82234077208279,14.48,1.0,0.8,0.4571576296967466,0.1325966850828729,0.2522255192878338,25,300,0.06529473513364792,0.3466666666666667,0.9347053170204163,0.03539387881755829
pure_top_k,1.0,1.0,15,18,0.54,0.12,0.39,0.9624590643274854,0.96,0.0,0.5745384225621819,43.22128688921376,17.52,0.88,0.96,0.8610518996153246,0.368070953436807,0.6995305164319249,25,300,0.23040908575057983,0.02,0.7695909738540649,0.07152340561151505
pure_top_k,1.0,1.0,15,19,0.92,0.92,0.27,1.0,0.08,0.0,0.0867376963887363,43.78071112312793,2.56,1.0,0.12,0.1540579710144927,0.375,0.6410256410256411,25,300,0.07291911542415619,0.8466666666666667,0.9270808696746826,0.17123256623744965
pure_top_k,1.0,1.0,15,20,0.6,0.32,0.61,0.922791485443438,0.9941785714285716,0.0,0.4704591982625425,43.64287103560409,17.28,1.0,0.96,0.6096014812654971,0.1778290993071593,0.3848039215686274,25,300,0.11455388367176056,0.04666666666666667,0.8854461908340454,0.041760098189115524
pure_top_k,1.0,1.0,15,21,0.1,0.0,0.45,0.9620865123942924,1.0,0.0,0.6081855104863644,43.54988452568673,18.12,1.0,1.0,0.6881000321613956,0.1938325991189427,0.4289044289044289,25,300,0.1548406481742859,0.05,0.8451593518257141,0.06534213572740555
pure_top_k,1.0,1.0,15,22,0.32,0.0,0.29,0.9044503449773736,0.9938325315766916,0.0,1.06942801236175,43.800583061126325,31.72,0.24,1.0,0.6413972956138771,0.2,0.3987096774193548,25,300,0.14529766142368317,0.03333333333333333,0.854702353477478,0.054881658405065536
pure_top_k,1.0,1.0,15,23,0.22,0.0,0.2,1.0,1.0,0.0,0.2505274842213839,43.66876049348479,5.28,1.0,0.64,0.8658313581842995,0.4117647058823529,0.4684684684684684,25,300,0.4108947217464447,0.09333333333333334,0.5891052484512329,0.17021775245666504
pure_top_k,1.0,1.0,15,24,0.0,0.0,0.29,0.9577848067848068,0.9946783625730994,0.0022222222222222,0.583285457668826,37.09154962751756,14.4,0.96,1.0,0.7524070472963214,0.405099150141643,0.6524390243902439,25,300,0.2241070568561554,0.006666666666666667,0.775892972946167,0.05448725074529648
pure_top_k,1.0,1.0,15,25,0.88,0.76,0.7,1.0,1.0,0.0,0.2024777729809284,39.51511854412391,4.4,1.0,0.68,0.5475529100529101,0.1454545454545454,0.3529411764705882,25,300,0.10973172634840012,0.16333333333333333,0.8902682662010193,0.05745658650994301
pure_top_k,1.0,1.0,15,26,0.92,0.92,0.71,0.9032476137003792,0.9814001990346816,0.0065201465201465,0.9022726079262792,39.80507132987552,21.52,0.48,0.96,0.6702640729404269,0.130298273155416,0.3333333333333333,25,300,0.08272775262594223,0.41,0.9172723293304443,0.0540887825191021
pure_top_k,1.0,1.0,15,27,0.28,0.0,0.19,1.0,0.96,0.0,0.1949906354770064,39.17309131674011,4.92,1.0,0.8,0.7701122183916301,0.2195121951219512,0.4081632653061224,25,300,0.25377288460731506,0.06666666666666667,0.7462271451950073,0.13122974336147308
pure_top_k,1.0,1.0,15,28,0.0,0.0,0.25,0.9255736850468774,0.9876190476190476,0.0059340659340659,0.8200505494140089,39.34073432925373,17.12,0.84,0.96,0.7440013324685381,0.2400881057268722,0.3846153846153846,25,300,0.262745201587677,0.016666666666666666,0.7372547388076782,0.0942310094833374
pure_top_k,1.0,1.0,15,29,0.48,0.12,0.36,0.946997855400015,0.9986666666666668,0.0,1.1864265191555023,37.30234537368303,32.4,0.32,1.0,0.8019444749237082,0.298159509202454,0.6240506329113924,25,300,0.22182896733283997,0.0033333333333333335,0.7781710028648376,0.07626707851886749
pure_top_k,1.0,1.0,15,30,0.18,0.0,0.36,0.9914285714285714,0.9938461538461538,0.0033333333333333,0.4800372042693198,38.77597582973305,9.76,1.0,0.92,0.5428231765915842,0.2693877551020408,0.4045454545454545,25,300,0.1251591444015503,0.16666666666666666,0.8748409152030945,0.07315614074468613
pure_top_k,1.0,1.0,15,31,0.04,0.04,0.01,1.0,0.08,0.0,0.0544785499572753,39.061778684340446,1.08,1.0,0.16,0.2288888888888889,0.1851851851851851,1.0,25,300,0.08000100404024124,0.77,0.9199990034103394,0.14761775732040405
pure_top_k,1.0,1.0,15,32,0.08,0.0,0.58,0.972800497747866,1.0,0.0,0.6011098367162049,38.823960865377714,12.24,1.0,1.0,0.7182829421322701,0.284313725490196,0.4661921708185053,25,300,0.1155950278043747,0.023333333333333334,0.8844048976898193,0.04753580689430237
pure_top_k,1.0,1.0,15,33,0.72,0.44,0.71,0.9605396825396824,1.0,0.0,0.4996199498418718,38.72934448435811,10.16,1.0,0.76,0.4900365530685779,0.21484375,0.316017316017316,25,300,0.0762547180056572,0.26666666666666666,0.923745334148407,0.04524470120668411
pure_top_k,1.0,1.0,15,34,0.44,0.44,0.49,1.0,0.6,0.0,0.1845525257289409,38.716221409441545,4.52,1.0,0.4,0.7694390409785147,0.2920353982300885,0.3522727272727273,25,300,0.32498255372047424,0.20333333333333334,0.6750174164772034,0.20328865945339203
pure_top_k,1.0,1.0,15,35,1.0,1.0,0.5,0.973805458309806,1.0,0.0,0.6153601073101163,38.47914116163585,16.32,1.0,0.56,0.46269830147005,0.1372549019607843,0.2297650130548303,25,300,0.06079345569014549,0.3233333333333333,0.9392065405845642,0.040703367441892624
pure_top_k,1.0,1.0,15,36,0.78,0.76,0.42,0.9656547294011144,0.9849607843137256,0.0077635082751879,0.6185993637982756,39.171220791778886,18.24,0.72,0.8,0.6157110028725933,0.1514522821576763,0.2691466083150984,25,300,0.07245681434869766,0.36666666666666664,0.9275431036949158,0.04647113382816315
pure_top_k,1.0,1.0,15,37,0.5,0.0,0.01,0.9816297428062134,1.0,0.0,0.340869478136301,39.124280675270626,11.28,1.0,0.36,0.2491392836466365,0.0883392226148409,0.1472868217054263,25,300,0.026476478204131126,0.8133333333333334,0.9735235571861267,0.030258700251579285
pure_top_k,1.0,1.0,15,38,0.54,0.08,0.5,0.9859714795008911,1.0,0.0,0.4127588216774165,39.75608882035374,14.2,1.0,0.52,0.5154753471141847,0.2191011235955056,0.3293051359516616,25,300,0.15819208323955536,0.35333333333333333,0.8418079018592834,0.12311603873968124
pure_top_k,1.0,1.0,15,39,0.84,0.76,0.4,0.9958288770053476,1.0,0.0,0.4243810571171343,38.56096382060685,12.68,1.0,0.8,0.7383984112654493,0.2933753943217665,0.541095890410959,25,300,0.1472543627023697,0.2966666666666667,0.8527456521987915,0.11195800453424454
pure_top_k,1.0,1.0,15,40,0.68,0.36,0.52,0.9382139998939266,0.996847545219638,0.0011428571428571,0.7407123904023319,39.595152970031286,25.28,0.88,1.0,0.7439117241460264,0.2807570977917981,0.5648604269293924,25,300,0.20267845690250397,0.013333333333333334,0.7973215579986572,0.0899263322353363
pure_top_k,1.0,1.0,15,41,1.0,1.0,0.26,1.0,0.08,0.0,0.0912277639191597,38.4393202873409,1.56,1.0,0.16,0.1335944055944056,0.325,1.0,25,300,0.06540721654891968,0.6433333333333333,0.9345927834510803,0.11213070154190063
pure_top_k,1.0,1.0,15,42,0.0,0.0,0.0,1.0,1.0,0.0,0.1005351131409406,39.44845109137561,2.0,1.0,0.04,0.0,0.04,0.04,25,300,3.814697180359872e-08,1.0,1.0,4.776338613510234e-08
pure_top_k,1.0,1.0,15,43,0.74,0.48,0.37,0.9835103785103786,0.52,0.0,0.3403371397498995,39.26216816313973,6.6,1.0,0.44,0.6018401010517905,0.2771084337349397,0.4609929078014184,25,300,0.1781536340713501,0.31333333333333335,0.8218463063240051,0.13564877212047577
pure_top_k,1.0,1.0,15,44,1.0,1.0,0.25,1.0,0.0,0.0,0.0693505702354013,37.57982776230923,1.0,1.0,0.08,0.0,0.04,,25,300,0.05266356095671654,0.5,0.9473364353179932,0.052751556038856506
pure_top_k,1.0,1.0,15,45,0.52,0.32,0.44,0.9073182706470402,0.9969230769230768,0.0010526315789473,1.0615615810919552,39.06262761210491,31.92,0.48,1.0,0.760280199041715,0.2292682926829268,0.5094339622641509,25,300,0.18922169506549835,0.006666666666666667,0.8107783198356628,0.061489179730415344
pure_top_k,1.0,1.0,15,46,1.0,1.0,0.75,1.0,1.0,0.0,0.4217538405023515,38.78755981505873,14.04,1.0,0.28,0.1057132741985682,0.0626780626780626,0.0736196319018405,25,300,0.018321437761187553,0.89,0.9816785454750061,0.020892903208732605
pure_top_k,1.0,1.0,15,47,0.54,0.24,0.53,0.9287406564500136,0.9977777777777778,0.0011428571428571,0.9054620376694948,38.353616850731825,25.04,0.76,1.0,0.8181026042021344,0.272300469483568,0.5846905537459284,25,300,0.2037680745124817,0.023333333333333334,0.7962318658828735,0.07639174908399582
pure_top_k,1.0,1.0,15,48,0.4,0.0,0.07,1.0,1.0,0.0,0.2178485674131661,37.85749058497647,3.2,1.0,0.24,0.3881481481481482,0.1375,0.2,25,300,0.07640688866376877,0.49,0.9235931634902954,0.09838972985744476
pure_top_k,1.0,1.0,15,49,0.0,0.0,0.0,1.0,0.0,0.0,0.0762847549933939,37.895026416451344,1.0,1.0,0.08,0.0,0.04,,25,300,0.023171966895461082,0.78,0.9768279790878296,0.04370427131652832
pure_top_k,1.0,1.0,20,0,0.96,0.92,0.69,0.9779842601842604,1.0,0.0,0.5127363228797912,43.70679642255531,17.96,0.96,1.0,0.6605046202943052,0.1916299559471365,0.3846153846153846,25,300,0.150380477309227,0.11666666666666667,0.849619448184967,0.08408190310001373
pure_top_k,1.0,1.0,20,1,0.16,0.0,0.25,1.0,1.0,0.0,0.2400213436316698,43.16338162485076,7.32,1.0,0.76,0.661068552808465,0.273224043715847,0.4873417721518987,25,300,0.09530222415924072,0.22,0.9046978950500488,0.05557088926434517
pure_top_k,1.0,1.0,20,2,0.52,0.16,0.29,0.9805507708665604,1.0,0.0,0.3521242499910295,43.749326295397296,11.76,0.96,1.0,0.947374546290192,0.5050847457627119,0.8555555555555555,25,300,0.41655054688453674,0.0033333333333333335,0.5834494233131409,0.11995051056146622
pure_top_k,1.0,1.0,20,3,0.3,0.12,0.23,0.9689006200770908,0.9965217391304348,0.0,0.3653824927378445,43.791930556275666,11.52,0.96,0.88,0.7861458334956594,0.2905405405405405,0.5682656826568265,25,300,0.2905927896499634,0.056666666666666664,0.7094072103500366,0.13234397768974304
pure_top_k,1.0,1.0,20,4,0.0,0.0,0.25,1.0,0.68,0.0,0.0821217058133333,43.84028223305791,1.68,1.0,0.12,0.2266666666666666,0.0476190476190476,0.0588235294117647,25,300,0.11153382807970047,0.5066666666666667,0.8884661793708801,0.11719027906656265
pure_top_k,1.0,1.0,20,5,0.0,0.0,0.0,1.0,1.0,0.0,0.0694743263814598,43.75728552141712,2.0,1.0,0.04,0.0,0.04,0.04,25,300,1.9073486612342094e-07,1.0,0.9999998211860657,1.3562194567384722e-07
pure_top_k,1.0,1.0,20,6,0.34,0.24,0.47,0.9551786223463016,0.838974358974359,0.0,0.6192573320772499,43.20958956971744,21.92,0.92,0.84,0.7501951692088703,0.2159709618874773,0.4657794676806083,25,300,0.22521273791790009,0.06333333333333334,0.7747873067855835,0.10720276087522507
pure_top_k,1.0,1.0,20,7,0.02,0.0,0.48,0.9557032288184092,1.0,0.0,0.6105184454284608,43.53572179705355,20.08,1.0,1.0,0.6905775812960158,0.22117202268431,0.5317460317460317,25,300,0.09001386910676956,0.15333333333333332,0.909986138343811,0.03697605058550835
pure_top_k,1.0,1.0,20,8,0.24,0.2,0.19,0.979546939650388,0.28,0.0,0.2675075344275683,43.78887101214462,8.76,0.88,0.32,0.4695685696206748,0.3828828828828828,0.649746192893401,25,300,0.2100926637649536,0.5166666666666667,0.7899073362350464,0.23151780664920807
pure_top_k,1.0,1.0,20,9,0.0,0.0,0.0,1.0,0.0,0.0,0.0638381074368953,43.860651539085694,1.0,1.0,0.08,0.0,0.04,,25,300,0.03510905057191849,0.6666666666666666,0.9648909568786621,0.049734655767679214
pure_top_k,1.0,1.0,20,10,0.94,0.92,0.74,0.9297528400651608,0.9970731707317072,0.0,0.8449824626650662,43.52253920292732,30.24,0.88,1.0,0.5397314060661408,0.1330698287220026,0.2847411444141689,25,300,0.061219602823257446,0.7266666666666667,0.9387804269790649,0.07443550229072571
pure_top_k,1.0,1.0,20,11,0.0,0.0,0.31,0.9797141420670832,0.36,0.0,0.2252154986094683,43.66895522192561,6.56,1.0,0.36,0.4771642348816935,0.1445086705202312,0.25,25,300,0.24395805597305298,0.47,0.756041944026947,0.24257884919643402
pure_top_k,1.0,1.0,20,12,0.44,0.12,0.53,0.9824951192598252,0.95875,0.0,0.6027134677767754,43.03360401908262,17.68,0.96,0.96,0.7501959157733044,0.2281879194630872,0.4099526066350711,25,300,0.17768099904060364,0.07333333333333333,0.8223190307617188,0.09852630645036697
pure_top_k,1.0,1.0,20,13,0.28,0.0,0.28,0.984855072463768,0.9963636363636365,0.0,0.262616615369916,43.58587404696771,9.0,1.0,0.72,0.7663634882340744,0.24,0.395,25,300,0.17838521301746368,0.13666666666666666,0.8216148018836975,0.10113248229026794
pure_top_k,1.0,1.0,20,14,0.5,0.0,0.0,1.0,0.0,0.0,0.0640503267012536,43.72020997159618,1.0,1.0,0.08,0.0,0.04,,25,300,0.03510905057191849,0.6666666666666666,0.9648909568786621,0.049734655767679214
pure_top_k,1.0,1.0,20,15,1.0,1.0,0.45,0.9759651619872516,1.0,0.0,0.4473432609159499,43.0442731426133,14.48,1.0,0.6,0.6208389058750923,0.2209944751381215,0.4213649851632047,25,300,0.14432071149349213,0.30333333333333334,0.8556793332099915,0.09426593035459518
pure_top_k,1.0,1.0,20,16,0.04,0.04,0.27,1.0,1.0,0.0,0.3938360727392137,43.67632618928064,8.0,1.0,0.32,0.2199467681011798,0.08,0.1,25,300,0.03150951862335205,0.8433333333333334,0.968490481376648,0.058180104941129684
pure_top_k,1.0,1.0,20,17,0.0,0.0,0.31,0.974198037720046,1.0,0.0,0.4861938817147165,43.523216577865995,14.64,0.96,0.84,0.5083463331849679,0.1702702702702702,0.2811594202898551,25,300,0.0804784744977951,0.27,0.9195215106010437,0.045288991183042526
pure_top_k,1.0,1.0,20,18,0.72,0.44,0.48,0.930669090395345,0.9589473684210524,0.0,0.6853840733878315,43.092464748189414,22.84,0.88,0.92,0.8072988195638637,0.2989690721649484,0.6283662477558348,25,300,0.2464045137166977,0.02,0.7535954713821411,0.08941775560379028
pure_top_k,1.0,1.0,20,19,1.0,1.0,0.25,1.0,0.0,0.0,0.0464864959567784,43.88188608632401,1.0,1.0,0.08,0.0,0.04,,25,300,0.008426171727478504,0.92,0.9915738701820374,0.028622278943657875
pure_top_k,1.0,1.0,20,20,0.52,0.28,0.6,0.9303668730478328,0.9946072336265884,0.0,0.4957725418172776,43.83748251881145,18.48,1.0,0.96,0.6783104077420925,0.2246220302375809,0.4589041095890411,25,300,0.12582293152809143,0.03666666666666667,0.8741770386695862,0.04575065150856972
pure_top_k,1.0,1.0,20,21,0.14,0.0,0.43,0.969062678062678,1.0,0.0,0.5277145274914801,43.74445086824155,14.76,1.0,1.0,0.6584930653237117,0.2048517520215633,0.4479768786127168,25,300,0.14341039955615997,0.043333333333333335,0.8565895557403564,0.05981883034110069
pure_top_k,1.0,1.0,20,22,0.3,0.0,0.26,0.900926499215974,0.9898277630374404,0.00125,1.0563084356021135,43.49078215418458,30.8,0.36,1.0,0.6564936387590964,0.2209302325581395,0.4259012016021362,25,300,0.13633285462856293,0.03666666666666667,0.8636671900749207,0.04907332733273506
pure_top_k,1.0,1.0,20,23,0.22,0.0,0.15,1.0,0.96,0.0,0.2255178681202232,43.592531323057486,4.68,1.0,0.8,0.8801440403278639,0.4590163934426229,0.5773195876288659,25,300,0.40588465332984924,0.04,0.5941153168678284,0.14899539947509766
pure_top_k,1.0,1.0,20,24,0.06,0.0,0.25,0.9611016206016204,1.0,0.0,0.5624264348484576,39.78255232537722,15.08,1.0,0.96,0.8193888791523758,0.3766937669376693,0.6424418604651163,25,300,0.3196049928665161,0.01,0.6803950071334839,0.14608262479305267
pure_top_k,1.0,1.0,20,25,0.72,0.44,0.59,0.995,1.0,0.0,0.2158380584605038,39.46911850563847,4.72,1.0,0.8,0.6368431938431939,0.1864406779661017,0.5053763440860215,25,300,0.12870006263256073,0.07333333333333333,0.8712999224662781,0.05666092783212662
pure_top_k,1.0,1.0,20,26,1.0,1.0,0.65,0.9157023530747668,0.9844287802374758,0.0034848484848484,0.8646811588667334,39.138625329304816,19.84,0.44,0.92,0.643025758607575,0.1269035532994923,0.3109540636042402,25,300,0.0767819806933403,0.48333333333333334,0.9232179522514343,0.05244673416018486
pure_top_k,1.0,1.0,20,27,0.32,0.04,0.16,1.0,0.92,0.0,0.1836975209973752,39.53723608831802,4.6,1.0,0.76,0.8413617929627992,0.2608695652173913,0.4666666666666667,25,300,0.27918267250061035,0.04666666666666667,0.7208173871040344,0.1309550553560257
pure_top_k,1.0,1.0,20,28,0.02,0.0,0.26,0.9087761213694278,0.9946666666666668,0.0028571428571428,0.8888806158769875,39.61702199759196,18.16,0.92,0.92,0.706074589262289,0.2407407407407407,0.3796095444685466,25,300,0.23986028134822845,0.04,0.7601396441459656,0.08932457864284515
pure_top_k,1.0,1.0,20,29,0.3,0.0,0.3,0.9621432657332772,0.9974193548387098,0.0,1.1803892199601975,39.75367665404217,32.24,0.2,1.0,0.7493244111573235,0.2438423645320197,0.5120711562897078,25,300,0.23545044660568237,0.0,0.7645495533943176,0.0795416608452797
pure_top_k,1.0,1.0,20,30,0.12,0.0,0.36,0.9856666666666666,0.9971428571428572,0.0,0.4979850895609706,38.61299967259081,9.72,1.0,0.96,0.5494454973517431,0.2704918032786885,0.4246575342465753,25,300,0.1267929971218109,0.14666666666666667,0.8732069730758667,0.06962767243385315
pure_top_k,1.0,1.0,20,31,0.04,0.04,0.01,1.0,0.08,0.0,0.057243480766192,37.19683443524797,1.08,1.0,0.16,0.2288888888888889,0.1851851851851851,1.0,25,300,0.08000100404024124,0.77,0.9199990034103394,0.14761775732040405
pure_top_k,1.0,1.0,20,32,0.14,0.08,0.54,0.9857294010337488,1.0,0.0,0.5662971988040953,38.874886212420066,11.84,1.0,1.0,0.7119611899081142,0.2794612794612794,0.4816176470588235,25,300,0.1276027113199234,0.03333333333333333,0.872397243976593,0.06569379568099976
pure_top_k,1.0,1.0,20,33,0.72,0.44,0.71,0.9482693972693972,1.0,0.0,0.469697315627709,38.26432685600892,9.04,1.0,0.72,0.4426539082262766,0.1283185840707964,0.208955223880597,25,300,0.06648705899715424,0.36666666666666664,0.9335129857063293,0.04087231680750847
pure_top_k,1.0,1.0,20,34,0.32,0.32,0.48,1.0,0.52,0.0,0.1525183693133294,38.35511538150637,3.4,1.0,0.24,0.6936182336182336,0.2470588235294117,0.3,25,300,0.29597291350364685,0.3333333333333333,0.7040271162986755,0.22097425162792206
pure_top_k,1.0,1.0,20,35,1.0,1.0,0.46,0.9714254412254412,0.9970833333333334,0.0,0.5861487944796682,39.20713876630291,15.72,1.0,0.52,0.4386184242600912,0.1221374045801526,0.2119565217391304,25,300,0.05069577321410179,0.46,0.9493042230606079,0.041658271104097366
pure_top_k,1.0,1.0,20,36,0.56,0.52,0.41,0.9667424690759155,0.991091503267974,0.0025914315569487,0.52692033004947,40.00316819570214,16.08,0.88,0.96,0.644145146581419,0.1737089201877934,0.3690773067331671,25,300,0.07692962884902954,0.23333333333333334,0.9230703711509705,0.03716764226555824
pure_top_k,1.0,1.0,20,37,0.5,0.0,0.01,0.9745454545454544,1.0,0.0,0.3495925905741751,39.464910203644365,11.68,1.0,0.2,0.2274675149411991,0.071917808219178,0.1086142322097378,25,300,0.024932757019996643,0.62,0.9750672578811646,0.025636587291955948
pure_top_k,1.0,1.0,20,38,0.58,0.16,0.54,0.9930555555555556,1.0,0.0,0.4120215117838233,38.90167984792787,13.8,1.0,0.48,0.4508895813568955,0.170028818443804,0.2670807453416149,25,300,0.11942433565855026,0.36333333333333334,0.8805756568908691,0.1039360985159874
pure_top_k,1.0,1.0,20,39,0.82,0.72,0.34,0.9970833333333334,1.0,0.0,0.4111402864009142,39.04053956908218,12.48,1.0,0.68,0.6549595096405395,0.2628205128205128,0.4425087108013937,25,300,0.126437708735466,0.45,0.8735623359680176,0.1182195395231247
pure_top_k,1.0,1.0,20,40,0.68,0.36,0.49,0.961968360327103,1.0,0.0,0.643627809965983,39.91417754226736,20.72,0.92,0.96,0.734259504154807,0.2756653992395437,0.5588822355289421,25,300,0.18970204889774323,0.07,0.810297966003418,0.10787662863731384
pure_top_k,1.0,1.0,20,41,1.0,1.0,0.25,1.0,0.08,0.0,0.086578412791714,39.75898940691572,1.48,1.0,0.16,0.1319057239057239,0.2894736842105263,1.0,25,300,0.06243246793746948,0.6433333333333333,0.9375675320625305,0.1050635576248169
pure_top_k,1.0,1.0,20,42,0.0,0.0,0.0,1.0,1.0,0.0,0.1051122791040688,38.26756457295245,2.0,1.0,0.04,0.0,0.04,0.04,25,300,3.814697180359872e-08,1.0,1.0,4.776338613510234e-08
pure_top_k,1.0,1.0,20,43,0.84,0.68,0.5,0.988051282051282,0.64,0.0,0.4439526929799467,39.40755332066701,9.6,0.96,0.52,0.6878346195518962,0.2614107883817427,0.4212962962962963,25,300,0.19334924221038818,0.24666666666666667,0.8066507577896118,0.13739019632339478
pure_top_k,1.0,1.0,20,44,1.0,1.0,0.29,0.9906666666666666,0.16,0.0,0.1240946590527891,38.48015682416324,2.96,1.0,0.2,0.2670732482761468,0.3783783783783784,0.7346938775510204,25,300,0.1725473254919052,0.33666666666666667,0.8274526596069336,0.19140323996543884
pure_top_k,1.0,1.0,20,45,0.52,0.28,0.47,0.8992151774809929,0.999,0.0,1.065904923789203,38.95423717745959,32.8,0.48,1.0,0.7135398173195413,0.1937799043062201,0.4414303329223181,25,300,0.154863640666008,0.04,0.8451363444328308,0.06104731187224388
pure_top_k,1.0,1.0,20,46,1.0,1.0,0.75,1.0,1.0,0.0,0.4163443771004677,38.88405468624578,14.0,1.0,0.32,0.13703179517421,0.0628571428571428,0.083076923076923,25,300,0.02052864246070385,0.8633333333333333,0.9794714450836182,0.026003152132034302
pure_top_k,1.0,1.0,20,47,0.46,0.12,0.44,0.928168680171156,0.99373001794953,0.0,0.8272067364770919,38.72200208858736,23.84,0.8,1.0,0.8264666590514418,0.3097199341021416,0.6769759450171822,25,300,0.20037446916103363,0.006666666666666667,0.7996255159378052,0.08517691493034363
pure_top_k,1.0,1.0,20,48,0.42,0.0,0.06,1.0,1.0,0.0,0.2163659219350665,36.18407719202233,3.24,1.0,0.24,0.3294954212454213,0.1851851851851851,0.3035714285714285,25,300,0.0677013024687767,0.5733333333333334,0.9322986602783203,0.08431819081306458
pure_top_k,1.0,1.0,20,49,0.12,0.12,0.03,1.0,0.0,0.0,0.0745954987779259,37.717376509582905,1.0,1.0,0.12,0.22,0.08,,25,300,0.09145231544971466,0.49666666666666665,0.9085476398468018,0.11074439436197281
pure_top_k,1.0,1.0,25,0,0.98,0.96,0.68,0.9696296674340154,1.0,0.0,0.4798631913494319,43.85003021852273,16.88,1.0,0.88,0.6332046586328247,0.1592505854800937,0.3333333333333333,25,300,0.1502985805273056,0.18666666666666668,0.849701464176178,0.09636374562978745
pure_top_k,1.0,1.0,25,1,0.16,0.0,0.25,1.0,1.0,0.0,0.2136789168231189,43.800944011388395,6.64,1.0,0.88,0.668426271584789,0.2349397590361445,0.4397163120567376,25,300,0.10740422457456589,0.12,0.8925958275794983,0.048668909817934036
pure_top_k,1.0,1.0,25,2,0.58,0.28,0.33,0.9888471177944862,1.0,0.0,0.3003153327852487,43.816669749113146,10.0,1.0,1.0,0.9311570010882748,0.4703557312252964,0.7982456140350878,25,300,0.41220682859420776,0.0,0.5877931714057922,0.1361866444349289
pure_top_k,1.0,1.0,25,3,0.34,0.24,0.29,0.9858425689116226,0.9987878787878788,0.0,0.3256326860189438,43.84239686622577,9.56,1.0,0.84,0.7604998191438165,0.3508064516129032,0.6322869955156951,25,300,0.30361291766166687,0.12,0.6963870525360107,0.15732848644256592
pure_top_k,1.0,1.0,25,4,0.0,0.0,0.25,1.0,0.68,0.0,0.0840465996973216,43.78783107294199,1.68,1.0,0.08,0.2266666666666666,0.0476190476190476,0.0588235294117647,25,300,0.10871869325637817,0.5466666666666666,0.8912813067436218,0.11958631128072739
pure_top_k,1.0,1.0,25,5,0.0,0.0,0.0,1.0,1.0,0.0,0.0693877757154404,43.81264857263191,2.0,1.0,0.04,0.0,0.04,0.04,25,300,1.9073486612342094e-07,1.0,0.9999998211860657,1.3562194567384722e-07
pure_top_k,1.0,1.0,25,6,0.2,0.08,0.37,0.9502636603921716,0.8780720092915214,0.0,0.5293066387996077,43.687758654804135,19.44,0.84,0.8,0.7242072099007187,0.2653061224489796,0.5010752688172043,25,300,0.23153804242610931,0.10666666666666667,0.7684619426727295,0.12531577050685883
pure_top_k,1.0,1.0,25,7,0.02,0.0,0.45,0.9329498379274006,0.9971428571428572,0.0014814814814814,0.6036011836864055,43.68335755959446,20.36,1.0,1.0,0.7405517244372974,0.2330827067669172,0.5581854043392505,25,300,0.11401735991239548,0.09666666666666666,0.8859826922416687,0.050450585782527924
pure_top_k,1.0,1.0,25,8,0.2,0.16,0.16,0.9749991950656138,0.24,0.0,0.2806854353845119,43.68322544223033,8.92,0.88,0.28,0.4184701306209252,0.4888888888888889,0.815,25,300,0.18412068486213684,0.57,0.8158792853355408,0.22012834250926971
pure_top_k,1.0,1.0,25,9,0.0,0.0,0.0,1.0,0.0,0.0,0.0639964966010302,43.77113266208246,1.0,1.0,0.08,0.0,0.04,,25,300,0.03510904684662819,0.6666666666666666,0.9648909568786621,0.04973464459180832
pure_top_k,1.0,1.0,25,10,1.0,1.0,0.76,0.944884425917456,1.0,0.0,0.8541917882673442,43.28647739991822,31.28,0.84,1.0,0.5029546675259613,0.125,0.2608695652173913,25,300,0.04004400968551636,0.7733333333333333,0.9599560499191284,0.021524759009480476
pure_top_k,1.0,1.0,25,11,0.0,0.0,0.27,0.9822327147135332,0.28,0.0,0.1913862549513578,43.416014985590735,5.32,1.0,0.24,0.4102195632999039,0.1843971631205673,0.3103448275862069,25,300,0.2085043340921402,0.58,0.791495680809021,0.2433469295501709
pure_top_k,1.0,1.0,25,12,0.44,0.28,0.48,0.9724398866265876,0.9525,0.0053333333333333,0.549759984863922,43.79479486929117,14.4,0.96,0.96,0.8437221160297766,0.3046875,0.4707520891364902,25,300,0.21358871459960938,0.04,0.7864112854003906,0.08606579154729843
pure_top_k,1.0,1.0,25,13,0.28,0.0,0.33,0.9789689608636976,0.9977777777777778,0.0,0.310791623853147,43.13848057991371,10.68,1.0,0.84,0.7645626402218276,0.237037037037037,0.4693877551020408,25,300,0.15975426137447357,0.08333333333333333,0.8402457237243652,0.0769345760345459
pure_top_k,1.0,1.0,25,14,0.5,0.0,0.0,1.0,0.0,0.0,0.0639059370290487,43.80388567912531,1.0,1.0,0.08,0.0,0.04,,25,300,0.03510905057191849,0.6666666666666666,0.9648909568786621,0.049734652042388916
pure_top_k,1.0,1.0,25,15,0.98,0.96,0.5,0.9754846061942836,1.0,0.0,0.4948625086061656,43.21200481668613,15.76,1.0,0.68,0.6502034864678109,0.2531645569620253,0.4648648648648649,25,300,0.1448226124048233,0.22,0.8551774024963379,0.08788572251796722
pure_top_k,1.0,1.0,25,16,0.02,0.0,0.25,1.0,1.0,0.0,0.3965740889124572,42.96520391969983,8.0,1.0,0.28,0.236780303030303,0.0848214285714285,0.1055276381909547,25,300,0.04228169471025467,0.8433333333333334,0.9577183127403259,0.08087680488824844
pure_top_k,1.0,1.0,25,17,0.0,0.0,0.29,0.9794282245177384,1.0,0.0,0.4436440441664308,43.8170412653059,14.24,1.0,0.76,0.508335259595345,0.1792717086834734,0.3162650602409638,25,300,0.07458886504173279,0.28,0.9254111647605896,0.03966958075761795
pure_top_k,1.0,1.0,25,18,0.7,0.44,0.39,0.9577186592834523,0.997,0.0,0.5148866748902947,42.99528674904599,17.64,0.92,0.88,0.7870269855260336,0.3176733780760626,0.590047393364929,25,300,0.24117639660835266,0.07,0.758823573589325,0.10611989349126816
pure_top_k,1.0,1.0,25,19,0.96,0.96,0.26,1.0,0.04,0.0,0.0683287705946713,43.89003551560832,1.8,1.0,0.12,0.08,0.4888888888888889,1.0,25,300,0.04631524160504341,0.8433333333333334,0.9536846876144409,0.13054166734218597
pure_top_k,1.0,1.0,25,20,0.62,0.32,0.6,0.946990632601533,0.9971428571428572,0.0,0.43983931472525,43.78354674774969,16.4,1.0,0.92,0.6213071288538523,0.1995133819951338,0.3782383419689119,25,300,0.11433649808168411,0.08333333333333333,0.8856634497642517,0.04941805079579353
pure_top_k,1.0,1.0,25,21,0.12,0.0,0.47,0.9613795346455192,1.0,0.0,0.6112581026088446,43.30206394612651,17.64,1.0,1.0,0.6844120029375133,0.1883408071748878,0.4085510688836104,25,300,0.15470637381076813,0.05,0.8452935814857483,0.05702688544988632
pure_top_k,1.0,1.0,25,22,0.28,0.0,0.29,0.9091433944031172,0.9926450216450216,0.0,1.0386917657591404,43.38397083276736,30.84,0.32,1.0,0.6677736354379549,0.2204928664072633,0.4302949061662198,25,300,0.14273640513420105,0.05,0.8572635650634766,0.059597402811050415
pure_top_k,1.0,1.0,25,23,0.14,0.0,0.29,0.9813888888888888,0.9969705469845722,0.0,0.3340440095309168,43.719337279929675,8.08,1.0,0.88,0.8814701958516199,0.3906976744186046,0.5421052631578948,25,300,0.4122615158557892,0.05333333333333334,0.5877384543418884,0.160361647605896
pure_top_k,1.0,1.0,25,24,0.0,0.0,0.27,0.9575510931097888,1.0,0.0,0.5298885638359934,43.30068311531402,15.28,1.0,0.96,0.769965485388626,0.3670212765957447,0.6353276353276354,25,300,0.26697078347206116,0.006666666666666667,0.7330291867256165,0.11018332093954086
pure_top_k,1.0,1.0,25,25,0.76,0.52,0.61,1.0,1.0,0.0,0.2162973236851394,39.228334706301474,4.68,1.0,0.72,0.6298439153439154,0.1794871794871795,0.4347826086956521,25,300,0.12378896027803421,0.1,0.8762110471725464,0.0640791729092598
pure_top_k,1.0,1.0,25,26,0.88,0.88,0.69,0.9042352865251182,0.9812515862947648,0.0034848484848484,0.8092652374133468,39.994289524447765,20.12,0.64,0.88,0.6548854710545919,0.1245674740484429,0.3019891500904159,25,300,0.08452017605304718,0.37666666666666665,0.9154797196388245,0.054100725799798965
pure_top_k,1.0,1.0,25,27,0.28,0.04,0.23,1.0,0.88,0.0,0.2076279698126017,39.58954728214873,5.44,1.0,0.88,0.8322489434370239,0.2573529411764705,0.5135135135135135,25,300,0.2869914770126343,0.02666666666666667,0.7130085229873657,0.13045546412467957
pure_top_k,1.0,1.0,25,28,0.02,0.0,0.27,0.9107856980318954,0.9930434782608696,0.0036363636363636,0.9624799535796046,39.61211581264699,21.12,0.72,1.0,0.7147139663150618,0.1889483065953654,0.3526119402985074,25,300,0.2693372368812561,0.016666666666666666,0.7306627631187439,0.09774712473154068
pure_top_k,1.0,1.0,25,29,0.34,0.0,0.28,0.937760880932856,0.9901851851851852,0.0044057971014492,1.195464294971898,37.846585676215895,30.88,0.28,1.0,0.8113433398401849,0.2842639593908629,0.583224115334207,25,300,0.27452772855758667,0.0,0.7254722714424133,0.11218861490488052
pure_top_k,1.0,1.0,25,30,0.22,0.0,0.37,1.0,1.0,0.0,0.4714421845600009,38.94078339063048,9.12,1.0,0.96,0.5789929737425296,0.2521739130434782,0.3951219512195122,25,300,0.10331552475690842,0.16,0.896684467792511,0.04972827062010765
pure_top_k,1.0,1.0,25,31,0.0,0.0,0.0,1.0,0.0,0.0,0.0566206656955182,37.48275719434115,1.0,1.0,0.08,0.1533333333333333,0.08,,25,300,0.045504625886678696,0.8466666666666667,0.9544954299926758,0.10710712522268295
pure_top_k,1.0,1.0,25,32,0.18,0.08,0.6,0.9749523809523808,1.0,0.0,0.6537449411395937,38.270992724145344,13.12,0.96,1.0,0.7111664345021799,0.2658610271903323,0.4836601307189542,25,300,0.11821834743022919,0.07666666666666666,0.8817816376686096,0.059325773268938065
pure_top_k,1.0,1.0,25,33,0.64,0.28,0.72,0.9440717820191504,1.0,0.0,0.5317651805281639,38.814061895603416,10.16,1.0,0.76,0.4653013591442384,0.2,0.3,25,300,0.06855567544698715,0.35333333333333333,0.9314442873001099,0.04093773290514946
pure_top_k,1.0,1.0,25,34,0.34,0.32,0.39,1.0,0.44,0.0,0.1497747269365936,39.32496647928301,3.08,1.0,0.32,0.6841111111111111,0.2692307692307692,0.3396226415094339,25,300,0.27661940455436707,0.31666666666666665,0.7233805656433105,0.20017705857753754
pure_top_k,1.0,1.0,25,35,1.0,1.0,0.62,0.971979050858954,1.0,0.0,0.6615803393442183,39.47752241730308,18.84,1.0,0.8,0.4948796274571841,0.1273885350318471,0.2062780269058296,25,300,0.05368766933679581,0.4866666666666667,0.9463123679161072,0.028646238148212433
pure_top_k,1.0,1.0,25,36,0.68,0.68,0.37,0.984410138248848,0.9945747126436782,0.002807881773399,0.4710405635181814,39.39149652087769,14.72,0.92,0.8,0.5837459049205392,0.1706036745406824,0.3258426966292135,25,300,0.06291303783655167,0.4,0.9370869994163513,0.041927170008420944
pure_top_k,1.0,1.0,25,37,0.5,0.0,0.01,0.9881666666666667,1.0,0.0,0.3371749957837164,39.34207150077495,11.2,1.0,0.28,0.2558914681628875,0.1103202846975089,0.15625,25,300,0.075479656457901,0.7066666666666667,0.9245202541351318,0.14769402146339417
pure_top_k,1.0,1.0,25,38,0.5,0.0,0.45,0.9903743315508022,1.0,0.0,0.41608517174609,38.350059095852295,13.76,1.0,0.6,0.5241798629663357,0.2219020172910663,0.3354037267080745,25,300,0.15565170347690582,0.2966666666666667,0.8443482518196106,0.10943545401096344
pure_top_k,1.0,1.0,25,39,0.82,0.68,0.36,0.9894527636614592,1.0,0.0,0.4262793610896915,39.05452678206072,12.92,1.0,0.56,0.6305997079893382,0.2530864197530864,0.4682274247491639,25,300,0.12704682350158691,0.39666666666666667,0.8729531764984131,0.11278025060892105
pure_top_k,1.0,1.0,25,40,0.62,0.24,0.4,0.9584778749395118,1.0,0.0,0.6265331855695695,39.13974877136363,20.44,0.92,0.96,0.7192328813234358,0.2926356589147287,0.560081466395112,25,300,0.1869964450597763,0.023333333333333334,0.8130035400390625,0.0843760222196579
pure_top_k,1.0,1.0,25,41,1.0,1.0,0.25,1.0,0.0,0.0,0.0702800482418387,37.88069551243732,1.0,1.0,0.08,0.0,0.04,,25,300,0.04013130068778992,0.52,0.9598687887191772,0.04183970391750336
pure_top_k,1.0,1.0,25,42,0.0,0.0,0.0,1.0,1.0,0.0,0.1046701188664883,38.283965550639216,2.0,1.0,0.04,0.0,0.04,0.04,25,300,3.814697180359872e-08,1.0,1.0,4.776338613510234e-08
pure_top_k,1.0,1.0,25,43,0.78,0.56,0.41,0.9883311229000884,0.56,0.0,0.3774826435185969,38.8005080155919,7.88,1.0,0.48,0.6703836831123361,0.3467336683417085,0.5747126436781609,25,300,0.2062489539384842,0.25333333333333335,0.7937510013580322,0.139278382062912
pure_top_k,1.0,1.0,25,44,1.0,1.0,0.27,0.9969230769230768,0.08,0.0,0.1042551631014793,38.22966632061586,2.52,1.0,0.16,0.1462626984126984,0.3968253968253968,0.7368421052631579,25,300,0.11644340306520462,0.44333333333333336,0.883556604385376,0.1633797287940979
pure_top_k,1.0,1.0,25,45,0.44,0.28,0.44,0.8906743508346148,0.9975714285714288,0.0,1.0954389537498357,39.222443494346855,32.6,0.44,1.0,0.714329968995877,0.1995192307692307,0.4151177199504337,25,300,0.15424346923828125,0.013333333333333334,0.8457565307617188,0.06053413823246956
pure_top_k,1.0,1.0,25,46,1.0,1.0,0.73,1.0,1.0,0.0,0.4198515961878001,38.631234565691926,13.88,1.0,0.36,0.1649630590427803,0.0605187319884726,0.077639751552795,25,300,0.022288819774985313,0.9666666666666667,0.9777112007141113,0.01665661856532097
pure_top_k,1.0,1.0,25,47,0.5,0.04,0.43,0.9429685101451508,1.0,0.0,0.7745899854786694,36.98785124977032,21.4,0.92,1.0,0.8240508627168023,0.3051470588235294,0.6705202312138728,25,300,0.24194569885730743,0.013333333333333334,0.7580543160438538,0.08650482445955276
pure_top_k,1.0,1.0,25,48,0.5,0.0,0.02,1.0,0.96,0.0,0.1655747252050786,36.47123194541884,2.32,1.0,0.2,0.2766666666666666,0.1896551724137931,0.2424242424242424,25,300,0.08006791770458221,0.7033333333333334,0.9199320673942566,0.12864810228347778
pure_top_k,1.0,1.0,25,49,0.04,0.04,0.01,1.0,0.0,0.0,0.0720433540828525,38.950324186003506,1.0,1.0,0.12,0.08,0.08,,25,300,0.05565076321363449,0.6033333333333334,0.9443492889404297,0.0819632038474083
pure_top_k,1.0,1.0,30,0,0.96,0.92,0.69,0.9683115265106113,1.0,0.0,0.5312191135063767,42.50655449625972,17.76,0.96,1.0,0.6478634358423363,0.1677704194260485,0.338785046728972,25,300,0.16037146747112274,0.12666666666666668,0.8396285772323608,0.08303802460432053
pure_top_k,1.0,1.0,30,1,0.14,0.0,0.23,0.9969230769230768,1.0,0.0,0.2219721955806017,42.87603417841561,6.92,1.0,0.88,0.6745684117367553,0.2196531791907514,0.4459459459459459,25,300,0.09878744184970856,0.11666666666666667,0.9012125730514526,0.045065492391586304
pure_top_k,1.0,1.0,30,2,0.68,0.4,0.39,0.9745533007297712,0.9984615384615384,0.0,0.3790677316766232,43.78374693933283,13.24,1.0,1.0,0.9227370036627938,0.4251497005988024,0.7411003236245954,25,300,0.3910027742385864,0.006666666666666667,0.6089971661567688,0.1445104479789734
pure_top_k,1.0,1.0,30,3,0.16,0.04,0.16,0.9952941176470588,1.0,0.0,0.2044573778565972,43.018056028136655,6.32,1.0,0.52,0.6290894582713469,0.2088607594936709,0.3533834586466165,25,300,0.22470955550670624,0.22,0.7752904295921326,0.16973677277565002
pure_top_k,1.0,1.0,30,4,0.0,0.0,0.25,0.995,0.68,0.0,0.0885842554457485,43.79129106651319,1.92,1.0,0.16,0.2742857142857143,0.1458333333333333,0.3043478260869565,25,300,0.12401308864355087,0.47,0.8759869337081909,0.121615931391716
pure_top_k,1.0,1.0,30,5,0.0,0.0,0.0,1.0,1.0,0.0,0.0685407633055001,43.769672576736546,2.0,1.0,0.04,0.0,0.04,0.04,25,300,1.9073486612342094e-07,1.0,0.9999998211860657,1.3562194567384722e-07
pure_top_k,1.0,1.0,30,6,0.46,0.28,0.44,0.9349129829801528,0.9559899749373436,0.0,0.6563558711018413,42.94928851559976,23.2,0.84,0.92,0.7464990905354347,0.2265758091993185,0.4608540925266904,25,300,0.2523605525493622,0.03333333333333333,0.7476394176483154,0.14663611352443695
pure_top_k,1.0,1.0,30,7,0.02,0.0,0.44,0.949522049245752,1.0,0.0,0.590595330838114,43.75087543668684,19.52,1.0,1.0,0.7362229947786164,0.251937984496124,0.5560081466395111,25,300,0.11794225126504898,0.13333333333333333,0.8820577263832092,0.07170217484235764
pure_top_k,1.0,1.0,30,8,0.14,0.12,0.11,0.9906595033167044,0.16,0.0,0.1892674557119607,43.662704223787706,5.72,0.92,0.2,0.2947834034605542,0.4482758620689655,0.7416666666666667,25,300,0.1304747313261032,0.7033333333333334,0.8695253729820251,0.2049703747034073
pure_top_k,1.0,1.0,30,9,0.0,0.0,0.02,1.0,0.04,0.0,0.088814691863954,43.633834842838176,1.76,1.0,0.12,0.0757894736842105,0.4222222222222222,1.0,25,300,0.07072809338569641,0.6033333333333334,0.929271936416626,0.12660208344459534
pure_top_k,1.0,1.0,30,10,0.96,0.92,0.71,0.931656776421568,0.9975958188153312,0.0,0.8219201142340898,43.0916088178612,29.68,0.88,1.0,0.6270711947513795,0.1559139784946236,0.3157162726008345,25,300,0.09190792590379715,0.5,0.9080920219421387,0.09288167953491211
pure_top_k,1.0,1.0,30,11,0.0,0.0,0.31,0.9708338720103428,0.48,0.0,0.265176646579057,43.41583598466909,8.08,1.0,0.36,0.5384464246461824,0.1214953271028037,0.201058201058201,25,300,0.2609645128250122,0.44,0.7390354871749878,0.23849326372146606
pure_top_k,1.0,1.0,30,12,0.4,0.16,0.5,0.988888939740656,0.9178947368421052,0.0,0.5433261256664992,42.3674778388297,14.4,1.0,1.0,0.8139593866603501,0.300531914893617,0.4415954415954416,25,300,0.2250610888004303,0.056666666666666664,0.7749388813972473,0.11028118431568146
pure_top_k,1.0,1.0,30,13,0.34,0.0,0.31,0.9930756302521008,1.0,0.0,0.2840938386134803,43.47723682537323,9.88,1.0,0.76,0.7783609750643262,0.242914979757085,0.4414414414414414,25,300,0.1664479374885559,0.1,0.8335520625114441,0.09100917726755142
pure_top_k,1.0,1.0,30,14,0.5,0.0,0.0,1.0,0.0,0.0,0.0671201916784047,43.52539712730732,1.0,1.0,0.08,0.0,0.04,,25,300,0.016150163486599922,0.8466666666666667,0.9838497638702393,0.038013678044080734
pure_top_k,1.0,1.0,30,15,0.98,0.96,0.5,0.963681434185782,0.9984615384615384,0.0,0.4557786983437836,42.95256328523351,14.8,1.0,0.76,0.6717455679954599,0.2237196765498652,0.4421965317919075,25,300,0.1545625478029251,0.19666666666666666,0.8454374670982361,0.08486379683017731
pure_top_k,1.0,1.0,30,16,0.22,0.2,0.39,1.0,0.96,0.0,0.4012762641813606,43.75824852967255,8.0,1.0,0.48,0.4633870932272635,0.1365638766519823,0.1831683168316831,25,300,0.12467571347951889,0.5666666666666667,0.8753243088722229,0.14998051524162292
pure_top_k,1.0,1.0,30,17,0.0,0.0,0.27,0.9847841826789197,1.0,0.0,0.4144636408332735,43.81402419287825,13.56,1.0,0.76,0.4489160178648768,0.168141592920354,0.2802547770700637,25,300,0.06335008144378662,0.33666666666666667,0.9366498589515686,0.03618435561656952
pure_top_k,1.0,1.0,30,18,0.6,0.2,0.45,0.9583050640416494,0.84,0.0,0.725967015735805,43.54854950420493,17.52,0.8,1.0,0.8858872208611395,0.403765690376569,0.7152317880794702,25,300,0.2350761443376541,0.013333333333333334,0.7649239301681519,0.08005868643522263
pure_top_k,1.0,1.0,30,19,0.92,0.92,0.25,0.9976470588235294,0.04,0.0,0.0628810580074786,43.89369039595507,1.64,1.0,0.16,0.1564583333333333,0.4146341463414634,1.0,25,300,0.06318992376327515,0.77,0.9368100762367249,0.13263849914073944
pure_top_k,1.0,1.0,30,20,0.58,0.36,0.61,0.9277019840806748,0.997,0.0,0.4906136367842555,43.777384132784825,18.04,0.96,0.88,0.6257526272630306,0.2295805739514348,0.4275700934579439,25,300,0.13019174337387085,0.09,0.8698082566261292,0.06347893923521042
pure_top_k,1.0,1.0,30,21,0.12,0.0,0.44,0.964886494516835,1.0,0.0,0.6413199636340141,43.58541353047064,18.64,0.96,1.0,0.741811899675383,0.226215644820296,0.4977678571428571,25,300,0.18652641773223877,0.04666666666666667,0.813473641872406,0.07699544727802277
pure_top_k,1.0,1.0,30,22,0.26,0.0,0.27,0.888314685991716,0.9910936345819548,0.0,1.074329106649384,43.68303146352459,31.92,0.16,1.0,0.6437535961262336,0.2039800995024875,0.4082156611039794,25,300,0.14319802820682526,0.03,0.8568019866943359,0.054173361510038376
pure_top_k,1.0,1.0,30,23,0.2,0.0,0.15,0.9977777777777778,0.96,0.0,0.3147431400232017,42.83890158791359,6.04,0.96,1.0,0.9149788568106136,0.5093167701863354,0.6397058823529411,25,300,0.40820130705833435,0.023333333333333334,0.591798722743988,0.13258245587348938
pure_top_k,1.0,1.0,30,24,0.0,0.0,0.32,0.9440184405400518,0.9987878787878788,0.0,0.6197259894479066,40.92275617130979,18.08,0.92,0.92,0.7613757185101544,0.3122171945701357,0.5683453237410072,25,300,0.22496896982192993,0.013333333333333334,0.7750310301780701,0.06326976418495178
pure_top_k,1.0,1.0,30,25,0.8,0.6,0.65,1.0,1.0,0.0,0.2265916809160261,39.15082919211826,4.88,1.0,0.68,0.6699923687423688,0.2131147540983606,0.4123711340206185,25,300,0.14877627789974213,0.12,0.8512237071990967,0.08243456482887268
pure_top_k,1.0,1.0,30,26,0.92,0.92,0.72,0.9248013141392452,0.9902592415635894,0.0016,0.8131953936722129,39.80980317950962,19.08,0.56,0.92,0.6733239409905439,0.1510791366906475,0.35969868173258,25,300,0.09015428274869919,0.2966666666666667,0.909845769405365,0.05326903238892555
pure_top_k,1.0,1.0,30,27,0.38,0.12,0.22,1.0,0.8,0.0,0.1912560703419148,39.53814360496332,5.2,1.0,0.8,0.8468093600013105,0.2384615384615384,0.4476190476190476,25,300,0.30140671133995056,0.03666666666666667,0.6985933184623718,0.130097895860672
pure_top_k,1.0,1.0,30,28,0.0,0.0,0.25,0.8936418800041518,0.9971428571428572,0.0,0.8443422475550324,39.1415011975718,17.2,0.88,0.92,0.6645415401586214,0.1604395604395604,0.2906976744186046,25,300,0.21717959642410278,0.07666666666666666,0.782820463180542,0.09325578063726425
pure_top_k,1.0,1.0,30,29,0.42,0.0,0.31,0.9526474534874352,0.96,0.0,1.205899666287005,38.08078618749072,33.04,0.24,1.0,0.8098402283104071,0.2799525504151838,0.5819070904645477,25,300,0.2564866244792938,0.0,0.7435134053230286,0.11177006363868713
pure_top_k,1.0,1.0,30,30,0.16,0.0,0.35,0.98,0.9927272727272728,0.0,0.5123831654898823,38.68117622897762,10.6,1.0,1.0,0.694488802819176,0.3358208955223881,0.48559670781893,25,300,0.18394875526428223,0.013333333333333334,0.8160512447357178,0.0692998394370079
pure_top_k,1.0,1.0,30,31,0.04,0.04,0.01,1.0,0.08,0.0,0.0587128187622874,37.71768294065834,1.08,1.0,0.16,0.3555555555555555,0.1851851851851851,1.0,25,300,0.11778091639280319,0.6433333333333333,0.882219135761261,0.16009648144245148
pure_top_k,1.0,1.0,30,32,0.06,0.0,0.51,0.9766992673992676,0.9973333333333332,0.0,0.6180832121893763,38.51071489076478,12.0,0.92,1.0,0.710983798883687,0.2993421052631579,0.5232974910394266,25,300,0.11451035737991333,0.05,0.8854895830154419,0.03942335024476051
pure_top_k,1.0,1.0,30,33,0.7,0.4,0.69,0.9414372294372292,1.0,0.0,0.4675163655914366,38.22235348422888,9.0,1.0,0.88,0.4798134575119869,0.1555555555555555,0.3,25,300,0.07483027875423431,0.2633333333333333,0.9251697063446045,0.03435850143432617
pure_top_k,1.0,1.0,30,34,0.2,0.2,0.4,1.0,0.4,0.0,0.1245755969453602,38.582857162291305,2.4,1.0,0.16,0.5922222222222222,0.2,0.2857142857142857,25,300,0.24866394698619843,0.4166666666666667,0.7513360381126404,0.22111666202545166
pure_top_k,1.0,1.0,30,35,1.0,1.0,0.5,0.9721316274876916,0.9983333333333332,0.0,0.6227419178653508,38.86964209784147,16.72,1.0,0.56,0.4124247397820201,0.1196172248803827,0.2061068702290076,25,300,0.04679892584681511,0.4766666666666667,0.9532011151313782,0.03431461751461029
pure_top_k,1.0,1.0,30,36,0.56,0.56,0.34,0.9916666666666666,0.9974193548387098,0.0013333333333333,0.4370516435615718,38.8391471973461,13.6,0.96,0.84,0.5299014125398714,0.1477272727272727,0.2415902140672783,25,300,0.05657726153731346,0.38666666666666666,0.9434226751327515,0.03495325520634651
pure_top_k,1.0,1.0,30,37,0.5,0.0,0.04,0.9914845938375352,1.0,0.0,0.3665670706797391,38.73031756594299,12.04,1.0,0.24,0.2199368561333368,0.1390728476821192,0.187725631768953,25,300,0.042146243155002594,0.77,0.9578537940979004,0.0745982900261879
pure_top_k,1.0,1.0,30,38,0.5,0.0,0.45,0.9915917065390748,1.0,0.0,0.4263281993474811,39.38703448647064,14.0,1.0,0.6,0.5533301468743795,0.2072829131652661,0.3253012048192771,25,300,0.18043746054172516,0.26666666666666666,0.819562554359436,0.13459767401218414
pure_top_k,1.0,1.0,30,39,0.82,0.68,0.39,0.9949047619047618,1.0,0.0,0.4466679932642728,38.88810191132168,13.24,1.0,0.64,0.6702996660329135,0.2900302114803625,0.5294117647058824,25,300,0.12649990618228912,0.2633333333333333,0.8735000491142273,0.08476374298334122
pure_top_k,1.0,1.0,30,40,0.7,0.44,0.53,0.9655904537398168,1.0,0.0,0.7198133799713105,39.48091473704215,23.0,0.84,1.0,0.7735373428891088,0.3088737201365187,0.5918003565062389,25,300,0.21915335953235626,0.0033333333333333335,0.7808466553688049,0.08792003989219666
pure_top_k,1.0,1.0,30,41,1.0,1.0,0.25,1.0,0.0,0.0,0.0730710869468748,39.40049408728341,1.0,1.0,0.08,0.0,0.04,,25,300,0.018393561244010925,0.78,0.9816064238548279,0.034691642969846725
pure_top_k,1.0,1.0,30,42,0.0,0.0,0.0,1.0,1.0,0.0,0.1018015816621482,39.344183747486575,2.0,1.0,0.04,0.0,0.04,0.04,25,300,3.814697180359872e-08,1.0,1.0,4.776338613510234e-08
pure_top_k,1.0,1.0,30,43,0.84,0.68,0.55,0.9899949723479136,0.72,0.0,0.4486458291485906,38.69716072468386,9.0,0.96,0.52,0.6721245432866702,0.2763157894736842,0.4187192118226601,25,300,0.19313129782676697,0.24333333333333335,0.8068686723709106,0.14818492531776428
pure_top_k,1.0,1.0,30,44,1.0,1.0,0.3,0.9932867132867134,0.08,0.0,0.1255254641734063,38.47436112064708,3.28,1.0,0.16,0.14975,0.4878048780487805,0.8245614035087719,25,300,0.12174779176712036,0.4266666666666667,0.8782521486282349,0.1704300493001938
pure_top_k,1.0,1.0,30,45,0.48,0.28,0.45,0.8844454255991664,0.9977067977067976,0.0,1.1273168391548096,37.75661770521038,33.0,0.44,1.0,0.7497987467057214,0.2191943127962085,0.4945054945054945,25,300,0.17286084592342377,0.0033333333333333335,0.827139139175415,0.058752838522195816
pure_top_k,1.0,1.0,30,46,1.0,1.0,0.68,1.0,1.0,0.0,0.4064780656155198,39.00789870538479,13.56,1.0,0.48,0.1976030268607667,0.0707964601769911,0.0955414012738853,25,300,0.026214871555566788,0.8966666666666666,0.9737851023674011,0.018483707681298256
pure_top_k,1.0,1.0,30,47,0.52,0.2,0.53,0.9138732660452976,0.9967243589743592,0.0,0.8273999212589115,38.46443171535197,25.2,0.92,1.0,0.7911947971222262,0.278041074249605,0.6299342105263158,25,300,0.18984319269657135,0.006666666666666667,0.8101568222045898,0.06745969504117966
pure_top_k,1.0,1.0,30,48,0.44,0.0,0.05,1.0,1.0,0.0,0.2121670772787183,36.21303159250649,2.92,1.0,0.24,0.411021164021164,0.1643835616438356,0.2708333333333333,25,300,0.09727411717176437,0.4666666666666667,0.9027258157730103,0.1114949956536293
pure_top_k,1.0,1.0,30,49,0.04,0.04,0.01,1.0,0.0,0.0,0.0771949620265513,36.593594958791336,1.0,1.0,0.12,0.08,0.08,,25,300,0.060448888689279556,0.56,0.9395511746406555,0.0823519378900528
pure_top_k,1.5,1.0,10,0,0.96,0.92,0.65,0.9755211531412904,0.9989189189189188,0.0,0.4877309136744588,42.90221036243739,16.52,1.0,1.0,0.7293811220113524,0.2028639618138424,0.4543147208121827,25,300,0.19880615174770355,0.03666666666666667,0.8011938333511353,0.0808144062757492
pure_top_k,1.5,1.0,10,1,0.18,0.0,0.24,0.9836666666666668,1.0,0.0,0.2572011352982372,42.85280902547785,6.68,1.0,0.96,0.7965385450797788,0.3294117647058823,0.6551724137931034,25,300,0.14875373244285583,0.03333333333333333,0.8512462973594666,0.053521525114774704
pure_top_k,1.5,1.0,10,2,0.58,0.32,0.39,0.9913985569985572,1.0,0.0,0.3833396871294826,43.817639384886654,13.2,1.0,1.0,0.9297682891316956,0.5194029850746269,0.867741935483871,25,300,0.3912239968776703,0.0,0.6087760329246521,0.10976169258356094
pure_top_k,1.5,1.0,10,3,0.42,0.28,0.26,0.9808930905695612,1.0,0.0,0.3416715141199529,43.80349157232536,9.6,0.96,0.92,0.7831782016714132,0.3185483870967742,0.5739910313901345,25,300,0.29331648349761963,0.03,0.7066835165023804,0.12443757802248001
pure_top_k,1.5,1.0,10,4,0.0,0.0,0.25,0.995,0.48,0.0,0.0831643734220415,43.7507590257179,1.84,1.0,0.24,0.3332380952380952,0.1521739130434782,0.3333333333333333,25,300,0.15802332758903503,0.33666666666666667,0.8419767022132874,0.12469866871833801
pure_top_k,1.5,1.0,10,5,0.02,0.0,0.03,0.9941176470588234,0.92,0.0,0.1244858355540781,43.6449123275635,3.68,1.0,0.24,0.4119609089464484,0.3936170212765957,0.6086956521739131,25,300,0.13573290407657623,0.5733333333333334,0.8642671704292297,0.17181716859340668
pure_top_k,1.5,1.0,10,6,0.28,0.12,0.31,0.9690069490739498,0.7186666666666668,0.0,0.4005939700827002,43.630883094465815,14.08,0.92,0.8,0.841699374562113,0.327683615819209,0.6139817629179332,25,300,0.3038405776023865,0.05,0.6961594223976135,0.1507849097251892
pure_top_k,1.5,1.0,10,7,0.08,0.0,0.47,0.933467880329106,0.9894986787446588,0.0049444444444444,0.6198758263885975,43.73936017726344,20.6,0.96,1.0,0.7661017656772104,0.2644320297951583,0.607421875,25,300,0.1397138386964798,0.05333333333333334,0.8602861762046814,0.0769006758928299
pure_top_k,1.5,1.0,10,8,0.06,0.04,0.07,0.9885701357466063,0.12,0.0,0.1504658003989606,43.679238243111705,3.56,0.92,0.16,0.2247195402983889,0.5851063829787234,0.927536231884058,25,300,0.09018988162279129,0.77,0.9098101854324341,0.1696690022945404
pure_top_k,1.5,1.0,10,9,0.0,0.0,0.0,1.0,0.0,0.0,0.0603330432809888,43.785625398613746,1.0,1.0,0.08,0.0,0.04,,25,300,0.050557028502225876,0.52,0.9494429230690002,0.052709344774484634
pure_top_k,1.5,1.0,10,10,1.0,1.0,0.69,0.9578626161571004,1.0,0.0,0.7518288702983409,43.78537798361769,27.0,0.92,1.0,0.671697248338194,0.1855670103092783,0.3944954128440367,25,300,0.09208754450082779,0.32,0.9079123735427856,0.06355535238981247
pure_top_k,1.5,1.0,10,11,0.0,0.0,0.33,0.9800422625190428,0.44,0.0,0.2733312788885086,43.622472009148495,8.24,1.0,0.44,0.5520545524511334,0.1605504587155963,0.310880829015544,25,300,0.26479047536849976,0.43666666666666665,0.7352095246315002,0.2470819354057312
pure_top_k,1.5,1.0,10,12,0.44,0.16,0.48,0.960243400277883,0.9184,0.0,0.6212356238719076,43.78621118547574,16.8,0.84,1.0,0.8837682587004198,0.3556581986143187,0.6421568627450981,25,300,0.24621884524822235,0.0033333333333333335,0.7537811994552612,0.11733965575695038
pure_top_k,1.5,1.0,10,13,0.32,0.0,0.27,0.9827067026540712,0.9573333333333334,0.0,0.2437439995165914,43.813708212423215,8.2,1.0,0.76,0.8317720877944776,0.3365853658536585,0.6111111111111112,25,300,0.20328174531459808,0.03333333333333333,0.7967182397842407,0.095993272960186
pure_top_k,1.5,1.0,10,14,0.5,0.0,0.0,1.0,0.0,0.0,0.0593390813097357,43.811547041113066,1.0,1.0,0.08,0.0,0.04,,25,300,0.05266355350613594,0.5,0.9473364353179932,0.05275154858827591
pure_top_k,1.5,1.0,10,15,0.96,0.92,0.51,0.981156843156843,1.0,0.0,0.5011249213851988,43.69514450993343,16.36,1.0,0.76,0.6792052536792959,0.2396088019559902,0.4661458333333333,25,300,0.16554191708564758,0.17666666666666667,0.8344581127166748,0.08603683859109879
pure_top_k,1.5,1.0,10,16,0.24,0.24,0.46,0.9852380952380952,0.7507692307692309,0.0066666666666666,0.4375136350281536,43.127310331761464,7.32,1.0,0.72,0.6991784192227758,0.1933962264150943,0.2566844919786096,25,300,0.2131022959947586,0.21666666666666667,0.7868976593017578,0.15118536353111267
pure_top_k,1.5,1.0,10,17,0.0,0.0,0.28,0.9814631129104814,1.0,0.0,0.4608082229550927,43.51273851436351,13.08,0.96,0.84,0.5125965341675167,0.1909090909090909,0.3672131147540983,25,300,0.08145420998334885,0.31,0.9185458421707153,0.0724649503827095
pure_top_k,1.5,1.0,10,18,0.68,0.36,0.52,0.9587222288529772,0.9586666666666668,0.0,0.6296987944189459,42.072031064792135,19.84,1.0,1.0,0.8287707230852369,0.3491124260355029,0.6576763485477178,25,300,0.2325286865234375,0.023333333333333334,0.7674713134765625,0.07098811119794846
pure_top_k,1.5,1.0,10,19,0.82,0.8,0.31,0.9942995169082124,0.2,0.0,0.1635023050010204,43.74373045416385,5.28,1.0,0.28,0.3558004515758459,0.4511278195488721,0.7314814814814815,25,300,0.18176071345806122,0.47,0.8182392716407776,0.2155666947364807
pure_top_k,1.5,1.0,10,20,0.6,0.32,0.6,0.94511903963818,0.9986666666666668,0.0,0.5271668726205826,43.77918377278385,18.96,1.0,0.96,0.6734924317892416,0.2421711899791231,0.4625550660792951,25,300,0.12153223901987076,0.03666666666666667,0.8784677386283875,0.0434107705950737
pure_top_k,1.5,1.0,10,21,0.12,0.0,0.48,0.9672609330718864,1.0,0.0,0.632502558361739,43.607489997773165,18.12,0.96,1.0,0.7146846339782508,0.2214912280701754,0.5150812064965197,25,300,0.16745328903198242,0.013333333333333334,0.8325467109680176,0.06166384369134903
pure_top_k,1.5,1.0,10,22,0.28,0.0,0.28,0.9424536316331286,0.995758425772451,0.0,1.0023444546665996,43.18729631386405,28.28,0.4,1.0,0.7300474852006122,0.2527932960893855,0.5296671490593343,25,300,0.1776551604270935,0.0,0.8223448395729065,0.08420060575008392
pure_top_k,1.5,1.0,10,23,0.22,0.0,0.16,0.9928484848484848,1.0,0.0,0.2960615770798177,43.52238078636422,6.84,1.0,1.0,0.9405649974897616,0.559322033898305,0.7368421052631579,25,300,0.45129191875457764,0.0033333333333333335,0.5487080812454224,0.11074157059192657
pure_top_k,1.5,1.0,10,24,0.02,0.0,0.32,0.928351387114086,0.996094276094276,0.0,0.7148153003677726,38.37944629433517,20.0,0.84,1.0,0.8348283284523071,0.3857142857142857,0.7161290322580646,25,300,0.2879467308521271,0.0033333333333333335,0.7120532393455505,0.13287052512168884
pure_top_k,1.5,1.0,10,25,0.68,0.36,0.55,1.0,1.0,0.0,0.2155908781569451,38.082006145216035,4.48,1.0,0.92,0.7539356846856846,0.2410714285714285,0.5517241379310345,25,300,0.16958361864089966,0.03666666666666667,0.8304164409637451,0.06926180422306061
pure_top_k,1.5,1.0,10,26,0.88,0.88,0.75,0.9004037800744037,0.9372279942279944,0.0067208154164675,0.8782419545389711,38.85146232606618,20.88,0.68,0.92,0.7350764391562543,0.2033333333333333,0.4730434782608695,25,300,0.13354754447937012,0.23666666666666666,0.8664524555206299,0.1344427615404129
pure_top_k,1.5,1.0,10,27,0.34,0.0,0.19,0.9966666666666668,0.8,0.0,0.2136394542828201,39.44489719495936,4.8,1.0,0.8,0.8669927654116274,0.3467741935483871,0.5858585858585859,25,300,0.2903203070163727,0.03333333333333333,0.7096796631813049,0.11725952476263046
pure_top_k,1.5,1.0,10,28,0.02,0.0,0.27,0.9133708970767794,1.0,0.0,0.8878626560140401,38.73457496285762,18.4,0.88,1.0,0.778289472112669,0.3305785123966942,0.5098039215686274,25,300,0.3008926510810852,0.023333333333333334,0.6991073489189148,0.1097048670053482
pure_top_k,1.5,1.0,10,29,0.46,0.0,0.23,0.94508570625982,0.9987878787878788,0.0,1.1729249396640808,38.507437760600695,32.44,0.28,1.0,0.8209442678956287,0.291866028708134,0.6202219482120839,25,300,0.2530813217163086,0.01,0.7469186186790466,0.10046809166669846
pure_top_k,1.5,1.0,10,30,0.22,0.0,0.33,1.0,1.0,0.0,0.4589086820557713,39.286920629848105,9.88,1.0,1.0,0.7759483928273491,0.3588709677419355,0.5919282511210763,25,300,0.1894991248846054,0.03666666666666667,0.8105009198188782,0.07826929539442062
pure_top_k,1.5,1.0,10,31,0.16,0.16,0.04,1.0,0.16,0.0,0.0575473016127943,38.92911834794962,1.16,1.0,0.16,0.41,0.1724137931034483,0.25,25,300,0.15020465850830078,0.59,0.8497953414916992,0.18200433254241943
pure_top_k,1.5,1.0,10,32,0.16,0.0,0.55,0.9713823591867068,0.9978947368421052,0.0,0.6499588572699576,37.9092976285244,13.0,0.92,1.0,0.754623419523944,0.3569230769230769,0.6166666666666667,25,300,0.14914055168628693,0.02666666666666667,0.8508594632148743,0.058942921459674835
pure_top_k,1.5,1.0,10,33,0.72,0.44,0.65,0.9622013928100884,1.0,0.0,0.5022817129641771,38.46908882412641,10.12,1.0,0.88,0.5437541383660706,0.2086614173228346,0.3624454148471616,25,300,0.11291122436523438,0.19666666666666666,0.8870888352394104,0.07783642411231995
pure_top_k,1.5,1.0,10,34,0.32,0.28,0.39,0.9972413793103448,0.52,0.0,0.2165328183118254,38.78381936547056,4.88,1.0,0.4,0.7386342867727861,0.4098360655737705,0.5979381443298969,25,300,0.29907703399658203,0.25333333333333335,0.700922966003418,0.1989273726940155
pure_top_k,1.5,1.0,10,35,1.0,1.0,0.5,0.9823373015873016,0.9983333333333334,0.0,0.6000962790753692,38.95020408819692,15.88,1.0,0.64,0.4803238241178989,0.1708542713567839,0.292225201072386,25,300,0.0710543543100357,0.38,0.9289456009864807,0.05231887474656105
pure_top_k,1.5,1.0,10,36,0.22,0.2,0.32,0.9848440834527792,0.9981818181818182,0.0,0.4515096273645758,40.03028090271834,14.16,0.96,0.92,0.5854342556533716,0.1648351648351648,0.3274336283185841,25,300,0.06098005920648575,0.35333333333333333,0.9390199780464172,0.03290216624736786
pure_top_k,1.5,1.0,10,37,0.5,0.0,0.03,0.9750280112044816,1.0,0.0,0.3706092834938317,39.57107471483417,12.36,1.0,0.6,0.535718926377553,0.1826923076923076,0.3170731707317073,25,300,0.1551387459039688,0.32666666666666666,0.8448612093925476,0.16816924512386322
pure_top_k,1.5,1.0,10,38,0.5,0.0,0.43,0.991,0.96,0.0,0.4530798712559044,39.70522787478784,13.8,1.0,0.88,0.7299437676108002,0.3409090909090909,0.5321100917431193,25,300,0.26894330978393555,0.12666666666666668,0.7310567498207092,0.143352210521698
pure_top_k,1.5,1.0,10,39,0.7,0.52,0.52,0.9872934472934474,1.0,0.0,0.5514591894298791,39.782910735403725,16.96,1.0,0.96,0.8015627440169669,0.272300469483568,0.5985037406483791,25,300,0.18274933099746704,0.043333333333333335,0.817250669002533,0.07971664518117905
pure_top_k,1.5,1.0,10,40,0.72,0.48,0.52,0.9591189386894972,0.9944891640866874,0.001081081081081,0.6599165704846383,39.56373240692016,22.28,0.96,1.0,0.8315727644122998,0.3244206773618538,0.6958955223880597,25,300,0.26617109775543213,0.0,0.7338288426399231,0.08017770946025848
pure_top_k,1.5,1.0,10,41,1.0,1.0,0.27,1.0,0.12,0.0,0.0978611674997955,37.87210915574663,1.8,1.0,0.2,0.1969448144448144,0.3478260869565217,0.9523809523809524,25,300,0.08968460559844971,0.45,0.9103154540061951,0.10944043844938278
pure_top_k,1.5,1.0,10,42,0.12,0.12,0.03,1.0,1.0,0.0,0.1106979197077452,38.49764700093811,2.0,1.0,0.08,0.22,0.08,0.08,25,300,0.09912531822919846,0.78,0.9008747339248657,0.18695858120918274
pure_top_k,1.5,1.0,10,43,0.82,0.64,0.5,0.9788982138219166,0.6783333333333335,0.0,0.6050329876039178,38.268645943212746,14.08,0.88,0.76,0.8023178374341727,0.3081232492997199,0.6445783132530121,25,300,0.23539018630981445,0.08666666666666667,0.7646097540855408,0.12575840950012207
pure_top_k,1.5,1.0,10,44,1.0,1.0,0.29,0.9918954248366012,0.1175757575757575,0.00125,0.1549626484606414,39.40015143517148,4.04,1.0,0.2,0.2150165814165814,0.5098039215686274,0.8571428571428571,25,300,0.15317225456237793,0.42,0.8468278050422668,0.2026495486497879
pure_top_k,1.5,1.0,10,45,0.5,0.28,0.44,0.9152916885178882,0.9988571428571428,0.0,0.9863443851750344,37.938989255868115,30.44,0.72,1.0,0.7487456638863783,0.2425421530479896,0.5361930294906166,25,300,0.17488649487495422,0.006666666666666667,0.8251134753227234,0.059977225959300995
pure_top_k,1.5,1.0,10,46,1.0,1.0,0.72,0.9964,1.0,0.0,0.4818865812849253,37.9873792161828,14.72,1.0,0.76,0.387915834237732,0.1379310344827586,0.2159090909090909,25,300,0.08381032198667526,0.34,0.9161895513534546,0.05562456697225571
pure_top_k,1.5,1.0,10,47,0.58,0.2,0.46,0.9454636025194848,0.996037296037296,0.0,0.7505729557480663,37.15423284980059,21.16,0.88,1.0,0.8640627615025571,0.3414634146341463,0.7244094488188977,25,300,0.2796674966812134,0.0,0.7203325629234314,0.08665840327739716
pure_top_k,1.5,1.0,10,48,0.38,0.0,0.06,1.0,1.0,0.0,0.221570621561259,36.66155025088688,3.24,1.0,0.4,0.5615740740740741,0.1358024691358024,0.2142857142857142,25,300,0.14526450634002686,0.27666666666666667,0.8547354936599731,0.114793561398983
pure_top_k,1.5,1.0,10,49,0.12,0.12,0.07,0.988235294117647,0.0775,0.0,0.1112344355788081,37.59081079612045,2.28,1.0,0.2,0.2289473684210526,0.3684210526315789,0.75,25,300,0.1346343755722046,0.4866666666666667,0.8653656244277954,0.19224247336387634
pure_top_k,1.5,1.0,15,0,0.96,0.92,0.67,0.972433958198664,1.0,0.0,0.5221838160604239,43.59425821877091,17.08,0.92,1.0,0.7400918269263859,0.2334096109839817,0.4854368932038835,25,300,0.19384624063968658,0.03,0.8061537742614746,0.07188425958156586
pure_top_k,1.5,1.0,15,1,0.28,0.0,0.25,0.995,1.0,0.0,0.279219977222383,43.804683135490976,8.08,1.0,1.0,0.7670426265694082,0.3316831683168317,0.6214689265536724,25,300,0.13804283738136292,0.07333333333333333,0.8619571924209595,0.062430959194898605
pure_top_k,1.5,1.0,15,2,0.52,0.24,0.36,0.9831457546120388,0.999,0.0,0.4562133067287505,43.66692844119955,15.76,0.92,1.0,0.9374445834870584,0.5063291139240507,0.8324324324324325,25,300,0.40774962306022644,0.0033333333333333335,0.5922503471374512,0.10671298205852509
pure_top_k,1.5,1.0,15,3,0.26,0.16,0.27,0.9630526656006532,1.0,0.0,0.3369808349292725,43.27073432731691,10.84,1.0,0.72,0.7206661652686908,0.293040293040293,0.5725806451612904,25,300,0.2540836036205292,0.14,0.7459163665771484,0.1526680737733841
pure_top_k,1.5,1.0,15,4,0.02,0.0,0.22,0.995,0.52,0.0,0.0838021541479974,43.45852953734746,1.76,1.0,0.32,0.4642857142857143,0.2272727272727272,0.3684210526315789,25,300,0.19545429944992065,0.31333333333333335,0.8045457005500793,0.14303314685821533
pure_top_k,1.5,1.0,15,5,0.0,0.0,0.02,1.0,0.92,0.0,0.088754892759025,43.68399488288389,2.44,1.0,0.2,0.2428888888888889,0.2903225806451613,0.4054054054054054,25,300,0.08678459376096725,0.7,0.9132154583930969,0.14523130655288696
pure_top_k,1.5,1.0,15,6,0.28,0.08,0.28,0.980123973727422,0.7952380952380952,0.0017391304347826,0.4068101701233536,43.74147162652742,12.92,0.92,0.88,0.8222419762924854,0.3213213213213213,0.5616883116883117,25,300,0.3175885081291199,0.043333333333333335,0.6824114918708801,0.14271612465381622
pure_top_k,1.5,1.0,15,7,0.08,0.0,0.45,0.9547794534423116,0.9566666666666666,0.0017391304347826,0.6102246892079711,43.782193411577865,18.84,0.96,1.0,0.8095415111143662,0.2982456140350877,0.6782786885245902,25,300,0.17738524079322815,0.013333333333333334,0.8226147294044495,0.08993897587060928
pure_top_k,1.5,1.0,15,8,0.1,0.04,0.1,0.9893333333333334,0.28,0.0,0.2183986024372279,43.78964687873684,7.0,0.88,0.32,0.4530984152169501,0.5568181818181818,0.8874172185430463,25,300,0.16984771192073822,0.51,0.8301522731781006,0.19562086462974548
pure_top_k,1.5,1.0,15,9,0.0,0.0,0.0,1.0,0.0,0.0,0.0630333984736352,43.79323828858153,1.0,1.0,0.08,0.0,0.04,,25,300,0.04002431407570839,0.62,0.9599756598472595,0.051209788769483566
pure_top_k,1.5,1.0,15,10,0.96,0.92,0.69,0.9568885390086634,1.0,0.0,0.726314262971282,43.794503268696005,26.28,0.96,1.0,0.7132418406089236,0.212443095599393,0.4952681388012618,25,300,0.12967732548713684,0.21333333333333335,0.8703226447105408,0.07934906333684921
pure_top_k,1.5,1.0,15,11,0.0,0.0,0.3,0.976608101340636,0.44,0.0,0.2672242801822722,43.646732584142136,8.2,1.0,0.48,0.5481487087808038,0.1666666666666666,0.2827225130890052,25,300,0.2763507664203644,0.31,0.7236492037773132,0.237136572599411
pure_top_k,1.5,1.0,15,12,0.44,0.12,0.5,0.9797809246309248,0.88,0.0,0.6382137392833829,43.749735918499816,17.4,0.88,1.0,0.8720312323782153,0.378021978021978,0.6534883720930232,25,300,0.26099735498428345,0.006666666666666667,0.7390026450157166,0.13110578060150146
pure_top_k,1.5,1.0,15,13,0.34,0.0,0.3,0.9942857142857144,1.0,0.0,0.271013369243592,43.5368972560852,8.84,1.0,0.96,0.8507817662060796,0.2972972972972973,0.5634517766497462,25,300,0.21553024649620056,0.03333333333333333,0.7844697833061218,0.08494507521390915
pure_top_k,1.5,1.0,15,14,0.5,0.0,0.0,1.0,0.0,0.0,0.0629755169991403,43.82713453231759,1.0,1.0,0.08,0.0,0.04,,25,300,0.04002431780099869,0.62,0.9599756002426147,0.05120979622006416
pure_top_k,1.5,1.0,15,15,0.94,0.88,0.57,0.9664282374799538,0.9969187675070028,0.0,0.6037266963813454,42.46644384914806,18.84,0.96,0.88,0.7537310316883359,0.2552742616033755,0.5211581291759465,25,300,0.17331615090370178,0.056666666666666664,0.8266838192939758,0.06480558961629868
pure_top_k,1.5,1.0,15,16,0.08,0.08,0.31,1.0,1.0,0.0,0.4019700737204402,43.78606530956943,8.32,1.0,0.56,0.4223304495498768,0.1201716738197424,0.1682692307692307,25,300,0.09902430325746536,0.5833333333333334,0.90097576379776,0.11092554032802582
pure_top_k,1.5,1.0,15,17,0.02,0.0,0.3,0.9783244225226322,1.0,0.0,0.5066383955534548,42.70967436490825,14.2,0.96,0.96,0.5601329624991648,0.2493074792243767,0.4375,25,300,0.08655710518360138,0.2,0.9134429097175598,0.04518776014447212
pure_top_k,1.5,1.0,15,18,0.62,0.28,0.47,0.9493448630222824,0.9984615384615384,0.0,0.6480170377809554,43.52830354387328,20.12,0.92,1.0,0.877647505515065,0.3798449612403101,0.7617107942973523,25,300,0.25285762548446655,0.01,0.7471424341201782,0.07363767921924591
pure_top_k,1.5,1.0,15,19,0.84,0.8,0.32,0.9950666666666668,0.2382608695652174,0.0,0.1752503701485693,43.740832620055855,4.84,1.0,0.36,0.4681548382408643,0.6097560975609756,0.9285714285714286,25,300,0.21407145261764526,0.4033333333333333,0.7859285473823547,0.21013092994689941
pure_top_k,1.5,1.0,15,20,0.56,0.4,0.61,0.93544740437441,0.9930819964349376,0.0,0.5149352398328483,43.57375602772871,18.64,0.96,1.0,0.7403944914181415,0.267515923566879,0.5426008968609866,25,300,0.16029952466487885,0.01,0.8397005200386047,0.056175485253334045
pure_top_k,1.5,1.0,15,21,0.14,0.0,0.49,0.966403774656716,1.0,0.0,0.6079919192008674,43.56882002513519,17.16,1.0,1.0,0.7391537733909321,0.2211981566820276,0.5061124694376528,25,300,0.18019747734069824,0.04,0.8198025226593018,0.06278125941753387
pure_top_k,1.5,1.0,15,22,0.3,0.0,0.28,0.9136136946275722,0.9927229918994626,0.0,1.0539625893998892,43.54390585157491,31.12,0.32,1.0,0.7208274228831731,0.2770012706480305,0.5236220472440944,25,300,0.17811642587184906,0.0033333333333333335,0.8218836188316345,0.05328526347875595
pure_top_k,1.5,1.0,15,23,0.18,0.0,0.16,1.0,0.92,0.0,0.2207759380899369,43.71643606888149,3.92,1.0,0.92,0.9302320457320457,0.5045045045045045,0.6162790697674418,25,300,0.4316226840019226,0.02,0.5683773159980774,0.11254087835550308
pure_top_k,1.5,1.0,15,24,0.06,0.0,0.21,0.987218487394958,0.92,0.0,0.4339146913122386,39.43004731384149,9.6,0.96,1.0,0.8774992300289535,0.5177865612648221,0.7368421052631579,25,300,0.37914544343948364,0.0,0.6208545565605164,0.1398124396800995
pure_top_k,1.5,1.0,15,25,0.68,0.36,0.56,0.9781111111111112,0.995,0.0,0.253962229443714,38.79150644445509,5.16,1.0,1.0,0.8175736393236394,0.2727272727272727,0.6728971962616822,25,300,0.19737845659255981,0.006666666666666667,0.8026215434074402,0.08014322817325592
pure_top_k,1.5,1.0,15,26,0.96,0.96,0.78,0.9174441235367088,0.987058858672884,0.0,0.8452581593301147,39.93062588033501,21.32,0.64,1.0,0.7291969874949988,0.2029702970297029,0.487091222030981,25,300,0.10838016867637634,0.22,0.891619861125946,0.06790030002593994
pure_top_k,1.5,1.0,15,27,0.48,0.16,0.19,1.0,0.76,0.0,0.1811404090933501,39.41092297788954,4.0,1.0,0.88,0.927359465397004,0.4554455445544554,0.75,25,300,0.30473634600639343,0.01,0.695263683795929,0.12129906564950943
pure_top_k,1.5,1.0,15,28,0.06,0.0,0.24,0.9169033937510718,1.0,0.0,0.9384501960966736,39.410659027807654,19.4,0.72,1.0,0.8302487940850577,0.3805825242718446,0.6081632653061224,25,300,0.31085750460624695,0.0,0.6891424655914307,0.08658849447965622
pure_top_k,1.5,1.0,15,29,0.38,0.04,0.32,0.9392497039128296,0.9990243902439024,0.0,1.1862394925765694,38.03646533586689,32.76,0.28,1.0,0.8608290061479564,0.3712574850299401,0.7382716049382716,25,300,0.2935927212238312,0.0,0.7064072489738464,0.0865243598818779
pure_top_k,1.5,1.0,15,30,0.14,0.0,0.33,0.986313725490196,0.9971428571428572,0.0,0.5307770009059459,37.68190836644449,10.6,1.0,1.0,0.7060649991478145,0.3558052434456928,0.5537190082644629,25,300,0.18350890278816223,0.09666666666666666,0.8164910674095154,0.09025505930185318
pure_top_k,1.5,1.0,15,31,0.04,0.04,0.01,1.0,0.04,0.0,0.0544763877522199,38.949654115991336,1.04,1.0,0.16,0.2966666666666667,0.1923076923076923,1.0,25,300,0.10286685824394226,0.7033333333333334,0.8971331715583801,0.16100481152534485
pure_top_k,1.5,1.0,15,32,0.24,0.08,0.53,0.9704616755793226,1.0,0.0,0.6859171229973435,38.9791686783616,13.84,0.92,1.0,0.8143320622222162,0.3892045454545454,0.6788990825688074,25,300,0.18080513179302216,0.006666666666666667,0.8191948533058167,0.08300844579935074
pure_top_k,1.5,1.0,15,33,0.66,0.32,0.63,0.965689183365654,0.96,0.0,0.4910170732997357,38.55689685420872,8.92,1.0,1.0,0.6706061241263601,0.3205128205128205,0.4688995215311005,25,300,0.13972127437591553,0.09,0.8602787256240845,0.1070232018828392
pure_top_k,1.5,1.0,15,34,0.22,0.16,0.33,1.0,0.52,0.0,0.1387635436374693,37.78617981643793,2.56,1.0,0.4,0.8392592592592594,0.390625,0.4615384615384615,25,300,0.35265520215034485,0.16333333333333333,0.6473447680473328,0.18457894027233124
pure_top_k,1.5,1.0,15,35,1.0,1.0,0.56,0.9716475058122656,0.9984,0.0,0.6492435934953391,38.6048884737268,17.52,1.0,0.72,0.5140447873094683,0.1347031963470319,0.2397094430992736,25,300,0.060893669724464417,0.36,0.9391063451766968,0.03412945196032524
pure_top_k,1.5,1.0,15,36,0.38,0.36,0.38,0.9737250977855096,1.0,0.0,0.5182470260653644,39.57318517257812,16.12,1.0,0.92,0.645618422387433,0.1899038461538461,0.4271099744245524,25,300,0.07110573351383209,0.2,0.9288942217826843,0.03417059779167175
pure_top_k,1.5,1.0,15,37,0.5,0.0,0.06,0.958824303232999,1.0,0.0,0.4374004557169973,38.25027959351071,13.4,1.0,0.6,0.5263481803391113,0.1976401179941003,0.3439490445859872,25,300,0.13298659026622772,0.2733333333333333,0.8670134544372559,0.13482874631881714
pure_top_k,1.5,1.0,15,38,0.54,0.08,0.45,0.9924296675191816,1.0,0.0,0.4138635255303234,39.722880188674466,13.68,1.0,0.92,0.7246032751573712,0.3162393162393162,0.5153374233128835,25,300,0.24633145332336426,0.06,0.7536685466766357,0.09397339820861816
pure_top_k,1.5,1.0,15,39,0.64,0.4,0.48,0.984866165413534,1.0,0.0,0.5676766907982528,38.835439119690456,16.2,0.96,1.0,0.8273857819520796,0.3154034229828851,0.6432291666666666,25,300,0.19173133373260498,0.03666666666666667,0.8082686066627502,0.07732516527175903
pure_top_k,1.5,1.0,15,40,0.66,0.32,0.42,0.978697940947941,1.0,0.0,0.5943564239889383,38.400092459149846,18.44,0.96,1.0,0.8261152177004872,0.3468950749464668,0.6900452488687783,25,300,0.25074416399002075,0.006666666666666667,0.7492558360099792,0.07636161893606186
pure_top_k,1.5,1.0,15,41,1.0,1.0,0.29,1.0,0.12,0.0,0.1025767904892563,38.18451261978074,2.04,1.0,0.2,0.1798103856927386,0.3461538461538461,0.7407407407407407,25,300,0.09033286571502686,0.42,0.9096671342849731,0.11384651809930801
pure_top_k,1.5,1.0,15,42,0.06,0.04,0.01,1.0,1.0,0.0,0.1073719715513288,38.546780259784946,2.04,1.0,0.16,0.2291666666666666,0.1568627450980392,0.1923076923076923,25,300,0.10156208276748657,0.77,0.8984379172325134,0.18649691343307495
pure_top_k,1.5,1.0,15,43,0.76,0.52,0.4,0.9863034690799396,0.5585185185185185,0.0,0.4178487543016672,38.50473124252597,7.92,1.0,0.64,0.7598062347236444,0.3414634146341463,0.5611111111111111,25,300,0.22777171432971954,0.14333333333333334,0.7722283005714417,0.13617011904716492
pure_top_k,1.5,1.0,15,44,1.0,1.0,0.3,0.9942857142857144,0.24,0.0,0.1829012460447847,38.61488699526853,4.76,1.0,0.32,0.384539806921089,0.4380165289256198,0.71875,25,300,0.21800628304481506,0.27666666666666667,0.7819936871528625,0.2095327377319336
pure_top_k,1.5,1.0,15,45,0.48,0.16,0.43,0.8954121599606372,0.9967788702525544,0.0,1.0853215562645346,39.077641790852965,32.84,0.36,1.0,0.7576915086964057,0.2452380952380952,0.5656441717791411,25,300,0.16339921951293945,0.0,0.8366007208824158,0.05438072234392166
pure_top_k,1.5,1.0,15,46,1.0,1.0,0.7,0.998095238095238,1.0,0.0,0.453684013755992,38.42298439586343,14.6,1.0,0.68,0.3347525533974497,0.1260273972602739,0.1823529411764705,25,300,0.05633595958352089,0.5433333333333333,0.943664014339447,0.04507462680339813
pure_top_k,1.5,1.0,15,47,0.46,0.12,0.45,0.9425366097691495,1.0,0.0,0.729727687947452,38.729373384511426,22.08,0.92,1.0,0.8652645779773398,0.3440860215053763,0.7617260787992496,25,300,0.2439754754304886,0.0,0.7560245394706726,0.07342880964279175
pure_top_k,1.5,1.0,15,48,0.42,0.0,0.04,1.0,0.96,0.0,0.2194964785035699,37.084122330674106,3.12,1.0,0.44,0.7283350168350169,0.2151898734177215,0.2962962962962963,25,300,0.19932608306407928,0.14666666666666667,0.8006739020347595,0.11903364956378937
pure_top_k,1.5,1.0,15,49,0.0,0.0,0.01,1.0,0.04,0.0,0.0773249117657541,38.037513062116254,1.2,1.0,0.12,0.064,0.1666666666666666,1.0,25,300,0.07307983934879303,0.49333333333333335,0.9269201755523682,0.0967152789235115
pure_top_k,1.5,1.0,20,0,0.98,0.96,0.69,0.9785012025012024,1.0,0.0,0.5257149805687368,43.66435515275462,17.64,1.0,1.0,0.765213538189686,0.2505543237250554,0.5446009389671361,25,300,0.20152485370635986,0.006666666666666667,0.7984751462936401,0.0715695172548294
pure_top_k,1.5,1.0,20,1,0.26,0.0,0.24,0.9864339643903538,1.0,0.0,0.3426974453404546,43.74695961953748,10.52,0.96,0.96,0.8438585932585986,0.4135338345864661,0.7925311203319502,25,300,0.20143114030361176,0.013333333333333334,0.7985689043998718,0.0847841203212738
pure_top_k,1.5,1.0,20,2,0.68,0.4,0.43,0.9885616605616606,1.0,0.0,0.4401349624898285,43.80779543249622,14.44,0.96,1.0,0.9293622375503576,0.5013623978201635,0.8596491228070176,25,300,0.4079603850841522,0.0,0.5920395851135254,0.124513179063797
pure_top_k,1.5,1.0,20,3,0.36,0.16,0.27,0.9656168406756644,1.0,0.0,0.432304986892268,43.768385964366246,13.44,0.92,0.92,0.839210669770431,0.3742690058479532,0.7003154574132492,25,300,0.32754114270210266,0.03666666666666667,0.672458827495575,0.12770985066890717
pure_top_k,1.5,1.0,20,4,0.0,0.0,0.25,0.9913636363636364,0.64,0.0,0.0963515623845159,43.55661788712583,2.4,1.0,0.32,0.3861428571428572,0.1666666666666666,0.2857142857142857,25,300,0.15992209315299988,0.3566666666666667,0.8400779366493225,0.12403220683336258
pure_top_k,1.5,1.0,20,5,0.04,0.0,0.05,1.0,0.96,0.0,0.1364530688617378,43.62389080057132,3.8,1.0,0.24,0.3175632569080582,0.3775510204081632,0.547945205479452,25,300,0.09535035490989685,0.6333333333333333,0.9046496748924255,0.14086700975894928
pure_top_k,1.5,1.0,20,6,0.24,0.0,0.35,0.96266093432032,0.8357635467980296,0.0009756097560975,0.593937454270199,43.67025652298782,18.0,0.8,0.92,0.8142017200794665,0.3190578158458244,0.6153846153846154,25,300,0.28366807103157043,0.02,0.716331958770752,0.12378033995628357
pure_top_k,1.5,1.0,20,7,0.06,0.0,0.45,0.932442511278059,0.9925563909774436,0.0025625625625625,0.6962633393984288,43.723995888623634,22.64,0.88,1.0,0.7873532748794361,0.2733446519524618,0.6578014184397163,25,300,0.14962966740131378,0.006666666666666667,0.8503704071044922,0.052908964455127716
pure_top_k,1.5,1.0,20,8,0.2,0.04,0.17,0.9697406851091064,0.32,0.0,0.4057744301017373,43.82645741141177,12.32,0.72,0.4,0.5806758590563345,0.4588607594936709,0.8178694158075601,25,300,0.24145075678825378,0.4,0.7585492730140686,0.21550032496452332
pure_top_k,1.5,1.0,20,9,0.0,0.0,0.02,0.9955555555555556,0.04,0.0,0.0951811600662767,43.73635337992184,2.04,1.0,0.12,0.0766666666666666,0.4705882352941176,1.0,25,300,0.06597578525543213,0.6533333333333333,0.9340242743492126,0.12888067960739136
pure_top_k,1.5,1.0,20,10,0.9,0.84,0.71,0.9428879722279732,1.0,0.0,0.830623831609264,43.379021513232466,28.16,0.8,1.0,0.6905432076058495,0.2136871508379888,0.4500723589001447,25,300,0.11768249422311783,0.25666666666666665,0.8823174834251404,0.07879798859357834
pure_top_k,1.5,1.0,20,11,0.04,0.04,0.28,0.983784446032124,0.28,0.0,0.226860222350806,43.23703716301794,5.64,1.0,0.4,0.4656954256040944,0.18,0.296,25,300,0.24296310544013977,0.47,0.7570369243621826,0.2463315725326538
pure_top_k,1.5,1.0,20,12,0.46,0.2,0.5,0.9781415790518688,0.88,0.0,0.6399600494652986,43.83729732555903,15.36,0.88,1.0,0.8889230639811899,0.3689320388349514,0.6304909560723514,25,300,0.24566113948822021,0.016666666666666666,0.7543388605117798,0.11256740987300873
pure_top_k,1.5,1.0,20,13,0.32,0.0,0.26,0.9855672514619884,0.9955555555555556,0.0,0.2755527754686773,43.69249500232546,8.72,1.0,0.8,0.7929526189696413,0.2968036529680365,0.5103092783505154,25,300,0.20091280341148376,0.04666666666666667,0.7990871667861938,0.1293329894542694
pure_top_k,1.5,1.0,20,14,0.5,0.0,0.0,1.0,0.0,0.0,0.0672158161550759,43.45250598188974,1.0,1.0,0.08,0.0,0.04,,25,300,0.016150163486599922,0.8466666666666667,0.9838497638702393,0.038013678044080734
pure_top_k,1.5,1.0,20,15,0.88,0.76,0.6,0.966788065898296,0.96,0.0,0.6778522704821079,41.75575318103304,19.68,0.96,0.96,0.7621449163839304,0.2394366197183098,0.5233050847457628,25,300,0.18288668990135193,0.03,0.8171132802963257,0.07140713185071945
pure_top_k,1.5,1.0,20,16,0.08,0.04,0.31,0.9866666666666666,0.9085714285714286,0.0092307692307692,0.4437448953650891,42.50041542769276,7.4,1.0,0.68,0.605218063813265,0.1767441860465116,0.2210526315789473,25,300,0.17413336038589478,0.3333333333333333,0.82586669921875,0.13610263168811798
pure_top_k,1.5,1.0,20,17,0.02,0.0,0.33,0.9500036630036628,1.0,0.0,0.5165825903974474,43.66201067374721,16.88,1.0,0.96,0.6451230959372238,0.2836879432624113,0.5251256281407035,25,300,0.12264032661914825,0.09,0.8773596286773682,0.06186499446630478
pure_top_k,1.5,1.0,20,18,0.7,0.4,0.44,0.968530837558888,1.0,0.0,0.5942617127671838,43.066117534201794,19.52,0.88,1.0,0.8611059049570459,0.3734939759036144,0.7061310782241015,25,300,0.27497395873069763,0.006666666666666667,0.7250260710716248,0.09005365520715714
pure_top_k,1.5,1.0,20,19,0.76,0.72,0.3,0.9754720430107529,0.2374193548387096,0.0013333333333333,0.2239075915887952,43.7775536679203,7.48,0.96,0.36,0.4766877601872109,0.4263157894736842,0.7696969696969697,25,300,0.2270541936159134,0.3233333333333333,0.772945761680603,0.21263067424297333
pure_top_k,1.5,1.0,20,20,0.76,0.6,0.68,0.944808297090704,0.9965567765567768,0.0,0.4985102935973555,43.75612389821342,17.44,1.0,1.0,0.7195198308664391,0.2257336343115124,0.4880382775119617,25,300,0.15566231310367584,0.02666666666666667,0.8443376421928406,0.058689963072538376
pure_top_k,1.5,1.0,20,21,0.22,0.0,0.46,0.9515084071390096,0.9975,0.0,0.6488016031589359,43.779090772635115,18.88,0.92,1.0,0.7295698009999468,0.2588726513569937,0.5220264317180616,25,300,0.17348746955394745,0.023333333333333334,0.8265125751495361,0.06115620955824852
pure_top_k,1.5,1.0,20,22,0.36,0.04,0.28,0.9287349578915988,0.995719696969697,0.0,1.0049688752368091,43.633886906798736,28.56,0.36,1.0,0.7426992208263726,0.2614107883817427,0.5214899713467048,25,300,0.17652679979801178,0.0,0.8234732151031494,0.06287465244531631
pure_top_k,1.5,1.0,20,23,0.28,0.0,0.14,0.9918092566619916,0.9986666666666668,0.0,0.2656266505084932,43.807869392365845,6.12,1.0,0.92,0.9518805859708258,0.575,0.7703703703703704,25,300,0.4622383713722229,0.013333333333333334,0.5377616286277771,0.10762845724821091
pure_top_k,1.5,1.0,20,24,0.06,0.0,0.21,0.9784309764309764,0.92,0.0,0.3681872100103646,39.92785547842649,9.44,1.0,0.96,0.8729049852130267,0.463519313304721,0.6346153846153846,25,300,0.381036639213562,0.01,0.6189634203910828,0.15773941576480865
pure_top_k,1.5,1.0,20,25,0.74,0.52,0.59,0.988,1.0,0.0,0.2825105586927384,39.60652216221543,6.4,1.0,1.0,0.7596878861878862,0.3694267515923566,0.6590909090909091,25,300,0.17935587465763092,0.02666666666666667,0.820644199848175,0.09977179765701294
pure_top_k,1.5,1.0,20,26,0.88,0.88,0.57,0.9166295441370697,0.9865650793650796,0.0046866096866096,0.7093359147012234,39.62866314740195,19.2,0.76,0.88,0.6695739621857824,0.1973180076628352,0.4849094567404426,25,300,0.08836495876312256,0.24333333333333335,0.9116349220275879,0.046581484377384186
pure_top_k,1.5,1.0,20,27,0.4,0.04,0.14,0.9973333333333332,0.84,0.0,0.2073038654867559,39.51779536642844,5.92,1.0,0.88,0.8644617044748623,0.2684563758389262,0.4677419354838709,25,300,0.35579898953437805,0.016666666666666666,0.6442010402679443,0.1500924676656723
pure_top_k,1.5,1.0,20,28,0.02,0.0,0.22,0.9274164351021504,1.0,0.0,0.8745019715558737,39.93335295749526,19.16,0.84,1.0,0.8303904853213391,0.3645418326693227,0.5765199161425576,25,300,0.3542904257774353,0.006666666666666667,0.6457095742225647,0.11911581456661224
pure_top_k,1.5,1.0,20,29,0.38,0.0,0.3,0.9552177313224228,0.9588571428571429,0.0,1.2224744341056797,36.84241916295273,30.6,0.2,1.0,0.8462968644316987,0.358974358974359,0.6993377483443709,25,300,0.26850882172584534,0.0,0.731491208076477,0.10037863999605179
pure_top_k,1.5,1.0,20,30,0.16,0.0,0.27,0.9900584795321636,0.9952941176470588,0.0,0.5479202729370445,38.929414664785874,11.72,1.0,1.0,0.8292860616026614,0.466887417218543,0.7003610108303249,25,300,0.23817022144794464,0.01,0.7618297338485718,0.07638169080018997
pure_top_k,1.5,1.0,20,31,0.0,0.0,0.0,1.0,0.04,0.0,0.0644125533290207,35.98230190613599,1.04,1.0,0.16,0.41,0.1923076923076923,1.0,25,300,0.13655158877372742,0.59,0.8634485006332397,0.16691668331623077
pure_top_k,1.5,1.0,20,32,0.22,0.0,0.46,0.98414652014652,1.0,0.0,0.6847275706287473,38.69511724112195,13.44,0.92,1.0,0.8800564255662329,0.4738372093023256,0.7210031347962382,25,300,0.2282055914402008,0.0033333333333333335,0.7717944383621216,0.09511782974004745
pure_top_k,1.5,1.0,20,33,0.66,0.32,0.66,0.9385318903318904,1.0,0.0,0.5753471880406141,38.14778916374193,11.6,0.96,0.96,0.5980416412903997,0.3287671232876712,0.4943820224719101,25,300,0.11598649621009827,0.15,0.8840135931968689,0.06820699572563171
pure_top_k,1.5,1.0,20,34,0.48,0.48,0.55,1.0,0.68,0.0,0.1840594043023884,37.96586334931997,4.68,1.0,0.36,0.7654697679132462,0.282051282051282,0.3369565217391304,25,300,0.32457277178764343,0.23666666666666666,0.6754271984100342,0.21794340014457703
pure_top_k,1.5,1.0,20,35,1.0,1.0,0.49,0.9814402854963497,1.0,0.0,0.608997180853039,38.67328461449866,16.44,1.0,0.6,0.4863949916792633,0.1386861313868613,0.2227979274611398,25,300,0.055516015738248825,0.41333333333333333,0.9444839358329773,0.03788824379444122
pure_top_k,1.5,1.0,20,36,0.44,0.4,0.43,0.9808789859263544,1.0,0.0,0.5175233427807688,40.02659233794368,17.2,0.96,0.96,0.6647031358929474,0.2072892938496583,0.466183574879227,25,300,0.07059333473443985,0.27666666666666667,0.9294067621231079,0.032603271305561066
pure_top_k,1.5,1.0,20,37,0.5,0.0,0.05,0.979639826839827,1.0,0.0,0.3914103972539305,39.24798431546451,12.96,1.0,0.64,0.4537139164826912,0.1743119266055046,0.314569536423841,25,300,0.09677590429782867,0.4266666666666667,0.9032240509986877,0.1084621250629425
pure_top_k,1.5,1.0,20,38,0.54,0.08,0.42,0.9884382284382284,1.0,0.0,0.4611777844000608,39.94513819346202,14.0,0.96,0.88,0.708790084443427,0.2936288088642659,0.4791666666666667,25,300,0.22854410111904144,0.06,0.7714558839797974,0.09018944203853607
pure_top_k,1.5,1.0,20,39,0.72,0.52,0.49,0.9749909659238524,1.0,0.0,0.5593696792330592,39.2141663323971,17.28,0.96,1.0,0.8116621035597689,0.3002309468822171,0.6151960784313726,25,300,0.19315095245838165,0.05,0.8068490028381348,0.09561341255903244
pure_top_k,1.5,1.0,20,40,0.76,0.52,0.54,0.9509715262019046,0.99875,0.0,0.7480890333559365,39.710475805398666,25.24,0.84,1.0,0.8376981702886492,0.3270440251572327,0.6873977086743044,25,300,0.24983027577400208,0.0033333333333333335,0.7501697540283203,0.07402296364307404
pure_top_k,1.5,1.0,20,41,0.98,0.96,0.26,1.0,0.16,0.0,0.1010903103649615,38.830222317453575,1.56,1.0,0.24,0.2392407407407407,0.275,0.6666666666666666,25,300,0.10124802589416504,0.3566666666666667,0.8987519145011902,0.1056320071220398
pure_top_k,1.5,1.0,20,42,0.0,0.0,0.0,1.0,1.0,0.0,0.1126842568814754,38.141815630786105,2.04,1.0,0.16,0.2291666666666666,0.1568627450980392,0.1923076923076923,25,300,0.11871902644634247,0.77,0.8812808990478516,0.21839046478271484
pure_top_k,1.5,1.0,20,43,0.84,0.68,0.57,0.9701712175586416,0.8388235294117646,0.0,0.6246221159957349,38.41042210197848,14.6,0.88,0.84,0.783752883647946,0.2737127371273712,0.6075581395348837,25,300,0.19205161929130554,0.07,0.8079484105110168,0.09589690715074539
pure_top_k,1.5,1.0,20,44,1.0,1.0,0.35,0.9864224334224336,0.2,0.0,0.231722732214257,38.17837289471051,6.48,0.96,0.28,0.3415205164870772,0.3939393939393939,0.6928571428571428,25,300,0.20858049392700195,0.31,0.7914194464683533,0.22025559842586517
pure_top_k,1.5,1.0,20,45,0.44,0.16,0.47,0.918754536676091,0.9978662873399716,0.0,1.0320163676980882,39.0213873332917,30.88,0.6,1.0,0.7618801320282216,0.2613636363636363,0.5984354628422425,25,300,0.1792173832654953,0.0,0.8207826018333435,0.05255521088838577
pure_top_k,1.5,1.0,20,46,1.0,1.0,0.71,0.9947826086956522,0.9981818181818182,0.0,0.4600566574279219,38.44384507860707,14.8,1.0,0.72,0.356397824877519,0.129973474801061,0.1875,25,300,0.06826499849557877,0.44333333333333336,0.9317349195480347,0.049053486436605453
pure_top_k,1.5,1.0,20,47,0.42,0.08,0.42,0.9324715321357616,0.9894343434343434,0.0,0.768885595863685,37.563453738985736,21.12,0.88,1.0,0.8576096637783216,0.332089552238806,0.7084148727984344,25,300,0.2526894807815552,0.006666666666666667,0.7473104596138,0.10725733637809753
pure_top_k,1.5,1.0,20,48,0.4,0.0,0.08,1.0,0.96,0.0,0.275777180287987,36.89672059636403,3.6,1.0,0.48,0.6565537240537241,0.2340425531914893,0.3768115942028985,25,300,0.15765154361724854,0.18,0.8423485159873962,0.10457196086645126
pure_top_k,1.5,1.0,20,49,0.16,0.16,0.07,1.0,0.04,0.0,0.0810970759578048,35.34087615177626,1.16,1.0,0.2,0.2875,0.1724137931034483,1.0,25,300,0.13811028003692627,0.3566666666666667,0.861889660358429,0.15109387040138245
pure_top_k,1.5,1.0,25,0,0.92,0.84,0.65,0.9673585526437188,0.998,0.0,0.5733247300982476,42.58402514079152,15.68,0.88,1.0,0.7931173206475739,0.2809523809523809,0.5316455696202531,25,300,0.20730091631412506,0.01,0.7926990985870361,0.07980607450008392
pure_top_k,1.5,1.0,25,1,0.28,0.0,0.23,0.9866056166056169,0.96,0.0,0.2500147168245166,43.79028910490656,8.04,1.0,0.96,0.8267717074637231,0.4306930693069307,0.7062146892655368,25,300,0.1996961236000061,0.02,0.8003038763999939,0.10790996253490448
pure_top_k,1.5,1.0,25,2,0.6,0.28,0.33,0.9824786324786324,1.0,0.0,0.3145760571211576,43.87416837343771,10.0,1.0,1.0,0.9391066958655524,0.4881889763779528,0.8471615720524017,25,300,0.3975154459476471,0.01,0.6024845242500305,0.12455892562866211
pure_top_k,1.5,1.0,25,3,0.24,0.08,0.23,0.963430044593088,0.9561290322580644,0.0013333333333333,0.3766830267570913,43.64766847088929,12.0,0.96,0.92,0.7851702859556149,0.3256578947368421,0.6057347670250897,25,300,0.3022285997867584,0.03666666666666667,0.697771430015564,0.1377090960741043
pure_top_k,1.5,1.0,25,4,0.0,0.0,0.25,0.995,0.52,0.0,0.085929928254336,43.74927954844767,1.76,1.0,0.16,0.4104761904761905,0.1818181818181818,0.3684210526315789,25,300,0.1494743525981903,0.37333333333333335,0.8505257368087769,0.12017831206321716
pure_top_k,1.5,1.0,25,5,0.1,0.04,0.05,0.9984,0.96,0.0,0.1051021577231585,43.73987627690919,2.92,1.0,0.32,0.4083333333333334,0.4729729729729729,0.6326530612244898,25,300,0.17331141233444214,0.51,0.8266885876655579,0.19458869099617004
pure_top_k,1.5,1.0,25,6,0.3,0.08,0.36,0.9664806567701304,0.7952941176470588,0.0025,0.5517273290175945,43.248098218880486,17.12,0.8,0.84,0.7899088548084522,0.3006833712984054,0.5748792270531401,25,300,0.27093806862831116,0.04,0.729062020778656,0.12552256882190704
pure_top_k,1.5,1.0,25,7,0.0,0.0,0.45,0.9258012645814854,0.9958095238095238,0.0,0.6382078098598868,43.58840012792878,21.44,1.0,1.0,0.7709451263464971,0.2464028776978417,0.591337099811676,25,300,0.15856775641441345,0.03666666666666667,0.8414322137832642,0.07798749953508377
pure_top_k,1.5,1.0,25,8,0.4,0.28,0.33,0.9639667237736472,0.5175,0.0,0.5140081874839961,43.7163458901603,15.44,0.76,0.56,0.7268762902258743,0.369620253164557,0.7135135135135136,25,300,0.3029969334602356,0.22,0.6970030665397644,0.1942201554775238
pure_top_k,1.5,1.0,25,9,0.0,0.0,0.0,1.0,0.0,0.0,0.0600933016650378,43.93070724809614,1.0,1.0,0.08,0.0,0.04,,25,300,0.05055703967809677,0.52,0.9494429230690002,0.05270935967564583
pure_top_k,1.5,1.0,25,10,0.84,0.72,0.65,0.9487914455397392,0.9967460317460318,0.0,0.757507001599297,43.7152335740428,25.68,0.88,1.0,0.7248250316203032,0.2159264931087289,0.4554140127388535,25,300,0.16373884677886963,0.27,0.8362611532211304,0.12898901104927063
pure_top_k,1.5,1.0,25,11,0.02,0.0,0.38,0.974889984979499,0.52,0.0,0.3471860898751766,43.62652627629644,10.8,1.0,0.56,0.6257556267301418,0.1894736842105263,0.3269230769230769,25,300,0.296658456325531,0.30666666666666664,0.703341543674469,0.24375367164611816
pure_top_k,1.5,1.0,25,12,0.28,0.08,0.48,0.9785660431029788,0.96,0.0,0.6578188104368746,43.7806198938494,18.04,0.88,1.0,0.8751109200997181,0.4051172707889126,0.704954954954955,25,300,0.2559005320072174,0.0,0.744099497795105,0.10247867554426193
pure_top_k,1.5,1.0,25,13,0.26,0.0,0.34,0.959955377955378,0.9526666666666668,0.0,0.3522529801912605,42.95481241315035,11.72,1.0,0.96,0.8499478566169995,0.3400673400673401,0.5992647058823529,25,300,0.21747194230556488,0.043333333333333335,0.7825281023979187,0.09049016237258911
pure_top_k,1.5,1.0,25,14,0.52,0.04,0.01,1.0,0.04,0.0,0.0740567064844071,43.74734727732798,1.28,1.0,0.12,0.0711111111111111,0.2727272727272727,1.0,25,300,0.06972303241491318,0.6033333333333334,0.9302769899368286,0.1234707310795784
pure_top_k,1.5,1.0,25,15,0.9,0.8,0.55,0.9664465348025988,1.0,0.0,0.5453553255088628,43.7339220734245,17.2,1.0,0.88,0.7314738640226822,0.2551724137931034,0.5195121951219512,25,300,0.17946921288967133,0.07333333333333333,0.8205308318138123,0.06671520322561264
pure_top_k,1.5,1.0,25,16,0.12,0.12,0.38,1.0,0.88,0.0,0.4078315323963761,43.76057384901642,6.96,1.0,0.72,0.5968914063519327,0.2184466019417475,0.2762430939226519,25,300,0.17220892012119293,0.30333333333333334,0.8277910351753235,0.13431669771671295
pure_top_k,1.5,1.0,25,17,0.0,0.0,0.28,0.9656243054094716,0.9969230769230768,0.0,0.4842754936031997,43.34145522523512,15.4,0.96,0.96,0.5511927685725868,0.2642487046632124,0.5013850415512465,25,300,0.08115284889936447,0.24666666666666667,0.9188471436500549,0.038767408579587936
pure_top_k,1.5,1.0,25,18,0.64,0.28,0.41,0.968811398988465,1.0,0.0,0.6328282813262195,43.3262050551136,17.96,0.88,1.0,0.8894058513206194,0.4017278617710583,0.7328767123287672,25,300,0.28210917115211487,0.0033333333333333335,0.7178907990455627,0.07829141616821289
pure_top_k,1.5,1.0,25,19,0.76,0.76,0.35,0.994345238095238,0.24,0.0,0.2089500642288476,43.65370632073487,5.76,0.96,0.36,0.4747658276945337,0.5405405405405406,0.8130081300813008,25,300,0.23395156860351562,0.29333333333333333,0.7660484910011292,0.2049560695886612
pure_top_k,1.5,1.0,25,20,0.66,0.44,0.6,0.961058623832308,0.99875,0.0,0.5281099654268473,42.56291462769867,17.28,1.0,1.0,0.7495138492506279,0.2879818594104308,0.5480769230769231,25,300,0.159516379237175,0.013333333333333334,0.8404836654663086,0.04533771425485611
pure_top_k,1.5,1.0,25,21,0.18,0.0,0.45,0.9416811821502358,1.0,0.0,0.6191080177947879,42.43945982487694,15.24,0.96,1.0,0.7719244692002574,0.2842639593908629,0.5663956639566395,25,300,0.1838453710079193,0.01,0.8161546587944031,0.07204300910234451
pure_top_k,1.5,1.0,25,22,0.3,0.0,0.29,0.9249989546184176,0.9951866673976206,0.0,1.029794493848458,43.73933073085082,28.24,0.4,1.0,0.7512995512450762,0.2738589211618257,0.5214899713467048,25,300,0.1921076476573944,0.006666666666666667,0.807892382144928,0.08514158427715302
pure_top_k,1.5,1.0,25,23,0.24,0.0,0.13,0.9909730848861285,0.92,0.0,0.2688111672084778,43.45275771755391,6.32,1.0,1.0,0.9473847865779984,0.5153374233128835,0.6666666666666666,25,300,0.4460735023021698,0.0033333333333333335,0.5539264678955078,0.1183575987815857
pure_top_k,1.5,1.0,25,24,0.1,0.0,0.2,0.97863247122424,0.84,0.0,0.4315337687544525,39.650492017439575,11.24,0.92,1.0,0.9027933693867964,0.5126353790613718,0.7738095238095238,25,300,0.38879647850990295,0.0,0.6112034916877747,0.12787720561027527
pure_top_k,1.5,1.0,25,25,0.68,0.44,0.58,1.0,1.0,0.0,0.2469789240788668,39.51774324085879,5.28,1.0,0.96,0.8087967495467495,0.3533834586466165,0.6851851851851852,25,300,0.2031724601984024,0.016666666666666666,0.796827495098114,0.0813969224691391
pure_top_k,1.5,1.0,25,26,0.92,0.92,0.74,0.9218375634330588,0.9486484552484552,0.0019047619047619,0.7907022857200354,39.27252670110031,18.6,0.68,1.0,0.7211399623110879,0.1992551210428305,0.482421875,25,300,0.1164422258734703,0.24666666666666667,0.8835577368736267,0.09733010083436966
pure_top_k,1.5,1.0,25,27,0.3,0.0,0.18,1.0,0.92,0.0,0.2507842685934156,39.60378264607945,7.24,1.0,0.88,0.8463360706219941,0.2099447513812154,0.3782051282051282,25,300,0.3396364748477936,0.03333333333333333,0.6603634357452393,0.1476338505744934
pure_top_k,1.5,1.0,25,28,0.04,0.0,0.23,0.9157423649412096,1.0,0.0,0.8767097476590425,39.26952999846645,18.36,0.84,0.96,0.8138939580488875,0.3353909465020576,0.544468546637744,25,300,0.31529825925827026,0.006666666666666667,0.6847017407417297,0.11112073063850403
pure_top_k,1.5,1.0,25,29,0.48,0.08,0.29,0.9449591345311588,1.0,0.0,1.1743077713623642,37.764036349116985,31.6,0.24,1.0,0.8728952120613278,0.3802469135802469,0.7656050955414013,25,300,0.32121333479881287,0.0,0.6787866353988647,0.10826671123504639
pure_top_k,1.5,1.0,25,30,0.26,0.0,0.32,0.9941666666666664,1.0,0.0,0.5102885834034532,37.967518666870745,10.24,1.0,1.0,0.8509484383629757,0.4600760456273764,0.680672268907563,25,300,0.2729170620441437,0.0033333333333333335,0.7270829081535339,0.09519779682159424
pure_top_k,1.5,1.0,25,31,0.0,0.0,0.0,1.0,0.04,0.0,0.0576402281410991,37.68218507763263,1.04,1.0,0.16,0.23,0.1923076923076923,1.0,25,300,0.07410866767168045,0.77,0.9258913397789001,0.13682249188423157
pure_top_k,1.5,1.0,25,32,0.22,0.08,0.53,0.9777212460741872,0.9978947368421052,0.0,0.7774733305256813,38.20973215397029,15.16,0.88,1.0,0.8337945543235056,0.4623376623376623,0.6972222222222222,25,300,0.17197097837924957,0.0,0.8280290961265564,0.051832105964422226
pure_top_k,1.5,1.0,25,33,0.66,0.32,0.61,0.9559255189255188,1.0,0.0,0.5586754443962128,38.11201224549343,10.64,1.0,1.0,0.6240902629778418,0.2962962962962963,0.4571428571428571,25,300,0.1164039894938469,0.07666666666666666,0.8835960626602173,0.05310825631022453
pure_top_k,1.5,1.0,25,34,0.14,0.12,0.23,1.0,0.4,0.0,0.1271350017841905,39.555359555639534,2.44,1.0,0.48,0.8123529577147999,0.5409836065573771,0.7222222222222222,25,300,0.33278757333755493,0.16666666666666666,0.6672123670578003,0.18143345415592194
pure_top_k,1.5,1.0,25,35,1.0,1.0,0.55,0.9613189618924172,0.9965942028985506,0.0,0.6516065148822964,38.707794633322294,17.56,1.0,0.76,0.558062425508538,0.1340909090909091,0.2481927710843373,25,300,0.08369104564189911,0.28,0.9163089990615845,0.07373353838920593
pure_top_k,1.5,1.0,25,36,0.5,0.4,0.47,0.9631164669516332,0.9933193548387098,0.0026236559139784,0.563588698329404,39.313421561214135,17.8,0.88,0.96,0.6639250697172562,0.1887201735357917,0.4128440366972477,25,300,0.07560571283102036,0.2633333333333333,0.9243942499160767,0.03829410299658775
pure_top_k,1.5,1.0,25,37,0.5,0.0,0.04,0.976456140350877,0.9982608695652172,0.0,0.4178389749955385,38.61688904652371,13.04,1.0,0.76,0.5472441752511059,0.2298507462686567,0.3935483870967742,25,300,0.1539188176393509,0.27666666666666667,0.8460812568664551,0.14479614794254303
pure_top_k,1.5,1.0,25,38,0.54,0.08,0.43,0.993095238095238,1.0,0.0,0.4297375718969852,38.61055911075876,12.96,1.0,0.88,0.7578770317273115,0.3323262839879154,0.5522875816993464,25,300,0.2918162941932678,0.05,0.7081837058067322,0.11039013415575027
pure_top_k,1.5,1.0,25,39,0.74,0.6,0.5,0.9855080884028254,0.99875,0.0,0.5712255537509918,39.659593875612934,16.32,1.0,1.0,0.8411692680213724,0.3495145631067961,0.7054263565891473,25,300,0.2205539494752884,0.03333333333333333,0.7794461250305176,0.10710762441158295
pure_top_k,1.5,1.0,25,40,0.64,0.32,0.48,0.9699267497310976,1.0,0.0,0.7257843454554677,39.700637810020886,22.08,0.84,1.0,0.8549321736124216,0.3774250440917107,0.7324723247232472,25,300,0.2613328695297241,0.0,0.7386670708656311,0.08386393636465073
pure_top_k,1.5,1.0,25,41,1.0,1.0,0.28,1.0,0.16,0.0,0.1006928587518632,37.655650402117566,2.08,1.0,0.24,0.240670083184789,0.4716981132075472,0.9642857142857144,25,300,0.10633018612861633,0.34,0.893669843673706,0.10993082076311111
pure_top_k,1.5,1.0,25,42,0.08,0.04,0.04,0.9973333333333332,1.0,0.0,0.1297747292369603,38.63319186540307,2.56,1.0,0.24,0.312031746031746,0.3125,0.4615384615384615,25,300,0.12208659946918488,0.6333333333333333,0.8779134154319763,0.17936520278453827
pure_top_k,1.5,1.0,25,43,0.86,0.72,0.52,0.9764954756883684,0.6788571428571428,0.0,0.5411610807292163,38.854788702918746,11.2,0.92,0.68,0.7743033154820448,0.3309859154929577,0.5868725868725869,25,300,0.2337600737810135,0.1,0.7662399411201477,0.13268275558948517
pure_top_k,1.5,1.0,25,44,1.0,1.0,0.27,1.0,0.12,0.0,0.112889113696292,37.85115649042603,2.48,1.0,0.2,0.207659420289855,0.365079365079365,0.7105263157894737,25,300,0.14292052388191223,0.37333333333333335,0.8570794463157654,0.17264270782470703
pure_top_k,1.5,1.0,25,45,0.44,0.16,0.42,0.8898263320837403,0.9977777777777778,0.0,1.1139506090898066,39.08638815068378,31.56,0.32,1.0,0.8052270672876339,0.2959309494451295,0.6501272264631043,25,300,0.189673513174057,0.0,0.8103264570236206,0.056821007281541824
pure_top_k,1.5,1.0,25,46,1.0,1.0,0.71,0.9954285714285714,1.0,0.0,0.4413318112120032,38.977322325465146,14.44,1.0,0.68,0.3237649927447421,0.108991825613079,0.1637426900584795,25,300,0.0676308199763298,0.55,0.9323691725730896,0.06317969411611557
pure_top_k,1.5,1.0,25,47,0.48,0.12,0.43,0.9383996520530636,0.9984,0.0,0.7099450641777366,37.27454209169716,21.32,0.92,1.0,0.8453429934209858,0.3414179104477612,0.7671232876712328,25,300,0.2181382179260254,0.0033333333333333335,0.7818617820739746,0.057210322469472885
pure_top_k,1.5,1.0,25,48,0.44,0.0,0.06,1.0,0.96,0.0,0.2198546732030808,38.94515599570984,3.48,1.0,0.56,0.705400432900433,0.1954022988505747,0.3225806451612903,25,300,0.180637389421463,0.14333333333333334,0.8193625807762146,0.0997677817940712
pure_top_k,1.5,1.0,25,49,0.08,0.08,0.03,0.9971428571428572,0.04,0.0,0.0969366162177174,33.508399745306384,1.52,1.0,0.2,0.221025641025641,0.3684210526315789,1.0,25,300,0.11789597570896149,0.39666666666666667,0.8821040987968445,0.13587766885757446
pure_top_k,1.5,1.0,30,0,0.92,0.84,0.6,0.9755181719463588,0.96,0.0,0.511532766437158,43.670160591154655,15.64,0.96,1.0,0.78785353021205,0.2598039215686274,0.5221932114882507,25,300,0.22736772894859314,0.0033333333333333335,0.7726323008537292,0.09466815739870071
pure_top_k,1.5,1.0,30,1,0.28,0.04,0.27,0.990955710955711,0.96,0.0,0.3470440458040684,43.773520255102085,9.48,0.96,0.96,0.8276731826864777,0.4403292181069959,0.7339449541284404,25,300,0.21615204215049744,0.01,0.783847987651825,0.11970127373933792
pure_top_k,1.5,1.0,30,2,0.66,0.4,0.42,0.9902242041372477,1.0,0.0,0.4172309146169573,43.80255549762298,12.64,1.0,1.0,0.9323504990988264,0.5077399380804953,0.8523489932885906,25,300,0.4097999632358551,0.0,0.5902000665664673,0.117610402405262
pure_top_k,1.5,1.0,30,3,0.36,0.16,0.27,0.9737256804315628,1.0,0.0,0.3770220496319234,43.82653080791047,12.72,0.96,0.96,0.8230749504929369,0.3198757763975155,0.6430976430976431,25,300,0.32221660017967224,0.016666666666666666,0.6777834296226501,0.1446039378643036
pure_top_k,1.5,1.0,30,4,0.0,0.0,0.25,0.99,0.6,0.0,0.0925630124285816,43.59549206385257,2.08,1.0,0.24,0.3883333333333333,0.1538461538461538,0.2592592592592592,25,300,0.16036954522132874,0.33666666666666667,0.8396304249763489,0.12250375002622604
pure_top_k,1.5,1.0,30,5,0.0,0.0,0.01,1.0,0.84,0.0,0.0960088187269866,43.7381784867662,2.28,1.0,0.24,0.4147008547008547,0.3278688524590163,0.4444444444444444,25,300,0.14833272993564606,0.58,0.8516673445701599,0.18706998229026794
pure_top_k,1.5,1.0,30,6,0.36,0.2,0.36,0.9713568887253098,0.8,0.0,0.4935774450283497,43.736634004486085,16.8,0.92,0.88,0.8594638398747094,0.3372641509433962,0.656641604010025,25,300,0.33495575189590454,0.023333333333333334,0.6650442481040955,0.13112342357635498
pure_top_k,1.5,1.0,30,7,0.1,0.0,0.44,0.9479177666323446,0.99875,0.0,0.5994681472238154,43.69978281777432,19.88,1.0,1.0,0.7576928233509143,0.2823984526112185,0.6361788617886179,25,300,0.1477518081665039,0.013333333333333334,0.8522482514381409,0.07587361335754395
pure_top_k,1.5,1.0,30,8,0.2,0.16,0.2,0.984411740062594,0.3987878787878787,0.0,0.2931232153158634,43.668422736251905,8.88,0.88,0.44,0.5997534215301662,0.4977777777777777,0.83,25,300,0.2338770478963852,0.35,0.7661229372024536,0.20795881748199463
pure_top_k,1.5,1.0,30,9,0.0,0.0,0.0,1.0,0.0,0.0,0.0646160985156893,43.94856436473842,1.0,1.0,0.08,0.0,0.04,,25,300,0.0294916033744812,0.72,0.9705083966255188,0.047370795160532
pure_top_k,1.5,1.0,30,10,0.68,0.56,0.59,0.9719539562515171,1.0,0.0,0.6598423120938242,43.76277696617924,23.16,0.84,1.0,0.783446753683287,0.2590051457975986,0.5340501792114696,25,300,0.1902790367603302,0.12,0.8097209930419922,0.11656951904296875
pure_top_k,1.5,1.0,30,11,0.0,0.0,0.29,0.9849156072685484,0.44,0.0,0.2571372326463461,42.84290324983775,7.52,1.0,0.4,0.554732321325541,0.17,0.2742857142857143,25,300,0.2604166567325592,0.41,0.7395833134651184,0.23453794419765472
pure_top_k,1.5,1.0,30,12,0.44,0.2,0.51,0.985905787975437,0.96,0.0,0.5845897542964668,43.75721118174429,16.16,0.96,1.0,0.8714026784194906,0.3738095238095238,0.6987341772151898,25,300,0.23865261673927307,0.0,0.7613474726676941,0.080912746489048
pure_top_k,1.5,1.0,30,13,0.34,0.04,0.31,0.9852592592592592,0.96,0.0,0.3562706195097416,43.67737397685737,10.88,1.0,1.0,0.841395294472804,0.2934782608695652,0.5537848605577689,25,300,0.2236219346523285,0.02666666666666667,0.7763780951499939,0.09866014868021011
pure_top_k,1.5,1.0,30,14,0.5,0.0,0.0,1.0,0.0,0.0,0.0640290662739425,43.725136134083066,1.0,1.0,0.08,0.0,0.04,,25,300,0.03510903939604759,0.6666666666666666,0.9648909568786621,0.04973464086651802
pure_top_k,1.5,1.0,30,15,0.92,0.84,0.49,0.9716490796859624,1.0,0.0,0.4988553597033023,43.27795321731324,16.12,1.0,0.76,0.7377061557680163,0.2678132678132678,0.5340314136125655,25,300,0.18679992854595184,0.12333333333333334,0.813200056552887,0.07984369248151779
pure_top_k,1.5,1.0,30,16,0.02,0.0,0.33,0.9966666666666666,0.8,0.0,0.4282093312125653,41.798080376388135,7.08,0.96,0.64,0.5407861454993808,0.1601941747572815,0.2044198895027624,25,300,0.1549614518880844,0.4633333333333333,0.8450385332107544,0.1554764062166214
pure_top_k,1.5,1.0,30,17,0.0,0.0,0.32,0.9793617804101044,0.9978378378378376,0.0,0.4523822453897446,43.641091886151635,14.08,0.96,0.88,0.5152413878454319,0.2215909090909091,0.4097859327217125,25,300,0.06654743105173111,0.2833333333333333,0.9334526658058167,0.029575565829873085
pure_top_k,1.5,1.0,30,18,0.7,0.44,0.41,0.9575276393749632,0.9588235294117646,0.0,0.5702748042438179,43.44915389142941,18.88,0.92,1.0,0.8716135218475817,0.3670103092783505,0.7152173913043478,25,300,0.29151636362075806,0.02,0.7084836959838867,0.10572019964456558
pure_top_k,1.5,1.0,30,19,0.8,0.8,0.29,0.995959595959596,0.2,0.0,0.1801501329708843,43.71837141213192,4.76,0.96,0.36,0.4197467070542013,0.5609756097560976,0.8775510204081632,25,300,0.21208813786506653,0.29333333333333333,0.7879118919372559,0.19694581627845764
pure_top_k,1.5,1.0,30,20,0.58,0.32,0.6,0.9340020536629232,0.9882034632034632,0.0057142857142857,0.5163026516046375,43.77502681027911,17.44,0.96,0.96,0.6919658118321106,0.2477477477477477,0.5107398568019093,25,300,0.15795373916625977,0.023333333333333334,0.8420462608337402,0.05504302680492401
pure_top_k,1.5,1.0,30,21,0.2,0.0,0.41,0.9661759074855848,0.96,0.0,0.6430626734998077,43.6778548571926,15.96,0.96,1.0,0.8073544483669954,0.3017031630170316,0.5803108808290155,25,300,0.22271011769771576,0.013333333333333334,0.7772899270057678,0.08864383399486542
pure_top_k,1.5,1.0,30,22,0.26,0.0,0.27,0.9276308336330584,0.9961666666666668,0.0,1.0274185799062252,43.18123779073824,29.32,0.4,1.0,0.7561611986241301,0.2897574123989218,0.5523012552301255,25,300,0.1855858415365219,0.006666666666666667,0.8144140839576721,0.07053228467702866
pure_top_k,1.5,1.0,30,23,0.26,0.0,0.12,1.0,0.88,0.0,0.2135120164602994,43.705403792503105,4.2,1.0,0.92,0.9496712192799148,0.5727272727272728,0.6352941176470588,25,300,0.46898987889289856,0.02,0.5310101509094238,0.11611789464950562
pure_top_k,1.5,1.0,30,24,0.14,0.0,0.25,0.9787053830227742,0.9563636363636364,0.0019047619047619,0.4829383660852909,39.26461870691021,12.0,0.96,1.0,0.9064125573514672,0.4782608695652174,0.7883211678832117,25,300,0.37607935070991516,0.0,0.6239206194877625,0.14082026481628418
pure_top_k,1.5,1.0,30,25,0.8,0.6,0.64,1.0,1.0,0.0,0.2142425961792469,39.8403907436575,4.76,1.0,0.96,0.7686380193880195,0.2857142857142857,0.6170212765957447,25,300,0.17713968455791473,0.013333333333333334,0.8228603601455688,0.07214406132698059
pure_top_k,1.5,1.0,30,26,0.96,0.96,0.69,0.9263851287920256,0.9420171080515908,0.0047384615384615,0.8366815899312496,39.796718197942965,19.24,0.52,0.92,0.7025404807612105,0.184070796460177,0.4407407407407407,25,300,0.11844006925821304,0.27666666666666667,0.8815599679946899,0.13262170553207397
pure_top_k,1.5,1.0,30,27,0.34,0.08,0.28,0.9942857142857144,0.916923076923077,0.0,0.2176847694534808,39.46354334882276,5.4,1.0,0.96,0.8377426754886876,0.2794117647058823,0.5585585585585585,25,300,0.29398491978645325,0.016666666666666666,0.7060150504112244,0.12127174437046051
pure_top_k,1.5,1.0,30,28,0.06,0.0,0.19,0.9133961778181168,0.9969714285714286,0.0,0.9644894589670002,39.70524513778853,21.48,0.72,1.0,0.8702565038694438,0.413854351687389,0.6561338289962825,25,300,0.3687626123428345,0.0,0.6312373876571655,0.10756286978721619
pure_top_k,1.5,1.0,30,29,0.4,0.0,0.25,0.9500277958611134,1.0,0.0,1.1055646687746048,38.59733170618572,30.28,0.36,1.0,0.8625121506310012,0.3764404609475032,0.6970899470899471,25,300,0.2595461308956146,0.0,0.740453839302063,0.08701635152101517
pure_top_k,1.5,1.0,30,30,0.3,0.0,0.23,0.992,0.9955555555555556,0.0,0.4566492777597159,38.481133652597535,8.76,1.0,1.0,0.8609130112049964,0.4801762114537445,0.693069306930693,25,300,0.2565901279449463,0.0033333333333333335,0.7434099316596985,0.08798503875732422
pure_top_k,1.5,1.0,30,31,0.0,0.0,0.0,1.0,0.08,0.0,0.0620015444792806,37.61993964922787,1.08,1.0,0.12,0.4533333333333333,0.1481481481481481,0.5,25,300,0.1462361365556717,0.5466666666666666,0.8537638187408447,0.16270332038402557
pure_top_k,1.5,1.0,30,32,0.28,0.0,0.41,0.9855137844611528,1.0,0.0,0.6470327986497432,38.23324270494728,12.12,0.88,1.0,0.8589456301492373,0.483974358974359,0.7317073170731707,25,300,0.2139851152896881,0.0033333333333333335,0.7860149145126343,0.09838538616895676
pure_top_k,1.5,1.0,30,33,0.64,0.28,0.7,0.9607245564892624,0.9987878787878788,0.0,0.5423158101271838,38.19427015473003,11.0,0.96,0.96,0.6045527156048102,0.3104693140794224,0.4880952380952381,25,300,0.11294011771678925,0.17666666666666667,0.8870599269866943,0.07393849641084671
pure_top_k,1.5,1.0,30,34,0.54,0.48,0.54,1.0,0.84,0.0,0.2483103946596384,37.52681108144759,6.0,1.0,0.48,0.8396638524181653,0.34,0.432,25,300,0.3581874966621399,0.14,0.6418124437332153,0.21100443601608276
pure_top_k,1.5,1.0,30,35,1.0,1.0,0.47,0.9746208924069704,1.0,0.0,0.6043054626695812,38.14964826589824,15.8,1.0,0.56,0.4501362520030623,0.1287878787878787,0.2398921832884097,25,300,0.05782252177596092,0.37333333333333335,0.9421775341033936,0.04104585945606232
pure_top_k,1.5,1.0,30,36,0.56,0.48,0.4,0.9654136842074224,0.9958571428571428,0.0,0.5257712733186781,39.69145972674269,16.76,0.96,1.0,0.6945459787326554,0.2069767441860465,0.5061728395061729,25,300,0.08700758963823318,0.18333333333333332,0.9129924774169922,0.041955653578042984
pure_top_k,1.5,1.0,30,37,0.5,0.0,0.02,0.990752688172043,1.0,0.0,0.3811754273157566,39.69911558350056,12.6,1.0,0.56,0.4831738117914779,0.2232704402515723,0.3651877133105802,25,300,0.15950912237167358,0.44666666666666666,0.8404908180236816,0.1660408079624176
pure_top_k,1.5,1.0,30,38,0.5,0.0,0.36,0.9837320587642197,1.0,0.0,0.5097445882856846,39.15769579877861,15.76,1.0,1.0,0.7935469633362224,0.3886138613861386,0.6147757255936676,25,300,0.3089433014392853,0.013333333333333334,0.6910566687583923,0.11028983443975449
pure_top_k,1.5,1.0,30,39,0.64,0.44,0.47,0.9736548058657593,0.98875,0.0103225806451612,0.604689827663824,39.332029374154374,17.36,0.84,1.0,0.8091755199165142,0.2993197278911564,0.6298076923076923,25,300,0.21720606088638306,0.03,0.7827939391136169,0.08821701258420944
pure_top_k,1.5,1.0,30,40,0.68,0.4,0.53,0.9532820666576218,0.9989473684210526,0.0,0.7328540197666734,39.447605459925896,24.08,0.88,1.0,0.8554393796542962,0.3474714518760196,0.7312925170068028,25,300,0.2759433090686798,0.0,0.7240567207336426,0.07779942452907562
pure_top_k,1.5,1.0,30,41,0.98,0.96,0.25,1.0,0.12,0.0,0.0901499538403004,39.48484298195023,1.68,1.0,0.2,0.1906324786324786,0.3023255813953488,0.7777777777777778,25,300,0.10332301259040833,0.37,0.8966770172119141,0.11763778328895569
pure_top_k,1.5,1.0,30,42,0.06,0.0,0.0,0.9942857142857144,1.0,0.0,0.1111206141952425,38.49679256838718,2.2,1.0,0.16,0.2055555555555555,0.1818181818181818,0.2666666666666666,25,300,0.0888693779706955,0.77,0.9111306667327881,0.1728736162185669
pure_top_k,1.5,1.0,30,43,0.82,0.64,0.54,0.9651677914914184,0.7965151515151514,0.0,0.5590063974540681,39.13280127510489,12.52,0.92,0.88,0.8192115345622623,0.3123028391167192,0.5856164383561644,25,300,0.2494698017835617,0.023333333333333334,0.7505301833152771,0.12255996465682983
pure_top_k,1.5,1.0,30,44,1.0,1.0,0.3,0.9883174603174604,0.2,0.0,0.150453234007582,38.93527582412462,4.04,1.0,0.28,0.3319571268107955,0.4215686274509804,0.7662337662337663,25,300,0.19142240285873413,0.3566666666666667,0.8085775971412659,0.20661835372447968
pure_top_k,1.5,1.0,30,45,0.38,0.16,0.44,0.8944869184054993,0.9978947368421052,0.0,1.1564403392188252,39.0979125781184,34.72,0.36,1.0,0.7438662773075487,0.2415730337078651,0.5549132947976878,25,300,0.16023702919483185,0.0033333333333333335,0.8397629857063293,0.055995069444179535
pure_top_k,1.5,1.0,30,46,1.0,1.0,0.7,0.9966666666666666,1.0,0.0,0.4370262296870351,39.061299966869726,13.76,1.0,0.88,0.3783346958339218,0.1048158640226629,0.1585365853658536,25,300,0.06744014471769333,0.38,0.9325597882270813,0.0382811464369297
pure_top_k,1.5,1.0,30,47,0.46,0.12,0.43,0.9658184720629928,1.0,0.0,0.7471189593151212,38.707432232047566,21.8,0.84,1.0,0.8506549077723787,0.3641304347826087,0.7628083491461101,25,300,0.2106921523809433,0.0,0.7893078327178955,0.07650107890367508
pure_top_k,1.5,1.0,30,48,0.4,0.0,0.06,1.0,1.0,0.0,0.2289985654875636,38.24796601616746,3.64,1.0,0.56,0.6838869833869834,0.2934782608695652,0.4328358208955223,25,300,0.178737074136734,0.16666666666666666,0.8212628960609436,0.11854957044124603
pure_top_k,1.5,1.0,30,49,0.12,0.12,0.04,0.996,0.04,0.0,0.092034716643393,36.99905386188723,1.36,1.0,0.2,0.286,0.2777777777777778,0.9090909090909092,25,300,0.1364438682794571,0.4033333333333333,0.8635560870170593,0.1540714055299759
pure_top_p,0.1,0.6,0,0,1.0,1.0,0.5,1.0,1.0,0.0,0.4160942696593702,43.26167462437781,14.0,1.0,0.04,0.0,0.04,0.04,25,300,0.0,1.0,1.0,0.0
pure_top_p,0.1,0.6,0,1,0.0,0.0,0.25,1.0,1.0,0.0,0.1841040986124425,43.45392329817909,6.0,1.0,0.08,0.1666666666666667,0.04,0.048,25,300,0.007346840109676123,1.0,0.9926530718803406,0.007359115406870842
pure_top_p,0.1,0.6,0,2,0.5,0.0,0.25,1.0,1.0,0.0,0.2754346297495067,43.56769224594272,9.0,1.0,0.04,0.0,0.04,0.04,25,300,1.4305114426349519e-08,1.0,1.0,5.066072361614715e-08
pure_top_p,0.1,0.6,0,3,0.0,0.0,0.25,1.0,1.0,0.0,0.1847316211927681,43.309889871323634,6.0,1.0,0.04,0.0,0.04,0.04,25,300,0.0,1.0,1.0,0.0
pure_top_p,0.1,0.6,0,4,0.0,0.0,0.25,1.0,1.0,0.0,0.0919092412758618,43.521275328404656,2.0,1.0,0.04,0.0,0.04,0.04,25,300,9.536743306171047e-08,1.0,1.0,1.1699592761260647e-07
pure_top_p,0.1,0.6,0,5,0.0,0.0,0.0,1.0,1.0,0.0,0.0689905303623526,43.48429939693463,2.0,1.0,0.04,0.0,0.04,0.04,25,300,1.9073486612342094e-07,1.0,0.9999998211860657,1.3562194567384722e-07
pure_top_p,0.1,0.6,0,6,0.98,0.96,0.74,0.9583333333333331,1.0,0.0,0.6214577473513782,43.447186319223995,24.0,1.0,0.04,0.0,0.0366666666666666,0.04,25,300,0.0,1.0,1.0,0.0
pure_top_p,0.1,0.6,0,7,0.0,0.0,0.46,0.9771428571428572,1.0,0.0,0.5209025487583131,43.354630209118625,15.6,1.0,0.12,0.3400828157349896,0.0533642691415313,0.0738916256157635,25,300,0.02342696115374565,1.0,0.9765730500221252,0.01955294981598854
pure_top_p,0.1,0.6,0,8,0.0,0.0,0.0,1.0,0.0,0.0,0.0459834820311516,43.49553127674235,1.0,1.0,0.04,0.0,0.04,,25,300,3.099441414633475e-08,1.0,1.0,5.970423444523476e-08
pure_top_p,0.1,0.6,0,9,0.0,0.0,0.0,1.0,0.0,0.0,0.0690829618740826,43.42985786003757,1.0,1.0,0.04,0.0,0.04,,25,300,0.0,1.0,1.0,0.0
pure_top_p,0.1,0.6,0,10,1.0,1.0,0.75,0.9615384615384616,1.0,0.0,0.7177187775820494,43.20253409491219,26.0,1.0,0.04,0.0,0.0384615384615384,0.04,25,300,0.0,1.0,1.0,0.0
pure_top_p,0.1,0.6,0,11,0.0,0.0,0.25,1.0,0.0,0.0,0.0691079304181039,43.41387981718152,1.0,1.0,0.04,0.0,0.04,,25,300,7.629394360719743e-08,1.0,1.0,9.552677227020467e-08
pure_top_p,0.1,0.6,0,12,0.5,0.0,0.5,1.0,1.0,0.0,0.4132140694092959,43.561012241231744,13.0,1.0,0.04,0.0,0.04,0.04,25,300,2.384185791015625e-07,1.0,0.9999998211860657,1.7262681240026723e-07
pure_top_p,0.1,0.6,0,13,0.5,0.0,0.25,1.0,1.0,0.0,0.1381684268359094,43.425703931931615,4.0,1.0,0.04,0.0,0.04,0.04,25,300,8.106231774718253e-08,1.0,1.0,9.70078986028966e-08
pure_top_p,0.1,0.6,0,14,0.5,0.0,0.0,1.0,0.0,0.0,0.06909845626913,43.41743933768694,1.0,1.0,0.04,0.0,0.04,,25,300,0.0,1.0,1.0,0.0
pure_top_p,0.1,0.6,0,15,1.0,1.0,0.25,1.0,1.0,0.0,0.1840455217659472,43.46798741684741,6.0,1.0,0.04,0.0,0.04,0.04,25,300,2.3841858265427618e-08,1.0,1.0,8.443453936024525e-08
pure_top_p,0.1,0.6,0,16,0.0,0.0,0.25,1.0,1.0,0.0,0.399966087192297,42.528995443345885,8.0,1.0,0.04,0.0,0.04,0.04,25,300,1.0490417423625331e-07,1.0,1.0,1.3925300379469263e-07
pure_top_p,0.1,0.6,0,17,0.0,0.0,0.25,1.0,1.0,0.0,0.5058549761027098,43.49094894398265,18.0,1.0,0.04,0.0,0.0377777777777777,0.04,25,300,4.2915345943583816e-08,1.0,1.0,5.066072361614715e-08
pure_top_p,0.1,0.6,0,18,1.0,1.0,0.75,0.8249999999999998,1.0,0.0,1.1070252454373986,43.36239390468855,40.0,0.0,0.04,0.0,0.033,0.04,25,300,0.0,1.0,1.0,0.0
pure_top_p,0.1,0.6,0,19,1.0,1.0,0.25,1.0,0.0,0.0,0.046003448953852,43.48059256933597,1.0,1.0,0.04,0.0,0.04,,25,300,0.0,1.0,1.0,0.0
pure_top_p,0.1,0.6,0,20,0.5,0.0,0.5,1.0,1.0,0.0,0.2985196729376912,43.54840088919592,11.0,1.0,0.08,0.1283333333333333,0.0436363636363636,0.056,25,300,0.011333821341395378,1.0,0.9886661767959595,0.011053924448788166
pure_top_p,0.1,0.6,0,21,0.0,0.0,0.27,1.0,1.0,0.0,0.5282499587535858,43.54049484492566,14.0,1.0,0.04,0.0,0.04,0.04,25,300,0.0,1.0,1.0,0.0
pure_top_p,0.1,0.6,0,22,0.5,0.0,0.25,0.9032258064516128,1.0,0.0,1.111811257218942,43.183473589768454,31.0,0.0,0.04,0.0,0.0348387096774193,0.04,25,300,0.0,1.0,1.0,0.0
pure_top_p,0.1,0.6,0,23,0.5,0.0,0.25,1.0,1.0,0.0,0.1606967255100607,43.56095618574243,3.0,1.0,0.04,0.0,0.04,0.04,25,300,0.0,1.0,1.0,0.0
pure_top_p,0.1,0.6,0,24,0.0,0.0,0.5,0.8648648648648648,1.0,0.0,1.1036682836152614,43.491455889995585,37.0,0.0,0.04,0.0,0.0344444444444444,0.04,25,300,9.53674295089968e-09,1.0,1.0,3.37738157440981e-08
pure_top_p,0.1,0.6,0,25,1.0,1.0,0.75,1.0,1.0,0.0,0.2294380313623696,39.24706261755488,5.0,1.0,0.04,0.0,0.04,0.04,25,300,0.0,1.0,1.0,0.0
pure_top_p,0.1,0.6,0,26,1.0,1.0,0.87,0.8909523809523808,0.9815384615384616,0.0,1.2257903844024989,39.17260057815931,27.52,0.0,0.08,0.2166666666666666,0.0436363636363636,0.0525,25,300,0.010369456373155117,1.0,0.9896305203437805,0.009979297406971455
pure_top_p,0.1,0.6,0,27,0.0,0.0,0.25,1.0,1.0,0.0,0.2040472413878887,39.22380850722791,5.0,1.0,0.04,0.0,0.04,0.04,25,300,0.0,1.0,1.0,0.0
pure_top_p,0.1,0.6,0,28,0.0,0.0,0.25,0.8888888888888888,1.0,0.0,0.9895653171744198,39.427174940816954,18.0,1.0,0.04,0.0,0.0342857142857142,0.04,25,300,0.0,1.0,1.0,0.0
pure_top_p,0.1,0.6,0,29,0.5,0.0,0.25,0.972972972972973,1.0,0.0,1.2313099968992174,39.01449408613838,37.0,0.0,0.04,0.0,0.0389189189189189,0.04,25,300,7.629394360719743e-08,1.0,1.0,9.552677227020467e-08
pure_top_p,0.1,0.6,0,30,0.0,0.0,0.25,1.0,1.0,0.0,0.3451826453860849,38.0639853688156,7.0,1.0,0.04,0.0,0.04,0.04,25,300,1.6212463549436507e-07,1.0,0.9999998807907104,1.1453258252913656e-07
pure_top_p,0.1,0.6,0,31,0.0,0.0,0.0,1.0,0.0,0.0,0.0513056902401148,39.06777255936272,1.0,1.0,0.04,0.0,0.04,,25,300,1.4305114426349519e-08,1.0,1.0,5.066072361614715e-08
pure_top_p,0.1,0.6,0,32,0.0,0.0,0.5,1.0,1.0,0.0,0.4965100645646453,38.330180064118935,10.0,1.0,0.04,0.0,0.04,0.04,25,300,0.0,1.0,1.0,0.0
pure_top_p,0.1,0.6,0,33,0.5,0.0,0.75,1.0,1.0,0.0,0.4142067686002701,36.43029627723976,8.0,1.0,0.04,0.0,0.04,0.04,25,300,0.0,1.0,1.0,0.0
pure_top_p,0.1,0.6,0,34,0.0,0.0,0.25,1.0,0.0,0.0,0.1051839867979287,38.20360989752843,1.0,1.0,0.04,0.0,0.04,,25,300,0.0,1.0,1.0,0.0
pure_top_p,0.1,0.6,0,35,1.0,1.0,0.25,1.0,1.0,0.0,0.4671390888001769,38.60134851045625,11.0,1.0,0.04,0.0,0.04,0.04,25,300,9.536743306171047e-08,1.0,1.0,1.1699592761260647e-07
pure_top_p,0.1,0.6,0,36,1.0,1.0,0.25,1.0,1.0,0.0,0.3535781545843929,39.60795011874835,12.0,1.0,0.04,0.0,0.04,0.04,25,300,0.0,1.0,1.0,0.0
pure_top_p,0.1,0.6,0,37,0.5,0.0,0.0,1.0,1.0,0.0,0.3322282219026238,39.161037909640505,11.0,1.0,0.04,0.0,0.04,0.04,25,300,1.668930060816365e-08,1.0,1.0,3.1592509941447133e-08
pure_top_p,0.1,0.6,0,38,0.5,0.0,0.5,1.0,1.0,0.0,0.4216607091296464,37.98633937559975,14.0,1.0,0.04,0.0,0.04,0.04,25,300,2.1457672971791908e-08,1.0,1.0,3.582254137768359e-08
pure_top_p,0.1,0.6,0,39,1.0,1.0,0.25,1.0,1.0,0.0,0.281328478725627,39.11872124648693,8.0,1.0,0.04,0.0,0.04,0.04,25,300,4.7683716530855236e-08,1.0,1.0,5.849796380630323e-08
pure_top_p,0.1,0.6,0,40,0.5,0.0,0.25,0.9333333333333332,1.0,0.0,0.4451813446637243,38.22445973710358,15.0,1.0,0.04,0.0,0.0373333333333333,0.04,25,300,0.0,1.0,1.0,0.0
pure_top_p,0.1,0.6,0,41,1.0,1.0,0.25,1.0,0.0,0.0,0.0792983550764619,38.14430388114858,1.0,1.0,0.04,0.0,0.04,,25,300,8.583069188716763e-08,1.0,1.0,1.013214472322943e-07
pure_top_p,0.1,0.6,0,42,0.0,0.0,0.0,1.0,1.0,0.0,0.1072688242327421,37.41384218628916,2.0,1.0,0.04,0.0,0.04,0.04,25,300,3.814697180359872e-08,1.0,1.0,4.776338613510234e-08
pure_top_p,0.1,0.6,0,43,1.0,1.0,0.75,1.0,1.0,0.0,0.4429240883607417,38.46272586020712,9.0,1.0,0.04,0.0,0.04,0.04,25,300,1.9073486612342094e-07,1.0,0.9999998211860657,1.3562194567384722e-07
pure_top_p,0.1,0.6,0,44,1.0,1.0,0.25,1.0,0.0,0.0,0.0510919628012924,39.28406495431393,1.0,1.0,0.04,0.0,0.04,,25,300,0.0,1.0,1.0,0.0
pure_top_p,0.1,0.6,0,45,0.0,0.0,0.25,0.9565217391304348,1.0,0.0,0.793721363125369,37.84366072534706,23.0,1.0,0.04,0.0,0.0383333333333333,0.04,25,300,4.76837147544984e-09,1.0,1.0,1.688690787204905e-08
pure_top_p,0.1,0.6,0,46,1.0,1.0,0.75,1.0,1.0,0.0,0.4129131216648966,38.808578421816414,14.0,1.0,0.04,0.0,0.04,0.04,25,300,0.0,1.0,1.0,0.0
pure_top_p,0.1,0.6,0,47,0.78,0.56,0.64,0.9349122807017544,1.0,0.0,0.9666583358962088,36.83356644128375,29.64,1.0,0.12,0.4229658605974395,0.0634278002699055,0.0893854748603352,25,300,0.0948013961315155,0.33666666666666667,0.9051985740661621,0.07388269156217575
pure_top_p,0.1,0.6,0,48,0.5,0.0,0.0,1.0,1.0,0.0,0.1365544064529239,36.827444452359686,2.0,1.0,0.04,0.0,0.04,0.04,25,300,9.298324243900424e-08,1.0,1.0,1.0061536670491478e-07
pure_top_p,0.1,0.6,0,49,0.0,0.0,0.0,1.0,0.0,0.0,0.076883231466636,39.067578927517594,1.0,1.0,0.04,0.0,0.04,,25,300,0.0,1.0,1.0,0.0
pure_top_p,0.1,0.8,0,0,1.0,1.0,0.5,1.0,1.0,0.0,0.4131609329301864,43.56673590270166,14.0,1.0,0.04,0.0,0.04,0.04,25,300,0.0,1.0,1.0,0.0
pure_top_p,0.1,0.8,0,1,0.0,0.0,0.25,1.0,1.0,0.0,0.1839432284049689,43.49185430659108,6.0,1.0,0.08,0.1666666666666667,0.04,0.048,25,300,0.007346840109676123,1.0,0.9926531910896301,0.007359115872532129
pure_top_p,0.1,0.8,0,2,0.5,0.0,0.25,1.0,1.0,0.0,0.2789400400593876,43.04775580916112,9.0,1.0,0.04,0.0,0.04,0.04,25,300,1.4305114426349519e-08,1.0,1.0,5.066072361614715e-08
pure_top_p,0.1,0.8,0,3,0.0,0.0,0.25,1.0,1.0,0.0,0.1854119085334241,43.159481344898985,6.0,1.0,0.08,0.1085714285714285,0.0466666666666666,0.056,25,300,0.0017227656207978725,1.0,0.9982771873474121,0.0022042139898985624
pure_top_p,0.1,0.8,0,4,0.0,0.0,0.25,1.0,1.0,0.0,0.0920137730147689,43.47202410819189,2.0,1.0,0.04,0.0,0.04,0.04,25,300,9.536743306171047e-08,1.0,1.0,1.1699592761260647e-07
pure_top_p,0.1,0.8,0,5,0.0,0.0,0.0,1.0,1.0,0.0,0.0690001382026821,43.47828970797708,2.0,1.0,0.04,0.0,0.04,0.04,25,300,1.9073486612342094e-07,1.0,0.9999998211860657,1.3562194567384722e-07
pure_top_p,0.1,0.8,0,6,0.58,0.56,0.64,0.911842105263158,1.0,0.0,0.7871531042456626,43.43995404586897,29.6,1.0,0.08,0.3194444444444444,0.0486486486486486,0.0657342657342657,25,300,0.09134218841791153,0.5,0.9086578488349915,0.09149475395679474
pure_top_p,0.1,0.8,0,7,0.0,0.0,0.38,0.9776623376623376,1.0,0.0,0.5062596199754625,42.84320783331296,14.56,1.0,0.16,0.4153764930721452,0.0798004987531172,0.1276595744680851,25,300,0.033933911472558975,0.78,0.9660660624504089,0.026345763355493546
pure_top_p,0.1,0.8,0,8,0.0,0.0,0.0,1.0,0.0,0.0,0.04597116808407,43.50579611294058,1.0,1.0,0.04,0.0,0.04,,25,300,3.099441414633475e-08,1.0,1.0,5.970423444523476e-08
pure_top_p,0.1,0.8,0,9,0.0,0.0,0.0,1.0,0.0,0.0,0.0688338431622832,43.58368752913227,1.0,1.0,0.04,0.0,0.04,,25,300,0.0,1.0,1.0,0.0
pure_top_p,0.1,0.8,0,10,1.0,1.0,0.75,0.9615384615384616,1.0,0.0,0.7147742195334286,43.37463537505285,26.0,1.0,0.04,0.0,0.0384615384615384,0.04,25,300,0.0,1.0,1.0,0.0
pure_top_p,0.1,0.8,0,11,0.0,0.0,0.25,1.0,0.0,0.0,0.068957081567496,43.505527654874506,1.0,1.0,0.04,0.0,0.04,,25,300,7.629394360719743e-08,1.0,1.0,9.552677227020467e-08
pure_top_p,0.1,0.8,0,12,0.5,0.0,0.5,1.0,1.0,0.0,0.4137132156267762,43.50851899680105,13.0,1.0,0.04,0.0,0.04,0.04,25,300,2.384185791015625e-07,1.0,0.9999998211860657,1.7262681240026723e-07
pure_top_p,0.1,0.8,0,13,0.5,0.0,0.25,1.0,1.0,0.0,0.138312657540664,43.38103459825813,4.0,1.0,0.04,0.0,0.04,0.04,25,300,8.106231774718253e-08,1.0,1.0,9.70078986028966e-08
pure_top_p,0.1,0.8,0,14,0.5,0.0,0.0,1.0,0.0,0.0,0.0690724278613924,43.434331949739374,1.0,1.0,0.04,0.0,0.04,,25,300,0.0,1.0,1.0,0.0
pure_top_p,0.1,0.8,0,15,1.0,1.0,0.25,1.0,1.0,0.0,0.1837423070892691,43.539528214757304,6.0,1.0,0.04,0.0,0.04,0.04,25,300,2.3841858265427618e-08,1.0,1.0,8.443453936024525e-08
pure_top_p,0.1,0.8,0,16,0.0,0.0,0.25,1.0,1.0,0.0,0.3905795154161751,43.52536594733376,8.0,1.0,0.04,0.0,0.04,0.04,25,300,1.0490417423625331e-07,1.0,1.0,1.3925300379469263e-07
pure_top_p,0.1,0.8,0,17,0.0,0.0,0.25,1.0,1.0,0.0,0.5069977268110961,43.39774470253289,18.0,1.0,0.04,0.0,0.0377777777777777,0.04,25,300,4.2915345943583816e-08,1.0,1.0,5.066072361614715e-08
pure_top_p,0.1,0.8,0,18,1.0,1.0,0.75,0.8267073170731707,1.0,0.0,1.1355102523509413,42.29803009835714,40.4,0.0,0.08,0.0428571428571428,0.0346534653465346,0.0416243654822335,25,300,0.006126354448497295,1.0,0.9938735961914062,0.006136511918157339
pure_top_p,0.1,0.8,0,19,1.0,1.0,0.25,1.0,0.0,0.0,0.0458520678803324,43.618724575668715,1.0,1.0,0.04,0.0,0.04,,25,300,0.0,1.0,1.0,0.0
pure_top_p,0.1,0.8,0,20,0.5,0.0,0.5,1.0,1.0,0.0,0.2992257232777774,43.44630087683838,11.0,1.0,0.08,0.1283333333333333,0.0436363636363636,0.056,25,300,0.011333831585943699,1.0,0.9886660575866699,0.011053914204239845
pure_top_p,0.1,0.8,0,21,0.0,0.0,0.31,0.982262443438914,1.0,0.0,0.52653934199363,43.529521574570296,13.92,1.0,0.12,0.1890612745098039,0.0603448275862069,0.0743034055727554,25,300,0.022687701508402824,0.6033333333333334,0.9773123264312744,0.028457948938012123
pure_top_p,0.1,0.8,0,22,0.4,0.0,0.25,0.8907301760323908,0.988901515151515,0.0,1.1142506526596845,42.668637325361296,32.04,0.2,0.24,0.3335358701592098,0.0674157303370786,0.0979381443298969,25,300,0.0706930011510849,0.43,0.9293070435523987,0.060009751468896866
pure_top_p,0.1,0.8,0,23,0.5,0.0,0.25,1.0,1.0,0.0,0.1609936316497623,43.48391363785037,3.0,1.0,0.04,0.0,0.04,0.04,25,300,0.0,1.0,1.0,0.0
pure_top_p,0.1,0.8,0,24,0.0,0.0,0.4,0.8948647478647479,1.0,0.0,0.9852996632549912,39.08433196359167,27.28,0.8,0.24,0.4274343055684623,0.0604651162790697,0.082258064516129,25,300,0.10640695691108704,0.42,0.8935931324958801,0.08625221252441406
pure_top_p,0.1,0.8,0,25,1.0,1.0,0.75,1.0,1.0,0.0,0.2401953126210718,37.50122723537208,5.0,1.0,0.04,0.0,0.04,0.04,25,300,0.0,1.0,1.0,0.0
pure_top_p,0.1,0.8,0,26,1.0,1.0,0.83,0.891231746031746,0.9875641025641028,0.0,1.2127348416112362,39.4945295931532,27.6,0.04,0.12,0.1901628352490421,0.0449574726609963,0.0551378446115288,25,300,0.008914569392800331,1.0,0.991085410118103,0.009554305113852024
pure_top_p,0.1,0.8,0,27,0.0,0.0,0.25,1.0,1.0,0.0,0.2036565091833472,39.29764299916687,5.0,1.0,0.04,0.0,0.04,0.04,25,300,0.0,1.0,1.0,0.0
pure_top_p,0.1,0.8,0,28,0.0,0.0,0.25,0.8888888888888888,1.0,0.0,0.9944133477285504,39.23756845688892,18.0,1.0,0.04,0.0,0.0342857142857142,0.04,25,300,0.0,1.0,1.0,0.0
pure_top_p,0.1,0.8,0,29,0.5,0.0,0.25,0.972972972972973,1.0,0.0,1.2421736884769052,38.69067430138626,37.0,0.0,0.04,0.0,0.0389189189189189,0.04,25,300,7.629394360719743e-08,1.0,1.0,9.552677227020467e-08
pure_top_p,0.1,0.8,0,30,0.0,0.0,0.25,1.0,1.0,0.0,0.3338131960108876,38.98651347653141,7.0,1.0,0.04,0.0,0.04,0.04,25,300,1.6212463549436507e-07,1.0,0.9999998807907104,1.1453258252913656e-07
pure_top_p,0.1,0.8,0,31,0.0,0.0,0.0,1.0,0.0,0.0,0.0516952362190931,38.77682102116298,1.0,1.0,0.04,0.0,0.04,,25,300,1.4305114426349519e-08,1.0,1.0,5.066072361614715e-08
pure_top_p,0.1,0.8,0,32,0.0,0.0,0.5,1.0,1.0,0.0,0.4956867463793605,38.36989646844235,10.0,1.0,0.04,0.0,0.04,0.04,25,300,0.0,1.0,1.0,0.0
pure_top_p,0.1,0.8,0,33,0.5,0.0,0.75,1.0,1.0,0.0,0.3924978714622557,38.27675261633264,8.0,1.0,0.04,0.0,0.04,0.04,25,300,0.0,1.0,1.0,0.0
pure_top_p,0.1,0.8,0,34,0.0,0.0,0.25,1.0,0.0,0.0,0.1013738996814935,39.51443137209909,1.0,1.0,0.04,0.0,0.04,,25,300,0.0,1.0,1.0,0.0
pure_top_p,0.1,0.8,0,35,1.0,1.0,0.25,1.0,1.0,0.0,0.4744865347445011,38.22748271654544,11.0,1.0,0.04,0.0,0.04,0.04,25,300,9.536743306171047e-08,1.0,1.0,1.1699592761260647e-07
pure_top_p,0.1,0.8,0,36,1.0,1.0,0.25,1.0,1.0,0.0,0.3526901674922555,39.70973983502864,12.0,1.0,0.04,0.0,0.04,0.04,25,300,0.0,1.0,1.0,0.0
pure_top_p,0.1,0.8,0,37,0.5,0.0,0.0,1.0,1.0,0.0,0.3380603195168078,38.5007356627448,11.0,1.0,0.04,0.0,0.04,0.04,25,300,1.668930060816365e-08,1.0,1.0,3.1592509941447133e-08
pure_top_p,0.1,0.8,0,38,0.5,0.0,0.5,1.0,1.0,0.0,0.4062356476299464,39.40149178902136,14.0,1.0,0.04,0.0,0.04,0.04,25,300,2.1457672971791908e-08,1.0,1.0,3.582254137768359e-08
pure_top_p,0.1,0.8,0,39,1.0,1.0,0.25,1.0,1.0,0.0,0.2824811672233045,38.97640501096917,8.0,1.0,0.04,0.0,0.04,0.04,25,300,4.7683716530855236e-08,1.0,1.0,5.849796380630323e-08
pure_top_p,0.1,0.8,0,40,0.5,0.0,0.25,0.9333333333333332,1.0,0.0,0.4273330017551779,39.792686836796136,15.0,1.0,0.04,0.0,0.0373333333333333,0.04,25,300,0.0,1.0,1.0,0.0
pure_top_p,0.1,0.8,0,41,1.0,1.0,0.25,1.0,0.0,0.0,0.0770987944584339,38.950330458808274,1.0,1.0,0.04,0.0,0.04,,25,300,8.583069188716763e-08,1.0,1.0,1.013214472322943e-07
pure_top_p,0.1,0.8,0,42,0.0,0.0,0.0,1.0,1.0,0.0,0.1027365163154899,38.998269837966994,2.0,1.0,0.04,0.0,0.04,0.04,25,300,3.814697180359872e-08,1.0,1.0,4.776338613510234e-08
pure_top_p,0.1,0.8,0,43,0.9,0.8,0.6,1.0,0.8,0.0,0.3825686869397759,38.89361351703273,7.4,1.0,0.08,0.2962962962962963,0.0486486486486486,0.05,25,300,0.10259144753217697,0.6666666666666666,0.8974085450172424,0.1453283727169037
pure_top_p,0.1,0.8,0,44,1.0,1.0,0.25,1.0,0.0,0.0,0.0597653980273752,38.85448636916988,1.0,1.0,0.08,0.0,0.04,,25,300,0.04774831607937813,0.5466666666666666,0.952251672744751,0.05252131447196007
pure_top_p,0.1,0.8,0,45,0.06,0.0,0.28,0.9433484631310718,1.0,0.0,0.8275582758057862,38.95549620230763,25.04,0.92,0.2,0.3118898632301485,0.0910493827160493,0.1332263242375602,25,300,0.06426219642162323,0.59,0.9357379078865051,0.07939217984676361
pure_top_p,0.1,0.8,0,46,1.0,1.0,0.75,1.0,1.0,0.0,0.4219489881303161,38.02058146654577,14.0,1.0,0.04,0.0,0.04,0.04,25,300,0.0,1.0,1.0,0.0
pure_top_p,0.1,0.8,0,47,0.9,0.8,0.7,0.9473823447507658,1.0,0.0,0.957925930377096,38.18746371624189,30.32,1.0,0.28,0.4259045492524222,0.0763157894736842,0.1210884353741496,25,300,0.08757388591766357,0.25666666666666665,0.9124261736869812,0.06079110875725746
pure_top_p,0.1,0.8,0,48,0.5,0.0,0.0,1.0,1.0,0.0,0.1334940373525023,37.52325686198736,2.0,1.0,0.04,0.0,0.04,0.04,25,300,9.298324243900424e-08,1.0,1.0,1.0061536670491478e-07
pure_top_p,0.1,0.8,0,49,0.0,0.0,0.0,1.0,0.0,0.0,0.0834372023027389,36.47771998487315,1.0,1.0,0.04,0.0,0.04,,25,300,0.0,1.0,1.0,0.0
pure_top_p,0.1,0.9,0,0,1.0,1.0,0.5,1.0,1.0,0.0,0.4187704634945839,43.01383193748139,14.0,1.0,0.04,0.0,0.04,0.04,25,300,0.0,1.0,1.0,0.0
pure_top_p,0.1,0.9,0,1,0.0,0.0,0.25,1.0,1.0,0.0,0.1839443681854754,43.49163252555011,6.0,1.0,0.08,0.16,0.04,0.048,25,300,0.007052972912788391,1.0,0.992946982383728,0.007353233173489571
pure_top_p,0.1,0.9,0,2,0.5,0.0,0.25,1.0,1.0,0.0,0.2753683199826628,43.57806292623648,9.0,1.0,0.04,0.0,0.04,0.04,25,300,1.4305114426349519e-08,1.0,1.0,5.066072361614715e-08
pure_top_p,0.1,0.9,0,3,0.0,0.0,0.25,1.0,1.0,0.0,0.1840301225334405,43.471621199935946,6.0,1.0,0.08,0.08,0.0466666666666666,0.056,25,300,0.0012694024480879307,1.0,0.9987305998802185,0.002038970123976469
pure_top_p,0.1,0.9,0,4,0.0,0.0,0.25,1.0,1.0,0.0,0.092428251877427,43.28636936529013,2.0,1.0,0.04,0.0,0.04,0.04,25,300,9.536743306171047e-08,1.0,1.0,1.1699592761260647e-07
pure_top_p,0.1,0.9,0,5,0.0,0.0,0.0,1.0,1.0,0.0,0.0691941505856811,43.357992466575745,2.0,1.0,0.04,0.0,0.04,0.04,25,300,1.9073486612342094e-07,1.0,0.9999998211860657,1.3562194567384722e-07
pure_top_p,0.1,0.9,0,6,0.64,0.56,0.64,0.9343184885290148,1.0,0.0,0.7498917299136519,43.0627952841313,28.0,0.92,0.16,0.3008095238095238,0.0816618911174785,0.1188707280832095,25,300,0.08216430991888046,0.5466666666666666,0.9178357124328613,0.09162931889295578
pure_top_p,0.1,0.9,0,7,0.02,0.0,0.45,0.9648816908581616,1.0,0.0,0.5622789883613586,42.59438318244129,16.72,1.0,0.32,0.5007383307293751,0.1142857142857142,0.1976744186046511,25,300,0.04742853343486786,0.5466666666666666,0.9525713920593262,0.03286029398441315
pure_top_p,0.1,0.9,0,8,0.0,0.0,0.0,1.0,0.0,0.0,0.0460780882835387,43.40615858083782,1.0,1.0,0.04,0.0,0.04,,25,300,3.099441414633475e-08,1.0,1.0,5.970423444523476e-08
pure_top_p,0.1,0.9,0,9,0.0,0.0,0.0,1.0,0.0,0.0,0.0687546421959995,43.63371672592916,1.0,1.0,0.04,0.0,0.04,,25,300,0.0,1.0,1.0,0.0
pure_top_p,0.1,0.9,0,10,1.0,1.0,0.75,0.9615384615384616,1.0,0.0,0.7125594460498541,43.5060298331229,26.0,1.0,0.04,0.0,0.0384615384615384,0.04,25,300,0.0,1.0,1.0,0.0
pure_top_p,0.1,0.9,0,11,0.0,0.0,0.25,1.0,0.0,0.0,0.0689052325766533,43.53851172406675,1.0,1.0,0.04,0.0,0.04,,25,300,7.629394360719743e-08,1.0,1.0,9.552677227020467e-08
pure_top_p,0.1,0.9,0,12,0.5,0.0,0.5,1.0,1.0,0.0,0.4154345947038382,43.33499339821754,13.0,1.0,0.04,0.0,0.04,0.04,25,300,2.384185791015625e-07,1.0,0.9999998211860657,1.7262681240026723e-07
pure_top_p,0.1,0.9,0,13,0.5,0.0,0.25,1.0,1.0,0.0,0.1380881243478506,43.451350014672386,4.0,1.0,0.04,0.0,0.04,0.04,25,300,8.106231774718253e-08,1.0,1.0,9.70078986028966e-08
pure_top_p,0.1,0.9,0,14,0.5,0.0,0.0,1.0,0.0,0.0,0.0690116383694112,43.47601959458532,1.0,1.0,0.04,0.0,0.04,,25,300,0.0,1.0,1.0,0.0
pure_top_p,0.1,0.9,0,15,1.0,1.0,0.25,1.0,1.0,0.0,0.1837028350308537,43.5487222521873,6.0,1.0,0.04,0.0,0.04,0.04,25,300,2.3841858265427618e-08,1.0,1.0,8.443453936024525e-08
pure_top_p,0.1,0.9,0,16,0.0,0.0,0.25,1.0,1.0,0.0,0.4073614263441413,41.74875747727545,8.0,1.0,0.04,0.0,0.04,0.04,25,300,1.0490417423625331e-07,1.0,1.0,1.3925300379469263e-07
pure_top_p,0.1,0.9,0,17,0.0,0.0,0.25,1.0,1.0,0.0,0.5151205442845821,42.73317296931892,18.0,1.0,0.04,0.0,0.0377777777777777,0.04,25,300,4.2915345943583816e-08,1.0,1.0,5.066072361614715e-08
pure_top_p,0.1,0.9,0,18,1.0,1.0,0.75,0.8256829268292682,1.0,0.0,1.119756141314283,42.88748755935477,40.16,0.0,0.08,0.024,0.0348605577689243,0.0418794688457609,25,300,0.0034307409077882767,1.0,0.9965692162513733,0.005510603077709675
pure_top_p,0.1,0.9,0,19,1.0,1.0,0.25,1.0,0.0,0.0,0.0459150358662008,43.55913494094344,1.0,1.0,0.04,0.0,0.04,,25,300,0.0,1.0,1.0,0.0
pure_top_p,0.1,0.9,0,20,0.5,0.0,0.5,1.0,1.0,0.0,0.2986639550048858,43.527365395085546,11.0,1.0,0.08,0.13,0.0436363636363636,0.056,25,300,0.011481020599603653,1.0,0.9885189533233643,0.011049000546336174
pure_top_p,0.1,0.9,0,21,0.0,0.0,0.31,0.982262443438914,1.0,0.0,0.5270095893181861,43.490710607000366,13.92,1.0,0.12,0.1890612745098039,0.0603448275862069,0.0743034055727554,25,300,0.022687694057822227,0.6033333333333334,0.9773122072219849,0.028457941487431526
pure_top_p,0.1,0.9,0,22,0.46,0.0,0.25,0.8965124202173537,0.9938257575757576,0.0,1.1160497785545886,42.95370129511444,31.56,0.08,0.16,0.1782178108629721,0.0595690747782002,0.0811518324607329,25,300,0.03676772862672806,0.7066666666666667,0.9632322192192078,0.053271401673555374
pure_top_p,0.1,0.9,0,23,0.5,0.0,0.25,1.0,1.0,0.0,0.1608519927319139,43.51846628153763,3.0,1.0,0.04,0.0,0.04,0.04,25,300,0.0,1.0,1.0,0.0
pure_top_p,0.1,0.9,0,24,0.0,0.0,0.39,0.8818058968058967,1.0,0.0,0.963542944258079,38.92607141394411,26.96,0.64,0.2,0.4163116724293382,0.0618066561014263,0.0825082508250825,25,300,0.09564300626516342,0.4266666666666667,0.9043570160865784,0.08076691627502441
pure_top_p,0.1,0.9,0,25,1.0,1.0,0.75,1.0,1.0,0.0,0.2294503861200064,39.252448373165464,5.0,1.0,0.04,0.0,0.04,0.04,25,300,0.0,1.0,1.0,0.0
pure_top_p,0.1,0.9,0,26,0.96,0.92,0.81,0.8901650793650794,0.9871794871794872,0.0,1.210648246575147,39.25560295852791,27.36,0.16,0.2,0.2233428666036138,0.0489596083231334,0.0643939393939393,25,300,0.008143451996147633,1.0,0.9918565154075623,0.008032724261283875
pure_top_p,0.1,0.9,0,27,0.0,0.0,0.25,1.0,1.0,0.0,0.2041793148219584,39.200313975754504,5.0,1.0,0.04,0.0,0.04,0.04,25,300,0.0,1.0,1.0,0.0
pure_top_p,0.1,0.9,0,28,0.0,0.0,0.25,0.8888888888888888,1.0,0.0,0.9830760472547264,39.677528723362215,18.0,1.0,0.04,0.0,0.0342857142857142,0.04,25,300,0.0,1.0,1.0,0.0
pure_top_p,0.1,0.9,0,29,0.5,0.0,0.25,0.972972972972973,1.0,0.0,1.2520870286598802,38.35867507294633,37.0,0.0,0.04,0.0,0.0389189189189189,0.04,25,300,7.629394360719743e-08,1.0,1.0,9.552677227020467e-08
pure_top_p,0.1,0.9,0,30,0.0,0.0,0.25,1.0,1.0,0.0,0.3417546344175934,38.11036390933133,7.0,1.0,0.04,0.0,0.04,0.04,25,300,1.6212463549436507e-07,1.0,0.9999998807907104,1.1453258252913656e-07
pure_top_p,0.1,0.9,0,31,0.0,0.0,0.0,1.0,0.0,0.0,0.0517795370426028,38.69456751659131,1.0,1.0,0.04,0.0,0.04,,25,300,1.4305114426349519e-08,1.0,1.0,5.066072361614715e-08
pure_top_p,0.1,0.9,0,32,0.0,0.0,0.5,1.0,1.0,0.0,0.4983084368612617,38.29236048035967,10.0,1.0,0.04,0.0,0.04,0.04,25,300,0.0,1.0,1.0,0.0
pure_top_p,0.1,0.9,0,33,0.5,0.0,0.75,1.0,1.0,0.0,0.3910785869974643,38.41518986480237,8.0,1.0,0.04,0.0,0.04,0.04,25,300,0.0,1.0,1.0,0.0
pure_top_p,0.1,0.9,0,34,0.0,0.0,0.25,1.0,0.0,0.0,0.1020607314072549,39.23172525066147,1.0,1.0,0.04,0.0,0.04,,25,300,0.0,1.0,1.0,0.0
pure_top_p,0.1,0.9,0,35,1.0,1.0,0.25,1.0,1.0,0.0,0.4691575000900775,38.44502183145873,11.0,1.0,0.04,0.0,0.04,0.04,25,300,9.536743306171047e-08,1.0,1.0,1.1699592761260647e-07
pure_top_p,0.1,0.9,0,36,1.0,1.0,0.25,1.0,1.0,0.0,0.3538360804598778,39.57599622488283,12.0,1.0,0.04,0.0,0.04,0.04,25,300,0.0,1.0,1.0,0.0
pure_top_p,0.1,0.9,0,37,0.5,0.0,0.0,1.0,1.0,0.0,0.3328334611561149,39.09267519017575,11.0,1.0,0.04,0.0,0.04,0.04,25,300,1.668930060816365e-08,1.0,1.0,3.1592509941447133e-08
pure_top_p,0.1,0.9,0,38,0.5,0.0,0.5,1.0,1.0,0.0,0.4112541449349373,38.93157063857758,14.0,1.0,0.04,0.0,0.04,0.04,25,300,2.1457672971791908e-08,1.0,1.0,3.582254137768359e-08
pure_top_p,0.1,0.9,0,39,1.0,1.0,0.25,1.0,1.0,0.0,0.2816510057728738,39.09179146415611,8.0,1.0,0.04,0.0,0.04,0.04,25,300,4.7683716530855236e-08,1.0,1.0,5.849796380630323e-08
pure_top_p,0.1,0.9,0,40,0.5,0.0,0.25,0.9333333333333332,1.0,0.0,0.4338137855101376,39.212082089815645,15.0,1.0,0.04,0.0,0.0373333333333333,0.04,25,300,0.0,1.0,1.0,0.0
pure_top_p,0.1,0.9,0,41,1.0,1.0,0.25,1.0,0.0,0.0,0.0788661702070384,38.2537068902077,1.0,1.0,0.04,0.0,0.04,,25,300,8.583069188716763e-08,1.0,1.0,1.013214472322943e-07
pure_top_p,0.1,0.9,0,42,0.0,0.0,0.0,1.0,1.0,0.0,0.1028259345237165,38.948812057343616,2.0,1.0,0.04,0.0,0.04,0.04,25,300,3.814697180359872e-08,1.0,1.0,4.776338613510234e-08
pure_top_p,0.1,0.9,0,43,0.76,0.52,0.39,1.0,0.52,0.0,0.3007941235229373,38.96027337097718,5.16,1.0,0.08,0.4622222222222222,0.0697674418604651,0.0769230769230769,25,300,0.16004252433776855,0.48,0.8399574160575867,0.15402069687843323
pure_top_p,0.1,0.9,0,44,1.0,1.0,0.25,1.0,0.0,0.0,0.0554741282761096,38.50282306984988,1.0,1.0,0.08,0.0,0.04,,25,300,0.02317197434604168,0.78,0.9768279790878296,0.04370428994297981
pure_top_p,0.1,0.9,0,45,0.12,0.08,0.29,0.940307412227952,1.0,0.0,0.8200554848834872,38.12100298492353,24.48,0.96,0.24,0.3167150698433136,0.1023622047244094,0.1573770491803278,25,300,0.07527695596218109,0.5833333333333334,0.9247230887413025,0.09335989505052567
pure_top_p,0.1,0.9,0,46,1.0,1.0,0.75,1.0,1.0,0.0,0.4124782300274819,38.86164316313851,14.0,1.0,0.04,0.0,0.04,0.04,25,300,0.0,1.0,1.0,0.0
pure_top_p,0.1,0.9,0,47,0.78,0.6,0.65,0.9361842142894774,0.9988235294117648,0.0,0.9276149201299996,37.81729738727408,28.96,1.0,0.32,0.5098006392664964,0.0991735537190082,0.1554921540656205,25,300,0.09886951744556427,0.22333333333333333,0.9011304974555969,0.060528624802827835
pure_top_p,0.1,0.9,0,48,0.5,0.0,0.0,1.0,1.0,0.0,0.1484339358657598,34.998499039977865,2.0,1.0,0.04,0.0,0.04,0.04,25,300,9.298324243900424e-08,1.0,1.0,1.0061536670491478e-07
pure_top_p,0.1,0.9,0,49,0.0,0.0,0.0,1.0,0.0,0.0,0.07541477099061,39.82892922656878,1.0,1.0,0.04,0.0,0.04,,25,300,0.0,1.0,1.0,0.0
pure_top_p,0.1,0.95,0,0,1.0,1.0,0.5,1.0,1.0,0.0,0.414277959568426,43.45072270915139,14.0,1.0,0.04,0.0,0.04,0.04,25,300,0.0,1.0,1.0,0.0
pure_top_p,0.1,0.95,0,1,0.0,0.0,0.25,1.0,1.0,0.0,0.1849351396225392,43.260651207174845,6.0,1.0,0.08,0.1711111111111111,0.04,0.048,25,300,0.007542759645730257,1.0,0.9924571514129639,0.007356502115726471
pure_top_p,0.1,0.95,0,2,0.5,0.0,0.25,1.0,1.0,0.0,0.2753751030750572,43.576992780217445,9.0,1.0,0.04,0.0,0.04,0.04,25,300,1.4305114426349519e-08,1.0,1.0,5.066072361614715e-08
pure_top_p,0.1,0.95,0,3,0.0,0.0,0.25,1.0,1.0,0.0,0.183840204598382,43.51609797999035,6.0,1.0,0.08,0.12,0.0466666666666666,0.056,25,300,0.0019041072810068727,1.0,0.9980959296226501,0.002241317881271243
pure_top_p,0.1,0.95,0,4,0.0,0.0,0.25,1.0,1.0,0.0,0.092058428004384,43.45177112258638,2.0,1.0,0.04,0.0,0.04,0.04,25,300,9.536743306171047e-08,1.0,1.0,1.1699592761260647e-07
pure_top_p,0.1,0.95,0,5,0.0,0.0,0.0,1.0,1.0,0.0,0.069035457316786,43.45603938140356,2.0,1.0,0.04,0.0,0.04,0.04,25,300,1.9073486612342094e-07,1.0,0.9999998211860657,1.3562194567384722e-07
pure_top_p,0.1,0.95,0,6,0.58,0.44,0.61,0.938582995951417,1.0,0.0,0.7461209670640528,43.41966170837729,28.04,0.88,0.16,0.3099047619047618,0.0816618911174785,0.1188707280832095,25,300,0.08376018702983856,0.54,0.9162397384643555,0.09244786202907562
pure_top_p,0.1,0.95,0,7,0.04,0.0,0.44,0.9586505729564552,1.0,0.0,0.5545649131573737,43.49052778377838,16.84,1.0,0.4,0.562398232761017,0.1184210526315789,0.2064965197215777,25,300,0.056749746203422546,0.41,0.9432502388954163,0.034165557473897934
pure_top_p,0.1,0.95,0,8,0.0,0.0,0.0,1.0,0.0,0.0,0.0460294326674192,43.45179275053654,1.0,1.0,0.04,0.0,0.04,,25,300,3.099441414633475e-08,1.0,1.0,5.970423444523476e-08
pure_top_p,0.1,0.95,0,9,0.0,0.0,0.0,1.0,0.0,0.0,0.0689191410504281,43.53026590906098,1.0,1.0,0.04,0.0,0.04,,25,300,0.0,1.0,1.0,0.0
pure_top_p,0.1,0.95,0,10,1.0,1.0,0.75,0.9615384615384616,1.0,0.0,0.7246493062376976,42.80456708458227,26.0,1.0,0.04,0.0,0.0384615384615384,0.04,25,300,0.0,1.0,1.0,0.0
pure_top_p,0.1,0.95,0,11,0.0,0.0,0.35,0.9913043478260868,0.2,0.0,0.1972789661306888,43.578772715516216,5.4,1.0,0.08,0.3194444444444445,0.1655172413793103,0.2,25,300,0.17390523850917816,0.6666666666666666,0.8260947465896606,0.2463500052690506
pure_top_p,0.1,0.95,0,12,0.5,0.0,0.5,1.0,1.0,0.0,0.4136746945604682,43.512748068764175,13.0,1.0,0.04,0.0,0.04,0.04,25,300,2.384185791015625e-07,1.0,0.9999998211860657,1.7262681240026723e-07
pure_top_p,0.1,0.95,0,13,0.5,0.0,0.25,1.0,1.0,0.0,0.138359802076593,43.367900639592435,4.0,1.0,0.04,0.0,0.04,0.04,25,300,8.106231774718253e-08,1.0,1.0,9.70078986028966e-08
pure_top_p,0.1,0.95,0,14,0.5,0.0,0.0,1.0,0.0,0.0,0.0689959775283932,43.48095242868027,1.0,1.0,0.04,0.0,0.04,,25,300,0.0,1.0,1.0,0.0
pure_top_p,0.1,0.95,0,15,1.0,1.0,0.25,1.0,1.0,0.0,0.1836467674840241,43.56246767818947,6.0,1.0,0.04,0.0,0.04,0.04,25,300,2.3841858265427618e-08,1.0,1.0,8.443453936024525e-08
pure_top_p,0.1,0.95,0,16,0.0,0.0,0.25,1.0,1.0,0.0,0.3921256444882601,43.361202459888744,8.0,1.0,0.04,0.0,0.04,0.04,25,300,1.0490417423625331e-07,1.0,1.0,1.3925300379469263e-07
pure_top_p,0.1,0.95,0,17,0.0,0.0,0.25,1.0,1.0,0.0,0.51285515348427,42.92231564313879,18.0,1.0,0.04,0.0,0.0377777777777777,0.04,25,300,4.2915345943583816e-08,1.0,1.0,5.066072361614715e-08
pure_top_p,0.1,0.95,0,18,1.0,1.0,0.75,0.8255121951219512,1.0,0.0,1.1161902364064007,43.02091263844977,40.12,0.0,0.08,0.0188571428571428,0.0348953140578265,0.041922290388548,25,300,0.0026955807115882635,1.0,0.997304379940033,0.0050840824842453
pure_top_p,0.1,0.95,0,19,1.0,1.0,0.25,1.0,0.0,0.0,0.0458837394602596,43.58890712318101,1.0,1.0,0.04,0.0,0.04,,25,300,0.0,1.0,1.0,0.0
pure_top_p,0.1,0.95,0,20,0.5,0.0,0.5,1.0,1.0,0.0,0.2991696202103048,43.453969629074166,11.0,1.0,0.08,0.1283333333333333,0.0436363636363636,0.056,25,300,0.011333837173879147,1.0,0.9886660575866699,0.011053911410272121
pure_top_p,0.1,0.95,0,21,0.0,0.0,0.33,0.9821684981684982,1.0,0.0,0.5300449268240481,43.174034910659465,13.88,1.0,0.2,0.1917172506429472,0.0576368876080691,0.0962732919254658,25,300,0.023625018075108528,0.6366666666666667,0.9763749241828918,0.02741532400250435
pure_top_p,0.1,0.95,0,22,0.42,0.0,0.25,0.893953682443753,0.9938636363636364,0.0,1.1322018979117274,42.04111376171084,31.92,0.16,0.36,0.3667597239419388,0.0789473684210526,0.1190168175937904,25,300,0.07898309081792831,0.24666666666666667,0.9210168719291687,0.05269567668437958
pure_top_p,0.1,0.95,0,23,0.5,0.0,0.25,1.0,1.0,0.0,0.1614549064263701,43.37113715210553,3.0,1.0,0.04,0.0,0.04,0.04,25,300,0.0,1.0,1.0,0.0
pure_top_p,0.1,0.95,0,24,0.0,0.0,0.39,0.9020070464264012,1.0,0.0,1.002082852674648,38.70972538742691,27.76,0.8,0.28,0.4713684175225089,0.0791476407914764,0.1139240506329113,25,300,0.12279299646615982,0.36,0.8772070407867432,0.09108632802963257
pure_top_p,0.1,0.95,0,25,1.0,1.0,0.75,1.0,1.0,0.0,0.2272004652954637,39.63542890784847,5.0,1.0,0.04,0.0,0.04,0.04,25,300,0.0,1.0,1.0,0.0
pure_top_p,0.1,0.95,0,26,1.0,1.0,0.86,0.8887777777777778,0.9822352285395765,0.0,1.2259984549228102,38.57335458068578,27.04,0.24,0.24,0.235324730126123,0.0492610837438423,0.0648030495552731,25,300,0.009355579502880573,1.0,0.9906443357467651,0.007744618691504002
pure_top_p,0.1,0.95,0,27,0.02,0.0,0.25,1.0,1.0,0.0,0.199471502797678,39.314173744604176,4.92,1.0,0.08,0.0685714285714285,0.056910569105691,0.0612244897959183,25,300,0.022525468841195107,0.92,0.977474570274353,0.07651522010564804
pure_top_p,0.1,0.95,0,28,0.0,0.0,0.25,0.8907936507936508,1.0,0.0,0.984215061571449,38.525170184438174,17.52,1.0,0.12,0.0934706331045003,0.0452755905511811,0.0579710144927536,25,300,0.01873631402850151,0.92,0.9812637567520142,0.04770362749695778
pure_top_p,0.1,0.95,0,29,0.5,0.0,0.26,0.9712641673931997,1.0,0.0,1.236820987360552,38.838583818437925,36.52,0.0,0.12,0.0778310185185185,0.0502732240437158,0.0573033707865168,25,300,0.018322641029953957,0.8466666666666667,0.9816774725914001,0.04308684915304184
pure_top_p,0.1,0.95,0,30,0.0,0.0,0.25,1.0,1.0,0.0,0.3390102449990809,38.444953846839184,7.0,1.0,0.04,0.0,0.04,0.04,25,300,1.6212463549436507e-07,1.0,0.9999998807907104,1.1453258252913656e-07
pure_top_p,0.1,0.95,0,31,0.0,0.0,0.0,1.0,0.0,0.0,0.053192840674892,37.81083919551935,1.0,1.0,0.04,0.0,0.04,,25,300,1.4305114426349519e-08,1.0,1.0,5.066072361614715e-08
pure_top_p,0.1,0.95,0,32,0.0,0.0,0.5,1.0,1.0,0.0,0.4903376447875052,38.78173284355952,10.0,1.0,0.04,0.0,0.04,0.04,25,300,0.0,1.0,1.0,0.0
pure_top_p,0.1,0.95,0,33,0.5,0.0,0.75,1.0,1.0,0.0,0.4011129858065396,37.44520766771396,8.0,1.0,0.04,0.0,0.04,0.04,25,300,0.0,1.0,1.0,0.0
pure_top_p,0.1,0.95,0,34,0.12,0.12,0.34,1.0,0.12,0.0,0.1211664599739014,37.86079464490304,1.72,1.0,0.08,0.22,0.1860465116279069,0.3333333333333333,25,300,0.09170573204755783,0.78,0.9082942605018616,0.1729646921157837
pure_top_p,0.1,0.95,0,35,1.0,1.0,0.25,1.0,1.0,0.0,0.4708809642400592,38.26109818474168,11.0,1.0,0.04,0.0,0.04,0.04,25,300,9.536743306171047e-08,1.0,1.0,1.1699592761260647e-07
pure_top_p,0.1,0.95,0,36,1.0,1.0,0.25,1.0,1.0,0.0,0.3593814362585544,38.998763791457435,12.0,1.0,0.04,0.0,0.04,0.04,25,300,0.0,1.0,1.0,0.0
pure_top_p,0.1,0.95,0,37,0.5,0.0,0.0,1.0,1.0,0.0,0.3371200895961374,38.59192533463711,11.0,1.0,0.04,0.0,0.04,0.04,25,300,1.668930060816365e-08,1.0,1.0,3.1592509941447133e-08
pure_top_p,0.1,0.95,0,38,0.5,0.0,0.5,1.0,1.0,0.0,0.4103229941707104,39.03853627930841,14.0,1.0,0.04,0.0,0.04,0.04,25,300,2.1457672971791908e-08,1.0,1.0,3.582254137768359e-08
pure_top_p,0.1,0.95,0,39,1.0,1.0,0.25,1.0,1.0,0.0,0.2816972564533352,39.084634949303336,8.0,1.0,0.04,0.0,0.04,0.04,25,300,4.7683716530855236e-08,1.0,1.0,5.849796380630323e-08
pure_top_p,0.1,0.95,0,40,0.5,0.0,0.27,0.9386666666666666,1.0,0.0,0.4410114744026214,38.401020725764226,14.92,1.0,0.08,0.0541176470588235,0.0455764075067024,0.0517241379310344,25,300,0.004131088498979807,1.0,0.9958689212799072,0.009723609313368797
pure_top_p,0.1,0.95,0,41,1.0,1.0,0.25,1.0,0.0,0.0,0.077079878617078,38.98064196619547,1.0,1.0,0.04,0.0,0.04,,25,300,8.583069188716763e-08,1.0,1.0,1.013214472322943e-07
pure_top_p,0.1,0.95,0,42,0.0,0.0,0.0,1.0,1.0,0.0,0.1048506149463355,38.29420455983659,2.0,1.0,0.04,0.0,0.04,0.04,25,300,3.814697180359872e-08,1.0,1.0,4.776338613510234e-08
pure_top_p,0.1,0.95,0,43,0.86,0.72,0.54,1.0,0.72,0.0,0.3621579106058925,38.28958077682179,6.76,1.0,0.08,0.3733333333333334,0.0532544378698224,0.0555555555555555,25,300,0.1292651742696762,0.58,0.8707348704338074,0.15215818583965302
pure_top_p,0.1,0.95,0,44,1.0,1.0,0.25,1.0,0.0,0.0,0.054505005897954,39.72175456672319,1.0,1.0,0.08,0.0,0.04,,25,300,0.0294916033744812,0.72,0.9705083966255188,0.047370795160532
pure_top_p,0.1,0.95,0,45,0.1,0.04,0.28,0.9438971173753782,1.0,0.0,0.8254676921293139,38.516289906282985,24.56,0.92,0.24,0.3214723371538019,0.097331240188383,0.1503267973856209,25,300,0.07341544330120087,0.58,0.9265844821929932,0.09026872366666794
pure_top_p,0.1,0.95,0,46,1.0,1.0,0.75,1.0,1.0,0.0,0.4312254004459828,37.14702950347676,14.0,1.0,0.04,0.0,0.04,0.04,25,300,0.0,1.0,1.0,0.0
pure_top_p,0.1,0.95,0,47,0.74,0.6,0.65,0.9314300736932316,0.996474358974359,0.0,0.9537433459796012,36.844501841231015,28.92,0.96,0.44,0.5244799499388014,0.1048275862068965,0.1842857142857142,25,300,0.09832735359668732,0.17666666666666667,0.9016726613044739,0.053982023149728775
pure_top_p,0.1,0.95,0,48,0.5,0.0,0.0,1.0,1.0,0.0,0.1324214726313948,37.845537449729825,2.0,1.0,0.04,0.0,0.04,0.04,25,300,9.298324243900424e-08,1.0,1.0,1.0061536670491478e-07
pure_top_p,0.1,0.95,0,49,0.0,0.0,0.0,1.0,0.0,0.0,0.0830761625524609,36.219649493185095,1.0,1.0,0.04,0.0,0.04,,25,300,0.0,1.0,1.0,0.0
pure_top_p,0.3,0.6,0,0,1.0,1.0,0.5,1.0,1.0,0.0,0.4153276612889021,43.34153708579654,14.0,1.0,0.04,0.0,0.04,0.04,25,300,0.0,1.0,1.0,0.0
pure_top_p,0.3,0.6,0,1,0.0,0.0,0.25,1.0,1.0,0.0,0.1845282812602817,43.35809210049479,6.0,1.0,0.08,0.1666666666666666,0.04,0.048,25,300,0.007346841506659985,1.0,0.9926531910896301,0.007359117269515991
pure_top_p,0.3,0.6,0,2,0.6,0.2,0.32,1.0,1.0,0.0,0.3261563849821687,43.54624278188804,10.8,1.0,0.12,0.4366666666666666,0.1,0.1020408163265306,25,300,0.1281760185956955,0.5466666666666666,0.8718239068984985,0.14755041897296906
pure_top_p,0.3,0.6,0,3,0.0,0.0,0.25,1.0,1.0,0.0,0.184354968080297,43.39465466468715,6.0,1.0,0.08,0.1428571428571428,0.0466666666666666,0.056,25,300,0.002266800496727228,1.0,0.9977331757545471,0.0022705625742673874
pure_top_p,0.3,0.6,0,4,0.0,0.0,0.25,1.0,1.0,0.0,0.0920760851446538,43.44248860961759,2.0,1.0,0.04,0.0,0.04,0.04,25,300,9.536743306171047e-08,1.0,1.0,1.1699592761260647e-07
pure_top_p,0.3,0.6,0,5,0.0,0.0,0.0,1.0,1.0,0.0,0.0689871989935636,43.48644561199078,2.0,1.0,0.04,0.0,0.04,0.04,25,300,1.9073486612342094e-07,1.0,0.9999998211860657,1.3562194567384722e-07
pure_top_p,0.3,0.6,0,6,0.76,0.76,0.69,0.9300877192982456,1.0,0.0,0.753341147666797,41.4591002582472,27.28,1.0,0.12,0.2438134142545907,0.0542521994134897,0.0745814307458143,25,300,0.06944218277931213,0.62,0.9305578470230103,0.08853448927402496
pure_top_p,0.3,0.6,0,7,0.0,0.0,0.41,0.9923809523809524,1.0,0.0,0.457340348707512,42.362673493997946,12.32,1.0,0.12,0.312512077294686,0.066860465116279,0.0940438871473354,25,300,0.021428681910037994,1.0,0.978571355342865,0.018432127311825752
pure_top_p,0.3,0.6,0,8,0.0,0.0,0.0,1.0,0.0,0.0,0.0459033259749412,43.57042456908256,1.0,1.0,0.04,0.0,0.04,,25,300,3.099441414633475e-08,1.0,1.0,5.970423444523476e-08
pure_top_p,0.3,0.6,0,9,0.0,0.0,0.0,1.0,0.0,0.0,0.0689270811807363,43.52525940613406,1.0,1.0,0.04,0.0,0.04,,25,300,0.0,1.0,1.0,0.0
pure_top_p,0.3,0.6,0,10,1.0,1.0,0.75,0.9615384615384616,1.0,0.0,0.716736726872623,43.26185240778691,26.0,1.0,0.04,0.0,0.0384615384615384,0.04,25,300,0.0,1.0,1.0,0.0
pure_top_p,0.3,0.6,0,11,0.0,0.0,0.25,1.0,0.0,0.0,0.0690360780805349,43.45820812835512,1.0,1.0,0.04,0.0,0.04,,25,300,7.629394360719743e-08,1.0,1.0,9.552677227020467e-08
pure_top_p,0.3,0.6,0,12,0.5,0.0,0.5,1.0,1.0,0.0,0.4138500437047333,43.49429104946398,13.0,1.0,0.04,0.0,0.04,0.04,25,300,2.384185791015625e-07,1.0,0.9999998211860657,1.7262681240026723e-07
pure_top_p,0.3,0.6,0,13,0.5,0.0,0.25,1.0,1.0,0.0,0.1400174314621835,42.86696520226984,4.0,1.0,0.04,0.0,0.04,0.04,25,300,8.106231774718253e-08,1.0,1.0,9.70078986028966e-08
pure_top_p,0.3,0.6,0,14,0.5,0.0,0.0,1.0,0.0,0.0,0.0689880076609551,43.487654658780095,1.0,1.0,0.04,0.0,0.04,,25,300,0.0,1.0,1.0,0.0
pure_top_p,0.3,0.6,0,15,1.0,1.0,0.25,1.0,1.0,0.0,0.1846921497862785,43.320504946265345,6.0,1.0,0.04,0.0,0.04,0.04,25,300,2.3841858265427618e-08,1.0,1.0,8.443453936024525e-08
pure_top_p,0.3,0.6,0,16,0.0,0.0,0.25,1.0,1.0,0.0,0.3907782934978604,43.50315857019972,8.0,1.0,0.04,0.0,0.04,0.04,25,300,1.0490417423625331e-07,1.0,1.0,1.3925300379469263e-07
pure_top_p,0.3,0.6,0,17,0.0,0.0,0.25,1.0,1.0,0.0,0.5073646853677929,43.36529271343731,18.0,1.0,0.04,0.0,0.0377777777777777,0.04,25,300,4.2915345943583816e-08,1.0,1.0,5.066072361614715e-08
pure_top_p,0.3,0.6,0,18,1.0,1.0,0.75,0.8267073170731707,1.0,0.0,1.113732669306919,43.10750074672493,40.4,0.0,0.08,0.0428571428571428,0.0346534653465346,0.0416243654822335,25,300,0.0061263577081263065,1.0,0.9938735961914062,0.006136524491012096
pure_top_p,0.3,0.6,0,19,1.0,1.0,0.25,1.0,0.0,0.0,0.0460601186845451,43.42251755549778,1.0,1.0,0.04,0.0,0.04,,25,300,0.0,1.0,1.0,0.0
pure_top_p,0.3,0.6,0,20,0.5,0.0,0.5,1.0,1.0,0.0,0.3051714182458818,42.633918189082266,11.0,1.0,0.08,0.125,0.0436363636363636,0.056,25,300,0.011039451695978642,1.0,0.9889604449272156,0.011057844385504723
pure_top_p,0.3,0.6,0,21,0.0,0.0,0.25,1.0,1.0,0.0,0.5290408778749406,43.4750474814081,14.0,1.0,0.04,0.0,0.04,0.04,25,300,0.0,1.0,1.0,0.0
pure_top_p,0.3,0.6,0,22,0.34,0.0,0.25,0.8896438382714801,0.988939393939394,0.0,1.1126750598289072,42.702482001001755,32.48,0.24,0.28,0.3990973213615278,0.0689655172413793,0.1016518424396442,25,300,0.08284403383731842,0.22666666666666666,0.9171559810638428,0.053068533539772034
pure_top_p,0.3,0.6,0,23,0.5,0.0,0.25,1.0,1.0,0.0,0.1614473726134747,43.36551902682069,3.0,1.0,0.04,0.0,0.04,0.04,25,300,0.0,1.0,1.0,0.0
pure_top_p,0.3,0.6,0,24,0.0,0.0,0.38,0.8976167076167075,1.0,0.0,0.8796469259262085,41.92824126252334,26.04,0.72,0.2,0.4470590342977052,0.0637254901960784,0.0851788756388415,25,300,0.1165422797203064,0.36333333333333334,0.8834577202796936,0.08704415708780289
pure_top_p,0.3,0.6,0,25,1.0,1.0,0.75,1.0,1.0,0.0,0.2321379950176924,38.78068003496848,5.0,1.0,0.04,0.0,0.04,0.04,25,300,0.0,1.0,1.0,0.0
pure_top_p,0.3,0.6,0,26,1.0,1.0,0.9,0.8904761904761905,0.9769230769230768,0.0,1.223278828151524,39.24376606959077,27.4,0.0,0.08,0.2083333333333333,0.0436363636363636,0.0525,25,300,0.009970637038350105,1.0,0.9900292754173279,0.00998729094862938
pure_top_p,0.3,0.6,0,27,0.0,0.0,0.25,1.0,1.0,0.0,0.2088462038803845,38.35709949572354,5.0,1.0,0.04,0.0,0.04,0.04,25,300,0.0,1.0,1.0,0.0
pure_top_p,0.3,0.6,0,28,0.0,0.0,0.25,0.8888888888888888,1.0,0.0,0.9858341759163888,39.5659570152527,18.0,1.0,0.04,0.0,0.0342857142857142,0.04,25,300,0.0,1.0,1.0,0.0
pure_top_p,0.3,0.6,0,29,0.5,0.0,0.25,0.972972972972973,1.0,0.0,1.3321954933553934,36.2031801212921,37.0,0.0,0.04,0.0,0.0389189189189189,0.04,25,300,7.629394360719743e-08,1.0,1.0,9.552677227020467e-08
pure_top_p,0.3,0.6,0,30,0.0,0.0,0.25,1.0,1.0,0.0,0.3405023051053286,38.2511321135597,7.0,1.0,0.04,0.0,0.04,0.04,25,300,1.6212463549436507e-07,1.0,0.9999998807907104,1.1453258252913656e-07
pure_top_p,0.3,0.6,0,31,0.0,0.0,0.0,1.0,0.0,0.0,0.0543622468970715,36.93322869252832,1.0,1.0,0.04,0.0,0.04,,25,300,1.4305114426349519e-08,1.0,1.0,5.066072361614715e-08
pure_top_p,0.3,0.6,0,32,0.0,0.0,0.5,1.0,1.0,0.0,0.4961209163721651,37.9837231138898,9.84,1.0,0.12,0.1165714285714285,0.056910569105691,0.0588235294117647,25,300,0.01119790505617857,0.9266666666666666,0.9888020753860474,0.020908452570438385
pure_top_p,0.3,0.6,0,33,0.5,0.0,0.75,1.0,1.0,0.0,0.4059547555912286,37.28624983679439,8.0,1.0,0.04,0.0,0.04,0.04,25,300,0.0,1.0,1.0,0.0
pure_top_p,0.3,0.6,0,34,0.0,0.0,0.25,1.0,0.0,0.0,0.1032536428887396,38.868826175797246,1.0,1.0,0.04,0.0,0.04,,25,300,0.0,1.0,1.0,0.0
pure_top_p,0.3,0.6,0,35,1.0,1.0,0.25,1.0,1.0,0.0,0.4655144264176488,38.72107403320655,11.0,1.0,0.04,0.0,0.04,0.04,25,300,9.536743306171047e-08,1.0,1.0,1.1699592761260647e-07
pure_top_p,0.3,0.6,0,36,1.0,1.0,0.25,1.0,1.0,0.0,0.3518514214735478,39.80046054124184,12.0,1.0,0.04,0.0,0.04,0.04,25,300,0.0,1.0,1.0,0.0
pure_top_p,0.3,0.6,0,37,0.5,0.0,0.0,1.0,1.0,0.0,0.3343683576211333,38.917606890657375,11.0,1.0,0.04,0.0,0.04,0.04,25,300,1.668930060816365e-08,1.0,1.0,3.1592509941447133e-08
pure_top_p,0.3,0.6,0,38,0.5,0.0,0.5,1.0,1.0,0.0,0.4114815522450953,38.92345060151304,14.0,1.0,0.04,0.0,0.04,0.04,25,300,2.1457672971791908e-08,1.0,1.0,3.582254137768359e-08
pure_top_p,0.3,0.6,0,39,1.0,1.0,0.25,1.0,1.0,0.0,0.2834253759030252,38.85494267018632,8.0,1.0,0.04,0.0,0.04,0.04,25,300,4.7683716530855236e-08,1.0,1.0,5.849796380630323e-08
pure_top_p,0.3,0.6,0,40,0.5,0.0,0.25,0.9333333333333332,1.0,0.0,0.4319685211591422,39.372391776200786,15.0,1.0,0.04,0.0,0.0373333333333333,0.04,25,300,0.0,1.0,1.0,0.0
pure_top_p,0.3,0.6,0,41,1.0,1.0,0.25,1.0,0.0,0.0,0.0766609659604727,39.188011844280624,1.0,1.0,0.04,0.0,0.04,,25,300,8.583069188716763e-08,1.0,1.0,1.013214472322943e-07
pure_top_p,0.3,0.6,0,42,0.0,0.0,0.0,1.0,1.0,0.0,0.1074157502315938,37.35325784697654,2.0,1.0,0.04,0.0,0.04,0.04,25,300,3.814697180359872e-08,1.0,1.0,4.776338613510234e-08
pure_top_p,0.3,0.6,0,43,0.78,0.56,0.42,1.0,0.56,0.0,0.3147561570536345,38.6431315347915,5.48,1.0,0.08,0.4562962962962963,0.0656934306569343,0.0714285714285714,25,300,0.1579906940460205,0.4866666666666667,0.8420092463493347,0.15408922731876373
pure_top_p,0.3,0.6,0,44,1.0,1.0,0.25,1.0,0.0,0.0,0.0613415558543055,39.686463337407865,1.0,1.0,0.08,0.0,0.04,,25,300,0.054067935794591904,0.4866666666666667,0.9459320306777954,0.052732810378074646
pure_top_p,0.3,0.6,0,45,0.1,0.0,0.3,0.946341137123746,1.0,0.0,0.87442333153449,38.539272064526976,26.04,0.8,0.16,0.3211722542788875,0.0874074074074074,0.1261538461538461,25,300,0.06714792549610138,0.6033333333333334,0.9328521490097046,0.08392997086048126
pure_top_p,0.3,0.6,0,46,1.0,1.0,0.75,1.0,1.0,0.0,0.4168985091056674,38.423293647775445,14.0,1.0,0.04,0.0,0.04,0.04,25,300,0.0,1.0,1.0,0.0
pure_top_p,0.3,0.6,0,47,0.9,0.8,0.7,0.9329528802850036,1.0,0.0,0.9668638140242548,38.10848465526992,30.32,1.0,0.24,0.4564711729855009,0.0747051114023591,0.1205962059620596,25,300,0.09089232236146927,0.25333333333333335,0.9091076850891113,0.060080744326114655
pure_top_p,0.3,0.6,0,48,0.5,0.0,0.0,1.0,1.0,0.0,0.1486679341364651,34.95436091414208,2.0,1.0,0.04,0.0,0.04,0.04,25,300,9.298324243900424e-08,1.0,1.0,1.0061536670491478e-07
pure_top_p,0.3,0.6,0,49,0.0,0.0,0.0,1.0,0.0,0.0,0.0815951105393468,36.99610664992722,1.0,1.0,0.04,0.0,0.04,,25,300,0.0,1.0,1.0,0.0
pure_top_p,0.3,0.8,0,0,1.0,1.0,0.5,1.0,1.0,0.0,0.4153499502222985,43.339275664035625,14.0,1.0,0.04,0.0,0.04,0.04,25,300,0.0,1.0,1.0,0.0
pure_top_p,0.3,0.8,0,1,0.0,0.0,0.25,1.0,1.0,0.0,0.1838875618577002,43.50496144509971,6.0,1.0,0.08,0.1666666666666666,0.04,0.048,25,300,0.007346841506659985,1.0,0.9926530718803406,0.007359116803854704
pure_top_p,0.3,0.8,0,2,0.52,0.04,0.26,1.0,1.0,0.0,0.2771205145679414,43.44135671101234,8.96,1.0,0.24,0.3965514616102851,0.1473214285714285,0.1809045226130653,25,300,0.10764771699905396,0.5733333333333334,0.892352283000946,0.1307091861963272
pure_top_p,0.3,0.8,0,3,0.0,0.0,0.25,1.0,1.0,0.0,0.1841402541846036,43.44522447910076,6.0,1.0,0.08,0.1466666666666666,0.0466666666666666,0.056,25,300,0.0023272510152310133,1.0,0.9976727366447449,0.00226975348778069
pure_top_p,0.3,0.8,0,4,0.0,0.0,0.25,1.0,1.0,0.0,0.0921201384998857,43.42191441389432,2.0,1.0,0.04,0.0,0.04,0.04,25,300,9.536743306171047e-08,1.0,1.0,1.1699592761260647e-07
pure_top_p,0.3,0.8,0,5,0.0,0.0,0.0,1.0,1.0,0.0,0.0691402925830333,43.39066356810428,2.0,1.0,0.04,0.0,0.04,0.04,25,300,1.9073486612342094e-07,1.0,0.9999998211860657,1.3562194567384722e-07
pure_top_p,0.3,0.8,0,6,0.4,0.12,0.57,0.939119728635518,1.0,0.0,0.8968189949542285,43.3432052164746,32.56,0.64,0.48,0.5244465821594644,0.0965346534653465,0.1468710089399744,25,300,0.11719861626625061,0.31333333333333335,0.8828014135360718,0.07850426435470581
pure_top_p,0.3,0.8,0,7,0.0,0.0,0.42,0.9615788133435192,1.0,0.0,0.5296986334677786,42.73533005504939,15.08,1.0,0.24,0.5217228211997722,0.105515587529976,0.1632653061224489,25,300,0.05475042387843132,0.38,0.945249617099762,0.03118126094341278
pure_top_p,0.3,0.8,0,8,0.0,0.0,0.0,1.0,0.0,0.0,0.0459721112996339,43.50518914393139,1.0,1.0,0.04,0.0,0.04,,25,300,3.099441414633475e-08,1.0,1.0,5.970423444523476e-08
pure_top_p,0.3,0.8,0,9,0.0,0.0,0.0,1.0,0.0,0.0,0.0691222120914607,43.40517952326319,1.0,1.0,0.04,0.0,0.04,,25,300,0.0,1.0,1.0,0.0
pure_top_p,0.3,0.8,0,10,1.0,1.0,0.75,0.9615384615384616,1.0,0.0,0.7139009969960898,43.4248834368469,26.0,1.0,0.08,0.0394871794871794,0.04,0.0432,25,300,0.000753297412302345,1.0,0.9992467164993286,0.0007346958154812455
pure_top_p,0.3,0.8,0,11,0.0,0.0,0.39,0.9845835324096194,0.32,0.0,0.2595666022971272,43.4561335605369,7.56,1.0,0.16,0.4465457875457876,0.1231527093596059,0.1629213483146067,25,300,0.23395325243473053,0.5466666666666666,0.7660468220710754,0.2557569444179535
pure_top_p,0.3,0.8,0,12,0.5,0.0,0.5,1.0,1.0,0.0,0.4140877867396921,43.469205732039654,13.0,1.0,0.04,0.0,0.04,0.04,25,300,2.384185791015625e-07,1.0,0.9999998211860657,1.7262681240026723e-07
pure_top_p,0.3,0.8,0,13,0.42,0.0,0.25,1.0,1.0,0.0,0.1787931612133979,43.3984013614288,5.76,1.0,0.08,0.2053333333333333,0.1041666666666666,0.1176470588235294,25,300,0.03520391508936882,0.72,0.9647961258888245,0.05654603987932205
pure_top_p,0.3,0.8,0,14,0.5,0.0,0.0,1.0,0.0,0.0,0.0689839516393839,43.49045980363353,1.0,1.0,0.04,0.0,0.04,,25,300,0.0,1.0,1.0,0.0
pure_top_p,0.3,0.8,0,15,1.0,1.0,0.25,1.0,1.0,0.0,0.1840070687234401,43.47719787713131,6.0,1.0,0.04,0.0,0.04,0.04,25,300,2.3841858265427618e-08,1.0,1.0,8.443453936024525e-08
pure_top_p,0.3,0.8,0,16,0.0,0.0,0.25,1.0,1.0,0.0,0.3920649854838848,43.36722933342676,8.0,1.0,0.04,0.0,0.04,0.04,25,300,1.0490417423625331e-07,1.0,1.0,1.3925300379469263e-07
pure_top_p,0.3,0.8,0,17,0.0,0.0,0.25,1.0,1.0,0.0,0.4969671415910124,43.463038795885105,17.6,1.0,0.08,0.0196078431372549,0.0386363636363636,0.0409638554216867,25,300,0.0005099201225675642,1.0,0.9994901418685913,0.0007222830317914486
pure_top_p,0.3,0.8,0,18,0.78,0.56,0.54,0.8967025443533787,1.0,0.0,0.90793329924345,41.48506224398319,31.28,0.44,0.36,0.4589247603982049,0.0766283524904214,0.1134564643799472,25,300,0.11210759729146957,0.37666666666666665,0.8878923654556274,0.08505016565322876
pure_top_p,0.3,0.8,0,19,1.0,1.0,0.25,1.0,0.0,0.0,0.0461907743196934,43.30921841644928,1.0,1.0,0.04,0.0,0.04,,25,300,0.0,1.0,1.0,0.0
pure_top_p,0.3,0.8,0,20,0.5,0.0,0.5,1.0,1.0,0.0,0.3000986366812139,43.33143248926642,11.0,1.0,0.08,0.13,0.0436363636363636,0.056,25,300,0.011481034569442272,1.0,0.9885188937187195,0.011048986576497555
pure_top_p,0.3,0.8,0,21,0.0,0.0,0.43,0.970599062702004,1.0,0.0,0.5464925013668835,43.40277631960715,15.08,1.0,0.6,0.4703927370542141,0.1538461538461538,0.2698863636363636,25,300,0.08954543620347977,0.22,0.910454511642456,0.06142275407910347
pure_top_p,0.3,0.8,0,22,0.34,0.0,0.26,0.8868661832144459,0.9903008021390376,0.0,1.083577516498044,43.48550221950846,32.76,0.32,0.64,0.4815603177922313,0.0955882352941176,0.1542351453855878,25,300,0.09646878391504288,0.14333333333333334,0.9035311937332153,0.048789773136377335
pure_top_p,0.3,0.8,0,23,0.5,0.0,0.25,1.0,1.0,0.0,0.1613685833662748,43.3853885283429,3.0,1.0,0.04,0.0,0.04,0.04,25,300,0.0,1.0,1.0,0.0
pure_top_p,0.3,0.8,0,24,0.0,0.0,0.32,0.9148095609742668,1.0,0.0,0.9010909545142204,39.739785949098234,25.8,0.88,0.48,0.5799812922021972,0.1076158940397351,0.1675302245250431,25,300,0.15963326394557953,0.17,0.8403667211532593,0.08787072449922562
pure_top_p,0.3,0.8,0,25,1.0,1.0,0.75,1.0,1.0,0.0,0.2296841714531183,39.20029371692755,5.0,1.0,0.08,0.1266666666666666,0.048,0.05,25,300,0.017903132364153862,1.0,0.9820969700813293,0.022906465455889702
pure_top_p,0.3,0.8,0,26,1.0,1.0,0.83,0.885215873015873,0.9771875387092775,0.0,1.2048795810621231,39.47446875590682,26.88,0.16,0.48,0.3502644658480464,0.0612745098039215,0.1049304677623261,25,300,0.01983264461159706,1.0,0.9801674485206604,0.01159290224313736
pure_top_p,0.3,0.8,0,27,0.12,0.0,0.25,1.0,1.0,0.0,0.2110025323741138,39.34771843400344,5.96,1.0,0.16,0.5236984126984127,0.1342281879194631,0.1532258064516129,25,300,0.21754537522792816,0.4033333333333333,0.7824546098709106,0.19551388919353485
pure_top_p,0.3,0.8,0,28,0.0,0.0,0.25,0.8878991596638655,1.0,0.0,0.947763161631301,39.673896460342306,17.48,1.0,0.16,0.1980190347410027,0.0457256461232604,0.0606694560669456,25,300,0.06599095463752747,0.6033333333333334,0.9340090155601501,0.07811816036701202
pure_top_p,0.3,0.8,0,29,0.46,0.0,0.26,0.9655732186510176,1.0,0.0,1.2293527704197913,38.81406399903651,35.32,0.08,0.32,0.3581259320267812,0.1038374717832957,0.1614401858304297,25,300,0.09504316747188568,0.4166666666666667,0.9049568772315979,0.09924992173910141
pure_top_p,0.3,0.8,0,30,0.0,0.0,0.25,1.0,1.0,0.0,0.3418149685114622,38.11410749945969,7.0,1.0,0.04,0.0,0.04,0.04,25,300,1.6212463549436507e-07,1.0,0.9999998807907104,1.1453258252913656e-07
pure_top_p,0.3,0.8,0,31,0.0,0.0,0.0,1.0,0.0,0.0,0.052593176383525,38.07701432059553,1.0,1.0,0.04,0.0,0.04,,25,300,1.4305114426349519e-08,1.0,1.0,5.066072361614715e-08
pure_top_p,0.3,0.8,0,32,0.0,0.0,0.5,0.987170868347339,1.0,0.0,0.5397032077610493,38.30842236542258,10.92,1.0,0.24,0.2519296811213478,0.1062271062271062,0.1411290322580645,25,300,0.022789819166064262,0.77,0.9772101640701294,0.024915117770433426
pure_top_p,0.3,0.8,0,33,0.5,0.0,0.75,1.0,1.0,0.0,0.3873627135250717,38.78452355659691,8.0,1.0,0.04,0.0,0.04,0.04,25,300,0.0,1.0,1.0,0.0
pure_top_p,0.3,0.8,0,34,0.16,0.16,0.37,1.0,0.16,0.0,0.1234902738779782,38.760625029170626,1.96,1.0,0.12,0.2844444444444444,0.2040816326530612,0.375,25,300,0.11630869656801224,0.72,0.8836913108825684,0.18668439984321594
pure_top_p,0.3,0.8,0,35,1.0,1.0,0.25,1.0,1.0,0.0,0.4768850619159639,37.93206355901516,11.0,1.0,0.04,0.0,0.04,0.04,25,300,9.536743306171047e-08,1.0,1.0,1.1699592761260647e-07
pure_top_p,0.3,0.8,0,36,1.0,1.0,0.25,1.0,1.0,0.0,0.3538755765464156,39.574504278571645,12.0,1.0,0.04,0.0,0.04,0.04,25,300,0.0,1.0,1.0,0.0
pure_top_p,0.3,0.8,0,37,0.5,0.0,0.0,1.0,1.0,0.0,0.3423751546163112,38.014238955164025,11.0,1.0,0.04,0.0,0.04,0.04,25,300,1.668930060816365e-08,1.0,1.0,3.1592509941447133e-08
pure_top_p,0.3,0.8,0,38,0.5,0.0,0.5,1.0,1.0,0.0,0.4211133286729455,38.03792016021712,14.0,1.0,0.04,0.0,0.04,0.04,25,300,2.1457672971791908e-08,1.0,1.0,3.582254137768359e-08
pure_top_p,0.3,0.8,0,39,1.0,1.0,0.25,1.0,1.0,0.0,0.2877940132655203,38.288721550636254,8.0,1.0,0.04,0.0,0.04,0.04,25,300,4.7683716530855236e-08,1.0,1.0,5.849796380630323e-08
pure_top_p,0.3,0.8,0,40,0.56,0.12,0.32,0.9514185463659148,1.0,0.0,0.4416026171762496,38.9229960281219,15.0,1.0,0.24,0.2881378865283024,0.072,0.1,25,300,0.06137484312057495,0.5933333333333334,0.938625156879425,0.07268553972244263
pure_top_p,0.3,0.8,0,41,1.0,1.0,0.25,1.0,0.0,0.0,0.0766559082176536,39.178685750479175,1.0,1.0,0.04,0.0,0.04,,25,300,8.583069188716763e-08,1.0,1.0,1.013214472322943e-07
pure_top_p,0.3,0.8,0,42,0.0,0.0,0.0,1.0,1.0,0.0,0.1047100262716412,38.30677621339595,2.0,1.0,0.04,0.0,0.04,0.04,25,300,3.814697180359872e-08,1.0,1.0,4.776338613510234e-08
pure_top_p,0.3,0.8,0,43,0.8,0.6,0.45,1.0,0.6,0.0,0.320660494081676,38.783518523537715,5.64,1.0,0.12,0.4865925925925926,0.0709219858156028,0.0948275862068965,25,300,0.15309125185012817,0.5,0.8469087481498718,0.15198442339897156
pure_top_p,0.3,0.8,0,44,1.0,1.0,0.25,1.0,0.0,0.0,0.0638762811664491,38.78961646175028,1.0,1.0,0.08,0.0,0.04,,25,300,0.05477011948823929,0.48,0.9452298879623413,0.05270935222506523
pure_top_p,0.3,0.8,0,45,0.4,0.28,0.46,0.9233146574983024,1.0,0.0,0.9102151452749968,38.77399071135558,28.68,0.88,0.64,0.6305690801693904,0.1309686221009549,0.2415254237288135,25,300,0.14472346007823944,0.12666666666666668,0.8552764654159546,0.07638215273618698
pure_top_p,0.3,0.8,0,46,1.0,1.0,0.75,1.0,1.0,0.0,0.4206664557848125,38.12396936659678,14.0,1.0,0.04,0.0,0.04,0.04,25,300,0.0,1.0,1.0,0.0
pure_top_p,0.3,0.8,0,47,0.76,0.6,0.66,0.923503137887893,0.9989743589743588,0.0,0.9302428103610874,37.64221951044475,29.08,0.92,0.72,0.5369084881247767,0.1222527472527472,0.2332859174964438,25,300,0.10094311833381653,0.18666666666666668,0.8990569114685059,0.050913698971271515
pure_top_p,0.3,0.8,0,48,0.5,0.0,0.0,1.0,1.0,0.0,0.1429331970028579,35.71115320145706,2.0,1.0,0.04,0.0,0.04,0.04,25,300,9.298324243900424e-08,1.0,1.0,1.0061536670491478e-07
pure_top_p,0.3,0.8,0,49,0.0,0.0,0.0,1.0,0.0,0.0,0.0788971234206109,38.07599878750527,1.0,1.0,0.04,0.0,0.04,,25,300,0.0,1.0,1.0,0.0
pure_top_p,0.3,0.9,0,0,1.0,1.0,0.5,1.0,1.0,0.0,0.4191677745617926,42.96056016430218,14.0,1.0,0.04,0.0,0.04,0.04,25,300,0.0,1.0,1.0,0.0
pure_top_p,0.3,0.9,0,1,0.0,0.0,0.25,1.0,1.0,0.0,0.1869777132198213,43.42864534171638,6.0,1.0,0.12,0.233968253968254,0.0466666666666666,0.064,25,300,0.014994880184531212,1.0,0.9850050806999207,0.0157681442797184
pure_top_p,0.3,0.9,0,2,0.54,0.08,0.28,1.0,1.0,0.0,0.2903202120400965,43.53518093125922,9.44,1.0,0.2,0.4609696504212633,0.1694915254237288,0.1943127962085308,25,300,0.14507071673870087,0.5233333333333333,0.8549293875694275,0.15557721257209778
pure_top_p,0.3,0.9,0,3,0.0,0.0,0.25,1.0,1.0,0.0,0.184259853158146,43.41713620560249,6.0,1.0,0.12,0.1834126984126984,0.06,0.08,25,300,0.012071833945810795,0.92,0.9879281520843506,0.03313928470015526
pure_top_p,0.3,0.9,0,4,0.0,0.0,0.25,1.0,1.0,0.0,0.0921482999809086,43.40850283622747,2.0,1.0,0.04,0.0,0.04,0.04,25,300,9.536743306171047e-08,1.0,1.0,1.1699592761260647e-07
pure_top_p,0.3,0.9,0,5,0.0,0.0,0.0,1.0,1.0,0.0,0.0691470925696193,43.38836785380001,2.0,1.0,0.04,0.0,0.04,0.04,25,300,1.9073486612342094e-07,1.0,0.9999998211860657,1.3562194567384722e-07
pure_top_p,0.3,0.9,0,6,0.42,0.24,0.57,0.9211344102962978,0.9985714285714288,0.0,0.8802224069088698,43.104088621157345,32.08,0.72,0.56,0.5304904817803834,0.1066499372647427,0.172279792746114,25,300,0.11807159334421158,0.24333333333333335,0.8819283843040466,0.07383506000041962
pure_top_p,0.3,0.9,0,7,0.04,0.0,0.46,0.9453329209769108,1.0,0.0,0.6093080791272223,42.96125752319871,18.64,1.0,0.52,0.6126926683741746,0.1175298804780876,0.2159329140461215,25,300,0.07008104026317596,0.23333333333333334,0.9299189448356628,0.03349807858467102
pure_top_p,0.3,0.9,0,8,0.0,0.0,0.0,1.0,0.0,0.0,0.0461067639198153,43.3831402754133,1.0,1.0,0.04,0.0,0.04,,25,300,3.099441414633475e-08,1.0,1.0,5.970423444523476e-08
pure_top_p,0.3,0.9,0,9,0.0,0.0,0.0,1.0,0.0,0.0,0.0687727862689643,43.62211748257135,1.0,1.0,0.04,0.0,0.04,,25,300,0.0,1.0,1.0,0.0
pure_top_p,0.3,0.9,0,10,1.0,1.0,0.75,0.9615384615384616,1.0,0.0,0.713511551823467,43.44734204338604,26.0,1.0,0.08,0.0169230769230769,0.04,0.0432,25,300,0.000322844396578148,1.0,0.9996771216392517,0.0006089115631766617
pure_top_p,0.3,0.9,0,11,0.0,0.0,0.37,0.9801688166905558,0.36,0.0,0.2633687448594718,42.915295254796746,7.64,1.0,0.16,0.4841010378510378,0.1219512195121951,0.1611111111111111,25,300,0.24440017342567444,0.52,0.755599856376648,0.2511598467826843
pure_top_p,0.3,0.9,0,12,0.44,0.0,0.49,1.0,1.0,0.0,0.4446669687051326,43.44699740528862,14.08,1.0,0.2,0.1662600128507174,0.0852272727272727,0.0978593272171253,25,300,0.024018792435526848,0.7733333333333333,0.9759812355041504,0.045975394546985626
pure_top_p,0.3,0.9,0,13,0.42,0.0,0.25,0.9973333333333332,1.0,0.0,0.1967414202727377,43.50246772232269,6.36,1.0,0.16,0.4826741854636591,0.1257861635220125,0.1567164179104477,25,300,0.08111521601676941,0.4533333333333333,0.9188848733901978,0.07690874487161636
pure_top_p,0.3,0.9,0,14,0.5,0.0,0.0,1.0,0.0,0.0,0.0691444996278732,43.39210510059673,1.0,1.0,0.04,0.0,0.04,,25,300,0.0,1.0,1.0,0.0
pure_top_p,0.3,0.9,0,15,1.0,1.0,0.25,1.0,1.0,0.0,0.1850906640384345,43.23083571279463,6.0,1.0,0.04,0.0,0.04,0.04,25,300,2.3841858265427618e-08,1.0,1.0,8.443453936024525e-08
pure_top_p,0.3,0.9,0,16,0.0,0.0,0.25,1.0,1.0,0.0,0.3915289005637168,43.42004138448914,8.0,1.0,0.04,0.0,0.04,0.04,25,300,1.0490417423625331e-07,1.0,1.0,1.3925300379469263e-07
pure_top_p,0.3,0.9,0,17,0.0,0.0,0.25,0.9715662344266462,1.0,0.0,0.5318017143569886,42.21985112635187,17.92,1.0,0.32,0.1723803346362237,0.0669642857142857,0.0945626477541371,25,300,0.0364631749689579,0.6533333333333333,0.96353679895401,0.0477595217525959
pure_top_p,0.3,0.9,0,18,0.76,0.56,0.55,0.9043296455081912,0.9989743589743588,0.0,0.9139014131948352,41.50460281115993,31.68,0.48,0.64,0.5800618961015394,0.1283018867924528,0.2246753246753246,25,300,0.13476815819740295,0.20666666666666667,0.8652318120002747,0.07751242071390152
pure_top_p,0.3,0.9,0,19,1.0,1.0,0.25,1.0,0.0,0.0,0.0459117450565099,43.56211838092291,1.0,1.0,0.04,0.0,0.04,,25,300,0.0,1.0,1.0,0.0
pure_top_p,0.3,0.9,0,20,0.52,0.04,0.51,0.9961904761904762,1.0,0.0,0.3088288481067866,43.52215513041749,11.32,1.0,0.16,0.2513568457686105,0.0848056537102473,0.1356589147286821,25,300,0.028635209426283836,0.7733333333333333,0.9713647365570068,0.033403441309928894
pure_top_p,0.3,0.9,0,21,0.02,0.0,0.42,0.9698212549977256,1.0,0.0,0.534596278918907,43.04514246436374,14.84,1.0,0.64,0.4513902356952242,0.1320754716981132,0.2514450867052023,25,300,0.08886638283729553,0.35,0.9111336469650269,0.07026002556085587
pure_top_p,0.3,0.9,0,22,0.26,0.0,0.25,0.8818407033839705,0.990294308632544,0.0,1.0738168791681528,43.47115939069918,32.36,0.32,0.76,0.4849418992598847,0.1063040791100123,0.173469387755102,25,300,0.09804780036211014,0.13666666666666666,0.9019520878791809,0.0458025261759758
pure_top_p,0.3,0.9,0,23,0.5,0.0,0.25,1.0,1.0,0.0,0.1649391491618007,42.478366092695225,3.0,1.0,0.04,0.0,0.04,0.04,25,300,0.0,1.0,1.0,0.0
pure_top_p,0.3,0.9,0,24,0.0,0.0,0.39,0.907453204946207,1.0,0.0,0.8785256292019039,43.337527306589934,27.0,0.88,0.72,0.6074012871293037,0.1426332288401254,0.2707993474714519,25,300,0.15004657208919525,0.12,0.8499534726142883,0.07163754850625992
pure_top_p,0.3,0.9,0,25,1.0,1.0,0.75,1.0,1.0,0.0,0.233672457979992,38.569249985771016,5.0,1.0,0.08,0.0933333333333333,0.048,0.05,25,300,0.01319178007543087,1.0,0.9868082404136658,0.021189255639910698
pure_top_p,0.3,0.9,0,26,1.0,1.0,0.85,0.8801486365486366,0.9780056766488552,0.0,1.2266319861169903,38.59833090446124,27.04,0.2,0.52,0.3129075473236022,0.0624235006119951,0.1123737373737373,25,300,0.01582619920372963,1.0,0.9841737747192383,0.012109152041375637
pure_top_p,0.3,0.9,0,27,0.16,0.04,0.26,1.0,1.0,0.0,0.1741793634090572,39.550732339764885,4.44,1.0,0.16,0.3833333333333333,0.081081081081081,0.0930232558139534,25,300,0.129737988114357,0.5333333333333333,0.8702620267868042,0.14418330788612366
pure_top_p,0.3,0.9,0,28,0.0,0.0,0.25,0.883342670401494,1.0,0.0,0.8951314845681191,39.58548661081832,16.76,1.0,0.2,0.3416187504333957,0.048728813559322,0.0671140939597315,25,300,0.09028467535972595,0.46,0.9097153544425964,0.07520274817943573
pure_top_p,0.3,0.9,0,29,0.44,0.0,0.34,0.961136647702767,1.0,0.0,1.253505744729191,37.64364908322704,34.24,0.16,0.64,0.500316205361341,0.1127906976744186,0.1844311377245509,25,300,0.12160900235176086,0.3,0.8783910274505615,0.09330768138170242
pure_top_p,0.3,0.9,0,30,0.04,0.0,0.32,0.98,1.0,0.0,0.3872195915877819,37.62824216189874,7.76,1.0,0.16,0.1624444444444444,0.0618556701030927,0.0769230769230769,25,300,0.018554560840129852,0.8466666666666667,0.9814454317092896,0.02227221429347992
pure_top_p,0.3,0.9,0,31,0.0,0.0,0.0,1.0,0.0,0.0,0.0523799555841832,38.4563211830405,1.0,1.0,0.04,0.0,0.04,,25,300,1.4305114426349519e-08,1.0,1.0,5.066072361614715e-08
pure_top_p,0.3,0.9,0,32,0.0,0.0,0.56,0.9869982648930018,1.0,0.0,0.5558278098609298,37.449947127206066,11.12,1.0,0.32,0.443671550644158,0.1366906474820144,0.1778656126482213,25,300,0.04375291243195534,0.47,0.9562471508979797,0.026609284803271294
pure_top_p,0.3,0.9,0,33,0.5,0.0,0.75,1.0,1.0,0.0,0.3922497527301311,38.32648287291452,8.0,1.0,0.04,0.0,0.04,0.04,25,300,0.0,1.0,1.0,0.0
pure_top_p,0.3,0.9,0,34,0.28,0.28,0.46,1.0,0.28,0.0,0.1393076769076287,38.68292027009349,2.68,1.0,0.12,0.4288888888888889,0.1492537313432835,0.2142857142857142,25,300,0.17479866743087769,0.58,0.8252013325691223,0.205502450466156
pure_top_p,0.3,0.9,0,35,1.0,1.0,0.25,1.0,1.0,0.0,0.4687763080187141,38.627092110738474,11.0,1.0,0.04,0.0,0.04,0.04,25,300,9.536743306171047e-08,1.0,1.0,1.1699592761260647e-07
pure_top_p,0.3,0.9,0,36,0.96,0.96,0.27,1.0,1.0,0.0,0.3544715326558798,39.74089884373746,12.0,1.0,0.12,0.1104323308270676,0.0662251655629139,0.0794223826714801,25,300,0.009853871539235115,0.8466666666666667,0.9901461005210876,0.023590460419654846
pure_top_p,0.3,0.9,0,37,0.5,0.0,0.0,1.0,1.0,0.0,0.3304814781900495,39.35822679943781,11.0,1.0,0.04,0.0,0.04,0.04,25,300,1.668930060816365e-08,1.0,1.0,3.1592509941447133e-08
pure_top_p,0.3,0.9,0,38,0.5,0.0,0.5,1.0,1.0,0.0,0.4230615405458957,37.85849863290911,14.0,1.0,0.04,0.0,0.04,0.04,25,300,2.1457672971791908e-08,1.0,1.0,3.582254137768359e-08
pure_top_p,0.3,0.9,0,39,1.0,1.0,0.25,1.0,1.0,0.0,0.2851618870720267,38.62702754597857,8.0,1.0,0.04,0.0,0.04,0.04,25,300,4.7683716530855236e-08,1.0,1.0,5.849796380630323e-08
pure_top_p,0.3,0.9,0,40,0.52,0.04,0.28,0.9523663003663004,1.0,0.0,0.4169208604097366,39.74568468158143,14.52,1.0,0.32,0.278118455700386,0.0826446280991735,0.0946745562130177,25,300,0.039973486214876175,0.7266666666666667,0.9600265622138977,0.043172720819711685
pure_top_p,0.3,0.9,0,41,1.0,1.0,0.25,1.0,0.0,0.0,0.0776725612487643,38.65203858428358,1.0,1.0,0.04,0.0,0.04,,25,300,8.583069188716763e-08,1.0,1.0,1.013214472322943e-07
pure_top_p,0.3,0.9,0,42,0.0,0.0,0.0,1.0,1.0,0.0,0.1066218351572751,37.627984123428384,2.0,1.0,0.04,0.0,0.04,0.04,25,300,3.814697180359872e-08,1.0,1.0,4.776338613510234e-08
pure_top_p,0.3,0.9,0,43,0.76,0.52,0.39,0.9969230769230768,0.52,0.0,0.3042171517852693,38.433622477501125,5.12,1.0,0.16,0.5127777777777777,0.109375,0.1553398058252427,25,300,0.16077274084091187,0.48,0.8392273187637329,0.15080930292606354
pure_top_p,0.3,0.9,0,44,1.0,1.0,0.25,1.0,0.0,0.0,0.061062716897577,38.73641515190295,1.0,1.0,0.08,0.0,0.04,,25,300,0.05055703595280647,0.52,0.9494429230690002,0.05270935595035553
pure_top_p,0.3,0.9,0,45,0.3,0.2,0.4,0.9421409347081158,1.0,0.0,0.8481348979659379,37.637032016539386,25.6,0.84,0.64,0.5914028852978916,0.1443768996960486,0.2717219589257504,25,300,0.147301584482193,0.14333333333333334,0.8526983857154846,0.07611030340194702
pure_top_p,0.3,0.9,0,46,1.0,1.0,0.75,1.0,1.0,0.0,0.4172070730943232,38.42412208070364,14.0,1.0,0.04,0.0,0.04,0.04,25,300,0.0,1.0,1.0,0.0
pure_top_p,0.3,0.9,0,47,0.7,0.64,0.66,0.9214354295345006,0.9965622690317812,0.0,1.0332731962017716,37.096696819967065,31.44,0.92,0.72,0.5462248220967882,0.1316455696202531,0.265359477124183,25,300,0.09999154508113861,0.10333333333333333,0.9000084400177002,0.044267091900110245
pure_top_p,0.3,0.9,0,48,0.5,0.0,0.0,1.0,1.0,0.0,0.1405354326032101,36.17766468287551,2.0,1.0,0.04,0.0,0.04,0.04,25,300,9.298324243900424e-08,1.0,1.0,1.0061536670491478e-07
pure_top_p,0.3,0.9,0,49,0.0,0.0,0.0,1.0,0.0,0.0,0.0890710682608186,34.81013299684258,1.0,1.0,0.04,0.0,0.04,,25,300,0.0,1.0,1.0,0.0
pure_top_p,0.3,0.95,0,0,1.0,1.0,0.51,1.0,1.0,0.0,0.4295996276196092,42.2027772808994,14.12,1.0,0.08,0.0222222222222222,0.0509915014164305,0.0548780487804878,25,300,0.002663042861968279,1.0,0.9973369240760803,0.00904590729624033
pure_top_p,0.3,0.95,0,1,0.0,0.0,0.25,1.0,1.0,0.0,0.1851160048972815,43.21927212000264,6.0,1.0,0.08,0.1733333333333333,0.04,0.048,25,300,0.007640716154128313,1.0,0.9923592209815979,0.007353227585554123
pure_top_p,0.3,0.95,0,2,0.52,0.04,0.29,0.9973333333333332,1.0,0.0,0.3268797779269516,40.877825172043664,10.12,1.0,0.32,0.5244443420332098,0.1818181818181818,0.2456140350877192,25,300,0.1631067395210266,0.4166666666666667,0.8368932604789734,0.1565144807100296
pure_top_p,0.3,0.95,0,3,0.0,0.0,0.25,1.0,1.0,0.0,0.1838960414286702,43.29400405719493,5.96,1.0,0.16,0.2234523809523809,0.0604026845637583,0.0887096774193548,25,300,0.02182079665362835,0.8466666666666667,0.9781790971755981,0.04438326880335808
pure_top_p,0.3,0.95,0,4,0.0,0.0,0.25,1.0,0.88,0.0,0.0891883170977234,43.50096149445836,1.88,1.0,0.08,0.11,0.0425531914893617,0.0454545454545454,25,300,0.05276060476899147,0.78,0.9472393989562988,0.09951074421405792
pure_top_p,0.3,0.95,0,5,0.0,0.0,0.0,1.0,1.0,0.0,0.0691565035190432,43.38015614833388,2.0,1.0,0.04,0.0,0.04,0.04,25,300,1.9073486612342094e-07,1.0,0.9999998211860657,1.3562194567384722e-07
pure_top_p,0.3,0.95,0,6,0.54,0.36,0.61,0.916539951873079,0.9943024843024844,0.0023611111111111,0.8679889306053519,42.82309550293398,31.28,0.8,0.64,0.5324257502543278,0.1181001283697047,0.1883289124668435,25,300,0.134303480386734,0.19666666666666666,0.8656964898109436,0.08461342006921768
pure_top_p,0.3,0.95,0,7,0.02,0.0,0.45,0.9530828511357924,1.0,0.0,0.5990024065040052,42.29435040281029,17.92,1.0,0.76,0.5716281796531736,0.1334702258726899,0.2619047619047619,25,300,0.057957667857408524,0.3466666666666667,0.9420424103736877,0.026896832510828972
pure_top_p,0.3,0.95,0,8,0.0,0.0,0.0,1.0,0.0,0.0,0.0461753927636891,43.31742515174209,1.0,1.0,0.04,0.0,0.04,,25,300,3.099441414633475e-08,1.0,1.0,5.970423444523476e-08
pure_top_p,0.3,0.95,0,9,0.0,0.0,0.0,1.0,0.0,0.0,0.0694785413146018,43.2121568694052,1.0,1.0,0.04,0.0,0.04,,25,300,0.0,1.0,1.0,0.0
pure_top_p,0.3,0.95,0,10,1.0,1.0,0.75,0.958026048026048,1.0,0.0,0.7295310469157994,43.47966088385225,26.56,1.0,0.24,0.1735740275256404,0.0587349397590361,0.0798122065727699,25,300,0.00853573065251112,1.0,0.9914642572402954,0.010043739341199398
pure_top_p,0.3,0.95,0,11,0.0,0.0,0.29,0.9881456707543664,0.2,0.0,0.1713480558432638,42.473202731858336,4.4,1.0,0.16,0.3234472934472935,0.2051282051282051,0.3260869565217391,25,300,0.16731496155261993,0.6666666666666666,0.8326850533485413,0.2358851432800293
pure_top_p,0.3,0.95,0,12,0.38,0.0,0.49,1.0,1.0,0.0,0.4561741604749113,43.49404830667238,14.6,1.0,0.28,0.3123954097338889,0.1123287671232876,0.1411764705882353,25,300,0.045760415494441986,0.58,0.9542396068572998,0.05373608320951462
pure_top_p,0.3,0.95,0,13,0.4,0.0,0.25,1.0,1.0,0.0,0.1971106876432895,43.4240820569441,6.52,1.0,0.24,0.4898811142442856,0.1901840490797546,0.2391304347826087,25,300,0.1085159182548523,0.42333333333333334,0.8914840817451477,0.11541023850440979
pure_top_p,0.3,0.95,0,14,0.5,0.0,0.0,1.0,0.0,0.0,0.069245491111651,43.328403516880755,1.0,1.0,0.04,0.0,0.04,,25,300,0.0,1.0,1.0,0.0
pure_top_p,0.3,0.95,0,15,1.0,1.0,0.25,1.0,1.0,0.0,0.1852467659115791,43.19853335429599,6.0,1.0,0.04,0.0,0.04,0.04,25,300,2.3841858265427618e-08,1.0,1.0,8.443453936024525e-08
pure_top_p,0.3,0.95,0,16,0.0,0.0,0.25,1.0,1.0,0.0,0.4110775548499077,41.363661055409494,8.0,1.0,0.04,0.0,0.04,0.04,25,300,1.0490417423625331e-07,1.0,1.0,1.3925300379469263e-07
pure_top_p,0.3,0.95,0,17,0.0,0.0,0.25,0.9866666666666668,1.0,0.0,0.4946660690754652,43.50312132306366,17.28,1.0,0.2,0.1269473684210526,0.0532407407407407,0.0712530712530712,25,300,0.017894664779305458,0.8466666666666667,0.9821053147315979,0.03587769716978073
pure_top_p,0.3,0.95,0,18,0.78,0.56,0.58,0.8897949244693057,0.996019656019656,0.0011111111111111,0.931387102631852,42.90093332461042,33.04,0.44,0.76,0.6366083247888051,0.1628468033775633,0.2947761194029851,25,300,0.1562403291463852,0.19,0.8437596559524536,0.09550099819898605
pure_top_p,0.3,0.95,0,19,1.0,1.0,0.25,1.0,0.0,0.0,0.0459536306653171,43.52260889434306,1.0,1.0,0.04,0.0,0.04,,25,300,0.0,1.0,1.0,0.0
pure_top_p,0.3,0.95,0,20,0.56,0.12,0.54,0.9877460317460318,1.0,0.0,0.3396116565261036,43.45252165638703,12.36,1.0,0.28,0.3797827733866568,0.1189710610932476,0.1958041958041958,25,300,0.06001642718911171,0.4666666666666667,0.9399835467338562,0.05108829215168953
pure_top_p,0.3,0.95,0,21,0.08,0.0,0.45,0.9666184400992586,1.0,0.0,0.5339954004064202,43.44993842048478,14.56,1.0,0.72,0.5216270473667824,0.1506849315068493,0.2647058823529412,25,300,0.10524313151836395,0.13,0.8947568535804749,0.05626104772090912
pure_top_p,0.3,0.95,0,22,0.28,0.0,0.26,0.8966399369131817,0.9950354349951124,0.0,1.1076348147448152,43.1609347859743,32.68,0.12,0.84,0.5004563260189812,0.1177914110429447,0.1936708860759493,25,300,0.09870253503322601,0.1,0.901297390460968,0.04189819470047951
pure_top_p,0.3,0.95,0,23,0.48,0.0,0.25,0.9945454545454544,1.0,0.0,0.1822387240920215,43.443511996925096,3.76,1.0,0.08,0.08,0.2340425531914893,0.3333333333333333,25,300,0.048195723444223404,0.92,0.9518042206764221,0.1637127548456192
pure_top_p,0.3,0.95,0,24,0.0,0.0,0.33,0.9196628516846036,1.0,0.0,0.8790481900703162,39.3144033611014,24.96,0.96,0.68,0.6468489030522467,0.1604095563139931,0.2905525846702317,25,300,0.17102180421352386,0.10333333333333333,0.8289782404899597,0.08012385666370392
pure_top_p,0.3,0.95,0,25,0.98,0.96,0.74,1.0,1.0,0.0,0.228462772835046,38.92758557941703,4.92,1.0,0.12,0.1574603174603174,0.065040650406504,0.0714285714285714,25,300,0.03062094748020172,0.92,0.9693790674209595,0.06118416413664818
pure_top_p,0.3,0.95,0,26,0.96,0.96,0.85,0.8914622816039695,0.9745979325022804,0.0,1.0782382988743484,39.39680815580437,24.0,0.48,0.68,0.4217577286342175,0.0753424657534246,0.1390070921985815,25,300,0.040702108293771744,0.7766666666666666,0.9592978954315186,0.050402235239744186
pure_top_p,0.3,0.95,0,27,0.2,0.0,0.23,1.0,1.0,0.0,0.1767237608227878,39.55407926537308,4.56,1.0,0.2,0.5588518518518519,0.1929824561403508,0.2359550561797752,25,300,0.1844383031129837,0.35,0.8155617117881775,0.15179583430290222
pure_top_p,0.3,0.95,0,28,0.0,0.0,0.26,0.8907539258127493,1.0,0.0,0.9193252117279918,38.56695243737908,16.96,0.96,0.32,0.4162928519262716,0.0947368421052631,0.1266666666666666,25,300,0.11953885108232498,0.3466666666666667,0.8804612159729004,0.09221881628036499
pure_top_p,0.3,0.95,0,29,0.46,0.0,0.37,0.9616607233840436,1.0,0.0,1.1831708165537569,39.37804384375865,33.24,0.28,0.96,0.5665913274800813,0.1394517282479142,0.2518427518427518,25,300,0.1100819930434227,0.15,0.8899180293083191,0.06015061214566231
pure_top_p,0.3,0.95,0,30,0.04,0.0,0.3,0.992,1.0,0.0,0.377671622838825,38.5993340197527,7.56,1.0,0.16,0.1425103785103785,0.0846560846560846,0.1158536585365853,25,300,0.02162977308034897,0.7733333333333333,0.9783702492713928,0.034883491694927216
pure_top_p,0.3,0.95,0,31,0.0,0.0,0.0,1.0,0.0,0.0,0.0515522512607276,38.844190079721464,1.0,1.0,0.04,0.0,0.04,,25,300,1.4305114426349519e-08,1.0,1.0,5.066072361614715e-08
pure_top_p,0.3,0.95,0,32,0.0,0.0,0.51,0.9623095771101964,1.0,0.0,0.5900878871697932,37.39154957820078,11.6,1.0,0.52,0.4153189424473342,0.1413793103448276,0.2075471698113207,25,300,0.04187234863638878,0.59,0.9581276178359985,0.026476053521037102
pure_top_p,0.3,0.95,0,33,0.5,0.0,0.75,1.0,1.0,0.0,0.4005185536108911,37.50596827923497,8.0,1.0,0.04,0.0,0.04,0.04,25,300,0.0,1.0,1.0,0.0
pure_top_p,0.3,0.95,0,34,0.28,0.28,0.46,1.0,0.28,0.0,0.1484056067094206,36.53598618886105,2.68,1.0,0.08,0.42,0.1194029850746268,0.1428571428571428,25,300,0.17507456243038177,0.58,0.8249253630638123,0.20608074963092804
pure_top_p,0.3,0.95,0,35,1.0,1.0,0.25,1.0,1.0,0.0,0.467551354598254,38.54532152287442,11.0,1.0,0.04,0.0,0.04,0.04,25,300,9.536743306171047e-08,1.0,1.0,1.1699592761260647e-07
pure_top_p,0.3,0.95,0,36,0.84,0.84,0.29,1.0,1.0,0.0,0.3889730257540941,38.42986368446197,12.76,1.0,0.2,0.1440626984126984,0.08125,0.1050847457627118,25,300,0.016176989302039146,0.9233333333333333,0.9838230609893799,0.02249772846698761
pure_top_p,0.3,0.95,0,37,0.5,0.0,0.0,1.0,1.0,0.0,0.3369572101719677,38.61265077520272,11.0,1.0,0.04,0.0,0.04,0.04,25,300,1.668930060816365e-08,1.0,1.0,3.1592509941447133e-08
pure_top_p,0.3,0.95,0,38,0.5,0.0,0.5,1.0,1.0,0.0,0.4220885411184281,37.94939553750917,14.0,1.0,0.08,0.0204444444444444,0.0428571428571428,0.0461538461538461,25,300,0.0016968246782198548,1.0,0.9983031153678894,0.003993874415755272
pure_top_p,0.3,0.95,0,39,1.0,1.0,0.25,1.0,1.0,0.0,0.2921843781508505,38.5335511531469,8.24,1.0,0.12,0.1112121212121211,0.0631067961165048,0.0828729281767955,25,300,0.0034123118966817856,1.0,0.9965877532958984,0.006345353089272976
pure_top_p,0.3,0.95,0,40,0.54,0.08,0.33,0.95050641025641,1.0,0.0,0.4906596708204597,37.256718713688585,16.04,1.0,0.24,0.2824063209990913,0.1072319201995012,0.1356382978723404,25,300,0.049342162907123566,0.6466666666666666,0.950657844543457,0.057379189878702164
pure_top_p,0.3,0.95,0,41,1.0,1.0,0.25,1.0,0.0,0.0,0.0769685132894664,39.06317796802764,1.0,1.0,0.04,0.0,0.04,,25,300,8.583069188716763e-08,1.0,1.0,1.013214472322943e-07
pure_top_p,0.3,0.95,0,42,0.0,0.0,0.0,1.0,1.0,0.0,0.1022467306256293,39.16648198445539,2.0,1.0,0.04,0.0,0.04,0.04,25,300,3.814697180359872e-08,1.0,1.0,4.776338613510234e-08
pure_top_p,0.3,0.95,0,43,0.86,0.72,0.54,0.9969230769230768,0.72,0.0,0.3657864144165069,38.21834546723753,6.84,1.0,0.16,0.4305555555555555,0.0818713450292397,0.1095890410958904,25,300,0.13178324699401855,0.58,0.8682167530059814,0.15024565160274506
pure_top_p,0.3,0.95,0,44,1.0,1.0,0.25,1.0,0.0,0.0,0.0674693223088979,38.04485691931418,1.0,1.0,0.08,0.0,0.04,,25,300,0.054067935794591904,0.4866666666666667,0.9459320902824402,0.052732814103364944
pure_top_p,0.3,0.95,0,45,0.36,0.2,0.45,0.9213650869873216,1.0,0.0,0.9162765722256154,38.68569325068141,29.16,0.8,0.76,0.6036126951561829,0.1345895020188425,0.2674094707520891,25,300,0.140339195728302,0.15333333333333332,0.8596608638763428,0.06386078894138336
pure_top_p,0.3,0.95,0,46,1.0,1.0,0.75,1.0,1.0,0.0,0.4227450778987258,37.89583779736517,14.0,1.0,0.04,0.0,0.04,0.04,25,300,0.0,1.0,1.0,0.0
pure_top_p,0.3,0.95,0,47,0.62,0.52,0.62,0.9417518045939098,0.9978479196556672,0.0,0.9914146045502276,35.53908248518975,29.0,0.92,0.76,0.5863142634473049,0.136986301369863,0.2709219858156028,25,300,0.10849624872207642,0.11333333333333333,0.8915038108825684,0.04861316457390785
pure_top_p,0.3,0.95,0,48,0.5,0.0,0.0,1.0,1.0,0.0,0.1380165967438369,36.70137506314049,2.0,1.0,0.04,0.0,0.04,0.04,25,300,9.298324243900424e-08,1.0,1.0,1.0061536670491478e-07
pure_top_p,0.3,0.95,0,49,0.0,0.0,0.0,1.0,0.0,0.0,0.0781011049076914,38.50993790708131,1.0,1.0,0.04,0.0,0.04,,25,300,0.0,1.0,1.0,0.0
pure_top_p,0.7,0.6,0,0,1.0,1.0,0.5,1.0,1.0,0.0,0.4290369896963238,41.97374739643559,14.0,1.0,0.04,0.0,0.04,0.04,25,300,0.0,1.0,1.0,0.0
pure_top_p,0.7,0.6,0,1,0.0,0.0,0.25,1.0,1.0,0.0,0.1865915577020495,43.51898282166574,6.0,1.0,0.12,0.2304761904761904,0.0466666666666666,0.064,25,300,0.014799620024859905,1.0,0.9852004051208496,0.015545082278549671
pure_top_p,0.7,0.6,0,2,0.5,0.0,0.27,1.0,1.0,0.0,0.2897439253050834,43.620778671267146,9.52,1.0,0.16,0.5611851481851482,0.1260504201680672,0.1549295774647887,25,300,0.15603522956371307,0.39666666666666667,0.8439648151397705,0.14392372965812683
pure_top_p,0.7,0.6,0,3,0.0,0.0,0.25,1.0,1.0,0.0,0.1935737784672527,41.353317503707295,6.0,1.0,0.12,0.2122222222222222,0.06,0.08,25,300,0.021019242703914642,0.8466666666666667,0.9789807200431824,0.0442860908806324
pure_top_p,0.7,0.6,0,4,0.0,0.0,0.25,1.0,1.0,0.0,0.0916398707125335,43.64926842344118,2.0,1.0,0.04,0.0,0.04,0.04,25,300,9.536743306171047e-08,1.0,1.0,1.1699592761260647e-07
pure_top_p,0.7,0.6,0,5,0.0,0.0,0.0,1.0,1.0,0.0,0.0687776532210409,43.61893851141679,2.0,1.0,0.04,0.0,0.04,0.04,25,300,1.9073486612342094e-07,1.0,0.9999998211860657,1.3562194567384722e-07
pure_top_p,0.7,0.6,0,6,0.6,0.6,0.65,0.8840195082300345,0.9977777777777778,0.0,0.8252420007809996,42.81281582152233,30.72,1.0,0.28,0.4153577923301615,0.0638020833333333,0.0969044414535666,25,300,0.093217633664608,0.3333333333333333,0.9067824482917786,0.07417429238557816
pure_top_p,0.7,0.6,0,7,0.04,0.0,0.47,0.9380960784313728,1.0,0.0,0.6127427618019283,43.53804964017817,19.08,1.0,0.52,0.5932512105299134,0.1085271317829457,0.1914460285132382,25,300,0.06350699067115784,0.30333333333333334,0.936492919921875,0.03373458981513977
pure_top_p,0.7,0.6,0,8,0.0,0.0,0.0,1.0,0.0,0.0,0.0458406122494488,43.62975230171366,1.0,1.0,0.04,0.0,0.04,,25,300,3.099441414633475e-08,1.0,1.0,5.970423444523476e-08
pure_top_p,0.7,0.6,0,9,0.0,0.0,0.0,1.0,0.0,0.0,0.0687516491487622,43.63607319895726,1.0,1.0,0.04,0.0,0.04,,25,300,0.0,1.0,1.0,0.0
pure_top_p,0.7,0.6,0,10,1.0,1.0,0.75,0.962087912087912,1.0,0.0,0.7248003270570189,43.59991501743529,26.4,1.0,0.12,0.1590025252525252,0.05,0.0629921259842519,25,300,0.008634191937744617,1.0,0.9913657903671265,0.011306453496217728
pure_top_p,0.7,0.6,0,11,0.0,0.0,0.35,0.9789966555183948,0.36,0.0,0.2516911814082413,43.37356151624983,7.32,1.0,0.12,0.4830341880341881,0.1218274111675127,0.1453488372093023,25,300,0.24302256107330322,0.52,0.7569774389266968,0.2493913769721985
pure_top_p,0.7,0.6,0,12,0.5,0.0,0.5,1.0,1.0,0.0,0.4132391234952956,43.56598050395271,13.0,1.0,0.04,0.0,0.04,0.04,25,300,2.384185791015625e-07,1.0,0.9999998211860657,1.7262681240026723e-07
pure_top_p,0.7,0.6,0,13,0.4,0.0,0.25,1.0,1.0,0.0,0.2034987672045826,43.4112435289307,6.72,1.0,0.2,0.569171802054155,0.125,0.1678321678321678,25,300,0.09420879185199738,0.31333333333333335,0.9057912230491638,0.06994263827800751
pure_top_p,0.7,0.6,0,14,0.5,0.0,0.0,1.0,0.0,0.0,0.0689585907198488,43.5073191489494,1.0,1.0,0.04,0.0,0.04,,25,300,0.0,1.0,1.0,0.0
pure_top_p,0.7,0.6,0,15,1.0,1.0,0.25,1.0,1.0,0.0,0.1910187445767223,41.90252111973591,6.0,1.0,0.04,0.0,0.04,0.04,25,300,2.3841858265427618e-08,1.0,1.0,8.443453936024525e-08
pure_top_p,0.7,0.6,0,16,0.0,0.0,0.25,1.0,1.0,0.0,0.3928739135991781,43.28208546258436,8.0,1.0,0.04,0.0,0.04,0.04,25,300,1.0490417423625331e-07,1.0,1.0,1.3925300379469263e-07
pure_top_p,0.7,0.6,0,17,0.0,0.0,0.25,1.0,1.0,0.0,0.5109360345732421,43.07536135714111,18.0,1.0,0.04,0.0,0.0377777777777777,0.04,25,300,4.2915345943583816e-08,1.0,1.0,5.066072361614715e-08
pure_top_p,0.7,0.6,0,18,0.66,0.44,0.48,0.936896265052876,1.0,0.0,0.6686483599990606,43.385152352852835,23.92,0.68,0.44,0.6138355074853953,0.1254180602006689,0.1972076788830715,25,300,0.14978542923927307,0.15333333333333332,0.8502145409584045,0.07423850893974304
pure_top_p,0.7,0.6,0,19,1.0,1.0,0.25,1.0,0.0,0.0,0.0459582162648439,43.52500914417384,1.0,1.0,0.04,0.0,0.04,,25,300,0.0,1.0,1.0,0.0
pure_top_p,0.7,0.6,0,20,0.5,0.0,0.5,1.0,1.0,0.0,0.2980153329204767,43.62201713345359,11.0,1.0,0.08,0.1283333333333333,0.0436363636363636,0.056,25,300,0.011333831585943699,1.0,0.9886661767959595,0.011053916066884995
pure_top_p,0.7,0.6,0,21,0.04,0.0,0.48,0.963730819694522,1.0,0.0,0.6050123378727585,43.118047444004354,18.32,1.0,0.76,0.6066860966281069,0.1462882096069869,0.2933025404157043,25,300,0.14410075545310974,0.11,0.8558992743492126,0.0700358897447586
pure_top_p,0.7,0.6,0,22,0.34,0.0,0.25,0.8869985149350128,0.9912343260188088,0.0,1.092480311356485,43.261993479784806,32.72,0.2,0.8,0.4773302470710094,0.1143911439114391,0.1878172588832487,25,300,0.0865001454949379,0.15333333333333332,0.9134997725486755,0.03899914026260376
pure_top_p,0.7,0.6,0,23,0.5,0.0,0.25,1.0,1.0,0.0,0.1605332287680357,43.6055947906898,3.0,1.0,0.04,0.0,0.04,0.04,25,300,0.0,1.0,1.0,0.0
pure_top_p,0.7,0.6,0,24,0.0,0.0,0.3,0.9403283991370948,1.0,0.0,0.756554646184668,38.966612027659146,20.04,0.92,0.68,0.711870556081107,0.1995798319327731,0.3348115299334812,25,300,0.20769532024860382,0.056666666666666664,0.7923046946525574,0.07778438180685043
pure_top_p,0.7,0.6,0,25,1.0,1.0,0.75,1.0,1.0,0.0,0.233502889657393,38.58566470998654,5.0,1.0,0.08,0.16,0.048,0.05,25,300,0.022614477202296257,1.0,0.9773855805397034,0.023577220737934113
pure_top_p,0.7,0.6,0,26,1.0,1.0,0.91,0.8884891774891774,0.9673690962821396,0.0,1.1789335263893008,39.59420572867251,26.08,0.32,0.4,0.2931638204605186,0.05875,0.1032258064516129,25,300,0.017917465418577194,1.0,0.9820825457572937,0.011310108937323093
pure_top_p,0.7,0.6,0,27,0.08,0.0,0.25,1.0,1.0,0.0,0.2177955006528645,39.698487968485175,6.12,1.0,0.16,0.4595820105820106,0.130718954248366,0.1484375,25,300,0.20201578736305237,0.48333333333333334,0.7979841828346252,0.20766283571720123
pure_top_p,0.7,0.6,0,28,0.0,0.0,0.25,0.8987301587301586,1.0,0.0,0.928575987322256,39.11787294465187,16.72,1.0,0.12,0.1573150266971777,0.0476190476190476,0.0611353711790393,25,300,0.02639695815742016,0.92,0.9736031293869019,0.04554074630141258
pure_top_p,0.7,0.6,0,29,0.42,0.0,0.3,0.9517992714800116,1.0,0.0,1.2283853105828166,38.51147695210119,33.36,0.16,0.72,0.5712880630253208,0.1141176470588235,0.1939393939393939,25,300,0.14418426156044006,0.16333333333333333,0.8558157086372375,0.09125424921512604
pure_top_p,0.7,0.6,0,30,0.04,0.0,0.36,0.992,1.0,0.0,0.5344370624423027,38.06990790833014,8.56,1.0,0.24,0.3046366226366226,0.0747663551401869,0.1005291005291005,25,300,0.0660383403301239,0.4066666666666667,0.9339615702629089,0.051529984921216965
pure_top_p,0.7,0.6,0,31,0.0,0.0,0.0,1.0,0.0,0.0,0.0514075836353003,39.00345859237746,1.0,1.0,0.04,0.0,0.04,,25,300,1.4305114426349519e-08,1.0,1.0,5.066072361614715e-08
pure_top_p,0.7,0.6,0,32,0.0,0.0,0.5,0.967314552114552,1.0,0.0,0.5606711454037577,38.557440671957735,11.44,0.96,0.52,0.4598376532374826,0.1398601398601398,0.1954022988505747,25,300,0.04365156963467598,0.5766666666666667,0.9563484787940979,0.021203020587563515
pure_top_p,0.7,0.6,0,33,0.5,0.0,0.75,1.0,1.0,0.0,0.3895363961067051,38.56541018463696,8.0,1.0,0.04,0.0,0.04,0.04,25,300,0.0,1.0,1.0,0.0
pure_top_p,0.7,0.6,0,34,0.52,0.52,0.64,1.0,0.52,0.0,0.171320410221815,38.73118260280816,4.12,1.0,0.08,0.52,0.0776699029126213,0.0769230769230769,25,300,0.21675902605056763,0.48,0.7832409739494324,0.20860323309898376
pure_top_p,0.7,0.6,0,35,1.0,1.0,0.25,1.0,1.0,0.0,0.4574587291479111,39.37411279721375,11.0,1.0,0.04,0.0,0.04,0.04,25,300,9.536743306171047e-08,1.0,1.0,1.1699592761260647e-07
pure_top_p,0.7,0.6,0,36,0.88,0.88,0.25,1.0,1.0,0.0,0.3523773397225886,39.62064252508429,11.76,1.0,0.12,0.2404761904761904,0.0668896321070234,0.0766423357664233,25,300,0.019544849172234535,0.78,0.9804551005363464,0.03077845275402069
pure_top_p,0.7,0.6,0,37,0.5,0.0,0.0,1.0,1.0,0.0,0.3335794793348759,39.00413481045339,11.0,1.0,0.04,0.0,0.04,0.04,25,300,1.668930060816365e-08,1.0,1.0,3.1592509941447133e-08
pure_top_p,0.7,0.6,0,38,0.5,0.0,0.5,1.0,1.0,0.0,0.4219964396115392,37.95429654540283,14.0,1.0,0.04,0.0,0.04,0.04,25,300,2.1457672971791908e-08,1.0,1.0,3.582254137768359e-08
pure_top_p,0.7,0.6,0,39,1.0,1.0,0.25,1.0,1.0,0.0,0.2903828430734574,37.91529315528567,8.0,1.0,0.04,0.0,0.04,0.04,25,300,4.7683716530855236e-08,1.0,1.0,5.849796380630323e-08
pure_top_p,0.7,0.6,0,40,0.6,0.2,0.37,0.9497659960177122,1.0,0.0,0.4643438898772001,39.359926762100315,15.96,1.0,0.32,0.3097661256523149,0.0852130325814536,0.1229946524064171,25,300,0.07315592467784882,0.5833333333333334,0.92684406042099,0.08333289623260498
pure_top_p,0.7,0.6,0,41,1.0,1.0,0.25,1.0,0.0,0.0,0.0756554182153194,39.7027434028429,1.0,1.0,0.04,0.0,0.04,,25,300,8.583069188716763e-08,1.0,1.0,1.013214472322943e-07
pure_top_p,0.7,0.6,0,42,0.0,0.0,0.0,1.0,1.0,0.0,0.1035667908471077,38.6641845375513,2.0,1.0,0.04,0.0,0.04,0.04,25,300,3.814697180359872e-08,1.0,1.0,4.776338613510234e-08
pure_top_p,0.7,0.6,0,43,0.7,0.4,0.3,1.0,0.4,0.0,0.2665669993963092,38.89899369783616,4.2,1.0,0.08,0.4444444444444443,0.0857142857142857,0.1,25,300,0.15388700366020203,0.5,0.8461129665374756,0.15414409339427948
pure_top_p,0.7,0.6,0,44,1.0,1.0,0.25,1.0,0.0,0.0,0.0722035102453082,37.36897699746697,1.0,1.0,0.08,0.0,0.04,,25,300,0.04774831607937813,0.5466666666666666,0.9522516131401062,0.05252131074666977
pure_top_p,0.7,0.6,0,45,0.58,0.4,0.52,0.9368300180054736,1.0,0.0,0.9389502319693566,37.62566295157278,28.64,0.8,0.8,0.6698943755895252,0.1376021798365122,0.2468265162200282,25,300,0.16265085339546204,0.09333333333333334,0.8373491168022156,0.07561056315898895
pure_top_p,0.7,0.6,0,46,1.0,1.0,0.75,1.0,1.0,0.0,0.4173532678838819,38.38073201914453,14.0,1.0,0.04,0.0,0.04,0.04,25,300,0.0,1.0,1.0,0.0
pure_top_p,0.7,0.6,0,47,0.68,0.6,0.66,0.8988931236042396,0.9932661546399936,0.0,1.0615818078815935,36.68651420070266,31.76,0.84,0.92,0.614423315966346,0.151819322459222,0.310880829015544,25,300,0.1128607913851738,0.14666666666666667,0.8871392607688904,0.050236813724040985
pure_top_p,0.7,0.6,0,48,0.5,0.0,0.0,1.0,1.0,0.0,0.1510597211588173,33.99413789026132,2.0,1.0,0.04,0.0,0.04,0.04,25,300,9.298324243900424e-08,1.0,1.0,1.0061536670491478e-07
pure_top_p,0.7,0.6,0,49,0.0,0.0,0.0,1.0,0.0,0.0,0.0760682156309485,39.51157232113214,1.0,1.0,0.04,0.0,0.04,,25,300,0.0,1.0,1.0,0.0
pure_top_p,0.7,0.8,0,0,0.98,0.96,0.56,0.990811965811966,1.0,0.0,0.386799760311842,43.634617716812954,13.24,1.0,0.44,0.5074026983388046,0.1081081081081081,0.172077922077922,25,300,0.1325826644897461,0.4766666666666667,0.8674173951148987,0.12050927430391312
pure_top_p,0.7,0.8,0,1,0.0,0.0,0.25,1.0,1.0,0.0,0.1989300174545496,43.633492207418115,6.32,1.0,0.36,0.3874835257335258,0.120253164556962,0.1804511278195488,25,300,0.041828468441963196,0.6133333333333333,0.9581716060638428,0.036388568580150604
pure_top_p,0.7,0.8,0,2,0.64,0.32,0.35,0.9837575757575756,1.0,0.0,0.3495720173884183,43.59689211617715,11.6,1.0,0.68,0.8471729204246848,0.2935153583617747,0.4514925373134328,25,300,0.35953980684280396,0.07333333333333333,0.640460193157196,0.1651885062456131
pure_top_p,0.7,0.8,0,3,0.0,0.0,0.25,1.0,1.0,0.0,0.1826877082046121,43.57104747572491,5.96,1.0,0.16,0.2234523809523809,0.0604026845637583,0.0887096774193548,25,300,0.02182079292833805,0.8466666666666667,0.9781792163848877,0.04438326507806778
pure_top_p,0.7,0.8,0,4,0.0,0.0,0.25,1.0,0.64,0.0,0.0835940184816717,43.53584943786995,1.64,1.0,0.08,0.24,0.048780487804878,0.0625,25,300,0.11511390656232834,0.52,0.8848860859870911,0.1200144812464714
pure_top_p,0.7,0.8,0,5,0.0,0.0,0.0,1.0,1.0,0.0,0.06889831664972,43.54270921327088,2.0,1.0,0.04,0.0,0.04,0.04,25,300,1.9073486612342094e-07,1.0,0.9999998211860657,1.3562194567384722e-07
pure_top_p,0.7,0.8,0,6,0.62,0.44,0.61,0.8905171954750902,0.998048780487805,0.001,0.8673385942541063,43.140239480320325,32.44,0.76,0.88,0.5786393648594674,0.1203931203931203,0.2268694550063371,25,300,0.11446759849786758,0.15333333333333332,0.8855324387550354,0.05723562464118004
pure_top_p,0.7,0.8,0,7,0.0,0.0,0.45,0.9642029859881522,1.0,0.0,0.4967062630876899,43.576848572777635,15.12,1.0,0.72,0.5764089202509769,0.1609756097560975,0.3168831168831169,25,300,0.05853669345378876,0.43333333333333335,0.94146329164505,0.029565343633294106
pure_top_p,0.7,0.8,0,8,0.0,0.0,0.0,1.0,0.0,0.0,0.0459017340280115,43.5714855261439,1.0,1.0,0.04,0.0,0.04,,25,300,3.099441414633475e-08,1.0,1.0,5.970423444523476e-08
pure_top_p,0.7,0.8,0,9,0.0,0.0,0.0,1.0,0.0,0.0,0.0688936804141848,43.54733235490087,1.0,1.0,0.04,0.0,0.04,,25,300,0.0,1.0,1.0,0.0
pure_top_p,0.7,0.8,0,10,1.0,1.0,0.75,0.9473878213616812,1.0,0.0,0.7776900528557599,43.568496757787734,28.64,1.0,0.76,0.3063705381224175,0.0865921787709497,0.1461649782923299,25,300,0.01557824295014143,1.0,0.9844217896461487,0.013289226219058037
pure_top_p,0.7,0.8,0,11,0.0,0.0,0.31,0.9724000637044116,0.44,0.0,0.2636245036870241,43.48641278000132,7.92,1.0,0.2,0.5221346153846154,0.119047619047619,0.1675675675675675,25,300,0.2560373544692993,0.4866666666666667,0.7439627051353455,0.2444436401128769
pure_top_p,0.7,0.8,0,12,0.42,0.16,0.53,0.990540184453228,1.0,0.0,0.5574421120341867,43.62964937394651,18.44,1.0,0.48,0.5726073206445089,0.1431670281995661,0.1995412844036697,25,300,0.10519474744796753,0.22333333333333333,0.8948053121566772,0.06816232949495316
pure_top_p,0.7,0.8,0,13,0.34,0.0,0.26,0.9946666666666668,1.0,0.0,0.2461969091929495,43.543596747490575,8.52,1.0,0.36,0.7008007543767909,0.1643192488262911,0.2446808510638297,25,300,0.14915858209133148,0.17666666666666667,0.8508414626121521,0.09297709167003632
pure_top_p,0.7,0.8,0,14,0.5,0.0,0.0,1.0,0.0,0.0,0.0711305762827396,42.19653534961361,1.0,1.0,0.04,0.0,0.04,,25,300,0.0,1.0,1.0,0.0
pure_top_p,0.7,0.8,0,15,1.0,1.0,0.25,1.0,1.0,0.0,0.1989099030569195,42.82038920988343,6.52,1.0,0.12,0.1543939393939394,0.0736196319018405,0.0869565217391304,25,300,0.008814288303256035,1.0,0.99118572473526,0.014156789518892765
pure_top_p,0.7,0.8,0,16,0.0,0.0,0.25,1.0,1.0,0.0,0.413695949781686,41.89373913489681,8.08,1.0,0.12,0.1107171717171717,0.052863436123348,0.0643564356435643,25,300,0.004935688339173794,1.0,0.9950643181800842,0.009480820037424564
pure_top_p,0.7,0.8,0,17,0.0,0.0,0.29,0.9589001443001444,1.0,0.0,0.5326296308916062,43.06161285497842,17.68,1.0,0.56,0.3790265388832446,0.1018099547511312,0.1678657074340527,25,300,0.06346099823713303,0.46,0.9365391135215759,0.04707424342632294
pure_top_p,0.7,0.8,0,18,0.58,0.16,0.38,0.9313363070602396,0.9989743589743588,0.0,0.6541886881645769,43.377702108076754,22.76,0.84,0.72,0.7442219655761632,0.2104347826086956,0.4363636363636363,25,300,0.2065061628818512,0.08333333333333333,0.7934938669204712,0.09580346941947937
pure_top_p,0.7,0.8,0,19,1.0,1.0,0.25,1.0,0.0,0.0,0.0458262041397392,43.64414564427232,1.0,1.0,0.04,0.0,0.04,,25,300,0.0,1.0,1.0,0.0
pure_top_p,0.7,0.8,0,20,0.52,0.16,0.54,0.9387837145044776,0.9962424242424244,0.0,0.4384921393077821,43.505430683564875,15.92,1.0,0.64,0.5358312312250333,0.137844611528822,0.267379679144385,25,300,0.08768907189369202,0.15666666666666668,0.9123110175132751,0.039512068033218384
pure_top_p,0.7,0.8,0,21,0.08,0.0,0.42,0.9668036334036336,1.0,0.0,0.5772489430289716,43.366664560382354,17.2,1.0,0.84,0.5599410019691098,0.1531322505800464,0.3201970443349753,25,300,0.12819717824459076,0.16,0.8718027472496033,0.06623867899179459
pure_top_p,0.7,0.8,0,22,0.34,0.0,0.25,0.8982971946304269,0.992737560745151,0.0,1.083389888657257,43.07072834423064,31.56,0.36,0.96,0.5204083993310693,0.1201011378002528,0.216710182767624,25,300,0.09449058771133423,0.08666666666666667,0.9055094122886658,0.03696929290890694
pure_top_p,0.7,0.8,0,23,0.34,0.0,0.19,1.0,1.0,0.0,0.2058749052509665,43.53533987881137,4.12,1.0,0.44,0.6857737360678536,0.25,0.2988505747126437,25,300,0.3080933392047882,0.21,0.6919066309928894,0.2101413607597351
pure_top_p,0.7,0.8,0,24,0.0,0.0,0.34,0.9422887518904252,1.0,0.0,0.7734704435057939,39.5200842649704,21.32,0.96,0.96,0.7468030514972,0.2664092664092664,0.4929006085192697,25,300,0.22022300958633423,0.01,0.7797769904136658,0.05913073197007179
pure_top_p,0.7,0.8,0,25,0.96,0.92,0.73,1.0,1.0,0.0,0.230021730819717,39.534470750001354,5.04,1.0,0.28,0.2478571428571428,0.0873015873015873,0.1584158415841584,25,300,0.039042312651872635,0.6966666666666667,0.9609577655792236,0.039362043142318726
pure_top_p,0.7,0.8,0,26,0.88,0.88,0.7,0.9153059245993544,0.9816568040654996,0.0016666666666666,0.8430195576604456,39.51392521836642,19.96,0.64,0.72,0.6064921427024305,0.1076923076923077,0.2267857142857142,25,300,0.08225784450769424,0.4266666666666667,0.917742133140564,0.05998927354812622
pure_top_p,0.7,0.8,0,27,0.32,0.04,0.21,1.0,1.0,0.0,0.1658599288389086,39.42410843330159,4.16,1.0,0.36,0.7079841269841269,0.2307692307692307,0.3291139240506329,25,300,0.22324565052986145,0.16,0.7767543792724609,0.12949226796627045
pure_top_p,0.7,0.8,0,28,0.0,0.0,0.26,0.9067152194211018,1.0,0.0,0.8202566734049469,39.72259149195115,15.72,0.96,0.32,0.5064111300236452,0.1018518518518518,0.1375921375921376,25,300,0.13461226224899292,0.26666666666666666,0.8653876781463623,0.08550582081079483
pure_top_p,0.7,0.8,0,29,0.48,0.08,0.41,0.9478108517834912,1.0,0.0,1.2021960724424572,38.12710343073847,32.24,0.32,1.0,0.7297688932335716,0.1887941534713763,0.3806532663316583,25,300,0.19083763659000397,0.04666666666666667,0.8091623783111572,0.09373210370540619
pure_top_p,0.7,0.8,0,30,0.06,0.0,0.33,0.9781818181818182,0.988,0.0,0.4182991280313581,38.89722805350812,8.16,1.0,0.4,0.2937390942390942,0.0931372549019607,0.1396648044692737,25,300,0.05387789383530617,0.51,0.9461220502853394,0.04576301574707031
pure_top_p,0.7,0.8,0,31,0.0,0.0,0.0,1.0,0.0,0.0,0.0617044416908174,34.175440085323295,1.0,1.0,0.04,0.0,0.04,,25,300,1.4305114426349519e-08,1.0,1.0,5.066072361614715e-08
pure_top_p,0.7,0.8,0,32,0.0,0.0,0.54,0.962383116883117,1.0,0.0,0.5253815840184689,38.93750277268765,10.76,1.0,0.8,0.5117559193248384,0.1486988847583643,0.2581967213114754,25,300,0.05687781795859337,0.38666666666666666,0.943122148513794,0.023948896676301956
pure_top_p,0.7,0.8,0,33,0.6,0.2,0.75,0.973111111111111,1.0,0.0,0.4370897291600704,38.66076228093663,8.72,1.0,0.16,0.1749696969696969,0.0596330275229357,0.082901554404145,25,300,0.025626689195632935,0.58,0.9743732810020447,0.02850927785038948
pure_top_p,0.7,0.8,0,34,0.44,0.44,0.58,1.0,0.44,0.0,0.169500117264688,37.72858132624537,3.64,1.0,0.12,0.5548148148148149,0.1098901098901098,0.1363636363636363,25,300,0.21332186460494995,0.4866666666666667,0.78667813539505,0.2068711817264557
pure_top_p,0.7,0.8,0,35,1.0,1.0,0.25,1.0,1.0,0.0,0.4656273798644543,38.6850044872084,11.0,1.0,0.08,0.0699999999999999,0.0436363636363636,0.048,25,300,0.0013216318329796195,1.0,0.9986783862113953,0.0015555925201624632
pure_top_p,0.7,0.8,0,36,0.76,0.76,0.29,0.9973333333333332,1.0,0.0,0.3706306791491806,39.30643305659639,12.28,1.0,0.28,0.3617683529777183,0.0865384615384615,0.1254355400696864,25,300,0.03229781985282898,0.6666666666666666,0.9677022099494934,0.03382464498281479
pure_top_p,0.7,0.8,0,37,0.5,0.0,0.0,1.0,1.0,0.0,0.3290263842418789,39.534623220330666,11.0,1.0,0.04,0.0,0.04,0.04,25,300,1.668930060816365e-08,1.0,1.0,3.1592509941447133e-08
pure_top_p,0.7,0.8,0,38,0.5,0.0,0.5,1.0,1.0,0.0,0.4237604644428938,37.7852766569333,14.0,1.0,0.08,0.0444444444444444,0.0428571428571428,0.0461538461538461,25,300,0.0036887223832309246,1.0,0.9963112473487854,0.005225327331572771
pure_top_p,0.7,0.8,0,39,0.98,0.96,0.26,0.9984615384615384,1.0,0.0,0.3055453581642359,39.71882883344453,9.04,1.0,0.12,0.2080555555555555,0.1504424778761062,0.1890547263681592,25,300,0.024939997121691704,0.92,0.9750600457191467,0.0706280842423439
pure_top_p,0.7,0.8,0,40,0.66,0.32,0.41,0.9579479818427188,1.0,0.0,0.4957469660695642,39.08774171126232,16.84,1.0,0.68,0.5068004716869199,0.1401425178147268,0.2045454545454545,25,300,0.11723031103610992,0.27666666666666667,0.8827696442604065,0.07460856437683105
pure_top_p,0.7,0.8,0,41,1.0,1.0,0.25,1.0,0.0,0.0,0.0784161163959651,38.40171176017763,1.0,1.0,0.04,0.0,0.04,,25,300,8.583069188716763e-08,1.0,1.0,1.013214472322943e-07
pure_top_p,0.7,0.8,0,42,0.0,0.0,0.0,1.0,1.0,0.0,0.1080947162304073,37.08438174144144,2.0,1.0,0.04,0.0,0.04,0.04,25,300,3.814697180359872e-08,1.0,1.0,4.776338613510234e-08
pure_top_p,0.7,0.8,0,43,0.84,0.68,0.51,0.99,0.68,0.0,0.3522314006928354,39.2717580241411,6.72,1.0,0.24,0.4908142968142968,0.0892857142857142,0.1258741258741259,25,300,0.144378662109375,0.5466666666666666,0.855621337890625,0.151178777217865
pure_top_p,0.7,0.8,0,44,1.0,1.0,0.25,1.0,0.0,0.0,0.0653490014187991,38.52719412341983,1.0,1.0,0.08,0.0,0.04,,25,300,0.0547700896859169,0.48,0.9452298879623413,0.052709322422742844
pure_top_p,0.7,0.8,0,45,0.54,0.44,0.48,0.9422858047736214,1.0,0.0,0.8501493098121137,38.92928001597692,27.24,0.84,0.8,0.6412739812952104,0.1484149855907781,0.3079222720478325,25,300,0.17430388927459717,0.08666666666666667,0.8256961107254028,0.07177664339542389
pure_top_p,0.7,0.8,0,46,1.0,1.0,0.75,1.0,1.0,0.0,0.4181858060508966,38.3477181936382,14.0,1.0,0.04,0.0,0.04,0.04,25,300,0.0,1.0,1.0,0.0
pure_top_p,0.7,0.8,0,47,0.68,0.52,0.65,0.8896262729606071,0.994971857410882,0.0010526315789473,1.0132634406443686,38.98212624476884,33.44,0.76,1.0,0.5874931587744813,0.1411483253588516,0.313193588162762,25,300,0.09863289445638657,0.11,0.9013671875,0.03976259008049965
pure_top_p,0.7,0.8,0,48,0.5,0.0,0.0,1.0,1.0,0.0,0.1288170731347054,38.8747092745792,2.0,1.0,0.04,0.0,0.04,0.04,25,300,9.298324243900424e-08,1.0,1.0,1.0061536670491478e-07
pure_top_p,0.7,0.8,0,49,0.0,0.0,0.0,1.0,0.0,0.0,0.078999917525798,38.23595195744728,1.0,1.0,0.04,0.0,0.04,,25,300,0.0,1.0,1.0,0.0
pure_top_p,0.7,0.9,0,0,0.98,0.96,0.67,0.974542518351214,1.0,0.0,0.5086958748940379,43.22189165934519,17.4,1.0,0.84,0.5533250262180499,0.1093394077448747,0.1956521739130435,25,300,0.11898684501647949,0.34,0.8810131549835205,0.08804913610219955
pure_top_p,0.7,0.9,0,1,0.1,0.0,0.25,1.0,1.0,0.0,0.2074011098034679,43.581010296730426,6.64,1.0,0.52,0.4852118589471531,0.1566265060240964,0.2695035460992908,25,300,0.06763861328363419,0.33666666666666667,0.932361364364624,0.04397181421518326
pure_top_p,0.7,0.9,0,2,0.54,0.12,0.31,1.0,1.0,0.0,0.2948644812777638,43.68140416370044,9.8,1.0,0.76,0.789294484682462,0.2448979591836734,0.3909090909090909,25,300,0.28001081943511963,0.11333333333333333,0.7199891209602356,0.16466893255710602
pure_top_p,0.7,0.9,0,3,0.0,0.0,0.25,1.0,1.0,0.0,0.2038071360066532,40.82548857578429,6.2,1.0,0.24,0.4172849557849558,0.0903225806451612,0.123076923076923,25,300,0.07792887836694717,0.59,0.922071099281311,0.0908912792801857
pure_top_p,0.7,0.9,0,4,0.0,0.0,0.25,1.0,0.8,0.0,0.0878834892529993,43.26504303533859,1.8,1.0,0.08,0.1666666666666666,0.0444444444444444,0.05,25,300,0.07994025945663452,0.6666666666666666,0.9200597405433655,0.11324135214090347
pure_top_p,0.7,0.9,0,5,0.0,0.0,0.0,1.0,1.0,0.0,0.0687882326450198,43.61223597905134,2.0,1.0,0.04,0.0,0.04,0.04,25,300,1.9073486612342094e-07,1.0,0.9999998211860657,1.3562194567384722e-07
pure_top_p,0.7,0.9,0,6,0.26,0.08,0.44,0.9247033405199352,0.9941854636591478,0.0039024390243902,0.7957464416138827,43.58493910657964,29.16,0.68,0.8,0.6485186418851212,0.1700680272108843,0.3591549295774648,25,300,0.14765535295009613,0.11,0.8523446321487427,0.06919703632593155
pure_top_p,0.7,0.9,0,7,0.02,0.0,0.44,0.9360391350365036,1.0,0.0,0.6098968666698784,43.61676152050735,19.44,1.0,1.0,0.6413544886845532,0.1647509578544061,0.4164989939637827,25,300,0.0835934653878212,0.25,0.9164064526557922,0.047522783279418945
pure_top_p,0.7,0.9,0,8,0.06,0.04,0.06,0.9924675324675326,0.0780487804878048,0.0,0.1085122856497764,43.482148991878155,3.48,0.96,0.12,0.1561904761904762,0.5747126436781609,0.9032258064516128,25,300,0.07409662008285522,0.8433333333333334,0.9259033203125,0.17375779151916504
pure_top_p,0.7,0.9,0,9,0.0,0.0,0.0,1.0,0.0,0.0,0.0686705206241458,43.68703908520047,1.0,1.0,0.04,0.0,0.04,,25,300,0.0,1.0,1.0,0.0
pure_top_p,0.7,0.9,0,10,1.0,1.0,0.74,0.9498368397533284,0.997948717948718,0.0,0.8063885147403925,43.5479666596531,29.6,1.0,0.88,0.4930096334597705,0.1121621621621621,0.2237762237762237,25,300,0.034422557801008224,0.7966666666666666,0.9655773639678955,0.019017651677131653
pure_top_p,0.7,0.9,0,11,0.0,0.0,0.33,0.9701481127568083,0.52,0.0,0.319999819882214,43.61398563028526,9.88,1.0,0.24,0.5421263736263736,0.0954198473282442,0.1476793248945147,25,300,0.26346659660339355,0.48,0.7365334033966064,0.24723775684833527
pure_top_p,0.7,0.9,0,12,0.4,0.0,0.5,0.9939899749373432,1.0,0.0,0.5201136870589107,43.601999106367295,16.96,1.0,0.4,0.3956402450925264,0.1226415094339622,0.1604010025062656,25,300,0.06764466315507889,0.41333333333333333,0.9323552250862122,0.06822051107883453
pure_top_p,0.7,0.9,0,13,0.32,0.0,0.26,1.0,1.0,0.0,0.2364816116914153,42.58963426163661,7.84,1.0,0.44,0.7247526300836807,0.2244897959183673,0.3099415204678362,25,300,0.1710103303194046,0.16666666666666666,0.8289896845817566,0.11324586719274521
pure_top_p,0.7,0.9,0,14,0.5,0.0,0.0,1.0,0.0,0.0,0.0675843932293355,43.22984248203327,1.0,1.0,0.08,0.0,0.04,,25,300,0.016150176525115967,0.8466666666666667,0.9838497638702393,0.038013704121112823
pure_top_p,0.7,0.9,0,15,1.0,1.0,0.4,0.9940852130325816,1.0,0.0,0.3418569292873144,42.33647234945399,10.4,1.0,0.44,0.516217500876307,0.1884615384615384,0.3021276595744681,25,300,0.11994977295398712,0.4633333333333333,0.8800502419471741,0.10770271718502045
pure_top_p,0.7,0.9,0,16,0.0,0.0,0.25,1.0,1.0,0.0,0.3972189022134989,43.31406055701687,8.0,1.0,0.08,0.0666666666666666,0.0444444444444444,0.045,25,300,0.0010668321046978235,1.0,0.9989330768585205,0.0015111303655430675
pure_top_p,0.7,0.9,0,17,0.0,0.0,0.28,0.9748918754104514,1.0,0.0,0.4856229573488235,43.57634646005586,16.68,1.0,0.48,0.3065847809825667,0.0765550239234449,0.1221374045801526,25,300,0.03791603446006775,0.71,0.9620839357376099,0.04262732341885567
pure_top_p,0.7,0.9,0,18,0.62,0.28,0.5,0.9431781804640264,0.9957461489088576,0.001,0.8096107062138617,42.32155687172738,27.72,0.8,1.0,0.7902374940991477,0.2611190817790531,0.5282738095238095,25,300,0.19073928892612457,0.0033333333333333335,0.8092607855796814,0.059427857398986816
pure_top_p,0.7,0.9,0,19,1.0,1.0,0.25,1.0,0.0,0.0,0.045909956889227,43.56788496790733,1.0,1.0,0.04,0.0,0.04,,25,300,0.0,1.0,1.0,0.0
pure_top_p,0.7,0.9,0,20,0.68,0.36,0.61,0.9676384714708698,1.0,0.0,0.396464542094618,43.31322513371279,14.44,1.0,0.76,0.5391908546597104,0.1629834254143646,0.3175074183976261,25,300,0.0867002010345459,0.19,0.9132997393608093,0.039815694093704224
pure_top_p,0.7,0.9,0,21,0.08,0.0,0.5,0.9688966722302256,0.9986666666666668,0.0,0.5992409632261843,43.65255636355456,18.0,1.0,0.96,0.6527178952596491,0.1888888888888888,0.3505882352941176,25,300,0.15460287034511566,0.09,0.8453971147537231,0.06974544376134872
pure_top_p,0.7,0.9,0,22,0.32,0.0,0.26,0.8950582394623351,0.9904034003630778,0.0,1.0746033230144532,43.2064804162267,31.4,0.16,1.0,0.5807772577612245,0.1632653061224489,0.2977602108036891,25,300,0.12023191154003143,0.08333333333333333,0.8797680735588074,0.054380230605602264
pure_top_p,0.7,0.9,0,23,0.34,0.0,0.17,1.0,1.0,0.0,0.2211999139748513,43.05075354537201,4.6,1.0,0.52,0.740094591682827,0.2540983606557377,0.3092783505154639,25,300,0.3391948640346527,0.15666666666666668,0.6608051061630249,0.19972683489322662
pure_top_p,0.7,0.9,0,24,0.0,0.0,0.29,0.9547223455505324,1.0,0.0,0.7084969055932016,37.67622825953083,18.36,0.92,0.88,0.7442984845218416,0.289237668161435,0.5463182897862233,25,300,0.22737129032611847,0.02666666666666667,0.772628664970398,0.06554362922906876
pure_top_p,0.7,0.9,0,25,0.9,0.8,0.7,1.0,1.0,0.0,0.2342604440730065,38.972084963717904,5.0,1.0,0.44,0.4870264550264551,0.112,0.22,25,300,0.09334412962198257,0.41,0.9066559076309204,0.0702756941318512
pure_top_p,0.7,0.9,0,26,0.96,0.96,0.69,0.9101008593551612,0.9801963357093793,0.0,0.9409644280187786,39.13225185804222,21.4,0.44,0.84,0.6002459669500125,0.109717868338558,0.2446982055464926,25,300,0.07384596019983292,0.49333333333333335,0.9261539578437805,0.059576164931058884
pure_top_p,0.7,0.9,0,27,0.2,0.0,0.21,1.0,1.0,0.0,0.190246364371851,39.62296308754092,4.92,1.0,0.44,0.6721693121693122,0.2113821138211382,0.2857142857142857,25,300,0.22034476697444916,0.18666666666666668,0.7796552777290344,0.15171875059604645
pure_top_p,0.7,0.9,0,28,0.0,0.0,0.27,0.918203548085901,1.0,0.0,0.8075289770867675,39.55236719583494,15.8,0.96,0.52,0.5645094694839976,0.1258741258741259,0.1757425742574257,25,300,0.16748753190040588,0.20666666666666667,0.8325124382972717,0.09505564719438553
pure_top_p,0.7,0.9,0,29,0.46,0.0,0.29,0.963706998003373,1.0,0.0,1.169689384624362,37.91746781392701,33.0,0.36,1.0,0.7278950355413875,0.2023952095808383,0.4074074074074074,25,300,0.15741296112537384,0.05,0.8425869941711426,0.0611080676317215
pure_top_p,0.7,0.9,0,30,0.08,0.0,0.37,0.9757272727272728,0.996,0.0,0.4917301428969949,37.940074496416784,8.8,1.0,0.64,0.3593015698898052,0.1227272727272727,0.2205128205128205,25,300,0.06393282860517502,0.44666666666666666,0.9360672235488892,0.040134817361831665
pure_top_p,0.7,0.9,0,31,0.0,0.0,0.0,1.0,0.0,0.0,0.0513422354124485,39.065009338447595,1.0,1.0,0.04,0.0,0.04,,25,300,1.4305114426349519e-08,1.0,1.0,5.066072361614715e-08
pure_top_p,0.7,0.9,0,32,0.04,0.0,0.56,0.974224335119072,1.0,0.0,0.6348404262494296,39.195239855776336,13.24,0.92,0.88,0.5987774219479072,0.2114803625377643,0.349673202614379,25,300,0.07892691344022751,0.21666666666666667,0.9210730791091919,0.03793586790561676
pure_top_p,0.7,0.9,0,33,0.6,0.2,0.7,0.967141414141414,1.0,0.0,0.4169592112116516,39.02867028742575,8.36,1.0,0.36,0.2552358752358752,0.0669856459330143,0.1141304347826086,25,300,0.045247822999954224,0.44333333333333336,0.9547522068023682,0.034272924065589905
pure_top_p,0.7,0.9,0,34,0.32,0.32,0.49,1.0,0.6,0.0,0.1354850158747285,39.40246328390341,3.2,1.0,0.16,0.7088888888888889,0.15,0.1818181818181818,25,300,0.31624144315719604,0.31333333333333335,0.683758556842804,0.23261520266532898
pure_top_p,0.7,0.9,0,35,1.0,1.0,0.37,0.9913333333333332,1.0,0.0,0.5405204241443425,38.072824074368675,13.4,1.0,0.28,0.2539438430470848,0.0895522388059701,0.1387096774193548,25,300,0.026343008503317833,0.72,0.9736570119857788,0.03210809454321861
pure_top_p,0.7,0.9,0,36,0.52,0.52,0.38,0.9921333333333334,1.0,0.0,0.4127463886607438,39.8177575422843,13.92,1.0,0.64,0.5423171137398771,0.1327683615819209,0.2522796352583586,25,300,0.05227277800440788,0.47333333333333333,0.9477272629737854,0.03112182579934597
pure_top_p,0.7,0.9,0,37,0.5,0.0,0.0,0.9838095238095238,1.0,0.0,0.3429702056199312,38.74373350692611,11.28,1.0,0.16,0.1913369963369963,0.0602836879432624,0.0817120622568093,25,300,0.019189517945051193,0.6666666666666666,0.9808105230331421,0.023072823882102966
pure_top_p,0.7,0.9,0,38,0.5,0.0,0.5,0.989090909090909,1.0,0.0,0.4114611347671598,38.08750667472781,13.64,1.0,0.12,0.1844444444444444,0.0557184750733137,0.0664556962025316,25,300,0.04332255572080612,0.78,0.9566774368286133,0.07430329918861389
pure_top_p,0.7,0.9,0,39,0.88,0.84,0.29,0.9985185185185184,1.0,0.0,0.3525155195500701,38.540215234443984,10.28,1.0,0.28,0.415991932729967,0.1945525291828793,0.2758620689655172,25,300,0.0721457451581955,0.7,0.9278541803359985,0.10847419500350952
pure_top_p,0.7,0.9,0,40,0.68,0.36,0.42,0.9620795147139976,1.0,0.0,0.5494230470899493,39.991818329004246,18.8,1.0,0.72,0.5407474326423135,0.1995753715498938,0.3318385650224215,25,300,0.11454436182975769,0.3233333333333333,0.8854557275772095,0.08698561787605286
pure_top_p,0.7,0.9,0,41,1.0,1.0,0.25,1.0,0.0,0.0,0.0774928520247339,38.27728272832742,1.0,1.0,0.08,0.0,0.04,,25,300,0.00668862322345376,0.92,0.99331134557724,0.02271983213722706
pure_top_p,0.7,0.9,0,42,0.0,0.0,0.0,1.0,1.0,0.0,0.103586087245494,38.68333948991079,2.0,1.0,0.04,0.0,0.04,0.04,25,300,3.814697180359872e-08,1.0,1.0,4.776338613510234e-08
pure_top_p,0.7,0.9,0,43,0.68,0.36,0.27,1.0,0.36,0.0,0.256598257785663,38.438482289736974,3.76,1.0,0.12,0.4424444444444444,0.1063829787234042,0.1594202898550724,25,300,0.146219402551651,0.52,0.8537805080413818,0.15191508829593658
pure_top_p,0.7,0.9,0,44,1.0,1.0,0.25,1.0,0.0,0.0,0.0636880950443446,38.72306743673045,1.0,1.0,0.08,0.0,0.04,,25,300,0.054067935794591904,0.4866666666666667,0.9459320306777954,0.05273280665278435
pure_top_p,0.7,0.9,0,45,0.48,0.32,0.52,0.928766269339891,0.9989189189189188,0.0,0.9289403134025632,38.95586832399173,29.44,0.8,0.96,0.67211834973256,0.1655540720961281,0.3535911602209944,25,300,0.15874096751213074,0.04,0.8412590026855469,0.05836857482790947
pure_top_p,0.7,0.9,0,46,1.0,1.0,0.75,1.0,1.0,0.0,0.4105133508145809,39.03311936523194,14.0,1.0,0.12,0.0550277777777777,0.0514285714285714,0.0553846153846153,25,300,0.006930887699127197,1.0,0.993069052696228,0.013565337285399437
pure_top_p,0.7,0.9,0,47,0.66,0.44,0.59,0.8802375621638859,0.9945545112781954,0.0,0.9996078690886496,38.34667923757976,31.96,0.84,1.0,0.6375262781435659,0.1560549313358302,0.3427835051546392,25,300,0.10924522578716278,0.09666666666666666,0.8907548189163208,0.06296685338020325
pure_top_p,0.7,0.9,0,48,0.5,0.0,0.0,1.0,1.0,0.0,0.1294316764082759,38.706033385137346,2.0,1.0,0.04,0.0,0.04,0.04,25,300,9.298324243900424e-08,1.0,1.0,1.0061536670491478e-07
pure_top_p,0.7,0.9,0,49,0.0,0.0,0.0,1.0,0.0,0.0,0.0780520078446715,36.954217649989545,1.0,1.0,0.08,0.0,0.04,,25,300,0.023171983659267426,0.78,0.9768279790878296,0.043704304844141006
pure_top_p,0.7,0.95,0,0,0.94,0.88,0.68,0.9733736515201046,1.0,0.0,0.4929576643928886,43.43991274569957,17.12,1.0,0.84,0.5487673028684585,0.1177829099307159,0.213235294117647,25,300,0.12224695831537247,0.26666666666666666,0.8777530789375305,0.09098739176988602
pure_top_p,0.7,0.95,0,1,0.06,0.0,0.25,0.9973333333333332,1.0,0.0,0.2322374303918331,43.573273994461886,7.32,1.0,0.6,0.5856231537497018,0.2021857923497267,0.360759493670886,25,300,0.08096694946289062,0.3333333333333333,0.9190329909324646,0.060523923486471176
pure_top_p,0.7,0.95,0,2,0.54,0.16,0.34,0.989313725490196,1.0,0.0,0.3490288615319878,43.668604575486725,11.96,1.0,0.96,0.8390380731038841,0.3377926421404682,0.5474452554744526,25,300,0.3253656029701233,0.04666666666666667,0.6746343970298767,0.12810590863227844
pure_top_p,0.7,0.95,0,3,0.08,0.04,0.25,0.9957894736842106,1.0,0.0,0.2055591956246644,43.585094971354955,6.76,1.0,0.44,0.4599308947895904,0.1775147928994082,0.2847222222222222,25,300,0.10887802392244339,0.5733333333333334,0.891122043132782,0.12866799533367157
pure_top_p,0.7,0.95,0,4,0.0,0.0,0.25,1.0,0.64,0.0,0.0834014917258172,43.643236138533354,1.64,1.0,0.08,0.24,0.048780487804878,0.0625,25,300,0.11511390656232834,0.52,0.8848860859870911,0.1200144812464714
pure_top_p,0.7,0.95,0,5,0.0,0.0,0.0,1.0,1.0,0.0,0.06885412520729,43.57069292024828,2.0,1.0,0.04,0.0,0.04,0.04,25,300,1.9073486612342094e-07,1.0,0.9999998211860657,1.3562194567384722e-07
pure_top_p,0.7,0.95,0,6,0.5,0.32,0.58,0.9061282615816162,0.995571504518873,0.001081081081081,0.907955756643787,43.419116534531675,32.48,0.72,1.0,0.6380549300155687,0.1512195121951219,0.3157232704402515,25,300,0.1488165259361267,0.10666666666666667,0.8511834740638733,0.07959946990013123
pure_top_p,0.7,0.95,0,7,0.04,0.0,0.42,0.967689115012954,0.9959899749373434,0.001081081081081,0.5715820975601673,43.466958939302856,17.92,0.96,0.88,0.6783668740359761,0.2150313152400835,0.4559471365638766,25,300,0.08155744522809982,0.22666666666666666,0.9184424877166748,0.03759687393903732
pure_top_p,0.7,0.95,0,8,0.04,0.0,0.04,0.9906072874493926,0.0789189189189189,0.0,0.1209639352280646,43.61451228717324,3.48,0.96,0.12,0.156159420289855,0.5402298850574713,0.9032258064516128,25,300,0.0755625069141388,0.8433333333333334,0.9244374632835388,0.17650176584720612
pure_top_p,0.7,0.95,0,9,0.0,0.0,0.0,1.0,0.0,0.0,0.0641419473104178,43.646033021316114,1.0,1.0,0.08,0.0,0.04,,25,300,0.03510904684662819,0.6666666666666666,0.9648909568786621,0.04973464831709862
pure_top_p,0.7,0.95,0,10,1.0,1.0,0.75,0.9449750108120264,1.0,0.0,0.8210601072944701,43.55315409775701,30.04,0.96,0.92,0.4529011095224012,0.1158455392809587,0.2134986225895316,25,300,0.0360749252140522,0.84,0.9639250636100769,0.028438735753297806
pure_top_p,0.7,0.95,0,11,0.0,0.0,0.29,0.9644391357434836,0.52,0.0,0.2736056938860565,43.511620153436795,8.4,1.0,0.24,0.5324392234174843,0.1160714285714285,0.1658291457286432,25,300,0.2570156753063202,0.48,0.7429842948913574,0.24076397716999054
pure_top_p,0.7,0.95,0,12,0.34,0.08,0.47,0.9925627705627704,1.0,0.0,0.5075068665947765,43.57208964440303,15.8,1.0,0.68,0.6560203809000508,0.1875,0.296,25,300,0.14752046763896942,0.2,0.8524795174598694,0.10001013427972794
pure_top_p,0.7,0.95,0,13,0.28,0.0,0.28,0.9859503105590062,0.96,0.0,0.2933913298230618,43.52611760449302,10.48,1.0,0.72,0.7363490410089185,0.2091254752851711,0.3403361344537815,25,300,0.16128845512866974,0.12,0.8387115001678467,0.09333643317222595
pure_top_p,0.7,0.95,0,14,0.5,0.0,0.0,1.0,0.0,0.0,0.0652084516827016,43.55316263638808,1.0,1.0,0.08,0.0,0.04,,25,300,0.029491614550352097,0.72,0.970508337020874,0.04737080633640289
pure_top_p,0.7,0.95,0,15,1.0,1.0,0.33,0.9878397435897436,1.0,0.0,0.3019278976973146,43.566962545502726,10.08,1.0,0.28,0.4013058422818425,0.2103174603174603,0.3524229074889868,25,300,0.07029547542333603,0.7,0.9297046065330505,0.09157605469226837
pure_top_p,0.7,0.95,0,16,0.04,0.04,0.3,1.0,0.92,0.0,0.3869822907075286,43.622289145594,7.44,1.0,0.16,0.1958333333333333,0.0660377358490566,0.0641711229946524,25,300,0.060704708099365234,0.8433333333333334,0.9392953515052795,0.14248843491077423
pure_top_p,0.7,0.95,0,17,0.0,0.0,0.26,0.9539568368918888,1.0,0.0,0.4961459633521736,43.07976559821939,16.72,1.0,0.68,0.4006037673396335,0.1028708133971291,0.1730279898218829,25,300,0.058462955057621,0.3933333333333333,0.941537082195282,0.03819049522280693
pure_top_p,0.7,0.95,0,18,0.66,0.36,0.47,0.9580084305445088,0.9987096774193548,0.0,0.6738355177640915,41.92504776804171,23.4,0.96,0.88,0.7805378831931029,0.2784380305602716,0.5585106382978723,25,300,0.20839624106884003,0.023333333333333334,0.7916037440299988,0.0749998688697815
pure_top_p,0.7,0.95,0,19,1.0,1.0,0.25,1.0,0.0,0.0,0.0458168821502476,43.65222944440746,1.0,1.0,0.04,0.0,0.04,,25,300,0.0,1.0,1.0,0.0
pure_top_p,0.7,0.95,0,20,0.66,0.36,0.6,0.9527723855092276,0.9939899749373432,0.0,0.3995636245422065,43.55393053209852,14.52,1.0,0.76,0.5301261332947642,0.1557377049180328,0.2932551319648094,25,300,0.08837638795375824,0.15,0.9116235375404358,0.038997262716293335
pure_top_p,0.7,0.95,0,21,0.1,0.0,0.47,0.9692738217546402,1.0,0.0,0.5768374881986529,43.53997661329335,16.76,1.0,1.0,0.6485359755314226,0.1615201900237529,0.3636363636363636,25,300,0.1526941955089569,0.06666666666666667,0.8473058342933655,0.062345199286937714
pure_top_p,0.7,0.95,0,22,0.36,0.0,0.29,0.8941500471393162,0.98977108764428,0.0,1.1352271941211074,41.48262137751175,31.92,0.12,1.0,0.5745206925798241,0.1491228070175438,0.2897800776196636,25,300,0.11749449372291565,0.08333333333333333,0.882505476474762,0.054947350174188614
pure_top_p,0.7,0.95,0,23,0.34,0.0,0.18,1.0,1.0,0.0,0.212403712272644,43.4822225148016,4.24,1.0,0.48,0.6702076420311714,0.2752293577981651,0.3333333333333333,25,300,0.3208748996257782,0.20333333333333334,0.6791250705718994,0.2162632793188095
pure_top_p,0.7,0.95,0,24,0.0,0.0,0.29,0.9394047631682784,1.0,0.0,0.6995261005777865,38.31704426949025,18.96,0.96,0.96,0.7537116506507221,0.3131991051454139,0.5355450236966824,25,300,0.21643465757369995,0.006666666666666667,0.7835653424263,0.05944915488362312
pure_top_p,0.7,0.95,0,25,0.92,0.84,0.71,1.0,1.0,0.0,0.2271829984989017,38.84822238776548,4.88,1.0,0.48,0.4596640211640212,0.1393442622950819,0.3092783505154639,25,300,0.08524935692548752,0.29,0.9147506952285767,0.05794616788625717
pure_top_p,0.7,0.95,0,26,0.96,0.96,0.76,0.8930532845132545,0.9719295921469836,0.0047999999999999,1.0764957360643894,39.3408836493412,23.16,0.32,1.0,0.5560629336507225,0.0959666203059805,0.2291066282420749,25,300,0.05411812290549278,0.7,0.9458819627761841,0.055612336844205856
pure_top_p,0.7,0.95,0,27,0.24,0.08,0.23,1.0,0.92,0.0,0.1793386331852525,39.20572185483704,4.48,1.0,0.44,0.6284270152505447,0.2142857142857142,0.3103448275862069,25,300,0.19133692979812622,0.23333333333333334,0.8086631298065186,0.13271333277225494
pure_top_p,0.7,0.95,0,28,0.0,0.0,0.25,0.9214939309056956,1.0,0.0,0.7836167770344764,39.77569784572635,15.64,1.0,0.48,0.5629725829315804,0.1187648456057007,0.1818181818181818,25,300,0.19146551191806793,0.15,0.8085345029830933,0.10549648851156235
pure_top_p,0.7,0.95,0,29,0.44,0.04,0.34,0.9484532270797402,0.9959971811134604,0.0,1.277308629127219,35.987150874183115,34.52,0.28,1.0,0.7616192783148757,0.2123287671232876,0.4371327849588719,25,300,0.17232297360897064,0.01,0.8276770114898682,0.07588569819927216
pure_top_p,0.7,0.95,0,30,0.1,0.0,0.39,0.970047619047619,0.9871328671328672,0.0033333333333333,0.5330086121242493,37.80444591069661,9.52,1.0,0.72,0.4177046482928835,0.1386554621848739,0.2535211267605634,25,300,0.09229674935340881,0.25333333333333335,0.9077032208442688,0.052464503794908524
pure_top_p,0.7,0.95,0,31,0.0,0.0,0.0,1.0,0.0,0.0,0.0524676343239843,38.17129790779727,1.0,1.0,0.04,0.0,0.04,,25,300,1.4305114426349519e-08,1.0,1.0,5.066072361614715e-08
pure_top_p,0.7,0.95,0,32,0.06,0.0,0.56,0.9778613053613054,1.0,0.0,0.6491974291950464,37.5114816404151,12.72,0.92,0.88,0.6264710748268174,0.2641509433962264,0.3959044368600682,25,300,0.09391085058450699,0.19333333333333333,0.9060890674591064,0.04664595052599907
pure_top_p,0.7,0.95,0,33,0.64,0.28,0.75,0.9592525252525254,1.0,0.0,0.4894195273518562,37.58181876371067,9.36,1.0,0.32,0.2076585081585081,0.0555555555555555,0.0861244019138756,25,300,0.029701372608542442,0.68,0.9702986478805542,0.025629349052906036
pure_top_p,0.7,0.95,0,34,0.32,0.32,0.49,1.0,0.52,0.0,0.1425671341177075,38.58818833392058,3.2,1.0,0.16,0.666060606060606,0.175,0.2181818181818181,25,300,0.2933015525341034,0.3466666666666667,0.7066984176635742,0.22834044694900513
pure_top_p,0.7,0.95,0,35,1.0,1.0,0.35,0.9923460825977988,1.0,0.0,0.5175626753922552,38.38017646993294,12.84,1.0,0.32,0.295483792777271,0.0996884735202492,0.1621621621621621,25,300,0.03418377414345741,0.6633333333333333,0.9658162593841553,0.04337101802229881
pure_top_p,0.7,0.95,0,36,0.84,0.84,0.32,1.0,1.0,0.0,0.3686001077853143,38.57064381205707,11.96,1.0,0.72,0.455604739114801,0.1056105610561056,0.1762589928057553,25,300,0.030600331723690033,0.73,0.969399631023407,0.02460310608148575
pure_top_p,0.7,0.95,0,37,0.5,0.0,0.0,0.9866666666666666,1.0,0.0,0.3388120263535529,38.896860656985,11.16,1.0,0.12,0.1644444444444444,0.053763440860215,0.0708661417322834,25,300,0.016432590782642365,0.72,0.9835674166679382,0.02211439236998558
pure_top_p,0.7,0.95,0,38,0.5,0.0,0.49,0.9906773618538324,1.0,0.0,0.4146222167089581,38.460098492466706,13.92,1.0,0.2,0.145287854030501,0.0632183908045977,0.0897832817337461,25,300,0.03402794525027275,0.7733333333333333,0.9659720659255981,0.06025755777955055
pure_top_p,0.7,0.95,0,39,0.88,0.76,0.32,0.9963561076604556,1.0,0.0,0.359657394811511,39.883142539794065,10.96,1.0,0.36,0.4528794731949599,0.1824817518248175,0.3132530120481928,25,300,0.09588723629713058,0.5766666666666667,0.9041128754615784,0.11110403388738632
pure_top_p,0.7,0.95,0,40,0.68,0.36,0.45,0.9555109140582824,1.0,0.0,0.5669393626321108,39.468213244459655,19.44,1.0,0.84,0.5650367703565696,0.176954732510288,0.2971800433839479,25,300,0.12137018889188766,0.17333333333333334,0.878629744052887,0.06415735930204391
pure_top_p,0.7,0.95,0,41,1.0,1.0,0.25,1.0,0.0,0.0,0.0756944167241453,39.16145874054365,1.0,1.0,0.08,0.0,0.04,,25,300,0.006688624154776335,0.92,0.99331134557724,0.022719833999872208
pure_top_p,0.7,0.95,0,42,0.0,0.0,0.0,1.0,1.0,0.0,0.1063974576909094,37.74494056983346,2.0,1.0,0.04,0.0,0.04,0.04,25,300,3.814697180359872e-08,1.0,1.0,4.776338613510234e-08
pure_top_p,0.7,0.95,0,43,0.78,0.56,0.43,0.9930049261083744,0.56,0.0,0.3585840577445924,38.94135176730983,7.44,1.0,0.32,0.588909967767439,0.2258064516129032,0.3354037267080745,25,300,0.18965232372283936,0.37,0.8103476166725159,0.15490363538265228
pure_top_p,0.7,0.95,0,44,1.0,1.0,0.25,1.0,0.0,0.0,0.0631562370155006,38.64992268219337,1.0,1.0,0.08,0.0,0.04,,25,300,0.05406792834401131,0.4866666666666667,0.9459320306777954,0.05273279920220375
pure_top_p,0.7,0.95,0,45,0.6,0.44,0.51,0.9195704193384708,1.0,0.0,0.971276558963582,37.94282668258087,30.2,0.68,1.0,0.7087138098396332,0.1827676240208877,0.3900134952766532,25,300,0.1730705350637436,0.05333333333333334,0.8269294500350952,0.07668212801218033
pure_top_p,0.7,0.95,0,46,1.0,1.0,0.75,1.0,1.0,0.0,0.4153506604861468,38.51423071409349,13.96,1.0,0.12,0.0265972222222222,0.0458452722063037,0.0524691358024691,25,300,0.003673093393445015,1.0,0.9963269233703613,0.008649244904518127
pure_top_p,0.7,0.95,0,47,0.72,0.52,0.59,0.9094117591983444,0.9967386759581882,0.0011764705882352,0.8715806338936091,38.73449279448173,27.68,0.88,0.96,0.7016350470410174,0.1968390804597701,0.4321907600596125,25,300,0.15999318659305573,0.043333333333333335,0.8400068283081055,0.08991014212369919
pure_top_p,0.7,0.95,0,48,0.44,0.0,0.03,1.0,1.0,0.0,0.1666712740063667,38.231028771329626,2.48,1.0,0.08,0.1466666666666666,0.0967741935483871,0.1351351351351351,25,300,0.019371457397937775,0.78,0.9806284308433533,0.036536023020744324
pure_top_p,0.7,0.95,0,49,0.0,0.0,0.0,1.0,0.0,0.0,0.0832612757198512,36.10555120214476,1.0,1.0,0.08,0.0,0.04,,25,300,0.029491595923900604,0.72,0.9705083966255188,0.047370780259370804
pure_top_p,1.0,0.6,0,0,1.0,1.0,0.65,0.9709890109890108,1.0,0.0,0.4114603920467198,42.195304341557886,13.72,1.0,0.6,0.5823000404452888,0.1031518624641833,0.1604938271604938,25,300,0.15342329442501068,0.38666666666666666,0.8465766310691833,0.11744634062051773
pure_top_p,1.0,0.6,0,1,0.06,0.0,0.25,1.0,1.0,0.0,0.2088874514494091,42.69935880592298,6.4,1.0,0.32,0.3861582491582492,0.1,0.1555555555555555,25,300,0.03275735303759575,0.75,0.9672426581382751,0.023352643474936485
pure_top_p,1.0,0.6,0,2,0.68,0.36,0.35,0.996,1.0,0.0,0.3423259726073593,41.43560610401856,10.68,1.0,0.6,0.8176327142387004,0.2536764705882353,0.3684210526315789,25,300,0.32953983545303345,0.10333333333333333,0.6704601645469666,0.18793192505836487
pure_top_p,1.0,0.6,0,3,0.0,0.0,0.25,1.0,1.0,0.0,0.1889053724799304,43.43784553335013,6.16,1.0,0.2,0.3332897102897103,0.0909090909090909,0.1162790697674418,25,300,0.06386397033929825,0.6033333333333334,0.9361359477043152,0.07981637865304947
pure_top_p,1.0,0.6,0,4,0.0,0.0,0.25,1.0,1.0,0.0,0.09181056747213,43.56814603882597,2.0,1.0,0.04,0.0,0.04,0.04,25,300,9.536743306171047e-08,1.0,1.0,1.1699592761260647e-07
pure_top_p,1.0,0.6,0,5,0.0,0.0,0.0,1.0,1.0,0.0,0.0688079763483255,43.59981203858267,2.0,1.0,0.04,0.0,0.04,0.04,25,300,1.9073486612342094e-07,1.0,0.9999998211860657,1.3562194567384722e-07
pure_top_p,1.0,0.6,0,6,0.58,0.44,0.61,0.8901706607313099,0.9985714285714288,0.0,0.8608114900626243,42.97060092251013,31.92,0.84,0.72,0.5557062924270169,0.1303258145363408,0.2328589909443725,25,300,0.11629843711853027,0.14666666666666667,0.8837015628814697,0.06004921346902847
pure_top_p,1.0,0.6,0,7,0.04,0.0,0.45,0.9397714012330382,1.0,0.0,0.568993140719831,43.55370047895028,18.36,1.0,0.84,0.6371869017287786,0.1560574948665297,0.3398268398268398,25,300,0.07452784478664398,0.23,0.92547208070755,0.035754211246967316
pure_top_p,1.0,0.6,0,8,0.0,0.0,0.0,1.0,0.0,0.0,0.0459185404982417,43.560255038674974,1.0,1.0,0.04,0.0,0.04,,25,300,3.099441414633475e-08,1.0,1.0,5.970423444523476e-08
pure_top_p,1.0,0.6,0,9,0.0,0.0,0.0,1.0,0.0,0.0,0.0688929909933358,43.549346314179864,1.0,1.0,0.04,0.0,0.04,,25,300,0.0,1.0,1.0,0.0
pure_top_p,1.0,0.6,0,10,1.0,1.0,0.75,0.9577087115908028,1.0,0.0,0.8141735736653208,41.568347337459265,28.28,1.0,0.6,0.3652589953568995,0.0862800565770862,0.1539589442815249,25,300,0.021510303020477295,1.0,0.9784896969795227,0.014047184027731419
pure_top_p,1.0,0.6,0,11,0.0,0.0,0.29,0.9622352285395764,0.56,0.0,0.2966565889585763,43.284516201679025,9.16,1.0,0.2,0.5379344322344324,0.1147540983606557,0.1643835616438356,25,300,0.25573843717575073,0.4866666666666667,0.7442615628242493,0.2409788817167282
pure_top_p,1.0,0.6,0,12,0.46,0.08,0.54,0.975873165290863,1.0,0.0,0.5828135542292148,43.45722796648095,19.52,1.0,0.6,0.6034024038672088,0.1680327868852459,0.2548596112311015,25,300,0.11914713680744171,0.2966666666666667,0.8808528780937195,0.08363047242164612
pure_top_p,1.0,0.6,0,13,0.18,0.0,0.25,0.9866666666666666,1.0,0.0,0.2988178661093116,43.26613162771079,10.76,1.0,0.24,0.5668860898160434,0.0817843866171003,0.1024590163934426,25,300,0.1408124566078186,0.3466666666666667,0.8591876029968262,0.1308734267950058
pure_top_p,1.0,0.6,0,14,0.5,0.0,0.0,1.0,0.0,0.0,0.0687314575165509,43.65036048836762,1.0,1.0,0.04,0.0,0.04,,25,300,0.0,1.0,1.0,0.0
pure_top_p,1.0,0.6,0,15,1.0,1.0,0.25,1.0,1.0,0.0,0.1867012589983641,42.87996357271108,6.0,1.0,0.04,0.0,0.04,0.04,25,300,2.3841858265427618e-08,1.0,1.0,8.443453936024525e-08
pure_top_p,1.0,0.6,0,16,0.0,0.0,0.25,1.0,1.0,0.0,0.3998170683067292,43.52073230285285,8.04,1.0,0.12,0.1148282828282828,0.0530973451327433,0.0646766169154228,25,300,0.003464121138677001,1.0,0.9965358376502991,0.00692057516425848
pure_top_p,1.0,0.6,0,17,0.0,0.0,0.3,0.9520095338098434,1.0,0.0,0.530551700014621,43.65394337881608,17.56,1.0,0.68,0.4061870148193341,0.1138952164009111,0.1884057971014492,25,300,0.06605245172977448,0.4166666666666667,0.9339475631713867,0.04178355634212494
pure_top_p,1.0,0.6,0,18,0.64,0.28,0.47,0.9321469488667188,0.9969731081926204,0.0,0.6799292256776244,42.95693114241248,24.08,0.84,0.8,0.7637309092911625,0.2375415282392026,0.4818024263431542,25,300,0.1972932368516922,0.056666666666666664,0.802706778049469,0.08178382366895676
pure_top_p,1.0,0.6,0,19,1.0,1.0,0.25,1.0,0.0,0.0,0.045812379894778,43.657586861095794,1.0,1.0,0.04,0.0,0.04,,25,300,0.0,1.0,1.0,0.0
pure_top_p,1.0,0.6,0,20,0.5,0.12,0.55,0.9374735597111288,0.9963333333333332,0.0,0.4528082642797381,43.429343670787794,16.72,1.0,0.4,0.4068577609924401,0.1196172248803827,0.2061068702290076,25,300,0.056960105895996094,0.3933333333333333,0.9430398344993591,0.03803827986121178
pure_top_p,1.0,0.6,0,21,0.06,0.0,0.44,0.971384584261055,1.0,0.0,0.5786143865343183,43.62710932717968,17.12,1.0,0.8,0.5831335438079944,0.1790697674418604,0.3555555555555555,25,300,0.1307981312274933,0.15,0.8692018389701843,0.06929343193769455
pure_top_p,1.0,0.6,0,22,0.34,0.0,0.27,0.8923237422283912,0.9926341283988342,0.0,1.0981623440422117,43.42442155591752,34.08,0.08,0.92,0.4926973407272143,0.1197183098591549,0.2067714631197098,25,300,0.0704747885465622,0.25,0.9295252561569214,0.031011037528514862
pure_top_p,1.0,0.6,0,23,0.48,0.0,0.17,1.0,1.0,0.0,0.1615413723513483,43.59176709837392,3.0,1.0,0.2,0.3656666666666667,0.1066666666666666,0.14,25,300,0.10813034325838089,0.43666666666666665,0.8918697237968445,0.10003026574850082
pure_top_p,1.0,0.6,0,24,0.0,0.0,0.29,0.9528903305067524,1.0,0.0,0.7150027488172054,38.06090108691235,17.92,0.92,0.76,0.7159800913897256,0.2336448598130841,0.4069478908188585,25,300,0.21580693125724792,0.056666666666666664,0.7841930985450745,0.07406788319349289
pure_top_p,1.0,0.6,0,25,0.96,0.92,0.73,1.0,1.0,0.0,0.2492939977720379,38.44765771155807,5.28,1.0,0.2,0.3823095238095238,0.0833333333333333,0.1214953271028037,25,300,0.0659487172961235,0.49,0.9340513348579407,0.04690372571349144
pure_top_p,1.0,0.6,0,26,1.0,1.0,0.83,0.8769638553017863,0.9661749040009908,0.0,1.2279377257172015,38.23632051346683,26.4,0.28,0.48,0.3590445450125067,0.066420664206642,0.1192893401015228,25,300,0.020799919962882996,1.0,0.9792001247406006,0.011784390546381474
pure_top_p,1.0,0.6,0,27,0.16,0.0,0.25,1.0,1.0,0.0,0.2021948839258402,39.521861462543214,5.8,1.0,0.16,0.579957671957672,0.1379310344827586,0.1583333333333333,25,300,0.2365635633468628,0.32,0.763436496257782,0.1853618025779724
pure_top_p,1.0,0.6,0,28,0.0,0.0,0.25,0.9030812324929972,1.0,0.0,0.7849342789035291,39.534705026086826,14.76,1.0,0.32,0.5528669250202095,0.0802005012531328,0.1229946524064171,25,300,0.15153245627880096,0.21,0.8484675288200378,0.08877311646938324
pure_top_p,1.0,0.6,0,29,0.42,0.0,0.32,0.9521897010324584,1.0,0.0,1.2008448481559753,38.85760750367758,34.36,0.2,0.96,0.6734970652717063,0.1793981481481481,0.3361144219308701,25,300,0.16226191818714142,0.08666666666666667,0.8377381563186646,0.08394598215818405
pure_top_p,1.0,0.6,0,30,0.14,0.0,0.34,1.0,1.0,0.0,0.4580374619737267,38.40677737639017,8.36,1.0,0.4,0.3693512043512043,0.1179245283018868,0.1657754010695187,25,300,0.06282788515090942,0.48,0.9371721148490906,0.04266372695565224
pure_top_p,1.0,0.6,0,31,0.0,0.0,0.0,1.0,0.0,0.0,0.0509789095539599,39.29767819725267,1.0,1.0,0.04,0.0,0.04,,25,300,1.4305114426349519e-08,1.0,1.0,5.066072361614715e-08
pure_top_p,1.0,0.6,0,32,0.0,0.0,0.54,0.984031868131868,1.0,0.0,0.5886041226610541,38.77494933750782,11.84,0.96,0.8,0.5747223458241741,0.261744966442953,0.358974358974359,25,300,0.08155827969312668,0.2733333333333333,0.9184417724609375,0.04944836348295212
pure_top_p,1.0,0.6,0,33,0.5,0.0,0.75,1.0,1.0,0.0,0.3910925266519189,38.42462806426224,8.0,1.0,0.04,0.0,0.04,0.04,25,300,0.0,1.0,1.0,0.0
pure_top_p,1.0,0.6,0,34,0.44,0.44,0.58,1.0,0.44,0.0,0.1618598311115055,38.45468587711163,3.64,1.0,0.12,0.5577777777777778,0.1098901098901098,0.1363636363636363,25,300,0.21305008232593536,0.4866666666666667,0.786949872970581,0.20652151107788086
pure_top_p,1.0,0.6,0,35,1.0,1.0,0.25,1.0,1.0,0.0,0.461730769444257,39.02940027568522,11.0,1.0,0.04,0.0,0.04,0.04,25,300,9.536743306171047e-08,1.0,1.0,1.1699592761260647e-07
pure_top_p,1.0,0.6,0,36,0.8,0.8,0.29,0.9971428571428572,1.0,0.0,0.368025738177821,39.4520803472255,12.32,1.0,0.24,0.2643017586701797,0.0769230769230769,0.1045296167247386,25,300,0.020736942067742348,0.8666666666666667,0.9792631268501282,0.022106707096099854
pure_top_p,1.0,0.6,0,37,0.5,0.0,0.0,1.0,1.0,0.0,0.3344274715147912,38.921083544392985,11.0,1.0,0.04,0.0,0.04,0.04,25,300,1.668930060816365e-08,1.0,1.0,3.1592509941447133e-08
pure_top_p,1.0,0.6,0,38,0.5,0.0,0.5,1.0,1.0,0.0,0.4069824146758765,39.33752456887712,14.0,1.0,0.08,0.0639999999999999,0.0428571428571428,0.0461538461538461,25,300,0.005311748944222927,1.0,0.9946883320808411,0.005537862423807383
pure_top_p,1.0,0.6,0,39,1.0,1.0,0.25,1.0,1.0,0.0,0.281397971631959,39.12396705337357,8.0,1.0,0.04,0.0,0.04,0.04,25,300,4.7683716530855236e-08,1.0,1.0,5.849796380630323e-08
pure_top_p,1.0,0.6,0,40,0.6,0.2,0.36,0.9664722336487042,1.0,0.0,0.4588506753183901,38.92681359324301,15.6,1.0,0.56,0.408625076825152,0.1076923076923077,0.1506849315068493,25,300,0.08032944798469543,0.49666666666666665,0.9196706414222717,0.0699719712138176
pure_top_p,1.0,0.6,0,41,1.0,1.0,0.25,1.0,0.0,0.0,0.0771813485398888,38.91078870799917,1.0,1.0,0.04,0.0,0.04,,25,300,8.583069188716763e-08,1.0,1.0,1.013214472322943e-07
pure_top_p,1.0,0.6,0,42,0.0,0.0,0.0,1.0,1.0,0.0,0.1080622279550879,37.19559787338273,2.0,1.0,0.04,0.0,0.04,0.04,25,300,3.814697180359872e-08,1.0,1.0,4.776338613510234e-08
pure_top_p,1.0,0.6,0,43,0.74,0.48,0.36,1.0,0.48,0.0,0.285661747213453,38.466461310324945,4.52,1.0,0.12,0.4894074074074074,0.0884955752212389,0.125,25,300,0.15665414929389954,0.48,0.8433458209037781,0.14978811144828796
pure_top_p,1.0,0.6,0,44,1.0,1.0,0.25,1.0,0.0,0.0,0.0625104563217609,39.27707325006955,1.0,1.0,0.08,0.0,0.04,,25,300,0.05406792834401131,0.4866666666666667,0.9459320306777954,0.05273280665278435
pure_top_p,1.0,0.6,0,45,0.44,0.32,0.47,0.9342542731866714,0.9970284237726098,0.0,0.9369328124914318,38.66551336253952,28.72,0.8,0.96,0.6354145840221612,0.1470985155195681,0.2905027932960894,25,300,0.15208259224891663,0.11,0.847917377948761,0.0769600197672844
pure_top_p,1.0,0.6,0,46,1.0,1.0,0.75,1.0,1.0,0.0,0.4137328156735748,38.724406893112025,14.0,1.0,0.04,0.0,0.04,0.04,25,300,0.0,1.0,1.0,0.0
pure_top_p,1.0,0.6,0,47,0.64,0.48,0.62,0.879274199033166,0.9901853726548848,0.0011764705882352,1.039034242061898,38.611970940054256,33.04,0.72,0.96,0.6537963722717072,0.1714975845410628,0.3623910336239103,25,300,0.10180800408124924,0.13333333333333333,0.8981919288635254,0.04837508127093315
pure_top_p,1.0,0.6,0,48,0.5,0.0,0.0,1.0,1.0,0.0,0.1471122697927057,35.41110862995626,2.0,1.0,0.04,0.0,0.04,0.04,25,300,9.298324243900424e-08,1.0,1.0,1.0061536670491478e-07
pure_top_p,1.0,0.6,0,49,0.0,0.0,0.0,1.0,0.0,0.0,0.0789441167749464,38.10333523402095,1.0,1.0,0.04,0.0,0.04,,25,300,0.0,1.0,1.0,0.0
pure_top_p,1.0,0.8,0,0,0.94,0.88,0.69,0.9697181964742606,1.0,0.0,0.5421649046987295,43.4968272651524,19.04,1.0,0.92,0.5299790405169046,0.1104166666666666,0.2153846153846154,25,300,0.10777793824672699,0.25333333333333335,0.8922221064567566,0.06820087134838104
pure_top_p,1.0,0.8,0,1,0.12,0.0,0.25,1.0,1.0,0.0,0.2338632167316973,42.92523053278858,7.0,1.0,0.76,0.6205739818603595,0.1657142857142857,0.3,25,300,0.08469272404909134,0.20666666666666667,0.9153072237968445,0.0356052964925766
pure_top_p,1.0,0.8,0,2,0.58,0.24,0.34,0.9811814501288184,1.0,0.0,0.3617053828015923,43.68228870804514,12.0,1.0,0.92,0.8797291462052425,0.3609271523178808,0.5992779783393501,25,300,0.3495120108127594,0.02,0.6504879593849182,0.14434130489826202
pure_top_p,1.0,0.8,0,3,0.04,0.0,0.24,1.0,1.0,0.0,0.1889466998074203,43.18569521725776,6.08,1.0,0.24,0.3143283383283383,0.1184210526315789,0.1732283464566929,25,300,0.05543496459722519,0.77,0.9445649981498718,0.09983736276626587
pure_top_p,1.0,0.8,0,4,0.0,0.0,0.25,1.0,0.6,0.0,0.0835568454489111,43.1090052433692,1.6,1.0,0.08,0.25,0.05,0.0666666666666666,25,300,0.119910329580307,0.5,0.8800897002220154,0.12011060863733292
pure_top_p,1.0,0.8,0,5,0.0,0.0,0.0,1.0,1.0,0.0,0.0688144054356962,43.595648635188894,2.0,1.0,0.04,0.0,0.04,0.04,25,300,1.9073486612342094e-07,1.0,0.9999998211860657,1.3562194567384722e-07
pure_top_p,1.0,0.8,0,6,0.36,0.24,0.5,0.926581216097434,0.9933833225597932,0.0023885918003565,0.7640572154149413,43.54341026797293,27.76,0.88,0.92,0.6552303797326884,0.1569186875891583,0.3210059171597633,25,300,0.14996853470802307,0.10333333333333333,0.8500314354896545,0.06665799766778946
pure_top_p,1.0,0.8,0,7,0.1,0.0,0.48,0.94347005098911,0.9953703703703703,0.0015384615384615,0.5937891709432006,43.15647352834986,18.92,0.96,0.88,0.6549030356723412,0.2125984251968504,0.4554865424430642,25,300,0.08602647483348846,0.19333333333333333,0.9139735698699951,0.046222396194934845
pure_top_p,1.0,0.8,0,8,0.0,0.0,0.0,1.0,0.0,0.0,0.0459470773488282,43.536515272908765,1.0,1.0,0.04,0.0,0.04,,25,300,3.099441414633475e-08,1.0,1.0,5.970423444523476e-08
pure_top_p,1.0,0.8,0,9,0.0,0.0,0.0,1.0,0.0,0.0,0.0685436980146914,43.768567540460936,1.0,1.0,0.04,0.0,0.04,,25,300,0.0,1.0,1.0,0.0
pure_top_p,1.0,0.8,0,10,1.0,1.0,0.73,0.9485906140021167,0.998048780487805,0.0,0.8488100570812821,42.31362955340173,30.2,0.92,1.0,0.4657917256498672,0.1046357615894039,0.1863013698630137,25,300,0.03228943049907684,0.89,0.967710554599762,0.020080892369151115
pure_top_p,1.0,0.8,0,11,0.0,0.0,0.29,0.9785836385836388,0.32,0.0,0.2015730841085314,43.319081639179295,5.68,1.0,0.2,0.4426455468846774,0.16,0.248,25,300,0.22270451486110687,0.5466666666666666,0.7772954106330872,0.24234527349472046
pure_top_p,1.0,0.8,0,12,0.4,0.16,0.5,0.9842141441615126,0.96,0.0,0.5487188899703324,43.60918253615159,16.92,0.96,0.76,0.7242242853524453,0.2074592074592074,0.3366336633663366,25,300,0.17355988919734955,0.12666666666666668,0.8264400959014893,0.09866669774055481
pure_top_p,1.0,0.8,0,13,0.32,0.0,0.28,0.998095238095238,1.0,0.0,0.2222844382934272,43.54542614790431,7.52,1.0,0.6,0.7739148116803367,0.2127659574468085,0.3312883435582822,25,300,0.19414952397346497,0.09333333333333334,0.8058504462242126,0.11143641918897629
pure_top_p,1.0,0.8,0,14,0.5,0.0,0.0,1.0,0.0,0.0,0.0687860054243355,43.61512698310984,1.0,1.0,0.04,0.0,0.04,,25,300,0.0,1.0,1.0,0.0
pure_top_p,1.0,0.8,0,15,1.0,1.0,0.45,0.9680318761698072,1.0,0.0,0.399907871298492,43.559481147071544,13.28,1.0,0.52,0.5636939887757481,0.144578313253012,0.247557003257329,25,300,0.11078780144453049,0.42,0.8892122507095337,0.08661840111017227
pure_top_p,1.0,0.8,0,16,0.0,0.0,0.25,1.0,1.0,0.0,0.417029267931357,41.543842359235335,8.12,1.0,0.12,0.1154545454545454,0.0526315789473684,0.064039408866995,25,300,0.006421688478440046,1.0,0.993578314781189,0.011145425029098988
pure_top_p,1.0,0.8,0,17,0.0,0.0,0.3,0.9571657939642888,1.0,0.0,0.5026183322165161,43.15885188625835,16.16,1.0,0.8,0.4620823954837629,0.1262376237623762,0.2163588390501319,25,300,0.06696152687072754,0.3566666666666667,0.9330384135246277,0.038551636040210724
pure_top_p,1.0,0.8,0,18,0.72,0.44,0.48,0.9326462042395808,0.9959420583810829,0.001,0.7267766935564578,42.6780635892716,25.76,0.88,0.92,0.7931093551508757,0.279320987654321,0.5585874799357945,25,300,0.21479125320911407,0.03,0.7852087616920471,0.08438105881214142
pure_top_p,1.0,0.8,0,19,1.0,1.0,0.25,1.0,0.0,0.0,0.045709421141073,43.75476472023784,1.0,1.0,0.04,0.0,0.04,,25,300,0.0,1.0,1.0,0.0
pure_top_p,1.0,0.8,0,20,0.62,0.28,0.6,0.932076858813701,0.9982608695652172,0.0,0.4156956313829869,43.516336476747426,15.24,1.0,0.6,0.4853753637951399,0.1286089238845144,0.2415730337078651,25,300,0.09244363009929657,0.18333333333333332,0.9075563549995422,0.051194656640291214
pure_top_p,1.0,0.8,0,21,0.1,0.0,0.44,0.9631598964642444,1.0,0.0,0.5736533993575722,43.35448869718952,16.44,1.0,0.88,0.5958075302630573,0.1630170316301703,0.310880829015544,25,300,0.13330711424350739,0.1,0.8666929006576538,0.06095569208264351
pure_top_p,1.0,0.8,0,22,0.26,0.0,0.28,0.8971672668471891,0.9895752351097178,0.0,1.0636894442141056,43.58366581173069,31.32,0.32,1.0,0.589806890522466,0.197452229299363,0.3697368421052631,25,300,0.11872342228889465,0.056666666666666664,0.881276547908783,0.052206650376319885
pure_top_p,1.0,0.8,0,23,0.22,0.0,0.16,0.9966666666666666,1.0,0.0,0.2731730800680816,43.16178505523781,6.04,1.0,0.8,0.8853075866613127,0.4493670886075949,0.5639097744360902,25,300,0.42345762252807617,0.043333333333333335,0.5765423774719238,0.15690644085407257
pure_top_p,1.0,0.8,0,24,0.0,0.0,0.28,0.9585847766331638,0.9971282051282052,0.0,0.6002651022840291,39.632725158087,16.48,0.92,0.92,0.7322184394086653,0.2838874680306905,0.4972677595628415,25,300,0.2281106561422348,0.02666666666666667,0.771889328956604,0.06918928772211075
pure_top_p,1.0,0.8,0,25,0.92,0.84,0.71,1.0,1.0,0.0,0.2328224155120551,39.642712656596544,5.12,1.0,0.6,0.5151071428571429,0.1484375,0.3106796116504854,25,300,0.09581417590379715,0.21333333333333335,0.9041857719421387,0.053957249969244
pure_top_p,1.0,0.8,0,26,1.0,1.0,0.76,0.8881928328489339,0.982075865719044,0.0016,1.0342910683900115,39.27479589418472,23.36,0.4,0.96,0.5555118773362583,0.0910384068278805,0.191740412979351,25,300,0.06064160168170929,0.6666666666666666,0.9393584132194519,0.06184506416320801
pure_top_p,1.0,0.8,0,27,0.2,0.0,0.18,1.0,1.0,0.0,0.2097001633234321,39.48534546469615,5.28,1.0,0.4,0.7272073054367946,0.1969696969696969,0.2803738317757009,25,300,0.23288579285144806,0.20666666666666667,0.7671141624450684,0.15356707572937012
pure_top_p,1.0,0.8,0,28,0.0,0.0,0.28,0.9080166268259576,1.0,0.0,0.9074352038092912,39.757309973139016,19.12,0.76,0.76,0.600455061435084,0.1650485436893204,0.2693877551020408,25,300,0.18906858563423157,0.11333333333333333,0.810931384563446,0.08813276886940002
pure_top_p,1.0,0.8,0,29,0.4,0.0,0.28,0.960943253785192,1.0,0.0,1.2280065350979568,37.92928886039533,33.32,0.16,1.0,0.7443711916696193,0.2175980975029726,0.4436274509803921,25,300,0.18517780303955078,0.023333333333333334,0.814822256565094,0.08412070572376251
pure_top_p,1.0,0.8,0,30,0.1,0.0,0.37,0.995,1.0,0.0,0.4884157992526889,38.542281681553526,9.04,1.0,0.72,0.4608287766012224,0.1790393013100436,0.2941176470588235,25,300,0.09241941571235657,0.28,0.907580554485321,0.059797756373882294
pure_top_p,1.0,0.8,0,31,0.0,0.0,0.0,1.0,0.0,0.0,0.0511866528820245,39.154681679104534,1.0,1.0,0.04,0.0,0.04,,25,300,1.4305114426349519e-08,1.0,1.0,5.066072361614715e-08
pure_top_p,1.0,0.8,0,32,0.02,0.0,0.55,0.9792786324786324,1.0,0.0,0.6875685401819647,38.87436794661012,14.16,0.8,0.96,0.7099446704185901,0.2837078651685393,0.4833836858006042,25,300,0.10978586971759796,0.03,0.8902141451835632,0.03146330267190933
pure_top_p,1.0,0.8,0,33,0.68,0.36,0.75,0.9340644910644912,1.0,0.0,0.486041565304622,38.47202444968796,9.36,1.0,0.4,0.3048986106486107,0.0897435897435897,0.124401913875598,25,300,0.03507422283291817,0.68,0.9649257659912109,0.021861890330910683
pure_top_p,1.0,0.8,0,34,0.56,0.56,0.67,1.0,0.64,0.0,0.1699914643540978,39.39839179251254,4.44,1.0,0.16,0.6444444444444444,0.1081081081081081,0.1162790697674418,25,300,0.256719708442688,0.4266666666666667,0.743280291557312,0.22938980162143707
pure_top_p,1.0,0.8,0,35,1.0,1.0,0.47,0.9782695533299652,1.0,0.0,0.5962162672448903,38.73344116372611,15.8,1.0,0.48,0.418951099498071,0.1012658227848101,0.1567567567567567,25,300,0.0520939938724041,0.49666666666666665,0.9479060769081116,0.042336538434028625
pure_top_p,1.0,0.8,0,36,0.48,0.48,0.28,1.0,1.0,0.0,0.3790607868041843,39.78720268967808,12.64,1.0,0.48,0.5166473810162059,0.1052631578947368,0.1845637583892617,25,300,0.0496036671102047,0.43333333333333335,0.9503962993621826,0.030848398804664612
pure_top_p,1.0,0.8,0,37,0.5,0.0,0.01,0.970952380952381,1.0,0.0,0.3543486457411199,38.22457331364356,11.52,1.0,0.2,0.2426556776556776,0.0625,0.0874524714828897,25,300,0.026691962033510208,0.52,0.9733080863952637,0.02497747540473938
pure_top_p,1.0,0.8,0,38,0.5,0.0,0.49,1.0,1.0,0.0,0.4377949193120002,36.83965126011753,14.12,1.0,0.16,0.1743353535353535,0.093484419263456,0.1097560975609756,25,300,0.03263016417622566,0.8433333333333334,0.9673699140548706,0.06811971217393875
pure_top_p,1.0,0.8,0,39,0.82,0.64,0.34,0.9984,1.0,0.0,0.3936378140002489,38.85727780862932,11.8,1.0,0.44,0.5803882860180807,0.1661016949152542,0.2666666666666666,25,300,0.10063881427049637,0.42,0.8993611931800842,0.09501467645168304
pure_top_p,1.0,0.8,0,40,0.56,0.12,0.38,0.945244490453186,1.0,0.0,0.4986539604701102,39.47960794257816,17.08,1.0,0.76,0.4934270900952185,0.1850117096018735,0.2935323383084577,25,300,0.08508975058794022,0.30333333333333334,0.9149101972579956,0.05598491057753563
pure_top_p,1.0,0.8,0,41,1.0,1.0,0.25,1.0,0.0,0.0,0.0701891854777931,38.53517304641584,1.0,1.0,0.08,0.0,0.04,,25,300,0.03790178894996643,0.5466666666666666,0.9620983600616455,0.041690435260534286
pure_top_p,1.0,0.8,0,42,0.0,0.0,0.0,1.0,1.0,0.0,0.1072755694016813,37.42080383321571,2.0,1.0,0.04,0.0,0.04,0.04,25,300,3.814697180359872e-08,1.0,1.0,4.776338613510234e-08
pure_top_p,1.0,0.8,0,43,0.76,0.52,0.41,0.983992079590457,0.5575757575757576,0.00125,0.3853842552844435,38.96002441796272,7.88,1.0,0.4,0.6401749555843748,0.2663316582914573,0.4712643678160919,25,300,0.19644992053508759,0.29333333333333333,0.8035500049591064,0.14777880907058716
pure_top_p,1.0,0.8,0,44,1.0,1.0,0.25,1.0,0.0,0.0,0.0587295720633118,39.56991382355667,1.0,1.0,0.08,0.0,0.04,,25,300,0.047748297452926636,0.5466666666666666,0.952251672744751,0.052521295845508575
pure_top_p,1.0,0.8,0,45,0.62,0.4,0.47,0.9270737857037926,0.9987878787878788,0.0,1.006130079207942,38.37626718015406,31.2,0.8,0.96,0.7056430082970176,0.1740226986128625,0.3619791666666667,25,300,0.150703564286232,0.03,0.8492964506149292,0.053278304636478424
pure_top_p,1.0,0.8,0,46,1.0,1.0,0.75,1.0,1.0,0.0,0.4145327769406139,38.74825559491397,14.04,1.0,0.16,0.0746486928104575,0.0541310541310541,0.058282208588957,25,300,0.010003706440329552,1.0,0.9899962544441223,0.01640639454126358
pure_top_p,1.0,0.8,0,47,0.56,0.24,0.51,0.921426909380578,0.9925634948174896,0.0,0.7853365979529917,39.009579458749926,25.32,0.92,1.0,0.7318424249928199,0.2103610675039246,0.4754901960784313,25,300,0.18666484951972961,0.04666666666666667,0.8133351802825928,0.09898914396762848
pure_top_p,1.0,0.8,0,48,0.5,0.0,0.0,1.0,1.0,0.0,0.1311580904852598,38.190173121838555,2.0,1.0,0.04,0.0,0.04,0.04,25,300,9.298324243900424e-08,1.0,1.0,1.0061536670491478e-07
pure_top_p,1.0,0.8,0,49,0.0,0.0,0.0,1.0,0.0,0.0,0.0790236004162579,35.47708368508741,1.0,1.0,0.08,0.0,0.04,,25,300,0.035109054297208786,0.6666666666666666,0.9648909568786621,0.049734655767679214
pure_top_p,1.0,0.9,0,0,0.98,0.96,0.69,0.9679898369915532,1.0,0.0,0.5576992101967335,43.61194635304002,19.28,1.0,0.96,0.6245299184229433,0.1483739837398374,0.3211991434689507,25,300,0.1392568200826645,0.17333333333333334,0.8607432246208191,0.08585231751203537
pure_top_p,1.0,0.9,0,1,0.24,0.0,0.25,0.9866666666666668,1.0,0.0,0.2156373346969485,43.210660831151245,6.64,1.0,0.8,0.5897461427461428,0.1566265060240964,0.2695035460992908,25,300,0.07220876961946487,0.30666666666666664,0.9277912378311157,0.03697887808084488
pure_top_p,1.0,0.9,0,2,0.64,0.32,0.36,0.988313725490196,1.0,0.0,0.3469036622345448,43.70367255726157,11.84,1.0,1.0,0.9361778652529248,0.4256756756756756,0.7011070110701108,25,300,0.4181363880634308,0.006666666666666667,0.5818635821342468,0.12505808472633362
pure_top_p,1.0,0.9,0,3,0.2,0.08,0.2,0.9921531100478468,1.0,0.0,0.2284498498030006,43.602375667909946,7.08,1.0,0.6,0.6420990850936503,0.2090395480225988,0.3486842105263157,25,300,0.22415435314178467,0.2833333333333333,0.7758456468582153,0.1670323759317398
pure_top_p,1.0,0.9,0,4,0.0,0.0,0.25,1.0,0.6,0.0,0.0826196517981588,43.57657109587883,1.6,1.0,0.08,0.25,0.05,0.0666666666666666,25,300,0.119910329580307,0.5,0.8800897002220154,0.12011060863733292
pure_top_p,1.0,0.9,0,5,0.0,0.0,0.0,1.0,1.0,0.0,0.0687905736919492,43.61075491090436,2.0,1.0,0.04,0.0,0.04,0.04,25,300,1.9073486612342094e-07,1.0,0.9999998211860657,1.3562194567384722e-07
pure_top_p,1.0,0.9,0,6,0.62,0.52,0.56,0.9131074285294234,0.9154550625128102,0.0,0.7447263796441257,43.07139046111924,27.24,0.92,0.92,0.7033494280234701,0.170767004341534,0.3843843843843844,25,300,0.1938134729862213,0.03,0.8061864972114563,0.10572533309459686
pure_top_p,1.0,0.9,0,7,0.04,0.0,0.46,0.9469881218884316,1.0,0.0,0.6024962948635221,42.342679311459776,19.24,1.0,1.0,0.6828785617986188,0.2046783625730994,0.4549180327868852,25,300,0.09793847054243088,0.18333333333333332,0.9020615816116333,0.04820709675550461
pure_top_p,1.0,0.9,0,8,0.2,0.16,0.16,0.9772364165407644,0.2376470588235294,0.0,0.2405804431159048,43.582982696938046,7.52,0.92,0.28,0.4203756517938834,0.4526315789473684,0.7575757575757576,25,300,0.1954571157693863,0.57,0.8045428991317749,0.2347216159105301
pure_top_p,1.0,0.9,0,9,0.0,0.0,0.0,1.0,0.0,0.0,0.0652173523977398,43.57246844823715,1.0,1.0,0.08,0.0,0.04,,25,300,0.0294916033744812,0.72,0.970508337020874,0.0473707914352417
pure_top_p,1.0,0.9,0,10,0.94,0.92,0.73,0.9392653519297076,0.9976140350877194,0.0,0.7881658232025802,43.6422718493056,28.64,0.92,1.0,0.5346968797312974,0.1340782122905028,0.2575976845151954,25,300,0.07771658897399902,0.67,0.922283411026001,0.09552387148141861
pure_top_p,1.0,0.9,0,11,0.0,0.0,0.27,0.9858679882209294,0.24,0.0,0.1897171763051301,41.94174081950951,4.92,1.0,0.28,0.36723666254626,0.1705426356589147,0.25,25,300,0.19073554873466492,0.62,0.8092645406723022,0.24295826256275177
pure_top_p,1.0,0.9,0,12,0.42,0.16,0.51,0.9844610027653508,0.96,0.0,0.5437300599459559,43.35615575409006,17.8,1.0,0.92,0.7080859475055754,0.2209821428571428,0.3782505910165484,25,300,0.15522262454032898,0.08666666666666667,0.8447773456573486,0.09356408566236496
pure_top_p,1.0,0.9,0,13,0.28,0.0,0.28,0.995873015873016,0.92,0.0,0.2463414137810468,43.671331283064646,8.44,1.0,0.64,0.7567441206479996,0.2464454976303317,0.3817204301075269,25,300,0.17344993352890015,0.12666666666666668,0.8265500664710999,0.10197624564170837
pure_top_p,1.0,0.9,0,14,0.5,0.0,0.0,1.0,0.0,0.0,0.0669439359847455,43.62100723663333,1.0,1.0,0.08,0.0,0.04,,25,300,0.016150159761309624,0.8466666666666667,0.9838497638702393,0.03801367059350014
pure_top_p,1.0,0.9,0,15,0.98,0.96,0.33,0.9904,0.9976470588235294,0.0,0.2790381053555756,43.168894196769145,9.4,1.0,0.28,0.4069671306496333,0.225531914893617,0.3571428571428571,25,300,0.06611935794353485,0.7,0.933880627155304,0.087567038834095
pure_top_p,1.0,0.9,0,16,0.08,0.08,0.35,1.0,0.84,0.0,0.3927487880736589,43.09277663147852,7.08,1.0,0.32,0.4126689976689976,0.1029411764705882,0.1117318435754189,25,300,0.11986017972230911,0.69,0.8801397681236267,0.16876177489757538
pure_top_p,1.0,0.9,0,17,0.0,0.0,0.32,0.9725479082321188,1.0,0.0,0.4833234273735434,43.369731051008465,15.04,1.0,0.88,0.4904777793446607,0.1542553191489361,0.2877492877492877,25,300,0.06518515199422836,0.32,0.9348148703575134,0.03443918004631996
pure_top_p,1.0,0.9,0,18,0.64,0.28,0.48,0.9469990763835644,0.9574285714285716,0.0,0.5770407056901604,43.52869800405234,18.64,0.96,1.0,0.8155893629373494,0.2989690721649484,0.5369565217391304,25,300,0.20404013991355896,0.02666666666666667,0.7959598898887634,0.07631739228963852
pure_top_p,1.0,0.9,0,19,1.0,1.0,0.25,1.0,0.0,0.0,0.0457905481290071,43.67753497322464,1.0,1.0,0.04,0.0,0.04,,25,300,0.0,1.0,1.0,0.0
pure_top_p,1.0,0.9,0,20,0.6,0.28,0.6,0.9497202705038456,0.9964661654135338,0.0,0.4234906803909689,43.6446901070871,15.72,1.0,0.76,0.585186241643688,0.1725888324873096,0.3523035230352303,25,300,0.1075182855129242,0.09666666666666666,0.8924816846847534,0.050508640706539154
pure_top_p,1.0,0.9,0,21,0.06,0.0,0.47,0.9567885199767552,1.0,0.0,0.6402698689419776,43.358620237995865,19.04,1.0,1.0,0.6400667659332786,0.1698113207547169,0.3584070796460177,25,300,0.1431005299091339,0.17333333333333334,0.8568994402885437,0.0687260553240776
pure_top_p,1.0,0.9,0,22,0.34,0.0,0.29,0.8896569579704563,0.9900520358020358,0.0,1.0640940434858204,43.452889851904594,32.08,0.28,1.0,0.6221827509481282,0.1784386617100371,0.3439897698209718,25,300,0.12675854563713074,0.08666666666666667,0.8732414841651917,0.05717170611023903
pure_top_p,1.0,0.9,0,23,0.24,0.0,0.17,0.9945454545454544,1.0,0.0,0.2364395953994243,43.63692778641338,5.2,1.0,0.72,0.8689142443956686,0.4210526315789473,0.5555555555555556,25,300,0.4021550118923187,0.056666666666666664,0.5978450775146484,0.1570637971162796
pure_top_p,1.0,0.9,0,24,0.0,0.0,0.3,0.9536076394620536,1.0,0.0,0.634045679345727,39.85575368195457,17.52,0.96,1.0,0.7675950343822118,0.344578313253012,0.6102564102564103,25,300,0.23673810064792633,0.013333333333333334,0.7632618546485901,0.06728997081518173
pure_top_p,1.0,0.9,0,25,0.9,0.8,0.71,1.0,1.0,0.0,0.2487442254181951,39.36644324662397,5.4,1.0,0.6,0.5996746031746032,0.1555555555555555,0.3,25,300,0.11278640478849411,0.16,0.8872135281562805,0.05984362214803696
pure_top_p,1.0,0.9,0,26,0.96,0.96,0.73,0.9094826604144534,0.9753850869326132,0.0014814814814814,0.8977690079994499,39.8516279019743,21.12,0.52,1.0,0.6284189054895506,0.112,0.265,25,300,0.07809938490390778,0.4766666666666667,0.9219006299972534,0.057397469878196716
pure_top_p,1.0,0.9,0,27,0.28,0.0,0.16,1.0,0.92,0.0,0.207389939399436,38.93057550810469,5.28,1.0,0.6,0.7929856463053059,0.1969696969696969,0.3177570093457944,25,300,0.2683168351650238,0.08666666666666667,0.7316831350326538,0.14385506510734558
pure_top_p,1.0,0.9,0,28,0.02,0.0,0.25,0.9014648423471951,0.9871794871794872,0.0069696969696969,0.8730799764301628,39.448653804310766,17.16,0.92,0.84,0.6863236449101853,0.2052401746724891,0.3348729792147806,25,300,0.2280046045780182,0.06333333333333334,0.7719954252243042,0.09551410377025604
pure_top_p,1.0,0.9,0,29,0.36,0.0,0.3,0.9569957121784324,1.0,0.0,1.1621285880450158,38.917762427312475,32.84,0.32,1.0,0.7922736129641739,0.2583732057416268,0.5030826140567201,25,300,0.20110180974006653,0.013333333333333334,0.7988981604576111,0.08480505645275116
pure_top_p,1.0,0.9,0,30,0.2,0.0,0.38,0.9766666666666668,0.9963636363636365,0.0,0.5471704454999418,38.18348624813208,10.52,1.0,0.96,0.502263598285324,0.2519083969465648,0.3924050632911392,25,300,0.0938168466091156,0.23,0.9061831831932068,0.04558512195944786
pure_top_p,1.0,0.9,0,31,0.0,0.0,0.0,1.0,0.0,0.0,0.0536335896048694,38.10864613125618,1.0,1.0,0.08,0.08,0.08,,25,300,0.023741550743579865,0.92,0.9762585163116455,0.08064597845077515
pure_top_p,1.0,0.9,0,32,0.04,0.0,0.52,0.9677184482184482,1.0,0.0,0.6828726648446173,39.17009353292362,13.6,0.88,0.96,0.7277911648567915,0.3420289855072463,0.55,25,300,0.12510797381401062,0.016666666666666666,0.8748920559883118,0.04820341244339943
pure_top_p,1.0,0.9,0,33,0.64,0.28,0.72,0.9409523809523808,1.0,0.0,0.5024902145843952,37.19543311083566,9.44,1.0,0.64,0.3237144546200274,0.1059322033898305,0.1943127962085308,25,300,0.04670553654432297,0.49,0.9532944560050964,0.028076298534870148
pure_top_p,1.0,0.9,0,34,0.24,0.24,0.4,1.0,0.52,0.0,0.1254763188399374,38.83578863181548,2.64,1.0,0.2,0.6783333333333333,0.1969696969696969,0.2682926829268293,25,300,0.2936767637729645,0.3233333333333333,0.7063232064247131,0.22239835560321808
pure_top_p,1.0,0.9,0,35,1.0,1.0,0.54,0.9702930891516164,1.0,0.0,0.6296509279776364,38.29384266522583,16.92,1.0,0.6,0.4641206919588959,0.1182033096926714,0.185929648241206,25,300,0.052388496696949005,0.43,0.9476115107536316,0.032906148582696915
pure_top_p,1.0,0.9,0,36,0.54,0.52,0.37,0.9688263349553672,0.9896720430107528,0.0053362995921394,0.5329264894779772,40.09024685445976,16.68,0.84,0.88,0.6374188653904166,0.1639722863741339,0.3284313725490196,25,300,0.07181090861558914,0.31666666666666665,0.9281890988349915,0.043515630066394806
pure_top_p,1.0,0.9,0,37,0.5,0.0,0.0,0.9833333333333332,1.0,0.0,0.3494833026546985,37.80852902202122,11.2,1.0,0.16,0.1725763125763125,0.0535714285714285,0.0745098039215686,25,300,0.01786741241812706,0.7333333333333333,0.9821325540542603,0.021935706958174706
pure_top_p,1.0,0.9,0,38,0.52,0.04,0.48,0.9920915032679738,1.0,0.0,0.4248591164685786,38.42692796271239,14.04,1.0,0.48,0.4337191360249638,0.1408450704225352,0.2181818181818181,25,300,0.11458373814821243,0.35333333333333333,0.8854162693023682,0.09364987164735794
pure_top_p,1.0,0.9,0,39,0.88,0.76,0.37,1.0,1.0,0.0,0.3933030625991523,38.90422004986226,11.68,1.0,0.56,0.6679935693970538,0.2465753424657534,0.449438202247191,25,300,0.11489841341972351,0.4033333333333333,0.8851014971733093,0.10738462954759598
pure_top_p,1.0,0.9,0,40,0.64,0.28,0.43,0.948499371483938,0.9927272727272728,0.0038095238095238,0.5316373238246888,39.8222696648561,17.88,1.0,0.92,0.5992165757664218,0.22,0.3811764705882353,25,300,0.14101949334144592,0.10666666666666667,0.8589805364608765,0.06753481924533844
pure_top_p,1.0,0.9,0,41,1.0,1.0,0.25,1.0,0.0,0.0,0.0749514773022382,37.90240575214174,1.0,1.0,0.08,0.0,0.04,,25,300,0.023409968242049217,0.72,0.976590096950531,0.037602052092552185
pure_top_p,1.0,0.9,0,42,0.0,0.0,0.0,1.0,1.0,0.0,0.1042304882686584,38.56624204960481,2.0,1.0,0.04,0.0,0.04,0.04,25,300,3.814697180359872e-08,1.0,1.0,4.776338613510234e-08
pure_top_p,1.0,0.9,0,43,0.74,0.48,0.38,0.9933333333333332,0.52,0.0,0.3041331452690065,39.447090075784594,5.32,1.0,0.36,0.554688801938802,0.1791044776119403,0.2568807339449541,25,300,0.1703954041004181,0.37,0.8296045660972595,0.13986392319202423
pure_top_p,1.0,0.9,0,44,1.0,1.0,0.25,1.0,0.0,0.0,0.0684732913039624,38.823534638314314,1.0,1.0,0.08,0.0,0.04,,25,300,0.05055703595280647,0.52,0.9494429230690002,0.05270935595035553
pure_top_p,1.0,0.9,0,45,0.64,0.44,0.53,0.9074310346234494,0.9977978883861236,0.0,1.036515773078427,39.08983226252635,31.76,0.56,1.0,0.703419350697051,0.193069306930693,0.4495530012771392,25,300,0.1792040765285492,0.02,0.8207959532737732,0.062390029430389404
pure_top_p,1.0,0.9,0,46,1.0,1.0,0.74,1.0,1.0,0.0,0.4107863564789295,38.82540857104027,13.92,1.0,0.2,0.0891086990351696,0.0517241379310344,0.0588235294117647,25,300,0.011995824053883553,0.9333333333333333,0.9880041480064392,0.017764508724212646
pure_top_p,1.0,0.9,0,47,0.66,0.44,0.53,0.9081852386514228,0.9968676368676368,0.0,0.8801104526221752,36.89172935697633,25.68,0.88,1.0,0.7419189594270762,0.2127329192546584,0.4781906300484653,25,300,0.16288991272449493,0.05,0.8371101021766663,0.08097008615732193
pure_top_p,1.0,0.9,0,48,0.46,0.0,0.06,1.0,1.0,0.0,0.2091113496385514,37.30292764816666,2.96,1.0,0.12,0.3092063492063492,0.0945945945945946,0.1428571428571428,25,300,0.061841756105422974,0.5933333333333334,0.9381582736968994,0.08220401406288147
pure_top_p,1.0,0.9,0,49,0.0,0.0,0.0,1.0,0.0,0.0,0.0691349874343722,38.52016571500242,1.0,1.0,0.08,0.0,0.04,,25,300,0.05055703595280647,0.52,0.9494429230690002,0.05270935595035553
pure_top_p,1.0,0.95,0,0,0.98,0.96,0.67,0.9840772946859904,1.0,0.0,0.443706626323983,43.634222185230946,15.28,1.0,0.92,0.6529063771865494,0.1506493506493506,0.2777777777777778,25,300,0.1613280028104782,0.2,0.8386719822883606,0.10254421830177307
pure_top_p,1.0,0.95,0,1,0.26,0.0,0.25,0.980750700280112,0.9975,0.0,0.2362355504184961,42.99978726443032,7.64,1.0,0.76,0.6316949271517383,0.225130890052356,0.4277108433734939,25,300,0.08666177093982697,0.24666666666666667,0.9133382439613342,0.04288143292069435
pure_top_p,1.0,0.95,0,2,0.52,0.32,0.4,0.9786202686202684,1.0,0.0,0.3825385559443384,43.60292745328241,12.96,1.0,1.0,0.9061984058097092,0.4570552147239264,0.760797342192691,25,300,0.374897837638855,0.013333333333333334,0.6251021027565002,0.11342911422252655
pure_top_p,1.0,0.95,0,3,0.18,0.08,0.2,0.9914285714285714,0.9985185185185184,0.0,0.2115495038032531,43.493328881012346,6.96,1.0,0.56,0.6137539954811695,0.2514285714285714,0.4333333333333333,25,300,0.18062762916088104,0.14333333333333334,0.8193723559379578,0.12689775228500366
pure_top_p,1.0,0.95,0,4,0.0,0.0,0.25,1.0,0.84,0.0,0.0880538550112396,43.60802108792714,1.84,1.0,0.08,0.14,0.0434782608695652,0.0476190476190476,25,300,0.06714983284473419,0.72,0.9328501224517822,0.1078590527176857
pure_top_p,1.0,0.95,0,5,0.0,0.0,0.0,1.0,1.0,0.0,0.0688363774493336,43.581871391572015,2.0,1.0,0.04,0.0,0.04,0.04,25,300,1.9073486612342094e-07,1.0,0.9999998211860657,1.3562194567384722e-07
pure_top_p,1.0,0.95,0,6,0.28,0.12,0.4,0.949359906324612,0.8681453409911183,0.0063157894736842,0.6055192878656089,42.50951965488164,21.0,0.8,0.84,0.6850790712540774,0.224105461393597,0.4683794466403162,25,300,0.1904492974281311,0.11666666666666667,0.8095507025718689,0.10648350417613983
pure_top_p,1.0,0.95,0,7,0.04,0.0,0.49,0.9416824977388714,1.0,0.0,0.6206783079355955,41.512221824630224,18.44,0.96,0.92,0.6905076619222903,0.2129817444219067,0.5,25,300,0.08822198212146759,0.21,0.9117779731750488,0.04763782024383545
pure_top_p,1.0,0.95,0,8,0.14,0.12,0.11,0.9939555555555556,0.16,0.0,0.1820606883987784,43.399950245717626,5.32,1.0,0.2,0.2939109221517109,0.4444444444444444,0.6818181818181818,25,300,0.15348447859287262,0.7033333333333334,0.8465155363082886,0.24130496382713318
pure_top_p,1.0,0.95,0,9,0.0,0.0,0.0,1.0,0.0,0.0,0.0612864771485328,43.73618255846567,1.0,1.0,0.08,0.0,0.04,,25,300,0.04774831235408783,0.5466666666666666,0.952251672744751,0.05252130702137947
pure_top_p,1.0,0.95,0,10,1.0,1.0,0.74,0.9436939438429982,1.0,0.0,0.7773474183864891,43.582483157813186,28.44,1.0,1.0,0.4767649338000791,0.1206171107994389,0.25,25,300,0.04533117264509201,0.6966666666666667,0.9546687602996826,0.03335477411746979
pure_top_p,1.0,0.95,0,11,0.0,0.0,0.29,0.985757817062165,0.32,0.0,0.2092603187542408,43.53632413127125,6.04,1.0,0.28,0.4582357062327651,0.1875,0.3185185185185185,25,300,0.2239295393228531,0.54,0.7760704755783081,0.2424563616514206
pure_top_p,1.0,0.95,0,12,0.42,0.12,0.5,0.9845011388393742,0.92,0.0,0.5872720535565168,43.66943030642034,17.04,1.0,0.96,0.8298773614079166,0.2857142857142857,0.4735576923076923,25,300,0.22751517593860626,0.03333333333333333,0.7724847793579102,0.10488495230674744
pure_top_p,1.0,0.95,0,13,0.28,0.0,0.27,0.9890756302521008,0.96,0.0,0.2544579374417662,43.42666442746232,8.56,1.0,0.68,0.7542508485496213,0.2710280373831775,0.4338624338624338,25,300,0.15778541564941406,0.12666666666666668,0.8422145843505859,0.08389981836080551
pure_top_p,1.0,0.95,0,14,0.5,0.0,0.0,1.0,0.0,0.0,0.0673374077118932,42.81467328667083,1.0,1.0,0.08,0.0,0.04,,25,300,0.02317197248339653,0.78,0.9768279790878296,0.04370427876710892
pure_top_p,1.0,0.95,0,15,0.98,0.96,0.43,0.985550380054728,1.0,0.0,0.4088556454051286,42.37718211335186,13.0,1.0,0.56,0.5936556084832095,0.2269938650306748,0.4119601328903654,25,300,0.13612160086631775,0.39666666666666667,0.8638783693313599,0.10800836980342865
pure_top_p,1.0,0.95,0,16,0.0,0.0,0.27,1.0,0.96,0.0,0.3875449466332793,43.55838196902792,7.36,1.0,0.24,0.221,0.0669856459330143,0.0706521739130434,25,300,0.06584945321083069,0.7733333333333333,0.9341505765914917,0.12639734148979187
pure_top_p,1.0,0.95,0,17,0.0,0.0,0.29,0.964011365311675,0.99875,0.0,0.4743303122743964,43.29155909812892,14.96,1.0,0.88,0.5141548153172463,0.1675531914893617,0.3133903133903133,25,300,0.08625251799821854,0.23,0.9137474298477173,0.04872909560799599
pure_top_p,1.0,0.95,0,18,0.68,0.36,0.52,0.938055345385397,0.9569187675070028,0.0,0.7416791232675314,41.99595584043816,23.08,0.84,1.0,0.8397160179618176,0.3378378378378378,0.689594356261023,25,300,0.22960983216762543,0.01,0.7703901529312134,0.06766914576292038
pure_top_p,1.0,0.95,0,19,0.88,0.88,0.28,0.9968,0.12,0.0,0.1087341871205717,43.63922717026259,3.24,1.0,0.2,0.2268776683087028,0.4444444444444444,0.7678571428571429,25,300,0.10954847931861877,0.7033333333333334,0.8904514312744141,0.18886536359786987
pure_top_p,1.0,0.95,0,20,0.7,0.48,0.63,0.9719211923342358,1.0,0.0,0.3951398881338537,43.61302541724091,14.56,1.0,0.88,0.6551802886919332,0.1945205479452054,0.3705882352941176,25,300,0.12796877324581146,0.08333333333333333,0.8720312714576721,0.056255191564559937
pure_top_p,1.0,0.95,0,21,0.14,0.0,0.41,0.9670036083079562,1.0,0.0,0.5508293981477618,43.55647063375646,15.48,1.0,0.96,0.6607787807270242,0.1886304909560723,0.3867403314917127,25,300,0.14707066118717194,0.06666666666666667,0.8529293537139893,0.06523321568965912
pure_top_p,1.0,0.95,0,22,0.34,0.0,0.27,0.914265517634241,0.9944596774193548,0.0,1.0796726692747325,43.42027573650981,31.08,0.2,1.0,0.6738734623468174,0.2292993630573248,0.4328947368421053,25,300,0.16032403707504272,0.023333333333333334,0.8396759629249573,0.05897917225956917
pure_top_p,1.0,0.95,0,23,0.28,0.0,0.14,0.9983333333333334,0.96,0.0,0.2438113721366971,43.63879431091206,5.28,1.0,0.88,0.9187336675020886,0.5447761194029851,0.6697247706422018,25,300,0.4305509328842163,0.023333333333333334,0.5694490671157837,0.1349189281463623
pure_top_p,1.0,0.95,0,24,0.06,0.0,0.29,0.952342024288144,0.9973333333333332,0.0,0.5596605895925313,43.31674987987876,17.0,0.96,1.0,0.8105088865162545,0.364963503649635,0.6450777202072538,25,300,0.2911171615123749,0.006666666666666667,0.7088828682899475,0.11201944947242737
pure_top_p,1.0,0.95,0,25,0.92,0.84,0.73,1.0,1.0,0.0,0.230894629554823,39.490893588089726,5.08,1.0,0.68,0.4918544973544974,0.1496062992125984,0.3529411764705882,25,300,0.08891359716653824,0.2,0.9110864400863647,0.04756037890911102
pure_top_p,1.0,0.95,0,26,0.92,0.92,0.76,0.8844972718047469,0.9814495890582848,0.0,1.0695187534857542,39.338530561325264,24.84,0.36,1.0,0.6034359946784104,0.1105121293800539,0.2803347280334728,25,300,0.06015282869338989,0.6133333333333333,0.9398472309112549,0.05168507248163223
pure_top_p,1.0,0.95,0,27,0.32,0.04,0.22,1.0,0.96,0.0,0.1980847414303571,39.37522921564603,4.88,1.0,0.72,0.8160728325146483,0.2459016393442623,0.4639175257731959,25,300,0.24843350052833557,0.08,0.7515665292739868,0.11859685927629471
pure_top_p,1.0,0.95,0,28,0.0,0.0,0.27,0.9142733867439748,1.0,0.0,0.8726292711682617,39.34001926206195,17.56,0.88,0.76,0.6408251212798397,0.1827731092436974,0.2971175166297117,25,300,0.2336556315422058,0.10666666666666667,0.766344428062439,0.11317579448223114
pure_top_p,1.0,0.95,0,29,0.44,0.0,0.28,0.957521426283536,0.99875,0.0,1.1486283089127391,39.260423335680834,32.68,0.36,1.0,0.8079774206104716,0.2829736211031175,0.5822002472187886,25,300,0.23439493775367737,0.0,0.7656050324440002,0.08707911521196365
pure_top_p,1.0,0.95,0,30,0.14,0.0,0.36,0.9916666666666668,1.0,0.0,0.5312776190321893,37.88949979571452,10.56,1.0,0.88,0.56801493619313,0.2696629213483146,0.4338842975206611,25,300,0.15787556767463684,0.11,0.8421244025230408,0.09158242493867874
pure_top_p,1.0,0.95,0,31,0.0,0.0,0.0,1.0,0.0,0.0,0.0590115815494209,36.184584812947634,1.0,1.0,0.08,0.22,0.08,,25,300,0.06528923660516739,0.78,0.934710681438446,0.12314094603061676
pure_top_p,1.0,0.95,0,32,0.02,0.0,0.45,0.9790703933747412,1.0,0.0,0.6973149134032428,38.07210670551456,12.76,0.92,1.0,0.7466430154632204,0.4183976261127596,0.6153846153846154,25,300,0.13512146472930908,0.01,0.8648785352706909,0.051628466695547104
pure_top_p,1.0,0.95,0,33,0.62,0.24,0.71,0.947128982128982,1.0,0.0,0.5210557429026812,37.56176631263363,10.04,1.0,0.84,0.4389083997465072,0.1746031746031746,0.2643171806167401,25,300,0.07020401954650879,0.3466666666666667,0.9297959208488464,0.0466490238904953
pure_top_p,1.0,0.95,0,34,0.44,0.36,0.45,1.0,0.72,0.0,0.1513289549201726,40.028410360136206,3.84,1.0,0.4,0.8352887205387205,0.3020833333333333,0.3661971830985915,25,300,0.3757120370864868,0.18,0.6242879033088684,0.21331623196601868
pure_top_p,1.0,0.95,0,35,1.0,1.0,0.41,0.993327536231884,1.0,0.0,0.5568462273292244,38.787151511091594,14.28,1.0,0.36,0.3734135199743895,0.1064425770308123,0.1596385542168674,25,300,0.04345792904496193,0.5166666666666667,0.9565420746803284,0.040803130716085434
pure_top_p,1.0,0.95,0,36,0.58,0.56,0.38,0.9925,0.9974193548387098,0.0013333333333333,0.4310375936795026,39.19774814819394,13.72,0.96,0.76,0.5668414843326384,0.1501416430594901,0.2682926829268293,25,300,0.057605087757110596,0.43,0.9423949122428894,0.033765796571969986
pure_top_p,1.0,0.95,0,37,0.5,0.0,0.0,0.9833333333333332,1.0,0.0,0.3435402644984424,38.47422974682183,11.2,1.0,0.16,0.1827472527472527,0.0535714285714285,0.0745098039215686,25,300,0.018446536734700203,0.7333333333333333,0.9815535545349121,0.02180631272494793
pure_top_p,1.0,0.95,0,38,0.54,0.08,0.5,0.9916577540106952,1.0,0.0,0.403664018008858,38.81508682760221,13.52,1.0,0.32,0.3281365754701668,0.1002949852507374,0.1464968152866242,25,300,0.08341176807880402,0.5166666666666667,0.9165882468223572,0.0935247540473938
pure_top_p,1.0,0.95,0,39,0.78,0.6,0.39,0.9908080808080808,1.0,0.0,0.4873678733687848,38.16638165413205,14.64,1.0,0.76,0.7108872666999917,0.2861035422343324,0.5380116959064327,25,300,0.16598351299762726,0.23666666666666666,0.8340164422988892,0.11004994064569473
pure_top_p,1.0,0.95,0,40,0.62,0.28,0.45,0.9533872417438044,1.0,0.0,0.6128880398254841,39.51814105410189,20.28,0.96,1.0,0.6982509316423,0.2548638132295719,0.4785276073619632,25,300,0.16952355206012726,0.043333333333333335,0.8304764628410339,0.0838913545012474
pure_top_p,1.0,0.95,0,41,1.0,1.0,0.25,1.0,0.0,0.0,0.0718899769429117,38.695933614467954,1.0,1.0,0.08,0.0,0.04,,25,300,0.03177063912153244,0.62,0.968229353427887,0.040649380534887314
pure_top_p,1.0,0.95,0,42,0.0,0.0,0.0,1.0,1.0,0.0,0.1069453306961804,37.63730992181961,2.0,1.0,0.04,0.0,0.04,0.04,25,300,3.814697180359872e-08,1.0,1.0,4.776338613510234e-08
pure_top_p,1.0,0.95,0,43,0.78,0.56,0.43,0.9851282051282052,0.552,0.0042105263157894,0.4202928888984024,38.69955866185495,8.32,1.0,0.4,0.6507402447855719,0.2361111111111111,0.3821989528795811,25,300,0.1818382740020752,0.2833333333333333,0.81816166639328,0.13097520172595978
pure_top_p,1.0,0.95,0,44,1.0,1.0,0.25,1.0,0.0,0.0,0.0600209035910665,39.41188869138782,1.0,1.0,0.08,0.0,0.04,,25,300,0.050557032227516174,0.52,0.9494429230690002,0.05270935222506523
pure_top_p,1.0,0.95,0,45,0.64,0.48,0.54,0.9042721505042596,0.9988888888888888,0.0,1.008024412272498,38.40931957662578,31.6,0.76,1.0,0.6979645546749541,0.1834170854271356,0.4215304798962386,25,300,0.16886253654956818,0.02666666666666667,0.831137478351593,0.06263062357902527
pure_top_p,1.0,0.95,0,46,1.0,1.0,0.73,1.0,1.0,0.0,0.4122371226269752,38.942781649797794,13.88,1.0,0.24,0.1416471734892787,0.0657142857142857,0.08,25,300,0.025625938549637794,0.9066666666666666,0.9743740558624268,0.03452000021934509
pure_top_p,1.0,0.95,0,47,0.48,0.2,0.51,0.9312990243674456,0.9965139675484502,0.0,0.7655351516231894,38.69912813904889,22.32,0.92,1.0,0.8084054895574664,0.2690265486725663,0.6074074074074074,25,300,0.21624013781547546,0.013333333333333334,0.7837598919868469,0.08738554269075394
pure_top_p,1.0,0.95,0,48,0.4,0.0,0.08,1.0,1.0,0.0,0.2460703352838754,35.259207148786324,3.28,1.0,0.24,0.4102380952380953,0.1097560975609756,0.1578947368421052,25,300,0.0832749679684639,0.43,0.9167250394821167,0.08428819477558136
pure_top_p,1.0,0.95,0,49,0.0,0.0,0.0,1.0,0.0,0.0,0.070733475992456,37.91614794658539,1.0,1.0,0.08,0.0,0.04,,25,300,0.05055703967809677,0.52,0.9494429230690002,0.05270935595035553
pure_top_p,1.5,0.6,0,0,0.98,0.96,0.71,0.9542990285077242,1.0,0.0,0.4688478474132717,42.83109587029034,16.0,1.0,1.0,0.698271033346669,0.1862745098039215,0.3629242819843342,25,300,0.18507827818393707,0.1,0.8149216771125793,0.1018877774477005
pure_top_p,1.5,0.6,0,1,0.24,0.0,0.24,1.0,1.0,0.0,0.2484872769936918,43.614884351718544,7.72,1.0,0.8,0.641612037400737,0.2061855670103092,0.3491124260355029,25,300,0.10199349373579025,0.16,0.8980064988136292,0.05753477290272713
pure_top_p,1.5,0.6,0,2,0.58,0.28,0.41,0.9775455486542444,1.0,0.0,0.4339560762327164,43.3353109644539,13.12,0.96,1.0,0.9198992018209178,0.4461077844311377,0.7152103559870551,25,300,0.4004111588001251,0.0,0.5995888710021973,0.12152920663356781
pure_top_p,1.5,0.6,0,3,0.18,0.0,0.19,1.0,1.0,0.0,0.2395593286398797,43.572739264584705,7.84,1.0,0.52,0.6023146454278336,0.2295918367346938,0.3684210526315789,25,300,0.16893647611141205,0.19333333333333333,0.8310635685920715,0.11288867890834808
pure_top_p,1.5,0.6,0,4,0.0,0.0,0.25,1.0,0.56,0.0,0.0820884434320032,43.39705660507926,1.56,1.0,0.08,0.2566666666666666,0.0512820512820512,0.0714285714285714,25,300,0.12310793250799179,0.4866666666666667,0.87689208984375,0.12006789445877075
pure_top_p,1.5,0.6,0,5,0.0,0.0,0.0,1.0,1.0,0.0,0.0688564468547701,43.570933261701455,2.0,1.0,0.04,0.0,0.04,0.04,25,300,1.9073486612342094e-07,1.0,0.9999998211860657,1.3562194567384722e-07
pure_top_p,1.5,0.6,0,6,0.28,0.12,0.36,0.9441365617604656,0.8333466554085749,0.00125,0.5877493746113032,43.36942853608024,19.92,0.84,0.8,0.7860280300445273,0.2529644268774703,0.4677754677754678,25,300,0.2641841769218445,0.056666666666666664,0.7358158230781555,0.13116949796676636
pure_top_p,1.5,0.6,0,7,0.04,0.0,0.5,0.9436125385345872,0.9961206896551724,0.0012903225806451,0.6337520317174494,43.465567194815115,21.08,1.0,1.0,0.6887303094182506,0.2177858439201452,0.5076045627376425,25,300,0.10545439273118973,0.2,0.8945456147193909,0.05206195265054703
pure_top_p,1.5,0.6,0,8,0.0,0.0,0.0,1.0,0.0,0.0,0.0458246462140232,43.64699929244816,1.0,1.0,0.04,0.0,0.04,,25,300,3.099441414633475e-08,1.0,1.0,5.970423444523476e-08
pure_top_p,1.5,0.6,0,9,0.0,0.0,0.0,1.0,0.0,0.0,0.0685900345072149,43.738453026421446,1.0,1.0,0.04,0.0,0.04,,25,300,0.0,1.0,1.0,0.0
pure_top_p,1.5,0.6,0,10,0.92,0.88,0.71,0.9420903060783176,0.999047619047619,0.0,0.7820922099333256,43.54490911047001,28.44,0.92,0.96,0.5819021778658859,0.1598877980364656,0.2819767441860465,25,300,0.10629034787416458,0.63,0.8937097191810608,0.13219471275806427
pure_top_p,1.5,0.6,0,11,0.0,0.0,0.37,0.9623117269204228,0.64,0.0,0.3734547266364098,43.45300331850294,11.72,1.0,0.36,0.5473888463924695,0.0964630225080385,0.1398601398601398,25,300,0.2453756183385849,0.52,0.7546244263648987,0.24447019398212433
pure_top_p,1.5,0.6,0,12,0.46,0.32,0.48,0.9754184704184704,0.9582608695652174,0.0,0.5384933046158403,43.41633652741861,15.4,1.0,0.88,0.8219476424136067,0.2763819095477386,0.388739946380697,25,300,0.20892643928527832,0.04666666666666667,0.7910735011100769,0.09161702543497086
pure_top_p,1.5,0.6,0,13,0.3,0.0,0.3,0.9884761904761904,0.92,0.0,0.2692196196503937,43.53261568386531,8.84,1.0,0.64,0.7738219079384344,0.1990950226244343,0.3316326530612244,25,300,0.16998980939388275,0.13,0.830010175704956,0.09433811902999878
pure_top_p,1.5,0.6,0,14,0.5,0.0,0.0,1.0,0.0,0.0,0.0688277734443544,43.58740251476306,1.0,1.0,0.04,0.0,0.04,,25,300,0.0,1.0,1.0,0.0
pure_top_p,1.5,0.6,0,15,1.0,1.0,0.43,0.978676291029232,0.9984615384615384,0.0,0.3928499014861881,42.98904808294501,12.68,1.0,0.44,0.5610967721125935,0.2176656151419558,0.3732876712328767,25,300,0.1126239150762558,0.41333333333333333,0.887376070022583,0.09294070303440094
pure_top_p,1.5,0.6,0,16,0.04,0.04,0.32,1.0,0.88,0.0,0.3977856984827667,43.6445238374874,7.36,1.0,0.24,0.374949494949495,0.0900473933649289,0.0967741935483871,25,300,0.08923815935850143,0.7733333333333333,0.9107618927955627,0.14850971102714539
pure_top_p,1.5,0.6,0,17,0.0,0.0,0.3,0.9694224682259008,1.0,0.0,0.4987643381487578,43.62276082702123,16.04,1.0,0.96,0.5546893731053039,0.2233250620347394,0.3968253968253968,25,300,0.09628329426050186,0.13333333333333333,0.9037167429924011,0.049818847328424454
pure_top_p,1.5,0.6,0,18,0.68,0.36,0.41,0.9465255440659192,0.955,0.0,0.7527362319640816,42.016475995527024,22.48,0.72,0.96,0.8436699572212393,0.3914529914529914,0.7142857142857143,25,300,0.30257582664489746,0.006666666666666667,0.6974241733551025,0.11213697493076324
pure_top_p,1.5,0.6,0,19,1.0,1.0,0.25,1.0,0.0,0.0,0.0460045157466083,43.48021260727691,1.0,1.0,0.04,0.0,0.04,,25,300,0.0,1.0,1.0,0.0
pure_top_p,1.5,0.6,0,20,0.46,0.16,0.55,0.9311348509863684,1.0,0.0,0.5238201017584652,43.07079515196596,19.36,0.96,0.92,0.5798099699646146,0.176954732510288,0.334056399132321,25,300,0.11575786769390106,0.04,0.8842421174049377,0.04132693260908127
pure_top_p,1.5,0.6,0,21,0.08,0.0,0.46,0.9650478189671738,1.0,0.0,0.6450508309435099,43.13134779755783,18.52,0.96,1.0,0.7014568759798817,0.202991452991453,0.4334085778781038,25,300,0.17205943167209625,0.03333333333333333,0.8279406428337097,0.06739909201860428
pure_top_p,1.5,0.6,0,22,0.34,0.0,0.25,0.9061935277673254,0.9969185185185184,0.0,1.0661394656822083,43.59716599308152,32.4,0.24,1.0,0.5671220360814905,0.1831683168316831,0.3116219667943806,25,300,0.11816363036632538,0.08666666666666667,0.8818363547325134,0.04630287364125252
pure_top_p,1.5,0.6,0,23,0.3,0.0,0.06,1.0,0.96,0.0,0.2962539024092257,43.27357609058499,5.6,1.0,1.0,0.9880422657254178,0.7515923566878981,0.8636363636363636,25,300,0.4668769836425781,0.0,0.5331230163574219,0.08301074057817459
pure_top_p,1.5,0.6,0,24,0.06,0.0,0.19,0.9830546880020564,1.0,0.0,0.4523709297925233,43.02157418185413,10.96,0.92,1.0,0.9067129927081456,0.5177304964539007,0.7354085603112841,25,300,0.43915241956710815,0.006666666666666667,0.5608475804328918,0.15279024839401245
pure_top_p,1.5,0.6,0,25,0.7,0.44,0.6,1.0,1.0,0.0,0.2131567028630525,39.18604520704646,4.64,1.0,0.88,0.6712760942760944,0.2413793103448276,0.5494505494505495,25,300,0.15487109124660492,0.06333333333333334,0.8451289534568787,0.08237415552139282
pure_top_p,1.5,0.6,0,26,1.0,1.0,0.69,0.9042981705302447,0.98257481648786,0.0033862433862433,0.879592515276745,39.39083965069363,20.92,0.4,0.76,0.6102922482296642,0.1008130081300813,0.2338983050847457,25,300,0.08274119347333908,0.43333333333333335,0.9172587990760803,0.06293582916259766
pure_top_p,1.5,0.6,0,27,0.32,0.04,0.17,0.9925,0.8746666666666667,0.0028571428571428,0.2007497314643115,39.491652400874536,5.2,1.0,0.64,0.7957962364432954,0.1923076923076923,0.3523809523809524,25,300,0.2777756154537201,0.11666666666666667,0.7222244143486023,0.14523358643054962
pure_top_p,1.5,0.6,0,28,0.08,0.0,0.16,0.9051658613055032,0.9938620689655172,0.0014285714285714,0.8908170830272139,39.81339031960019,17.52,0.72,1.0,0.840080521359943,0.3824786324786324,0.5507900677200903,25,300,0.3489847779273987,0.006666666666666667,0.6510152220726013,0.10376624017953873
pure_top_p,1.5,0.6,0,29,0.46,0.04,0.13,0.956866206226993,0.999,0.0,1.153003811854869,38.24930974203059,26.08,0.32,1.0,0.8999829068745703,0.4465317919075144,0.7226386806596702,25,300,0.3390613794326782,0.0,0.6609386205673218,0.11494877189397812
pure_top_p,1.5,0.6,0,30,0.26,0.0,0.16,0.9847619047619048,0.99,0.0042105263157894,0.6220233922079206,37.69887574096003,10.68,0.88,1.0,0.92602656376761,0.6190476190476191,0.7843866171003717,25,300,0.30528464913368225,0.0033333333333333335,0.6947153806686401,0.09203939139842987
pure_top_p,1.5,0.6,0,31,0.0,0.0,0.0,1.0,0.0,0.0,0.0516177164670079,38.819250764120774,1.0,1.0,0.04,0.0,0.04,,25,300,1.4305114426349519e-08,1.0,1.0,5.066072361614715e-08
pure_top_p,1.5,0.6,0,32,0.12,0.0,0.25,0.9789163818637504,0.9961904761904762,0.002,0.9009171469975265,38.23588229131677,12.16,0.64,1.0,0.8088820153741738,0.5766871165644172,0.7109634551495017,25,300,0.18223263323307037,0.0,0.817767322063446,0.05536170303821564
pure_top_p,1.5,0.6,0,33,0.64,0.28,0.66,0.9520555555555554,0.9936842105263156,0.0044444444444444,0.6101652124989778,37.50924023267644,10.88,0.88,0.96,0.5997839458389131,0.2957746478873239,0.4324324324324324,25,300,0.09422428160905838,0.13,0.905775785446167,0.038697198033332825
pure_top_p,1.5,0.6,0,34,0.32,0.28,0.4,0.9963636363636365,0.67875,0.0,0.1969907150045036,38.56174964254523,4.48,1.0,0.44,0.8626665619239149,0.4601769911504424,0.5909090909090909,25,300,0.3754787743091583,0.14333333333333334,0.6245211958885193,0.19062863290309906
pure_top_p,1.5,0.6,0,35,1.0,1.0,0.43,0.9808861660079052,1.0,0.0,0.590539939859882,38.29329944553472,15.28,1.0,0.4,0.4390828725600585,0.1230366492146596,0.1932773109243697,25,300,0.05349491164088249,0.4666666666666667,0.9465051293373108,0.04659276828169823
pure_top_p,1.5,0.6,0,36,0.84,0.84,0.43,0.981,0.992258064516129,0.0039999999999999,0.530623493604362,39.836854702536186,16.08,0.88,0.6,0.5123741810481335,0.1244131455399061,0.199501246882793,25,300,0.06324230134487152,0.5266666666666666,0.9367576241493225,0.04962540417909622
pure_top_p,1.5,0.6,0,37,0.5,0.0,0.0,1.0,1.0,0.0,0.3377269732300192,38.5294029253961,11.0,1.0,0.08,0.0799999999999999,0.0436363636363636,0.048,25,300,0.0036631666589528322,1.0,0.9963368773460388,0.0038191035855561495
pure_top_p,1.5,0.6,0,38,0.52,0.04,0.5,1.0,1.0,0.0,0.3997797566838562,39.7261302758827,13.84,1.0,0.28,0.3089523808779227,0.1213872832369942,0.1557632398753894,25,300,0.07162849605083466,0.6333333333333333,0.9283716082572937,0.09221769869327545
pure_top_p,1.5,0.6,0,39,0.82,0.68,0.33,0.9984,1.0,0.0,0.4033880269620568,38.09853860163346,12.0,1.0,0.44,0.5722753694157044,0.2,0.3090909090909091,25,300,0.09940644353628159,0.4633333333333333,0.9005935788154602,0.10691285878419876
pure_top_p,1.5,0.6,0,40,0.6,0.2,0.44,0.9592284814855272,0.9988888888888888,0.0,0.6642252420820296,38.39957547394513,19.92,0.92,0.96,0.6916544149263641,0.2579365079365079,0.4154488517745303,25,300,0.15886461734771729,0.04666666666666667,0.8411354422569275,0.060092367231845856
pure_top_p,1.5,0.6,0,41,1.0,1.0,0.25,1.0,0.0,0.0,0.0734065529052167,38.78184835570686,1.0,1.0,0.08,0.0,0.04,,25,300,0.023409968242049217,0.72,0.976590096950531,0.03760204836726189
pure_top_p,1.5,0.6,0,42,0.0,0.0,0.0,1.0,1.0,0.0,0.104772553090006,38.299618236374826,2.0,1.0,0.04,0.0,0.04,0.04,25,300,3.814697180359872e-08,1.0,1.0,4.776338613510234e-08
pure_top_p,1.5,0.6,0,43,0.76,0.52,0.4,0.9889521263050676,0.56,0.0,0.3704733702912927,38.09059995742177,7.08,1.0,0.44,0.6692607926412593,0.2944444444444444,0.4774193548387097,25,300,0.19122973084449768,0.23,0.8087702989578247,0.12470032274723053
pure_top_p,1.5,0.6,0,44,0.98,0.96,0.31,0.99263611615245,0.24,0.0,0.1924383842572569,39.75097795342321,4.84,1.0,0.4,0.4484428627851848,0.4227642276422764,0.6632653061224489,25,300,0.2411351054906845,0.23666666666666666,0.7588648200035095,0.20011596381664276
pure_top_p,1.5,0.6,0,45,0.44,0.2,0.47,0.9093826096402804,0.9989473684210526,0.0,1.0610151202138514,38.92134921276361,32.6,0.56,1.0,0.6998200837775033,0.1958887545344619,0.4052369077306733,25,300,0.1640087068080902,0.02,0.8359913229942322,0.05140608921647072
pure_top_p,1.5,0.6,0,46,1.0,1.0,0.75,1.0,1.0,0.0,0.4157755340263247,38.546245387618214,14.0,1.0,0.04,0.0,0.04,0.04,25,300,0.0,1.0,1.0,0.0
pure_top_p,1.5,0.6,0,47,0.44,0.08,0.4,0.9388189112943808,0.9974901960784314,0.0,0.7286713310517371,37.58489367343865,22.2,1.0,1.0,0.8012084044630228,0.2670250896057348,0.5797373358348968,25,300,0.19405977427959442,0.02666666666666667,0.8059402704238892,0.0820368155837059
pure_top_p,1.5,0.6,0,48,0.5,0.0,0.0,1.0,1.0,0.0,0.1374982112739234,36.58127848976271,2.0,1.0,0.04,0.0,0.04,0.04,25,300,9.298324243900424e-08,1.0,1.0,1.0061536670491478e-07
pure_top_p,1.5,0.6,0,49,0.0,0.0,0.0,1.0,0.0,0.0,0.0809970483090728,37.380169390939784,1.0,1.0,0.04,0.0,0.04,,25,300,0.0,1.0,1.0,0.0
pure_top_p,1.5,0.8,0,0,0.94,0.88,0.66,0.9697831327673836,1.0,0.0,0.5190809605736285,42.9046437105471,16.36,1.0,1.0,0.7321400876378625,0.2142857142857142,0.4379746835443038,25,300,0.2109672874212265,0.043333333333333335,0.7890326976776123,0.10685276985168457
pure_top_p,1.5,0.8,0,1,0.24,0.0,0.18,0.9921804511278196,1.0,0.0,0.3523907640576362,43.45898928658231,8.04,0.88,0.96,0.8030626601484676,0.4700460829493088,0.6614583333333334,25,300,0.24577011168003082,0.05333333333333334,0.7542299032211304,0.14624395966529846
pure_top_p,1.5,0.8,0,2,0.52,0.16,0.29,0.9770518065812184,0.96,0.0,0.5840977019909769,43.18324585660809,15.56,0.84,1.0,0.9494297955815316,0.569377990430622,0.8625954198473282,25,300,0.4351770579814911,0.0,0.5648229718208313,0.11221746355295181
pure_top_p,1.5,0.8,0,3,0.26,0.08,0.24,0.978824420677362,1.0,0.0,0.3130783344991505,43.16543921901139,9.64,1.0,0.8,0.770659046383601,0.3170731707317073,0.5972850678733032,25,300,0.28264811635017395,0.08,0.7173519134521484,0.15332642197608948
pure_top_p,1.5,0.8,0,4,0.0,0.0,0.25,1.0,0.68,0.0,0.0844271015934645,43.58907805335201,1.68,1.0,0.08,0.2266666666666666,0.0476190476190476,0.0588235294117647,25,300,0.10871870815753937,0.5466666666666666,0.8912813067436218,0.11958631128072739
pure_top_p,1.5,0.8,0,5,0.0,0.0,0.0,1.0,0.96,0.0,0.0726157355308532,43.51165602007696,1.96,1.0,0.12,0.1566666666666666,0.12,0.12,25,300,0.0553600937128067,0.8433333333333334,0.9446399807929993,0.1332317590713501
pure_top_p,1.5,0.8,0,6,0.32,0.0,0.24,0.9705367812767994,0.8753041046639369,0.0012121212121212,0.5890744689665735,43.14729754239134,18.12,0.8,0.92,0.8826015078603124,0.4319148936170213,0.6786516853932584,25,300,0.38193976879119873,0.02,0.6180601716041565,0.13196399807929993
pure_top_p,1.5,0.8,0,7,0.08,0.0,0.46,0.955230727582444,1.0,0.0,0.6596209512557835,43.33600116973871,20.12,1.0,1.0,0.7514684339759016,0.263653483992467,0.575098814229249,25,300,0.1358894407749176,0.013333333333333334,0.86411052942276,0.051548346877098083
pure_top_p,1.5,0.8,0,8,0.2,0.16,0.14,0.9768123839009288,0.2376470588235294,0.0,0.2486483782436698,43.30544982505865,7.32,0.92,0.28,0.419866767976524,0.4301075268817204,0.7515527950310559,25,300,0.20564799010753632,0.57,0.7943519949913025,0.2454005628824234
pure_top_p,1.5,0.8,0,9,0.0,0.0,0.0,1.0,0.0,0.0,0.063299936056137,43.595996052994224,1.0,1.0,0.08,0.0,0.04,,25,300,0.04002431780099869,0.62,0.9599756002426147,0.05120979622006416
pure_top_p,1.5,0.8,0,10,0.9,0.8,0.61,0.9509066105597545,0.9990243902439024,0.0,0.8160855337325483,43.568426405906905,27.92,0.84,1.0,0.7158454434962418,0.2230113636363636,0.3991163475699558,25,300,0.13757501542568207,0.25666666666666665,0.862424910068512,0.09059891849756241
pure_top_p,1.5,0.8,0,11,0.0,0.0,0.27,0.9757092188856896,0.4,0.0,0.2641894706804305,43.549520703730494,7.92,1.0,0.32,0.5086904495209651,0.1483253588516746,0.2445652173913043,25,300,0.25345638394355774,0.5,0.7465437054634094,0.2492559850215912
pure_top_p,1.5,0.8,0,12,0.38,0.12,0.47,0.9656051621581034,0.96,0.0,0.8141134967561812,42.8777284847944,20.44,0.84,1.0,0.8735054875008291,0.3974358974358974,0.6238003838771593,25,300,0.24565358459949493,0.0,0.7543464303016663,0.09756425768136978
pure_top_p,1.5,0.8,0,13,0.28,0.0,0.3,0.9904089635854342,1.0,0.0,0.3291557944472879,42.20425721948676,11.04,1.0,0.92,0.8309832586217467,0.2490974729241877,0.4404761904761904,25,300,0.19441840052604675,0.06333333333333334,0.8055816292762756,0.09004974365234375
pure_top_p,1.5,0.8,0,14,0.5,0.0,0.0,1.0,0.0,0.0,0.0641638560220598,43.63971389986343,1.0,1.0,0.08,0.0,0.04,,25,300,0.03510904684662819,0.6666666666666666,0.9648909568786621,0.04973464459180832
pure_top_p,1.5,0.8,0,15,0.92,0.84,0.45,0.975198419464404,0.9975,0.0,0.4876807910017669,42.59697726242969,15.64,0.96,0.64,0.6624042208708225,0.2531645569620253,0.4297297297297297,25,300,0.1449989229440689,0.2633333333333333,0.8550010919570923,0.09256649762392044
pure_top_p,1.5,0.8,0,16,0.14,0.08,0.36,1.0,0.84,0.0,0.4146487095858902,43.52847224834874,6.84,0.96,0.44,0.5210690673848569,0.185929648241206,0.2011494252873563,25,300,0.1808975785970688,0.51,0.8191023468971252,0.1914137601852417
pure_top_p,1.5,0.8,0,17,0.02,0.0,0.34,0.962399074128486,1.0,0.0,0.5479791632574051,43.35793108618468,15.92,0.96,1.0,0.6109470424841693,0.295843520782396,0.5234375,25,300,0.10388436913490295,0.13333333333333333,0.8961156010627747,0.04945356026291847
pure_top_p,1.5,0.8,0,18,0.64,0.28,0.37,0.9579356948584636,0.96,0.0,0.8369694452453404,42.49477605025554,22.12,0.68,1.0,0.9223045220915778,0.4939550949913644,0.8140794223826715,25,300,0.338270902633667,0.0,0.661729097366333,0.09990759193897247
pure_top_p,1.5,0.8,0,19,0.82,0.8,0.26,0.9983333333333334,0.2,0.0,0.1935388830024748,43.56262050070677,4.0,0.92,0.28,0.3579239004490118,0.4636363636363636,0.6705882352941176,25,300,0.1890513151884079,0.4266666666666667,0.8109486699104309,0.21391694247722626
pure_top_p,1.5,0.8,0,20,0.64,0.36,0.6,0.9199069825617968,0.981723503422588,0.0012903225806451,0.5700427775457502,43.55907410198743,19.6,1.0,1.0,0.650440726981888,0.258,0.4526315789473684,25,300,0.13752685487270355,0.006666666666666667,0.8624731302261353,0.04118187353014946
pure_top_p,1.5,0.8,0,21,0.1,0.0,0.43,0.96133718214153,0.954,0.0042105263157894,0.6405044517107308,43.186265321313776,15.4,0.92,1.0,0.786969914851523,0.2938271604938272,0.5868421052631579,25,300,0.2183072417974472,0.006666666666666667,0.7816928029060364,0.0807647779583931
pure_top_p,1.5,0.8,0,22,0.32,0.0,0.23,0.9263904389611222,1.0,0.0,1.0622742796409874,43.12794846398464,30.96,0.32,1.0,0.7281210541604015,0.2833333333333333,0.4980132450331125,25,300,0.1956944316625595,0.0033333333333333335,0.8043054938316345,0.05811164900660515
pure_top_p,1.5,0.8,0,23,0.32,0.0,0.07,0.9945454545454544,1.0,0.0,0.3851282462943345,43.04345997479131,6.96,0.92,1.0,0.9812904959849984,0.7301587301587301,0.8475609756097561,25,300,0.45630162954330444,0.0,0.5436984300613403,0.09074234962463379
pure_top_p,1.5,0.8,0,24,0.22,0.0,0.15,0.9724212882279816,0.9565217391304348,0.0018181818181818,0.5900577234756201,39.76077212839894,13.92,0.84,1.0,0.9134202652908684,0.49025069637883,0.7485029940119761,25,300,0.42331618070602417,0.0033333333333333335,0.5766838192939758,0.14843058586120605
pure_top_p,1.5,0.8,0,25,0.54,0.24,0.47,0.992,1.0,0.0,0.1994514169730246,39.40806018164745,4.2,1.0,0.96,0.8477908850408851,0.3619047619047619,0.75,25,300,0.2161906361579895,0.006666666666666667,0.7838094234466553,0.08512409031391144
pure_top_p,1.5,0.8,0,26,0.92,0.92,0.68,0.9035048921730724,0.9859465838509316,0.0014814814814814,0.8251203269138933,39.678833644904856,20.68,0.6,0.96,0.6511475322999029,0.1385135135135135,0.3192239858906525,25,300,0.08936602622270584,0.37333333333333335,0.9106339812278748,0.05487196147441864
pure_top_p,1.5,0.8,0,27,0.46,0.12,0.21,1.0,0.8,0.0,0.1970566025003791,39.74607985038635,5.08,1.0,0.96,0.8944265934443952,0.28125,0.5242718446601942,25,300,0.3237265646457672,0.0033333333333333335,0.6762734651565552,0.12889312207698822
pure_top_p,1.5,0.8,0,28,0.28,0.04,0.1,0.9504680906815528,0.9981818181818182,0.0,0.8913473614491523,39.47552242574624,16.48,0.68,1.0,0.918645117436755,0.5605381165919282,0.7458432304038005,25,300,0.3778320252895355,0.0033333333333333335,0.6221679449081421,0.11122193187475204
pure_top_p,1.5,0.8,0,29,0.48,0.04,0.13,0.9538942953149262,0.9978932968536252,0.0,1.0998444349877536,39.330531426149264,27.88,0.4,1.0,0.8843622279377477,0.4220689655172414,0.72,25,300,0.32018014788627625,0.0,0.6798198223114014,0.12103681266307831
pure_top_p,1.5,0.8,0,30,0.4,0.0,0.07,0.9873675213675212,1.0,0.0,0.857248147604987,38.80309496563131,13.04,0.56,1.0,0.9789005625200088,0.8098958333333334,0.9442896935933148,25,300,0.34930166602134705,0.0,0.6506983637809753,0.07344664633274078
pure_top_p,1.5,0.8,0,31,0.0,0.0,0.0,1.0,0.0,0.0,0.0547084355913102,38.11593753989942,1.0,1.0,0.08,0.1533333333333333,0.08,,25,300,0.045504625886678696,0.8466666666666667,0.9544954299926758,0.10710712522268295
pure_top_p,1.5,0.8,0,32,0.14,0.0,0.18,0.9433926273512742,0.9702260702260702,0.0139301994301994,0.8926230813935399,38.54964501901065,15.88,0.72,1.0,0.8695558104070953,0.6401869158878505,0.7915632754342432,25,300,0.23517543077468872,0.0033333333333333335,0.7648245692253113,0.08310548961162567
pure_top_p,1.5,0.8,0,33,0.52,0.04,0.32,0.9771581699346404,1.0,0.0,0.7298577893525362,38.73112709468305,11.96,0.68,1.0,0.7617481898443779,0.5479876160990712,0.6879194630872483,25,300,0.19840937852859497,0.03333333333333333,0.8015905618667603,0.0718974620103836
pure_top_p,1.5,0.8,0,34,0.32,0.28,0.39,0.9978947368421052,0.56,0.0,0.231930180415511,39.264780810309134,4.8,1.0,0.52,0.8482864758048968,0.4180327868852459,0.5670103092783505,25,300,0.35962173342704773,0.14,0.6403782367706299,0.16988921165466309
pure_top_p,1.5,0.8,0,35,1.0,1.0,0.51,0.9792137138224096,0.9984,0.0,0.6160075103491545,38.55845125928024,16.44,1.0,0.64,0.4726230387332496,0.0997566909975669,0.1735751295336787,25,300,0.05496753752231598,0.42,0.94503253698349,0.03695214167237282
pure_top_p,1.5,0.8,0,36,0.48,0.48,0.4,0.980514951800118,0.9958193548387098,0.0013333333333333,0.4775076073408126,38.9099997079247,15.2,0.96,0.88,0.6009527365103066,0.152061855670103,0.3305785123966942,25,300,0.061305057257413864,0.36,0.938694953918457,0.032555218786001205
pure_top_p,1.5,0.8,0,37,0.5,0.0,0.05,0.9728571428571428,1.0,0.0,0.3570035699009895,39.46589743893002,12.04,1.0,0.32,0.3239456021032108,0.0960264900662251,0.148014440433213,25,300,0.05014977976679802,0.58,0.9498502612113953,0.06514862924814224
pure_top_p,1.5,0.8,0,38,0.54,0.08,0.43,0.975237590479696,1.0,0.0,0.4327799955941737,39.747417185925,14.76,1.0,0.84,0.7004479390796154,0.2933333333333333,0.4742857142857143,25,300,0.22882695496082306,0.07666666666666666,0.7711730599403381,0.09706967324018478
pure_top_p,1.5,0.8,0,39,0.54,0.24,0.48,0.9864285714285714,1.0,0.0,0.6234375336021185,38.35786063406114,17.6,0.96,0.92,0.7980707884800453,0.3011235955056179,0.5857142857142857,25,300,0.19020523130893707,0.07,0.8097947835922241,0.0820896178483963
pure_top_p,1.5,0.8,0,40,0.64,0.32,0.48,0.9632384241774484,0.9988235294117648,0.0,0.6937107189279049,39.12656927416796,21.16,0.92,1.0,0.8049259349607011,0.3389199255121042,0.642578125,25,300,0.28100016713142395,0.0,0.7189998626708984,0.09044145047664642
pure_top_p,1.5,0.8,0,41,0.92,0.84,0.25,1.0,0.16,0.0,0.1204746614955365,39.075839493781935,2.12,1.0,0.36,0.4499318783068783,0.4561403508771929,0.84375,25,300,0.17508329451084137,0.2733333333333333,0.824916660785675,0.14737968146800995
pure_top_p,1.5,0.8,0,42,0.04,0.04,0.01,1.0,1.0,0.0,0.1044603716302662,39.140000185609395,2.0,1.0,0.08,0.08,0.08,0.08,25,300,0.03604559600353241,0.92,0.9639544486999512,0.12244066596031189
pure_top_p,1.5,0.8,0,43,0.8,0.6,0.51,0.9791279771045652,0.76,0.0,0.5737118132878095,38.25715982400034,11.04,0.88,0.8,0.7642268757034915,0.312280701754386,0.55,25,300,0.2067389190196991,0.12333333333333334,0.7932611107826233,0.11725273728370667
pure_top_p,1.5,0.8,0,44,1.0,1.0,0.29,0.9934112554112552,0.2,0.0,0.1686476638820022,39.59421967629341,4.68,0.96,0.28,0.3351477306409971,0.5042016806722689,0.7872340425531915,25,300,0.16782709956169128,0.52,0.8321729302406311,0.2060471773147583
pure_top_p,1.5,0.8,0,45,0.5,0.36,0.49,0.902371012160311,0.9947454431175362,0.0033333333333333,1.054336775224656,38.63549100404628,31.56,0.52,1.0,0.7283506962677956,0.2247191011235955,0.4987113402061855,25,300,0.16903218626976013,0.0033333333333333335,0.8309678435325623,0.056066710501909256
pure_top_p,1.5,0.8,0,46,1.0,1.0,0.72,1.0,1.0,0.0,0.4220305358059704,38.17723971682367,14.08,1.0,0.28,0.1574205857781709,0.0568181818181818,0.0642201834862385,25,300,0.020966557785868645,0.98,0.9790334105491638,0.015206175856292248
pure_top_p,1.5,0.8,0,47,0.44,0.16,0.45,0.9479481860377,0.996931818181818,0.0,0.7898783732019364,37.533969549835305,22.76,1.0,1.0,0.8386799296637506,0.3356401384083045,0.7269439421338155,25,300,0.23600491881370544,0.0033333333333333335,0.7639951705932617,0.08752710372209549
pure_top_p,1.5,0.8,0,48,0.4,0.0,0.06,1.0,0.96,0.0,0.2173033242393285,36.9118969344538,2.92,1.0,0.28,0.5337301587301588,0.1506849315068493,0.2083333333333333,25,300,0.1318991631269455,0.2866666666666667,0.8681007623672485,0.10535897314548492
pure_top_p,1.5,0.8,0,49,0.0,0.0,0.0,1.0,0.0,0.0,0.0670387808978557,37.67509426562642,1.0,1.0,0.08,0.0,0.04,,25,300,0.054770126938819885,0.48,0.9452298879623413,0.05270935595035553
pure_top_p,1.5,0.9,0,0,0.86,0.72,0.59,0.9581554134243788,0.9927272727272728,0.0039999999999999,0.5975795307848603,42.50327364009942,18.28,0.96,1.0,0.7600685190923517,0.2706131078224101,0.5,25,300,0.23122772574424744,0.016666666666666666,0.768772304058075,0.10326387733221054
pure_top_p,1.5,0.9,0,1,0.4,0.08,0.17,0.987904761904762,1.0,0.0,0.3521721562743187,43.563716247120446,8.0,0.92,1.0,0.908090978647175,0.6650943396226415,0.8716577540106952,25,300,0.33642518520355225,0.0033333333333333335,0.663574755191803,0.14717219769954681
pure_top_p,1.5,0.9,0,2,0.56,0.24,0.26,0.9955555555555556,0.96,0.0,0.4526024469919503,43.45763712464071,11.56,0.92,1.0,0.9701977632881824,0.6775244299674267,0.9397163120567376,25,300,0.4352234899997711,0.0,0.5647764801979065,0.08820623904466629
pure_top_p,1.5,0.9,0,3,0.38,0.16,0.23,0.9719139265962796,0.9975,0.0,0.3559492435399443,43.34480265968172,11.92,1.0,0.96,0.8034959369229965,0.3410596026490066,0.6425992779783394,25,300,0.3150388300418854,0.013333333333333334,0.6849611401557922,0.119594044983387
pure_top_p,1.5,0.9,0,4,0.0,0.0,0.25,0.995,0.64,0.0,0.0879440653417259,43.66054730835719,1.88,1.0,0.16,0.2864285714285714,0.1489361702127659,0.3181818181818182,25,300,0.13047510385513306,0.44333333333333336,0.8695249557495117,0.12182603776454926
pure_top_p,1.5,0.9,0,5,0.02,0.0,0.02,1.0,0.96,0.0,0.0843783785402774,43.615357470838646,2.44,1.0,0.2,0.2664444444444445,0.3064516129032258,0.4324324324324324,25,300,0.08247819542884827,0.7,0.9175217747688293,0.14062921702861786
pure_top_p,1.5,0.9,0,6,0.4,0.08,0.19,0.9752046504220416,0.8273333333333334,0.0075324675324675,0.5744816997181624,43.30687816138357,11.28,0.68,0.96,0.9108380400205968,0.5913312693498453,0.7181208053691275,25,300,0.4104422330856323,0.013333333333333334,0.5895578265190125,0.11949030309915543
pure_top_p,1.5,0.9,0,7,0.1,0.0,0.42,0.9500245854193224,0.9951802656546492,0.0024242424242424,0.6754180310852825,43.215129964942854,20.36,0.96,1.0,0.8314221856031306,0.3471698113207547,0.7128712871287128,25,300,0.2183794379234314,0.01,0.7816205620765686,0.09902667999267578
pure_top_p,1.5,0.9,0,8,0.26,0.12,0.15,0.9765801185801186,0.3965714285714286,0.0011764705882352,0.40532405490987,43.5871199071672,10.8,0.72,0.44,0.6324058870299544,0.5232974910394266,0.8503937007874016,25,300,0.2670501470565796,0.35,0.7329498529434204,0.21034662425518036
pure_top_p,1.5,0.9,0,9,0.0,0.0,0.0,1.0,0.0,0.0,0.0641040279809385,43.687584687630554,1.0,1.0,0.08,0.0,0.04,,25,300,0.03510906174778938,0.6666666666666666,0.9648909568786621,0.04973466321825981
pure_top_p,1.5,0.9,0,10,0.92,0.84,0.64,0.944538095844306,0.9976410256410256,0.0,0.7358162185829132,43.49832920220026,25.84,0.76,1.0,0.7409893317035932,0.2404287901990811,0.5047770700636943,25,300,0.15650157630443573,0.14333333333333334,0.8434984087944031,0.08735368400812149
pure_top_p,1.5,0.9,0,11,0.0,0.0,0.29,0.9770773905055772,0.4,0.0,0.2568094053957611,43.58168176247932,7.8,1.0,0.44,0.5071511412926789,0.1414634146341463,0.2388888888888889,25,300,0.26459643244743347,0.35333333333333333,0.7354035973548889,0.23877480626106262
pure_top_p,1.5,0.9,0,12,0.3,0.08,0.44,0.9818360208034432,0.96,0.0,0.7367472255136818,43.48481532778452,19.24,0.8,1.0,0.8815306867132597,0.4450980392156862,0.7134020618556701,25,300,0.23853693902492523,0.0,0.7614629864692688,0.06579231470823288
pure_top_p,1.5,0.9,0,13,0.32,0.04,0.34,0.9910897435897436,1.0,0.0,0.3694057440385222,43.55197369904749,12.0,0.96,0.88,0.8362169268433629,0.3289473684210526,0.5627240143369175,25,300,0.19426044821739197,0.10333333333333333,0.8057395219802856,0.08399716019630432
pure_top_p,1.5,0.9,0,14,0.5,0.0,0.0,1.0,0.0,0.0,0.064247237406671,43.57730899969589,1.0,1.0,0.08,0.0,0.04,,25,300,0.035109054297208786,0.6666666666666666,0.9648909568786621,0.04973465949296951
pure_top_p,1.5,0.9,0,15,0.92,0.84,0.56,0.975806209449388,1.0,0.0,0.5885898313019424,43.334668816803095,16.64,0.92,0.84,0.7200943162445037,0.2488262910798122,0.4463840399002494,25,300,0.19736027717590332,0.07333333333333333,0.8026397824287415,0.07803574204444885
pure_top_p,1.5,0.9,0,16,0.08,0.04,0.28,0.9969230769230768,0.96,0.0,0.4168202578928321,43.57059039699896,8.24,1.0,0.64,0.4619746990737534,0.1551724137931034,0.1932367149758454,25,300,0.1328832060098648,0.5366666666666666,0.8671168088912964,0.15935538709163666
pure_top_p,1.5,0.9,0,17,0.04,0.0,0.26,0.962114497240544,0.9914332514332516,0.0033333333333333,0.6053356522601098,42.51878129017609,14.88,0.84,0.92,0.6415225470207291,0.3231552162849873,0.5271739130434783,25,300,0.13864028453826904,0.07,0.8613597750663757,0.08432277292013168
pure_top_p,1.5,0.9,0,18,0.56,0.12,0.19,0.9929427329427328,0.88,0.0,0.6501727155502885,43.13465792981599,14.08,0.8,1.0,0.965942083300829,0.6303797468354431,0.9054054054054054,25,300,0.37139418721199036,0.0,0.6286057829856873,0.09722321480512619
pure_top_p,1.5,0.9,0,19,0.72,0.68,0.32,0.9874325823519372,0.32,0.0,0.2764059856254607,43.1810631029352,8.4,0.96,0.44,0.5712755521052183,0.4481132075471698,0.7486631016042781,25,300,0.25803181529045105,0.29333333333333333,0.7419681549072266,0.21178773045539856
pure_top_p,1.5,0.9,0,20,0.72,0.48,0.64,0.9286196228342998,0.9826390689367096,0.0083683683683683,0.6262280361633747,42.55417953021821,20.16,0.88,1.0,0.7279959051077536,0.2658959537572254,0.4878542510121457,25,300,0.1664954274892807,0.006666666666666667,0.8335045576095581,0.05244585499167442
pure_top_p,1.5,0.9,0,21,0.14,0.0,0.45,0.9601805194805196,0.96,0.0,0.7623088238947093,43.20052529363703,20.24,0.88,1.0,0.8000136887862352,0.3141762452107279,0.5975855130784709,25,300,0.22916041314601898,0.006666666666666667,0.7708396315574646,0.09958940744400024
pure_top_p,1.5,0.9,0,22,0.36,0.0,0.23,0.9268187424860692,0.9903484848484848,0.0,0.9256693084537982,43.48810931225445,26.96,0.6,1.0,0.704074582400904,0.2724594992636229,0.5137614678899083,25,300,0.1827610731124878,0.03333333333333333,0.8172389268875122,0.07140412926673889
pure_top_p,1.5,0.9,0,23,0.44,0.0,0.01,0.9941687979539644,0.8781818181818182,0.0,0.3839390418119728,43.60785484082935,6.28,0.88,1.0,0.9943190760107918,0.8106508875739645,0.9513888888888888,25,300,0.44117939472198486,0.0,0.5588206052780151,0.09116493910551071
pure_top_p,1.5,0.9,0,24,0.28,0.0,0.09,0.9799040404040404,0.8788571428571429,0.0,0.5484190581180155,39.52499115930557,9.92,0.8,1.0,0.9418176137647308,0.6762589928057554,0.8181818181818182,25,300,0.4034059941768646,0.0,0.5965940356254578,0.11017023772001266
pure_top_p,1.5,0.9,0,25,0.64,0.28,0.53,0.9978947368421052,1.0,0.0,0.245359264947474,38.4076446140038,5.24,1.0,1.0,0.7862922837396523,0.362962962962963,0.6545454545454545,25,300,0.19416926801204681,0.02666666666666667,0.805830717086792,0.07882454991340637
pure_top_p,1.5,0.9,0,26,0.98,0.96,0.69,0.9040071351393274,0.9905630455448968,0.0014814814814814,0.909220244055614,39.47247613504829,22.64,0.48,1.0,0.7041609936222561,0.1658986175115207,0.3929712460063898,25,300,0.09950251132249832,0.23333333333333334,0.9004974365234375,0.07027342915534973
pure_top_p,1.5,0.9,0,27,0.4,0.16,0.19,0.9944761904761904,0.84,0.0,0.275905220573768,39.52162793003682,6.36,0.96,0.88,0.8669071690439959,0.3333333333333333,0.5664335664335665,25,300,0.33410948514938354,0.02,0.6658905148506165,0.12725715339183807
pure_top_p,1.5,0.9,0,28,0.42,0.0,0.02,0.9738033264980632,0.9955855855855856,0.0017391304347826,1.116930919820443,38.59445174380693,15.0,0.32,1.0,0.9715528086943525,0.7396963123644251,0.8899082568807339,25,300,0.3742655813694,0.0,0.6257344484329224,0.0770854651927948
pure_top_p,1.5,0.9,0,29,0.52,0.08,0.11,0.9644766437235576,0.9974193548387098,0.0013333333333333,1.1121693651750684,37.94409333652428,24.32,0.36,1.0,0.9106301426258676,0.450229709035222,0.7388535031847133,25,300,0.3415542244911194,0.0033333333333333335,0.6584457159042358,0.12978817522525787
pure_top_p,1.5,0.9,0,30,0.48,0.0,0.05,0.984998837479656,0.996,0.0,0.9033383519295604,38.25035912189728,11.88,0.52,1.0,0.9960564415482122,0.9103641456582632,0.9789156626506024,25,300,0.36607885360717773,0.0,0.633921205997467,0.0703793615102768
pure_top_p,1.5,0.9,0,31,0.04,0.04,0.01,1.0,0.08,0.0,0.0558881695475428,39.37829869361252,1.08,1.0,0.16,0.2955555555555555,0.1851851851851851,1.0,25,300,0.09988019615411758,0.7033333333333334,0.9001198410987854,0.15545491874217987
pure_top_p,1.5,0.9,0,32,0.26,0.0,0.05,0.9904155614500442,0.9976470588235294,0.0,1.0148029439989477,37.38842976710568,12.72,0.44,1.0,0.923053873892168,0.7760814249363868,0.8967391304347826,25,300,0.2844817042350769,0.0,0.7155182361602783,0.08179029822349548
pure_top_p,1.5,0.9,0,33,0.58,0.16,0.28,0.9708732149076976,1.0,0.0,0.771872670520097,38.46758841030015,13.4,0.72,1.0,0.7997296194472693,0.6027397260273972,0.7323529411764705,25,300,0.22986264526844025,0.02,0.7701373100280762,0.08557408303022385
pure_top_p,1.5,0.9,0,34,0.5,0.4,0.51,0.9931428571428572,0.8388235294117646,0.0,0.3482460742071271,38.84915114917811,7.8,0.88,0.6,0.8657810051068937,0.4439024390243902,0.6166666666666667,25,300,0.38136953115463257,0.14333333333333334,0.6186304688453674,0.19328629970550537
pure_top_p,1.5,0.9,0,35,1.0,1.0,0.51,0.9667317962541944,0.9984,0.0,0.6375800163205713,38.34045801957576,17.12,1.0,0.64,0.4680785934170152,0.1308411214953271,0.238213399503722,25,300,0.057990480214357376,0.39666666666666667,0.9420095682144165,0.0386059433221817
pure_top_p,1.5,0.9,0,36,0.32,0.32,0.38,0.9777749287749288,0.9936871033174114,0.0013333333333333,0.5352238162606955,39.96694906032932,16.56,0.88,0.92,0.6537957168901093,0.2022988505747126,0.4097560975609756,25,300,0.07093387842178345,0.23,0.9290661811828613,0.03556341677904129
pure_top_p,1.5,0.9,0,37,0.5,0.0,0.03,0.9709803921568628,0.9976470588235294,0.0,0.4246596326399594,37.84060188792324,12.28,0.96,0.48,0.4764574258847604,0.1910828025477707,0.2698961937716263,25,300,0.15073484182357788,0.3433333333333333,0.8492651581764221,0.16472122073173523
pure_top_p,1.5,0.9,0,38,0.52,0.04,0.44,0.9873890746934224,1.0,0.0,0.4728681427333503,37.5941513128819,14.52,1.0,0.84,0.6866963871900658,0.3251366120218579,0.4985337243401759,25,300,0.22239923477172852,0.08,0.7776008248329163,0.09739557653665543
pure_top_p,1.5,0.9,0,39,0.68,0.44,0.5,0.982849924344661,1.0,0.0,0.5510433705244213,39.78208232002033,15.76,0.96,0.96,0.8164467880702533,0.3167082294264339,0.6196808510638298,25,300,0.18525096774101257,0.04666666666666667,0.8147490620613098,0.07887263596057892
pure_top_p,1.5,0.9,0,40,0.64,0.28,0.4,0.9605151629334316,0.9973593073593072,0.0,0.8830096753593534,39.11461485635493,24.0,0.8,1.0,0.8749064547808314,0.4170692431561997,0.7651006711409396,25,300,0.2771317958831787,0.0,0.7228682041168213,0.07943753153085709
pure_top_p,1.5,0.9,0,41,0.92,0.84,0.24,0.9946245059288538,0.32,0.0,0.2269239327125251,37.94591186628072,4.08,0.96,0.4,0.4928235952165754,0.6216216216216216,0.8953488372093024,25,300,0.21084216237068176,0.21333333333333335,0.7891578078269958,0.1643339842557907
pure_top_p,1.5,0.9,0,42,0.08,0.04,0.01,0.9966666666666666,0.96,0.0,0.1989342107996344,38.61642775742154,3.2,0.92,0.24,0.3144639376218324,0.5274725274725275,0.6818181818181818,25,300,0.1371905505657196,0.6333333333333333,0.862809419631958,0.20378375053405762
pure_top_p,1.5,0.9,0,43,0.74,0.52,0.46,0.983237006678268,0.7975757575757575,0.00125,0.6322561950515956,39.065260835796046,12.92,0.84,0.88,0.8696506055438696,0.3994082840236686,0.6613418530351438,25,300,0.2735591530799866,0.02666666666666667,0.7264408469200134,0.12269996851682663
pure_top_p,1.5,0.9,0,44,0.98,0.96,0.35,0.9880398922854168,0.3187878787878788,0.0,0.3156090374104678,38.63353155945148,6.92,0.92,0.4,0.4980795450985641,0.4216216216216216,0.65,25,300,0.26187941431999207,0.23666666666666666,0.7381206154823303,0.21383808553218842
pure_top_p,1.5,0.9,0,45,0.52,0.36,0.49,0.911255373412162,0.9973333333333332,0.0,1.0861110822763294,38.71326916795365,29.24,0.52,1.0,0.7872248671344947,0.3108465608465608,0.6224350205198358,25,300,0.19949376583099365,0.0033333333333333335,0.8005061745643616,0.06273746490478516
pure_top_p,1.5,0.9,0,46,1.0,1.0,0.7,0.9961904761904762,1.0,0.0,0.4428788781911135,37.90820291499839,14.28,1.0,0.52,0.227914373962412,0.0805555555555555,0.1194029850746268,25,300,0.04684293642640114,0.75,0.9531570672988892,0.04439873993396759
pure_top_p,1.5,0.9,0,47,0.52,0.2,0.42,0.9490519278612972,0.9978235294117648,0.0,0.7528292893618346,38.46935287134623,20.44,0.8,1.0,0.8703702986627663,0.3870967741935484,0.7629482071713147,25,300,0.2487393170595169,0.0,0.7512606978416443,0.07523701339960098
pure_top_p,1.5,0.9,0,48,0.36,0.0,0.09,1.0,1.0,0.0,0.2939027613215148,37.837263261642626,4.4,1.0,0.56,0.654448754948755,0.3097345132743362,0.4545454545454545,25,300,0.15227946639060974,0.18,0.8477205634117126,0.10093603283166885
pure_top_p,1.5,0.9,0,49,0.2,0.2,0.05,1.0,0.0,0.0,0.0754387609194963,36.745812935453415,1.0,1.0,0.16,0.3333333333333333,0.08,,25,300,0.1265927404165268,0.39666666666666667,0.8734073042869568,0.12867508828639984
pure_top_p,1.5,0.95,0,0,0.8,0.6,0.55,0.97441984247368,1.0,0.0,0.6105375531129539,43.068683319844965,17.04,0.84,1.0,0.7928555745862589,0.3073496659242761,0.5448113207547169,25,300,0.24285413324832916,0.0033333333333333335,0.757145881652832,0.09021583199501038
pure_top_p,1.5,0.95,0,1,0.4,0.04,0.18,0.9895833333333336,0.8387096774193549,0.0,0.3565509877633303,43.482256278291054,8.8,0.96,1.0,0.9113112640491382,0.6336206896551724,0.8405797101449275,25,300,0.3332321345806122,0.013333333333333334,0.6667678952217102,0.16182443499565125
pure_top_p,1.5,0.95,0,2,0.54,0.24,0.23,0.9893636363636364,1.0,0.0,0.4815440304391086,43.20208425990978,12.44,0.8,0.96,0.9628421273744776,0.6901840490797546,0.956810631229236,25,300,0.4529086947441101,0.0033333333333333335,0.5470913052558899,0.0844888836145401
pure_top_p,1.5,0.95,0,3,0.24,0.12,0.21,0.9736452647455744,0.9965217391304348,0.0018181818181818,0.3865384691860526,43.383119860218706,11.36,0.92,0.96,0.8254340414355563,0.4749163879598662,0.7518248175182481,25,300,0.32515406608581543,0.03666666666666667,0.6748458743095398,0.14675255119800568
pure_top_p,1.5,0.95,0,4,0.04,0.0,0.25,0.988939393939394,0.67875,0.0,0.1377493132092058,43.282667792028946,3.64,1.0,0.36,0.4822596505631895,0.4347826086956521,0.7164179104477612,25,300,0.19798724353313446,0.2966666666666667,0.8020128011703491,0.1573083996772766
pure_top_p,1.5,0.95,0,5,0.02,0.0,0.02,1.0,0.92,0.0,0.1184246240928768,43.58080175716877,2.72,0.96,0.16,0.2436352657004831,0.3561643835616438,0.5208333333333334,25,300,0.09648050367832184,0.7033333333333334,0.9035195112228394,0.16253173351287842
pure_top_p,1.5,0.95,0,6,0.38,0.04,0.17,0.9888888888888888,0.92,0.0,0.4899889767169952,43.50887366721298,11.48,0.88,1.0,0.9427062935936972,0.5562913907284768,0.7870036101083032,25,300,0.44818562269210815,0.0,0.5518143773078918,0.10735602676868439
pure_top_p,1.5,0.95,0,7,0.06,0.0,0.46,0.9351514350751672,0.9971428571428572,0.0014814814814814,0.716846787808463,42.11906138643027,22.52,0.92,1.0,0.7691730292397858,0.3011844331641286,0.6749116607773852,25,300,0.16627134382724762,0.006666666666666667,0.8337286114692688,0.09221834689378738
pure_top_p,1.5,0.95,0,8,0.24,0.12,0.17,0.9825357918488848,0.52,0.0,0.4948605376668274,43.35688064700065,13.12,0.76,0.56,0.7317720607844952,0.514792899408284,0.805111821086262,25,300,0.27607470750808716,0.22,0.7239252924919128,0.1750013828277588
pure_top_p,1.5,0.95,0,9,0.0,0.0,0.0,1.0,0.0,0.0,0.0643139078374951,43.5281724222351,1.0,1.0,0.08,0.0,0.04,,25,300,0.03510905057191849,0.6666666666666666,0.9648909568786621,0.04973465949296951
pure_top_p,1.5,0.95,0,10,0.92,0.84,0.63,0.957731538700218,0.96,0.0,0.8452874250616879,43.36621986312893,27.36,0.68,1.0,0.7508096419423018,0.2620396600566572,0.4728340675477239,25,300,0.2015988677740097,0.15,0.7984011173248291,0.18422666192054749
pure_top_p,1.5,0.95,0,11,0.0,0.0,0.35,0.9767978378690454,0.64,0.0,0.3978605322819203,43.421821715197645,11.28,0.96,0.64,0.6388194979841466,0.1776315789473684,0.2974910394265233,25,300,0.27973252534866333,0.36666666666666664,0.7202674150466919,0.2361174076795578
pure_top_p,1.5,0.95,0,12,0.32,0.04,0.36,0.9745181797268754,0.9561290322580644,0.0026666666666666,0.7254024785943329,43.614218725044346,15.48,0.76,1.0,0.9126321336083604,0.4976744186046511,0.7333333333333333,25,300,0.2821108102798462,0.0,0.7178891897201538,0.09824331849813461
pure_top_p,1.5,0.95,0,13,0.38,0.0,0.31,0.97786647099031,0.9555555555555556,0.0,0.3456049541290849,43.63340354762827,10.32,0.96,0.88,0.8635838937501962,0.3759398496240601,0.6348547717842323,25,300,0.22606465220451355,0.02,0.7739353179931641,0.09092289209365845
pure_top_p,1.5,0.95,0,14,0.5,0.0,0.0,1.0,0.0,0.0,0.0596866515558212,43.56551728891788,1.0,1.0,0.08,0.0,0.04,,25,300,0.05266357585787773,0.5,0.9473364353179932,0.0527515709400177
pure_top_p,1.5,0.95,0,15,0.92,0.84,0.54,0.9592170274170274,1.0,0.0,0.6406284532044083,42.96814641887112,18.28,0.88,0.92,0.7260894549585035,0.2702127659574468,0.4853932584269663,25,300,0.18137449026107788,0.06,0.8186255097389221,0.06920811533927917
pure_top_p,1.5,0.95,0,16,0.2,0.16,0.36,0.995323076923077,0.96,0.0,0.5294486656226218,42.83803861368435,9.96,0.88,0.64,0.574276737513344,0.3003533568904594,0.3953488372093023,25,300,0.17030440270900726,0.3466666666666667,0.8296955227851868,0.14492928981781006
pure_top_p,1.5,0.95,0,17,0.1,0.0,0.25,0.9592372178904688,0.9970370370370368,0.0015384615384615,0.6398350959178061,42.57538601591422,17.48,0.84,1.0,0.7113363833782955,0.3813747228381374,0.607981220657277,25,300,0.19248677790164948,0.02,0.8075132369995117,0.08122247457504272
pure_top_p,1.5,0.95,0,18,0.52,0.04,0.11,0.9695571191055062,0.9586666666666668,0.0,0.8414780609775334,42.39220783272599,17.28,0.68,1.0,0.958945557472274,0.6582809224318659,0.8606194690265486,25,300,0.363718181848526,0.0,0.6362818479537964,0.09063401818275452
pure_top_p,1.5,0.95,0,19,0.9,0.84,0.22,0.9958333333333336,0.16,0.0,0.2068886543065309,43.46237344729145,4.08,0.92,0.24,0.2908118560746197,0.7391304347826086,0.9888888888888888,25,300,0.16908793151378632,0.4,0.8309120535850525,0.19620010256767273
pure_top_p,1.5,0.95,0,20,0.68,0.44,0.62,0.9263822866384864,0.9917144530188008,0.0025,0.6620879747532308,43.07594368029425,22.56,0.84,1.0,0.7631952839254554,0.3130434782608696,0.5872727272727273,25,300,0.19324825704097748,0.0,0.8067517280578613,0.06355797499418259
pure_top_p,1.5,0.95,0,21,0.18,0.0,0.36,0.9848359788359788,1.0,0.0,0.7535637378599495,43.44134576334645,17.44,0.84,1.0,0.8343885211419867,0.3974082073434125,0.6415525114155252,25,300,0.2731790542602539,0.0033333333333333335,0.7268210053443909,0.10098356008529663
pure_top_p,1.5,0.95,0,22,0.46,0.0,0.09,0.9556441261353028,1.0,0.0,1.040837581707165,43.403228681775325,25.48,0.2,1.0,0.8276237031073151,0.4225563909774436,0.6546875,25,300,0.2548489570617676,0.013333333333333334,0.7451510429382324,0.1058058887720108
pure_top_p,1.5,0.95,0,23,0.42,0.0,0.04,1.0,0.92,0.0,0.3262432268261909,43.610915195247536,5.2,0.92,1.0,0.9935549238071296,0.8766233766233766,0.937984496124031,25,300,0.4382455050945282,0.0,0.561754584312439,0.06443380564451218
pure_top_p,1.5,0.95,0,24,0.3,0.0,0.1,0.9807632216397072,0.8786666666666667,0.0,0.4882598043140024,39.50104401084863,9.8,0.8,1.0,0.9814026743148864,0.6781609195402298,0.8983050847457628,25,300,0.4516957700252533,0.0,0.5483042597770691,0.08875778317451477
pure_top_p,1.5,0.95,0,25,0.58,0.28,0.4,0.9942857142857144,1.0,0.0,0.2595956682134419,39.38286330175112,5.08,1.0,1.0,0.9046356051356051,0.5,0.8785046728971962,25,300,0.2791445553302765,0.0,0.7208554148674011,0.09427158534526825
pure_top_p,1.5,0.95,0,26,0.88,0.88,0.73,0.9044553382793856,0.986682836359598,0.003095238095238,0.9055748145654796,39.60575151741384,22.44,0.48,1.0,0.6936989653713633,0.1527777777777778,0.4028892455858748,25,300,0.09711836278438568,0.2833333333333333,0.9028816819190979,0.04936479404568672
pure_top_p,1.5,0.95,0,27,0.38,0.04,0.17,0.9986666666666668,0.88,0.0,0.3933659701235592,38.78973172907895,7.84,0.88,1.0,0.9481375143904236,0.6018957345971564,0.7795698924731183,25,300,0.38520756363868713,0.0,0.6147924661636353,0.10981424897909164
pure_top_p,1.5,0.95,0,28,0.34,0.0,0.06,0.9700002848340444,1.0,0.0,0.951240423535928,39.70696514786233,16.52,0.52,1.0,0.961117721317434,0.6666666666666666,0.8741418764302059,25,300,0.39881631731987,0.0,0.6011836528778076,0.08929348737001419
pure_top_p,1.5,0.95,0,29,0.44,0.0,0.11,0.9624782690315424,0.9577777777777776,0.0,1.1753648452740162,38.45054611556708,26.52,0.24,1.0,0.9176499618566728,0.5007153075822603,0.8100890207715133,25,300,0.3359649181365967,0.0,0.6640350818634033,0.10695235431194305
pure_top_p,1.5,0.95,0,30,0.46,0.0,0.01,0.993322734499205,0.92,0.0,0.9335050107911228,38.82926991962467,13.64,0.52,1.0,0.9921589725082276,0.8933002481389578,0.9708994708994708,25,300,0.35062122344970703,0.0,0.6493788361549377,0.06718886643648148
pure_top_p,1.5,0.95,0,31,0.08,0.08,0.03,1.0,0.12,0.0,0.0604777177795767,38.329851089417694,1.2,1.0,0.16,0.4153333333333333,0.2333333333333333,0.8,25,300,0.1423354148864746,0.5833333333333334,0.8576645851135254,0.17083528637886047
pure_top_p,1.5,0.95,0,32,0.28,0.0,0.05,0.9971428571428572,0.9985185185185184,0.0,0.956165766408667,36.86882628330292,11.08,0.52,1.0,0.9389652807427884,0.8117647058823529,0.8952380952380953,25,300,0.3209088146686554,0.0,0.679091215133667,0.08560220897197723
pure_top_p,1.5,0.95,0,33,0.54,0.08,0.24,0.9705489645489648,1.0,0.0,0.8905389897432179,38.50339640520647,13.76,0.56,1.0,0.7946250262078364,0.5846153846153846,0.726027397260274,25,300,0.2129228562116623,0.006666666666666667,0.7870771288871765,0.05992354452610016
pure_top_p,1.5,0.95,0,34,0.42,0.24,0.31,0.992,0.8,0.0,0.4163137527741491,38.578012656328106,7.08,0.92,0.84,0.9468370248994478,0.6302083333333334,0.8083832335329342,25,300,0.39665865898132324,0.02666666666666667,0.6033413410186768,0.12576501071453094
pure_top_p,1.5,0.95,0,35,1.0,1.0,0.46,0.9851573213393304,1.0,0.0,0.613268191255629,37.40680006828784,15.36,1.0,0.52,0.3936062619722731,0.1324675324675324,0.2361111111111111,25,300,0.04939919710159302,0.5266666666666666,0.950600802898407,0.04167524725198746
pure_top_p,1.5,0.95,0,36,0.42,0.36,0.4,0.9794381481689666,0.9974193548387098,0.0013333333333333,0.5442934991512448,38.563867447969656,16.76,0.92,0.92,0.6576239369352098,0.1967592592592592,0.4226044226044226,25,300,0.06756815314292908,0.23666666666666666,0.9324318170547485,0.028219766914844513
pure_top_p,1.5,0.95,0,37,0.5,0.0,0.02,0.9551896551724138,0.9828571428571428,0.0162962962962962,0.4999088182300329,38.910385522840535,13.48,0.96,0.64,0.5897844153434982,0.2621082621082621,0.3742331288343558,25,300,0.22208218276500702,0.21666666666666667,0.7779178023338318,0.18992570042610168
pure_top_p,1.5,0.95,0,38,0.56,0.12,0.37,0.9894248366013072,1.0,0.0,0.4602085151802748,38.13019092351576,13.4,0.96,0.84,0.7208503188054223,0.3489736070381232,0.5379746835443038,25,300,0.25722986459732056,0.05,0.7427701354026794,0.09212261438369751
pure_top_p,1.5,0.95,0,39,0.8,0.6,0.53,0.9813699560476172,1.0,0.0,0.7014543808996677,38.65026319390743,18.28,0.84,0.92,0.8007453110128984,0.3118279569892473,0.6181818181818182,25,300,0.1844773143529892,0.043333333333333335,0.8155226707458496,0.08104646950960159
pure_top_p,1.5,0.95,0,40,0.62,0.32,0.47,0.9640331865404383,0.9986206896551724,0.0,0.7240755544323474,39.63713908493631,23.0,0.84,1.0,0.8520236268127406,0.3737201365187713,0.7183600713012478,25,300,0.26988932490348816,0.0033333333333333335,0.7301107048988342,0.07797393947839737
pure_top_p,1.5,0.95,0,41,0.84,0.68,0.18,0.990989010989011,0.48,0.0,0.3400772533658892,38.74411937556385,5.92,0.84,0.64,0.7186598200920707,0.7696969696969697,1.0,25,300,0.27972161769866943,0.09,0.7202784419059753,0.14738509058952332
pure_top_p,1.5,0.95,0,42,0.1,0.04,0.02,0.9881136950904392,1.0,0.0,0.2902937735524029,38.53493946023594,4.56,0.88,0.36,0.5528266700619642,0.616,0.83,25,300,0.2291269451379776,0.4033333333333333,0.7708730101585388,0.21246206760406494
pure_top_p,1.5,0.95,0,43,0.72,0.44,0.45,0.9903424908424908,0.68,0.0,0.5508976844325661,38.52621881170919,11.04,0.92,0.76,0.8144039121278986,0.3789473684210526,0.65,25,300,0.23703409731388092,0.08,0.7629659175872803,0.11536357551813126
pure_top_p,1.5,0.95,0,44,0.98,0.96,0.28,0.9942014742014744,0.12,0.0,0.1809398843441158,38.88168528060843,3.84,0.96,0.24,0.2506793098144843,0.6153846153846154,0.9240506329113924,25,300,0.14498776197433472,0.43333333333333335,0.8550121784210205,0.17893852293491364
pure_top_p,1.5,0.95,0,45,0.5,0.28,0.36,0.9090535659121274,0.9932362278244632,0.0023529411764705,1.105505478065461,37.94453650986402,29.2,0.44,1.0,0.8106197185215279,0.3373015873015873,0.6320109439124487,25,300,0.20655471086502075,0.0,0.7934452295303345,0.05579113960266113
pure_top_p,1.5,0.95,0,46,1.0,1.0,0.69,0.9892414831545266,1.0,0.0,0.5030378225073219,38.65633660015155,15.0,0.96,0.8,0.3716791387830452,0.1458333333333333,0.2256267409470752,25,300,0.09214289486408234,0.34,0.9078571796417236,0.06370396167039871
pure_top_p,1.5,0.95,0,47,0.42,0.16,0.43,0.9377921949395636,0.9830915750915752,0.0129411764705882,0.8304434393625706,38.21790477729281,23.6,0.76,1.0,0.8880737083416599,0.4101307189542483,0.778534923339012,25,300,0.27078571915626526,0.0,0.7292142510414124,0.08029741793870926
pure_top_p,1.5,0.95,0,48,0.42,0.0,0.05,1.0,0.92,0.0,0.2587589931394904,37.83835808810612,3.48,0.96,0.6,0.707784484959485,0.4239130434782608,0.582089552238806,25,300,0.19502204656600952,0.18666666666666668,0.8049779534339905,0.12080033868551254
pure_top_p,1.5,0.95,0,49,0.08,0.08,0.02,0.9929411764705882,0.04,0.0,0.1314977065380662,34.88284722953891,1.64,1.0,0.16,0.2225925925925926,0.4130434782608695,1.0,25,300,0.11037208884954453,0.4533333333333333,0.8896278738975525,0.13704629242420197
