prompt_id,decoding_mode,temperature,top_p,top_k,repetitions,unique_answer_rate,pairwise_token_jaccard_distance,mean_word_length,mean_latency_seconds,mean_token_entropy_nats,mean_effective_support_size,mean_retained_support_size,mean_max_token_probability
0,pure_top_k,0.3,1.0,1,5,0.2,0.0,14.0,0.4319328976795077,0.0,1.0,1.0,1.0
0,pure_top_k,0.3,1.0,5,5,0.2,0.0,14.0,0.4325865146704018,0.0490683905008109,1.0558915781534757,5.055555555555555,0.9885123173395792
0,pure_top_k,0.3,1.0,10,5,0.6,0.14714912280701756,15.0,0.45235120775178067,0.054106274249438605,1.063695078949631,10.071904761904761,0.9851293528363818
0,pure_top_k,0.3,1.0,30,5,0.4,0.16,14.8,0.4467082099057734,0.062064946108211096,1.081282820336712,30.330303030303032,0.9830362796783447
0,pure_top_k,0.7,1.0,1,5,0.2,0.0,14.0,0.41831571497023107,0.0,1.0,1.0,1.0
0,pure_top_k,0.7,1.0,5,5,1.0,0.5890323354806113,18.8,0.5371574332937599,0.247983405253195,1.4032000359175714,5.068278943278943,0.9110936732408421
0,pure_top_k,0.7,1.0,10,5,1.0,0.6058740116634853,22.6,0.6454825222492218,0.28267805856174427,1.4988786063118948,10.093003815217127,0.9012625321620703
0,pure_top_k,0.7,1.0,30,5,1.0,0.7106652606652607,16.4,0.4622097400017083,0.30953747934688347,1.5489050120969643,30.42072510822511,0.8915244384573351
0,pure_top_k,1.5,1.0,1,5,0.2,0.0,14.0,0.4172992100007832,0.0,1.0,1.0,1.0
0,pure_top_k,1.5,1.0,5,5,1.0,0.7444090998401343,15.8,0.5932559184730053,0.5748368330919672,2.0196388098560787,5.05038236617184,0.7922733992863542
0,pure_top_k,1.5,1.0,10,5,1.0,0.7862538093061948,15.8,0.4496956983581185,0.7348411200875478,2.5673164231451255,10.107705627705627,0.7580704793914572
0,pure_top_k,1.5,1.0,30,5,1.0,0.8073829873829874,13.6,0.40336305228993297,0.9671386577993148,3.935278679511545,30.496298701298702,0.7057509987598116
0,pure_top_p,0.3,0.6,0,5,0.2,0.0,14.0,0.4993669966235757,0.0,1.0,1.0,1.0
0,pure_top_p,0.3,0.9,0,5,0.2,0.0,14.0,0.4272931320592761,0.0,1.0,1.0,1.0
0,pure_top_p,0.3,0.95,0,5,0.2,0.0,14.0,0.43353474251925944,0.0232446980145242,1.0260960827894112,1.1111111111111112,0.9938720431592728
0,pure_top_p,0.7,0.6,0,5,0.2,0.0,14.0,0.43667815048247577,0.0,1.0,1.0,1.0
0,pure_top_p,0.7,0.9,0,5,0.8,0.38964621148831674,17.4,0.5226162202656269,0.15610482600826966,1.2689096084243399,1.387934645999162,0.9364874436038448
0,pure_top_p,0.7,0.95,0,5,0.8,0.6179168626948947,16.2,0.4710782770067453,0.2481083514369451,1.3989692354270153,1.7516239316239315,0.90043255473304
0,pure_top_p,1.5,0.6,0,5,1.0,0.6232831851541529,18.2,0.5331307215616107,0.2778447288099822,1.6854208818321248,1.978985888663308,0.8778574322646989
0,pure_top_p,1.5,0.9,0,5,1.0,0.849119177145124,17.0,0.7514836132526398,1.9482502124838383,1194.7741892964011,6642.748897058824,0.6685272057104157
0,pure_top_p,1.5,0.95,0,5,1.0,0.8471688034188034,10.8,0.43925559530034664,2.146494818329811,979.876375565289,9307.055,0.6191309519073305
1,pure_top_k,0.3,1.0,1,5,0.4,0.13333333333333336,6.0,0.18494889521971342,0.0866433978080749,1.1250000004761636,1.125,0.9375
1,pure_top_k,0.3,1.0,5,5,0.6,0.2571428571428572,6.0,0.18984745359048244,0.17253450376107912,1.2287625377353333,5.075,0.9244706597593095
1,pure_top_k,0.3,1.0,10,5,0.4,0.2,6.0,0.18545769918709992,0.1864564874265397,1.2504081115673589,10.125,0.9154582560062409
1,pure_top_k,0.3,1.0,30,5,0.4,0.2,6.0,0.18586326641961928,0.1865191784802391,1.250515545451386,30.25,0.91545350253582
1,pure_top_k,0.7,1.0,1,5,0.4,0.20000000000000004,6.0,0.18655907092615961,0.0866433978080749,1.1250000004761636,1.125,0.9375
1,pure_top_k,0.7,1.0,5,5,1.0,0.6602072927072927,7.6,0.22237945515662427,0.471840058073445,1.8317769545506835,5.045,0.8214660654962062
1,pure_top_k,0.7,1.0,10,5,0.4,0.2333333333333333,7.6,0.2461995524354279,0.48715875049914004,1.9512503358412894,10.138095238095238,0.8183423841283435
1,pure_top_k,0.7,1.0,30,5,1.0,0.3876190476190476,5.8,0.1902309563942253,0.5101487737692522,2.034380252762865,30.661111111111108,0.8329908328751723
1,pure_top_k,1.5,1.0,1,5,0.4,0.2,6.0,0.18513977704569692,0.0866433978080749,1.1250000004761636,1.125,0.9375
1,pure_top_k,1.5,1.0,5,5,1.0,0.7592375509480773,11.4,0.3712305469438434,0.7916491565162627,2.5248989915111486,5.015000000000001,0.6923278343180815
1,pure_top_k,1.5,1.0,10,5,1.0,0.8331390977443609,9.2,0.31030250294134015,1.0056528631383486,3.363841717209297,10.154227053140096,0.6636455863300297
1,pure_top_k,1.5,1.0,30,5,1.0,0.879706161911405,12.2,0.4640380275435746,1.106817772856442,4.254632326327583,30.419296672237845,0.6750444418199496
1,pure_top_p,0.3,0.6,0,5,0.4,0.13333333333333336,6.0,0.18727955855429165,0.0866433978080749,1.1250000004761636,1.125,0.9375
1,pure_top_p,0.3,0.9,0,5,0.4,0.13333333333333336,6.0,0.18693564711138602,0.11194716021418569,1.153046812655365,1.25,0.9310830160975456
1,pure_top_p,0.3,0.95,0,5,0.4,0.2,6.0,0.1864894717931747,0.1350932829082012,1.184179867463274,1.375,0.9252926930785181
1,pure_top_p,0.7,0.6,0,5,0.6,0.31428571428571433,6.0,0.19530795998871323,0.11532792846361792,1.1585453203684373,1.1944444444444442,0.9358997080061171
1,pure_top_p,0.7,0.9,0,5,0.8,0.5994605394605395,7.2,0.23273006407544017,0.35667250345150625,1.6383837865639461,1.95,0.8503480755289395
1,pure_top_p,0.7,0.95,0,5,1.0,0.663099123099123,6.6,0.21831851871684194,0.4138069184164497,1.7943327623575211,2.373730158730159,0.8403689474935424
1,pure_top_p,1.5,0.6,0,5,1.0,0.4747619047619048,6.4,0.20502807879820467,0.5364392366437685,2.226591986734217,2.5323232323232325,0.7717963725210183
1,pure_top_p,1.5,0.9,0,5,1.0,0.8317877533094926,9.0,0.279631797876209,1.6281326600864081,71.40927919285188,2658.424242424242,0.6181829805009895
1,pure_top_p,1.5,0.95,0,5,1.0,0.9244505494505495,7.8,0.341921913716942,2.185528111550957,328.15273777073855,11082.925245098038,0.6257918100477671
2,pure_top_k,0.3,1.0,1,5,0.2,0.0,9.0,0.2774494527839124,0.0,1.0,1.0,1.0
2,pure_top_k,0.3,1.0,5,5,0.4,0.4,8.2,0.2597724249586463,0.18691349359482973,1.2844502700693183,5.091666666666666,0.9301182076334953
2,pure_top_k,0.3,1.0,10,5,0.6,0.4441558441558442,10.2,0.30937899099662897,0.15834591136487405,1.2401764313371986,10.164102564102562,0.9420826265954565
2,pure_top_k,0.3,1.0,30,5,1.0,0.8567103749712445,11.4,0.347302517388016,0.1974286142386442,1.3024567809750114,30.338671700564284,0.9199195973587516
2,pure_top_k,0.7,1.0,1,5,0.2,0.0,9.0,0.27797625614330174,0.0,1.0,1.0,1.0
2,pure_top_k,0.7,1.0,5,5,1.0,0.9136972866949984,10.6,0.32495778929442165,0.42780406208779914,1.7088232114360582,5.01,0.830090301075324
2,pure_top_k,0.7,1.0,10,5,1.0,0.850751156737999,10.8,0.3240732016041875,0.5260087608118111,1.960337811619001,10.196756383712906,0.7981995221805869
2,pure_top_k,0.7,1.0,30,5,0.8,0.8548470279720279,12.6,0.3847280668094754,0.4347885838989794,1.7768570229406364,30.45782743303271,0.8569658330177969
2,pure_top_k,1.5,1.0,1,5,0.2,0.0,9.0,0.27875287560746076,0.0,1.0,1.0,1.0
2,pure_top_k,1.5,1.0,5,5,1.0,0.9147686953569305,10.2,0.30188628965988756,0.8291805441612494,2.5966671382015165,5.076699770817418,0.6854738388710144
2,pure_top_k,1.5,1.0,10,5,1.0,0.973694333236358,16.2,0.49513287441805004,0.9528478328464611,3.1942521682553093,10.182058464411403,0.6836070584970341
2,pure_top_k,1.5,1.0,30,5,1.0,0.9216857314225736,12.0,0.48728409260511396,1.0676932537106478,4.41314140576811,30.540634920634922,0.6880802284114891
2,pure_top_p,0.3,0.6,0,5,0.4,0.4,9.0,0.2802448165602982,0.06266369918982186,1.087214949929329,1.0999999999999999,0.9664216508467991
2,pure_top_p,0.3,0.9,0,5,0.8,0.7757936507936508,10.2,0.31281116250902413,0.14594692731994424,1.2225570386010922,1.29281045751634,0.9313226480012625
2,pure_top_p,0.3,0.95,0,5,0.4,0.6,9.0,0.2794931440614164,0.14613582243522003,1.2205973035055728,1.3333333333333333,0.933405590057373
2,pure_top_p,0.7,0.6,0,5,0.8,0.7794791230275101,13.6,0.4109607212245464,0.1154528180470213,1.1888620536127537,1.1973429951690822,0.9335672292156495
2,pure_top_p,0.7,0.9,0,5,1.0,0.9623015873015872,7.4,0.246574620436877,0.33429778660143605,1.5365675572128765,1.8593073593073595,0.8557186511849169
2,pure_top_p,0.7,0.95,0,5,1.0,0.8941765296742414,12.2,0.36254490464925765,0.3373877698548283,1.57237630284674,2.0872222222222225,0.8618646505884096
2,pure_top_p,1.5,0.6,0,5,1.0,0.9190168965168966,15.6,0.45708444705232976,0.7339500314011749,5.882810295814582,17.20160863697706,0.7470110235374305
2,pure_top_p,1.5,0.9,0,5,1.0,0.9072574965762519,18.6,0.648436049837619,2.184144276502155,592.4781627686899,6678.77305590062,0.5959953656762098
2,pure_top_p,1.5,0.95,0,5,1.0,0.9414547959910127,14.2,0.5670654818415641,2.0907460061052725,247.777574261787,6007.88054945055,0.5897136840337753
3,pure_top_k,0.3,1.0,1,5,0.2,0.0,6.0,0.18528293604031204,0.0,1.0,1.0,1.0
3,pure_top_k,0.3,1.0,5,5,0.2,0.0,6.0,0.1856797989457845,0.1319897177112921,1.1799474900899778,5.0,0.9370640218257904
3,pure_top_k,0.3,1.0,10,5,0.6,0.33571428571428574,6.0,0.18595462488010522,0.15320556435329985,1.2104882571480278,10.05,0.9260631158947945
3,pure_top_k,0.3,1.0,30,5,0.6,0.2333333333333333,5.8,0.18315951749682421,0.1407495952176678,1.1922545861933398,30.43571428571429,0.9341207776750837
3,pure_top_k,0.7,1.0,1,5,0.2,0.0,6.0,0.18596900105476377,0.0,1.0,1.0,1.0
3,pure_top_k,0.7,1.0,5,5,1.0,0.8202758888620958,10.8,0.3288589984178543,0.2905408503066743,1.4454514257739914,5.007142857142857,0.8911463594152813
3,pure_top_k,0.7,1.0,10,5,0.6,0.4447619047619048,5.8,0.18302998011931776,0.3408114260349181,1.5338660199346983,10.057142857142857,0.8685183535965664
3,pure_top_k,0.7,1.0,30,5,1.0,0.46226190476190476,6.0,0.18572883019223804,0.39612207417903356,1.6714068981600394,30.549603174603174,0.844951949848069
3,pure_top_k,1.5,1.0,1,5,0.2,0.0,6.0,0.19350133761763566,0.0,1.0,1.0,1.0
3,pure_top_k,1.5,1.0,5,5,1.0,0.9018449197860962,9.8,0.31474443431943655,0.5717020305821651,2.02616039833096,5.0095238095238095,0.7852883215440588
3,pure_top_k,1.5,1.0,10,5,1.0,0.8889223647694413,12.8,0.39927515750750897,0.8473899825888646,2.8218620003382844,10.113359788359789,0.7230038380496716
3,pure_top_k,1.5,1.0,30,5,1.0,0.8812395554852372,15.0,0.4561505283229053,0.7883920477586838,2.9267196226157797,30.324907159202354,0.7604494365589108
3,pure_top_p,0.3,0.6,0,5,0.4,0.11428571428571428,6.0,0.18740101698786016,0.0839884132146835,1.1197460256861076,1.125,0.9503358229994774
3,pure_top_p,0.3,0.9,0,5,0.4,0.1714285714285714,6.0,0.18696338003501292,0.1013900488615036,1.140559954666774,1.175,0.9447994723916053
3,pure_top_p,0.3,0.95,0,5,0.2,0.0,6.0,0.1868349588476121,0.1274925023317337,1.1717808481377736,1.25,0.9364949464797974
3,pure_top_p,0.7,0.6,0,5,0.6,0.3476190476190476,6.0,0.18609777372330422,0.1485728338360786,1.2108283369012298,1.225,0.9098896980285645
3,pure_top_p,0.7,0.9,0,5,0.6,0.4021978021978022,6.8,0.20935157118365164,0.2273850447283341,1.3522463479471725,1.5076923076923077,0.8872252216705909
3,pure_top_p,0.7,0.95,0,5,1.0,0.6812652446120188,11.2,0.3168809818103909,0.32005734102491246,1.4928182369549634,1.9587837837837838,0.8570633775364017
3,pure_top_p,1.5,0.6,0,5,0.8,0.6433006535947713,8.4,0.2775922886095941,0.22735580603281655,1.4121979649381613,1.5452898550724636,0.8880248879608901
3,pure_top_p,1.5,0.9,0,5,1.0,0.9399556083354991,13.8,0.4329655714333057,1.4173253353264066,229.05645479621086,2763.9462479678273,0.6663791679747109
3,pure_top_p,1.5,0.95,0,5,1.0,0.905485347985348,11.6,0.3439871260896325,0.8827849575939041,4.821830362785502,652.0590972752736,0.7369466047783351
4,pure_top_k,0.3,1.0,1,5,0.2,0.0,2.0,0.09508423078805203,0.0,1.0,1.0,1.0
4,pure_top_k,0.3,1.0,5,5,0.2,0.0,2.0,0.09511978244408963,0.0557451868858152,1.0624480060936148,5.0,0.9853647798299787
4,pure_top_k,0.3,1.0,10,5,0.2,0.0,2.0,0.09497220758348697,0.0557451726219824,1.0624479881078617,10.0,0.9853648096323011
4,pure_top_k,0.3,1.0,30,5,0.2,0.0,2.0,0.09542504008859391,0.0557451689010122,1.062447983456411,30.25,0.9853648096323011
4,pure_top_k,0.7,1.0,1,5,0.2,0.0,2.0,0.09561704900115724,0.0,1.0,1.0,1.0
4,pure_top_k,0.7,1.0,5,5,0.4,0.2,1.8,0.09106351789087054,0.16140883028197375,1.2146656643375917,5.066666666666666,0.9357616305351257
4,pure_top_k,0.7,1.0,10,5,0.6,0.2,1.8,0.08607098991051312,0.17275061017023954,1.2299481615970942,10.066666666666666,0.9316405981779099
4,pure_top_k,0.7,1.0,30,5,0.2,0.0,2.0,0.09320627646520728,0.1537439524883979,1.2042823062293535,30.25,0.9395090937614439
4,pure_top_k,1.5,1.0,1,5,0.2,0.0,2.0,0.09522124584764238,0.0,1.0,1.0,1.0
4,pure_top_k,1.5,1.0,5,5,0.4,0.3,1.6,0.0883045800030231,0.45404021282447504,1.6877680092244813,5.133333333333333,0.8414618819952011
4,pure_top_k,1.5,1.0,10,5,0.6,0.55,1.6,0.08662924421951172,0.5795153662911616,1.9379676924204756,10.133333333333335,0.8198976119359334
4,pure_top_k,1.5,1.0,30,5,0.8,0.6333333333333334,1.6,0.0861534555442631,0.6937542981468141,2.168702090152535,30.4,0.7979454964399337
4,pure_top_p,0.3,0.6,0,5,0.2,0.0,2.0,0.09637576946988696,0.0,1.0,1.0,1.0
4,pure_top_p,0.3,0.9,0,5,0.2,0.0,2.0,0.09726670114323492,0.0,1.0,1.0,1.0
4,pure_top_p,0.3,0.95,0,5,0.2,0.0,2.0,0.09615780888125297,0.0557306185364723,1.0624309210210736,1.25,0.9853657931089399
4,pure_top_p,0.7,0.6,0,5,0.2,0.0,2.0,0.09551203772425645,0.0,1.0,1.0,1.0
4,pure_top_p,0.7,0.9,0,5,0.4,0.2,1.2,0.07701434604823584,0.17197617391745243,1.228413212064506,1.3166666666666667,0.9261617094278336
4,pure_top_p,0.7,0.95,0,5,0.2,0.0,2.0,0.09673767853528256,0.1357706636190414,1.1803262200509257,1.25,0.9417066127061844
4,pure_top_p,1.5,0.6,0,5,0.2,0.0,2.0,0.09585765339434145,0.1640014946460724,1.231770035990642,1.25,0.9088558703660963
4,pure_top_p,1.5,0.9,0,5,0.8,0.55,1.6,0.08137377416715022,0.4198484281698863,1.662288668218371,3.7,0.8549716472625732
4,pure_top_p,1.5,0.95,0,5,0.4,0.4,1.8,0.09139331914484497,0.5752328353623549,2.107756745362134,1032.6166666666666,0.8510931601126988
5,pure_top_k,0.3,1.0,1,5,0.2,0.0,2.0,0.07188692707568403,0.0,1.0,1.0,1.0
5,pure_top_k,0.3,1.0,5,5,0.2,0.0,2.0,0.07170481458306308,3.776212049166894e-06,1.0000037762334335,5.0,0.9999997615814207
5,pure_top_k,0.3,1.0,10,5,0.2,0.0,2.0,0.07173005249351261,3.791501266346234e-06,1.0000037915228244,10.333333333333334,0.9999997615814207
5,pure_top_k,0.3,1.0,30,5,0.2,0.0,2.0,0.07211361527442928,3.7915267322441446e-06,1.0000037915482909,31.0,0.9999997615814207
5,pure_top_k,0.7,1.0,1,5,0.2,0.0,2.0,0.06966536333784455,0.0,1.0,1.0,1.0
5,pure_top_k,0.7,1.0,5,5,0.2,0.0,2.0,0.0697142947465181,0.0112048859203544,1.0113868364573182,5.0,0.9985520839691162
5,pure_top_k,0.7,1.0,10,5,0.2,0.0,2.0,0.0697606764733791,0.0127967571897897,1.013035735113485,10.333333333333334,0.9983985622723898
5,pure_top_k,0.7,1.0,30,5,0.2,0.0,2.0,0.06967402361333366,0.0129770271596498,1.013222943763067,31.0,0.9983854492505392
5,pure_top_k,1.5,1.0,1,5,0.2,0.0,2.0,0.07215787908062334,0.0,1.0,1.0,1.0
5,pure_top_k,1.5,1.0,5,5,0.4,0.3384615384615385,4.2,0.14291233234107495,0.22609244692317182,1.3028325895832307,5.0,0.9459618128008312
5,pure_top_k,1.5,1.0,10,5,0.4,0.3384615384615385,4.2,0.14315054090693588,0.3274868368800122,1.51119190629177,10.3,0.9265362795856265
5,pure_top_k,1.5,1.0,30,5,0.6,0.6538461538461539,4.2,0.13463595099747178,0.4191046848353774,1.7260313058761234,30.609999999999996,0.9105375963449477
5,pure_top_p,0.3,0.6,0,5,0.2,0.0,2.0,0.07257837243378155,0.0,1.0,1.0,1.0
5,pure_top_p,0.3,0.9,0,5,0.2,0.0,2.0,0.07262891381978984,0.0,1.0,1.0,1.0
5,pure_top_p,0.3,0.95,0,5,0.2,0.0,2.0,0.07236357945948833,0.0,1.0,1.0,1.0
5,pure_top_p,0.7,0.6,0,5,0.2,0.0,2.0,0.07185439579188817,0.0,1.0,1.0,1.0
5,pure_top_p,0.7,0.9,0,5,0.2,0.0,2.0,0.07188323326408859,0.0,1.0,1.0,1.0
5,pure_top_p,0.7,0.95,0,5,0.2,0.0,2.0,0.07059192899614568,0.0,1.0,1.0,1.0
5,pure_top_p,1.5,0.6,0,5,0.2,0.0,2.0,0.06994344182312484,0.0,1.0,1.0,1.0
5,pure_top_p,1.5,0.9,0,5,0.2,0.0,2.0,0.07043587183579798,0.3745910326639811,1.6921466806801937,15.666666666666666,0.9277793765068054
5,pure_top_p,1.5,0.95,0,5,0.4,0.4,1.8,0.08626878252252934,0.5979176399608453,2.427143076929733,1697.2333333333336,0.911504962046941
6,pure_top_k,0.3,1.0,1,5,0.2,0.0,24.0,0.6461484808474779,0.0,1.0,1.0,1.0
6,pure_top_k,0.3,1.0,5,5,1.0,0.6555074992574992,32.6,0.9484516458585859,0.10589123708701953,1.1495489097674398,5.037063492063492,0.95792507352337
6,pure_top_k,0.3,1.0,10,5,1.0,0.6040363678469289,31.8,0.8859696917235851,0.12122151689614358,1.1760077010972076,10.16999354005168,0.9531833335886061
6,pure_top_k,0.3,1.0,30,5,0.6,0.4962443744849881,30.2,0.8167572672478854,0.11249691681124303,1.1672633360987419,30.092996453900707,0.9563597306107164
6,pure_top_k,0.7,1.0,1,5,0.2,0.0,24.0,0.6239577263593674,0.0,1.0,1.0,1.0
6,pure_top_k,0.7,1.0,5,5,1.0,0.6171411511986789,31.4,0.8548137249425054,0.34632453321660134,1.5451420052406386,5.112751945800525,0.8761970019755475
6,pure_top_k,0.7,1.0,10,5,1.0,0.7067519242379753,33.2,0.9437146572396159,0.35903418454265534,1.609584261601043,10.034798534798535,0.8737772156358201
6,pure_top_k,0.7,1.0,30,5,1.0,0.722707827148008,32.6,0.8863545338623225,0.3165920490472481,1.5127524682353528,30.10116231438812,0.896406979062926
6,pure_top_k,1.5,1.0,1,5,0.2,0.0,24.0,0.6430079334415495,0.0,1.0,1.0,1.0
6,pure_top_k,1.5,1.0,5,5,1.0,0.8107179062467674,20.2,0.5911063090898097,0.5479173412163846,1.9545002904748738,5.124794223766026,0.8126143425928565
6,pure_top_k,1.5,1.0,10,5,1.0,0.9592857142857143,12.8,0.39436227437108756,0.49733781703901714,1.9919736386176012,10.113095238095239,0.8578195838502893
6,pure_top_k,1.5,1.0,30,5,1.0,0.9304040020263425,17.6,0.6779195998795331,0.8457467958001958,3.3058346574983823,30.489166666666666,0.7735454827600291
6,pure_top_p,0.3,0.6,0,5,0.4,0.3833333333333333,29.6,0.8255435775965452,0.02687632322311398,1.0383187889056578,1.04,0.9841073870658874
6,pure_top_p,0.3,0.9,0,5,0.8,0.5798498640068945,30.6,0.857660048827529,0.08215653804557008,1.1248959757616295,1.1558990442054957,0.9606697953062457
6,pure_top_p,0.3,0.95,0,5,0.8,0.3296650246305419,38.2,1.0697132512927054,0.08510126037316183,1.1308825605667312,1.2049999999999998,0.9617383588602146
6,pure_top_p,0.7,0.6,0,5,0.4,0.25555555555555554,26.8,0.7128806448541581,0.04711154019391092,1.0688267581320954,1.0725925925925928,0.9719605711212864
6,pure_top_p,0.7,0.9,0,5,0.8,0.5688042269187986,21.0,0.591103164665401,0.1590625966646574,1.2338470630084835,1.3680520270123553,0.9268553602812402
6,pure_top_p,0.7,0.95,0,5,1.0,0.6287137307791738,32.2,0.8642809693701565,0.22317879580630212,1.3399240344229184,1.6693440617353663,0.9121401541828675
6,pure_top_p,1.5,0.6,0,5,1.0,0.6546732209998463,21.8,0.6259285302832722,0.4035139103835748,7.8429200048613605,38.85800155967015,0.8462113773701333
6,pure_top_p,1.5,0.9,0,5,1.0,0.9351648351648352,4.8,0.16261626509949562,1.3950640592154335,8.76201237031788,4083.315294117647,0.7779741916878551
6,pure_top_p,1.5,0.95,0,5,1.0,0.9957322551662173,12.8,0.5431376752443612,3.699161183551857,1227.019119780832,24212.028409090908,0.5188055497465415
7,pure_top_k,0.3,1.0,1,5,0.4,0.3,10.8,0.4246946807019413,0.053649162729458154,1.0773993810997917,1.0773993808049538,0.9613003095975232
7,pure_top_k,0.3,1.0,5,5,1.0,0.6448443017945122,17.8,0.5920629499480128,0.17743896214794982,1.2728740747462854,5.037903225806451,0.9246041954535326
7,pure_top_k,0.3,1.0,10,5,1.0,0.5986563651402361,19.0,0.6194362421520054,0.15917426851813807,1.2492871588906271,10.176707234617984,0.9350780255099138
7,pure_top_k,0.3,1.0,30,5,1.0,0.7488696225716599,18.6,0.579579674359411,0.14925279287872903,1.2109602117599017,30.48016025641026,0.9418423807028777
7,pure_top_k,0.7,1.0,1,5,0.6,0.370703933747412,12.6,0.4554569746367633,0.048958693073682655,1.0706324637807811,1.0706324635117204,0.9646837682441397
7,pure_top_k,0.7,1.0,5,5,1.0,0.6678996842231788,18.0,0.5629234109073877,0.33072863200452574,1.5684456316311712,5.096396250808016,0.8697528751240711
7,pure_top_k,0.7,1.0,10,5,1.0,0.5571800787917729,16.4,0.5436798583716154,0.3612249916182077,1.704958365300272,10.246963924963925,0.8665417294087263
7,pure_top_k,0.7,1.0,30,5,1.0,0.787910868261781,16.0,0.6906950300559401,0.44160061349423974,1.8505270406996437,30.37407407407407,0.8312495882643594
7,pure_top_k,1.5,1.0,1,5,0.4,0.3652173913043478,14.4,0.5012162433005869,0.044268223417907156,1.063865546461771,1.0638655462184874,0.9680672268907564
7,pure_top_k,1.5,1.0,5,5,1.0,0.8501320430630775,19.0,0.641122932266444,0.6868595835900119,2.286275733091639,5.081376273972182,0.7386212756649531
7,pure_top_k,1.5,1.0,10,5,1.0,0.8057610765014415,16.0,0.5807004246860743,0.7745350562172857,2.821838908506183,10.19129435282359,0.7389565910797473
7,pure_top_k,1.5,1.0,30,5,1.0,0.8048106595753655,20.2,0.6742708033882081,0.8736901139385005,3.7277492222561137,30.343693511325093,0.730277030350027
7,pure_top_p,0.3,0.6,0,5,0.6,0.3251552795031056,13.4,0.47746581668034194,0.06183449212875262,1.0892083152447314,1.0892083149049094,0.9553958425475455
7,pure_top_p,0.3,0.9,0,5,1.0,0.5942786093217127,20.2,0.6707093115895987,0.1142750587853681,1.1781167495486562,1.2211665527455,0.937769502258757
7,pure_top_p,0.3,0.95,0,5,1.0,0.5921094767301663,17.4,0.6140972183085978,0.12518629979756138,1.1946667391751242,1.3034640522875818,0.9396682876767286
7,pure_top_p,0.7,0.6,0,5,0.8,0.6038087711727262,19.0,0.6420023211278021,0.09933767303946947,1.1497603216694008,1.1550311737598267,0.9388559618582567
7,pure_top_p,0.7,0.9,0,5,1.0,0.5943818514351474,20.4,0.6865259225480258,0.26855349216585844,1.4577197325358906,1.601830065359477,0.8701676634246228
7,pure_top_p,0.7,0.95,0,5,0.8,0.5699660441426146,14.6,0.4995427873916924,0.3056852895956779,1.5826444795589723,2.0045731145122625,0.8740067434546124
7,pure_top_p,1.5,0.6,0,5,1.0,0.7313149103839811,20.8,0.6460298338904977,0.39563009643795516,2.485511732578852,3.644357864357864,0.8339613307817888
7,pure_top_p,1.5,0.9,0,5,1.0,0.8141935618345355,16.8,0.5388357751071453,1.1470421480108994,59.62845063530561,1458.8646464646465,0.7079101605397282
7,pure_top_p,1.5,0.95,0,5,1.0,0.7507486733696411,23.0,0.7564297536388039,1.5323107359292027,228.91646403758872,3978.726237342368,0.6650817593106255
8,pure_top_k,0.3,1.0,1,5,0.2,0.0,1.0,0.046303140372037845,0.0,1.0,1.0,1.0
8,pure_top_k,0.3,1.0,5,5,0.2,0.0,1.0,0.046495130285620634,0.0200945140585417,1.0205037225747042,5.0,0.996653288602829
8,pure_top_k,0.3,1.0,10,5,0.2,0.0,1.0,0.04635356189683076,0.0200945159211869,1.0205037245137278,10.0,0.996653288602829
8,pure_top_k,0.3,1.0,30,5,0.2,0.0,1.0,0.04645737670361992,0.0200945159211869,1.0205037245137278,30.0,0.996653288602829
8,pure_top_k,0.7,1.0,1,5,0.2,0.0,1.0,0.046358635835349535,0.0,1.0,1.0,1.0
8,pure_top_k,0.7,1.0,5,5,0.2,0.0,1.0,0.04643884310498828,0.1807152032852172,1.2153852336281317,5.0,0.9459410011768339
8,pure_top_k,0.7,1.0,10,5,0.2,0.0,1.0,0.046421917527914025,0.1812874251045286,1.2161931101525942,10.0,0.9458958804607394
8,pure_top_k,0.7,1.0,30,5,0.2,0.0,1.0,0.04635812798514956,0.1814690884202718,1.216449794500225,30.0,0.9458841383457184
8,pure_top_k,1.5,1.0,1,5,0.2,0.0,1.0,0.04782317522913214,0.0,1.0,1.0,1.0
8,pure_top_k,1.5,1.0,5,5,0.4,0.4,7.6,0.26757705342024557,0.5755460732653244,1.880315501764572,5.016666666666667,0.8063734628260135
8,pure_top_k,1.5,1.0,10,5,0.4,0.4,5.6,0.18136318819597358,0.6913936358441909,2.1727355991255815,10.026666666666667,0.7815296924114227
8,pure_top_k,1.5,1.0,30,5,0.6,0.5916666666666666,3.4,0.13312352402135724,0.6515446704674348,2.374785775171795,30.04,0.8174769684175651
8,pure_top_p,0.3,0.6,0,5,0.2,0.0,1.0,0.04715374801307912,0.0,1.0,1.0,1.0
8,pure_top_p,0.3,0.9,0,5,0.2,0.0,1.0,0.04657543413341042,0.0,1.0,1.0,1.0
8,pure_top_p,0.3,0.95,0,5,0.2,0.0,1.0,0.04666297370567914,0.0,1.0,1.0,1.0
8,pure_top_p,0.7,0.6,0,5,0.2,0.0,1.0,0.046573856286704476,0.0,1.0,1.0,1.0
8,pure_top_p,0.7,0.9,0,5,0.2,0.0,1.0,0.04655517255887384,0.1679665893316269,1.199622761115375,1.5,0.9474997818469999
8,pure_top_p,0.7,0.95,0,5,0.2,0.0,1.0,0.04652237249538298,0.1679665893316269,1.199622761115375,1.5,0.9474997818469999
8,pure_top_p,1.5,0.6,0,5,0.2,0.0,1.0,0.0465872720815241,0.0,1.0,1.0,1.0
8,pure_top_p,1.5,0.9,0,5,0.8,0.8461066505074989,17.2,0.5222838719375431,0.8668882076318065,11.009136263797387,1003.9611111111111,0.7519967991030878
8,pure_top_p,1.5,0.95,0,5,0.4,0.4,6.6,0.19256552224978804,1.3149191561973457,4.189990009417634,7715.012121212121,0.7298205828124826
9,pure_top_k,0.3,1.0,1,5,0.2,0.0,1.0,0.07161796316504475,0.0,1.0,1.0,1.0
9,pure_top_k,0.3,1.0,5,5,0.2,0.0,1.0,0.07116890838369723,0.0084176946089285,1.0085248813437022,5.0,0.9987163146336874
9,pure_top_k,0.3,1.0,10,5,0.2,0.0,1.0,0.07195390472188586,0.0084176946089296,1.008524881343703,10.0,0.9987163146336874
9,pure_top_k,0.3,1.0,30,5,0.2,0.0,1.0,0.07131128730252381,0.0084176946089297,1.008524881343703,31.0,0.9987163146336874
9,pure_top_k,0.7,1.0,1,5,0.2,0.0,1.0,0.07181905331090091,0.0,1.0,1.0,1.0
9,pure_top_k,0.7,1.0,5,5,0.2,0.0,1.0,0.07169965663924807,0.0968160884513054,1.112290182174621,5.0,0.9717745979626974
9,pure_top_k,0.7,1.0,10,5,0.2,0.0,1.0,0.07108625499531622,0.0968185177346943,1.112292792723375,10.0,0.9717744191487633
9,pure_top_k,0.7,1.0,30,5,0.2,0.0,1.0,0.07185707921162243,0.0968195109138226,1.1122938597564789,31.0,0.9717743794123332
9,pure_top_k,1.5,1.0,1,5,0.2,0.0,1.0,0.07149594817310569,0.0,1.0,1.0,1.0
9,pure_top_k,1.5,1.0,5,5,0.4,0.0,1.0,0.06692375922575591,0.2452793582032124,1.3219829924324897,5.0,0.9034313340981802
9,pure_top_k,1.5,1.0,10,5,0.4,0.0,1.0,0.06662627765908834,0.253529713427027,1.333134739161234,10.0,0.9025933086872101
9,pure_top_k,1.5,1.0,30,5,0.4,0.0,1.0,0.057216088194400015,0.28797700001547727,1.3856000889631859,30.7,0.8872091015179953
9,pure_top_p,0.3,0.6,0,5,0.2,0.0,1.0,0.07180786952376361,0.0,1.0,1.0,1.0
9,pure_top_p,0.3,0.9,0,5,0.2,0.0,1.0,0.07175688417628402,0.0,1.0,1.0,1.0
9,pure_top_p,0.3,0.95,0,5,0.2,0.0,1.0,0.07148220622912047,0.0,1.0,1.0,1.0
9,pure_top_p,0.7,0.6,0,5,0.2,0.0,1.0,0.07152122789993876,0.0,1.0,1.0,1.0
9,pure_top_p,0.7,0.9,0,5,0.2,0.0,1.0,0.07139547094702715,0.0,1.0,1.0,1.0
9,pure_top_p,0.7,0.95,0,5,0.2,0.0,1.0,0.07418581275269384,0.0966502428054809,1.112120547249672,1.3333333333333333,0.971787691116333
9,pure_top_p,1.5,0.6,0,5,0.2,0.0,1.0,0.07185420533642166,0.0,1.0,1.0,1.0
9,pure_top_p,1.5,0.9,0,5,0.4,0.0,1.0,0.0670492445118725,0.20524316032727552,1.2750887394497255,1.3666666666666665,0.9091899196306865
9,pure_top_p,1.5,0.95,0,5,0.4,0.0,1.0,0.06707807453349231,0.3335871477921804,1.439931514740548,893.6333333333334,0.8966895858446758
10,pure_top_k,0.3,1.0,1,5,0.2,0.0,26.0,0.7396290874108672,0.0,1.0,1.0,1.0
10,pure_top_k,0.3,1.0,5,5,1.0,0.1396244649348098,26.6,0.7565822809003293,0.0755994614881749,1.0982654221955646,5.019354838709678,0.978062630732488
10,pure_top_k,0.3,1.0,10,5,0.6,0.10217745217745215,26.4,0.7331265478394926,0.07166717817720178,1.0942995716886839,10.04459203036053,0.978338944991128
10,pure_top_k,0.3,1.0,30,5,0.4,0.05714285714285716,26.4,0.7372224076651037,0.06607511097364105,1.084640211076445,30.177517106549363,0.9808959212470963
10,pure_top_k,0.7,1.0,1,5,0.2,0.0,26.0,0.7238495758734643,0.0,1.0,1.0,1.0
10,pure_top_k,0.7,1.0,5,5,1.0,0.5261903682237483,29.4,0.813682749029249,0.26834181800386203,1.420546564871057,5.072354312354312,0.897063974087045
10,pure_top_k,0.7,1.0,10,5,1.0,0.5477935847889535,32.4,0.8880407948978245,0.27646740696064515,1.450742488110334,10.084302283341106,0.8975687771214735
10,pure_top_k,0.7,1.0,30,5,1.0,0.38293254719719066,28.2,0.7766288008540869,0.2497350766296896,1.4037780148633554,30.272777310874282,0.9102391520180569
10,pure_top_k,1.5,1.0,1,5,0.2,0.0,26.0,0.7404332696460187,0.0,1.0,1.0,1.0
10,pure_top_k,1.5,1.0,5,5,1.0,0.5658637506150765,30.4,0.8785686176270247,0.5391305981302412,1.9584753723978956,5.045520028508394,0.798415427431149
10,pure_top_k,1.5,1.0,10,5,1.0,0.6524881994450539,34.6,0.9523280360735953,0.6405857216960763,2.2942630959445296,10.031944444444445,0.7808368828975493
10,pure_top_k,1.5,1.0,30,5,1.0,0.6262361284606245,32.8,0.9875286596827209,0.6819748237720985,2.611402820219717,30.247493833685695,0.7780798820012141
10,pure_top_p,0.3,0.6,0,5,0.2,0.0,26.0,0.7325045706704258,0.0,1.0,1.0,1.0
10,pure_top_p,0.3,0.9,0,5,0.4,0.03076923076923075,26.0,0.7237825099378824,0.0171065868869904,1.022562877141625,1.032258064516129,0.9928161251929499
10,pure_top_p,0.3,0.95,0,5,0.2,0.0,26.0,0.7279716845601797,0.0404170886162788,1.0554252713507548,1.1290322580645162,0.9865004401053152
10,pure_top_p,0.7,0.6,0,5,0.4,0.16969696969696968,26.4,0.7619661283679307,0.03499023215368072,1.0482779187480662,1.0574952561669828,0.9823878328872586
10,pure_top_p,0.7,0.9,0,5,0.8,0.3724317738791423,29.0,0.8240421704016626,0.18349706768073976,1.2873424481823954,1.4391885786572693,0.9227953592933507
10,pure_top_p,0.7,0.95,0,5,1.0,0.5166652154007737,29.6,0.8461134270764887,0.19606991175161234,1.3100948884096038,1.52813002620403,0.9198815679411487
10,pure_top_p,1.5,0.6,0,5,1.0,0.3855095432931918,28.8,0.8073632135987282,0.24246577497198585,1.6634001673674041,8.326718998410175,0.8948991900052288
10,pure_top_p,1.5,0.9,0,5,1.0,0.8753019623383708,20.6,0.6803759017027915,0.9435957625858549,24.301618521691516,724.3488247863248,0.7355860257791912
10,pure_top_p,1.5,0.95,0,5,1.0,0.8622889559233858,23.2,0.8348973680287599,1.379890420035356,100.77953112983413,3819.5216666666665,0.6740808336312571
11,pure_top_k,0.3,1.0,1,5,0.2,0.0,1.0,0.07049267683178181,0.0,1.0,1.0,1.0
11,pure_top_k,0.3,1.0,5,5,0.8,0.620860781730347,12.0,0.38526586899533866,0.13107970398348126,1.1798574405655138,5.06235632183908,0.9390547896938763
11,pure_top_k,0.3,1.0,10,5,0.2,0.0,1.0,0.06946356613188975,0.2069815767240073,1.28689495298175,10.333333333333334,0.8961875041325887
11,pure_top_k,0.3,1.0,30,5,0.4,0.38333333333333336,5.4,0.19969367384910583,0.18397529655478045,1.2536483795966467,30.10322580645161,0.9100238428320937
11,pure_top_k,0.7,1.0,1,5,0.2,0.0,1.0,0.06951254373416298,0.0,1.0,1.0,1.0
11,pure_top_k,0.7,1.0,5,5,0.6,0.6102564102564102,7.8,0.26429359149187803,0.21520590890950203,1.3189104591343834,5.037571157495256,0.8874649959452011
11,pure_top_k,0.7,1.0,10,5,0.8,0.6696607740086,12.2,0.39272032780572774,0.22338637548146653,1.3355855173257924,10.233333333333333,0.8917742737134298
11,pure_top_k,0.7,1.0,30,5,0.4,0.37777777777777777,4.4,0.16745718317106367,0.22178145926209444,1.3289712545849053,30.066666666666663,0.8760564794143042
11,pure_top_k,1.5,1.0,1,5,0.2,0.0,1.0,0.0696287625469267,0.0,1.0,1.0,1.0
11,pure_top_k,1.5,1.0,5,5,0.6,0.37777777777777777,4.4,0.1625359073281288,0.4365059968155037,1.6612438800306255,5.025,0.8077829961975416
11,pure_top_k,1.5,1.0,10,5,0.8,0.6478506787330318,9.8,0.3199242200702429,0.36407499459815384,1.5578936915506247,10.234581105169342,0.8600750607682421
11,pure_top_k,1.5,1.0,30,5,0.6,0.38,4.6,0.16685784999281167,0.4880743431167211,1.739700973831063,30.056,0.8020352318286894
11,pure_top_p,0.3,0.6,0,5,0.2,0.0,1.0,0.07100377269089217,0.0,1.0,1.0,1.0
11,pure_top_p,0.3,0.9,0,5,0.2,0.0,1.0,0.07247602054849266,0.20673503478368122,1.2864364517263924,1.3333333333333333,0.896204670270284
11,pure_top_p,0.3,0.95,0,5,0.2,0.0,1.0,0.07020964864641424,0.20673503478368122,1.2864364517263924,1.3333333333333333,0.896204670270284
11,pure_top_p,0.7,0.6,0,5,0.6,0.6596153846153846,12.2,0.4031162061728537,0.13163288579870822,1.1878345117089393,1.195572422517394,0.9209796665590975
11,pure_top_p,0.7,0.9,0,5,0.8,0.6706868131868131,11.8,0.38288314212113617,0.17238260658143645,1.2492175780877777,1.2928074455588685,0.9045769540398299
11,pure_top_p,0.7,0.95,0,5,0.4,0.5538461538461539,8.2,0.2658123045228421,0.15717004742108137,1.2234003172149752,1.3098039215686275,0.9121063332931669
11,pure_top_p,1.5,0.6,0,5,0.4,0.36923076923076925,3.4,0.1349025855772197,0.2001916810577991,1.2882855759518042,1.2901960784313724,0.8666246360423517
11,pure_top_p,1.5,0.9,0,5,0.8,0.6386401524172423,10.0,0.3264014910906553,0.2695252907969762,1.4285437563941166,16.317114236999146,0.8764638512583491
11,pure_top_p,1.5,0.95,0,5,0.8,0.6133333333333333,7.0,0.2333722990937531,0.4727829318493605,1.7620108759434718,1331.225,0.824333614193731
12,pure_top_k,0.3,1.0,1,5,0.2,0.0,13.0,0.42063319301232693,0.0,1.0,1.0,1.0
12,pure_top_k,0.3,1.0,5,5,0.6,0.4667251051893409,17.0,0.5243170303292572,0.061085980405408004,1.07484857521299,5.08,0.9811743793542357
12,pure_top_k,0.3,1.0,10,5,0.4,0.1739130434782609,15.0,0.47541585806757214,0.05478023263351588,1.064716117038228,10.115555555555556,0.9835238537523482
12,pure_top_k,0.3,1.0,30,5,0.2,0.0,13.0,0.4178155134432018,0.05834677663726899,1.069116392528079,30.333333333333332,0.9822940031687418
12,pure_top_k,0.7,1.0,1,5,0.2,0.0,13.0,0.4198004641570151,0.0,1.0,1.0,1.0
12,pure_top_k,0.7,1.0,5,5,0.6,0.5074853254376397,17.6,0.5427932985126972,0.18906161645593825,1.263364815798676,5.08063492063492,0.9373767501588851
12,pure_top_k,0.7,1.0,10,5,1.0,0.7100121143396624,18.6,0.5816066681407392,0.3079808721362568,1.495706572742091,10.13307131465026,0.8765536942876372
12,pure_top_k,0.7,1.0,30,5,0.8,0.6774615524615525,18.0,0.5292832650244236,0.27988219700141287,1.486529536126669,30.331806267806268,0.896529723136853
12,pure_top_k,1.5,1.0,1,5,0.2,0.0,13.0,0.4176020654849708,0.0,1.0,1.0,1.0
12,pure_top_k,1.5,1.0,5,5,1.0,0.9105978835978835,13.6,0.4737513346597552,0.6049092863285419,2.0963279259822576,5.048110766045548,0.7830660428355651
12,pure_top_k,1.5,1.0,10,5,1.0,0.9323259269969796,22.4,0.8118916311301291,0.7709532889627468,2.7284728050422222,10.031249072602014,0.7359236674996741
12,pure_top_k,1.5,1.0,30,5,1.0,0.9506344118844119,14.0,0.7168581403791905,1.131134019150323,4.566871219059983,30.37295951417004,0.6529419611493747
12,pure_top_p,0.3,0.6,0,5,0.2,0.0,13.0,0.4221481720916927,0.0,1.0,1.0,1.0
12,pure_top_p,0.3,0.9,0,5,0.4,0.30476190476190473,13.0,0.4218707184307277,0.0571214463975694,1.0722869078057358,1.1333333333333333,0.9780161182085674
12,pure_top_p,0.3,0.95,0,5,0.8,0.5618073242390117,16.8,0.5246952395886183,0.07692157884438829,1.1071184219837467,1.1665079365079365,0.9654104452379167
12,pure_top_p,0.7,0.6,0,5,0.2,0.0,13.0,0.42066085832193495,0.0,1.0,1.0,1.0
12,pure_top_p,0.7,0.9,0,5,1.0,0.7319838761174968,15.0,0.49002982275560497,0.21689376015606374,1.3276395617813956,1.4553809523809524,0.8966573005552803
12,pure_top_p,0.7,0.95,0,5,1.0,0.7973117663064009,17.2,0.5235690652392805,0.22789765712723392,1.3452530207820825,1.694561403508772,0.9074857221543787
12,pure_top_p,1.5,0.6,0,5,1.0,0.8775739184562715,12.0,0.5184275164268911,0.984844286732708,84.83311207881296,344.0461115294862,0.7554923977225851
12,pure_top_p,1.5,0.9,0,5,1.0,0.9576612131649445,18.6,0.7770509735681117,1.0418830591667858,52.091288525937806,1201.6055555555554,0.7228807435681424
12,pure_top_p,1.5,0.95,0,5,1.0,0.8932849469050538,20.8,0.7222044561989606,1.9730213010542683,390.01172029661745,10106.049214975845,0.6435533658708573
13,pure_top_k,0.3,1.0,1,5,0.2,0.0,4.0,0.13925477880984544,0.0,1.0,1.0,1.0
13,pure_top_k,0.3,1.0,5,5,0.4,0.2545454545454545,5.4,0.17176859658211469,0.20505110036526836,1.2882807718435862,5.0,0.9235420813927284
13,pure_top_k,0.3,1.0,10,5,0.6,0.6733333333333333,9.0,0.25991588151082395,0.15469051657337346,1.210989148496905,10.287843137254901,0.9477020284241322
13,pure_top_k,0.3,1.0,30,5,0.6,0.5092857142857143,6.4,0.1946994125843048,0.22225887592898172,1.3170206859612485,30.192436974789917,0.9205098703628828
13,pure_top_k,0.7,1.0,1,5,0.2,0.0,4.0,0.13914606887847175,0.0,1.0,1.0,1.0
13,pure_top_k,0.7,1.0,5,5,1.0,0.8532413324661607,12.6,0.3562532316893339,0.3594074270126841,1.6268361801572495,5.082533936651584,0.8538072307803424
13,pure_top_k,0.7,1.0,10,5,1.0,0.8486971361971362,9.8,0.2830363278277218,0.4103739409557611,1.6945268373050795,10.280735930735931,0.8316858234924155
13,pure_top_k,0.7,1.0,30,5,1.0,0.7840236809973652,10.0,0.2833186433650553,0.350967203696964,1.596820417655931,30.38051282051282,0.8598718415926664
13,pure_top_k,1.5,1.0,1,5,0.2,0.0,4.0,0.13901531035080547,0.0,1.0,1.0,1.0
13,pure_top_k,1.5,1.0,5,5,1.0,0.8490312043029433,9.4,0.2688980491831899,0.7142319051237419,2.3658937797985207,5.106050420168066,0.7045291682535192
13,pure_top_k,1.5,1.0,10,5,1.0,0.907894472384036,12.6,0.3491398872807622,0.6737201341363098,2.386268610617374,10.192445054945056,0.7547918858027065
13,pure_top_k,1.5,1.0,30,5,1.0,0.86422906342024,9.0,0.2843540717847645,0.9071024317739347,3.3643237593887805,30.347619047619048,0.7121376215228958
13,pure_top_p,0.3,0.6,0,5,0.2,0.0,4.0,0.14037384027615185,0.0,1.0,1.0,1.0
13,pure_top_p,0.3,0.9,0,5,0.4,0.42857142857142855,8.4,0.24326167535036802,0.11417601546820466,1.1466370653943554,1.2705882352941178,0.9544853501460132
13,pure_top_p,0.3,0.95,0,5,0.2,0.0,4.0,0.1404087660834193,0.1807349721590677,1.2403379017718532,1.5,0.9320624570051826
13,pure_top_p,0.7,0.6,0,5,0.4,0.29333333333333333,12.8,0.3447803097777068,0.09953203855776312,1.1382061026342043,1.1607843137254903,0.9478753587778875
13,pure_top_p,0.7,0.9,0,5,0.6,0.5708461538461538,7.6,0.22967299036681652,0.28920885630142995,1.4723695833017154,1.5880341880341882,0.8659725401646051
13,pure_top_p,0.7,0.95,0,5,0.6,0.7541666666666667,6.4,0.21001506038010112,0.3720941658509083,1.6601516729043873,2.066666666666667,0.8455315157389028
13,pure_top_p,1.5,0.6,0,5,1.0,0.8770005595091408,9.2,0.26045298874378203,0.40277717581496,1.6941816241244243,1.7851971557853912,0.7893793561879325
13,pure_top_p,1.5,0.9,0,5,1.0,0.8361804861804861,8.8,0.26490867845714094,0.7678563432892164,4.026113403285683,506.8133333333332,0.7235072481135527
13,pure_top_p,1.5,0.95,0,5,1.0,0.854925353925354,17.6,0.5084025071933865,1.0267683372826302,8.816234650481107,3131.3021197193607,0.7306638004727899
14,pure_top_k,0.3,1.0,1,5,0.2,0.0,1.0,0.06974197747185822,0.0,1.0,1.0,1.0
14,pure_top_k,0.3,1.0,5,5,0.2,0.0,1.0,0.06978959487751121,0.016292872528326,1.0166976267313448,5.0,0.9971744219462076
14,pure_top_k,0.3,1.0,10,5,0.2,0.0,1.0,0.06989070037379856,0.0162928725283262,1.016697626731345,10.666666666666666,0.9971744219462076
14,pure_top_k,0.3,1.0,30,5,0.2,0.0,1.0,0.07020736001431939,0.0162928725283262,1.016697626731345,32.333333333333336,0.9971744219462076
14,pure_top_k,0.7,1.0,1,5,0.2,0.0,1.0,0.0697989745996892,0.0,1.0,1.0,1.0
14,pure_top_k,0.7,1.0,5,5,0.4,0.0,1.0,0.06092744581401344,0.1427452193289355,1.1715322057517485,5.0,0.9540051937103271
14,pure_top_k,0.7,1.0,10,5,0.2,0.0,1.0,0.06975711500272153,0.1189590049783267,1.1429481689138008,10.666666666666666,0.961670736471812
14,pure_top_k,0.7,1.0,30,5,0.2,0.0,1.0,0.06978487130254503,0.11895916596646798,1.142948368242221,32.333333333333336,0.961670736471812
14,pure_top_k,1.5,1.0,1,5,0.2,0.0,1.0,0.06986664617434138,0.0,1.0,1.0,1.0
14,pure_top_k,1.5,1.0,5,5,0.4,0.0,1.0,0.06513770464807747,0.23842926310996213,1.3230574223358542,5.0,0.895398958524068
14,pure_top_k,1.5,1.0,10,5,0.4,0.0,1.0,0.06046069525182242,0.2619342252612113,1.355425369980428,10.6,0.8858150720596314
14,pure_top_k,1.5,1.0,30,5,0.4,0.0,1.0,0.06524658044800158,0.2499434519559145,1.3378393222194127,31.96666666666667,0.8943914373715719
14,pure_top_p,0.3,0.6,0,5,0.2,0.0,1.0,0.07027158765122289,0.0,1.0,1.0,1.0
14,pure_top_p,0.3,0.9,0,5,0.2,0.0,1.0,0.07025996735319492,0.0,1.0,1.0,1.0
14,pure_top_p,0.3,0.95,0,5,0.2,0.0,1.0,0.0701518084853887,0.0,1.0,1.0,1.0
14,pure_top_p,0.7,0.6,0,5,0.2,0.0,1.0,0.07016400862485166,0.0,1.0,1.0,1.0
14,pure_top_p,0.7,0.9,0,5,0.4,0.0,1.0,0.0656918126158416,0.13083012700080862,1.1572133107709133,1.3666666666666665,0.9578393618265789
14,pure_top_p,0.7,0.95,0,5,0.2,0.0,1.0,0.07062082104384895,0.1189364790916442,1.1429211916099211,1.3333333333333333,0.9616721471150717
14,pure_top_p,1.5,0.6,0,5,0.2,0.0,1.0,0.07022519120946522,0.0,1.0,1.0,1.0
14,pure_top_p,1.5,0.9,0,5,0.4,0.0,1.0,0.056516793929040375,0.2562914252281189,1.3495228500712788,1.4333333333333331,0.8793573121229807
14,pure_top_p,1.5,0.95,0,5,0.4,0.0,1.0,0.06076798895373934,0.2365767002105712,1.3226364769888728,1.4,0.8886375188827514
15,pure_top_k,0.3,1.0,1,5,0.2,0.0,6.0,0.1864042126573622,0.0,1.0,1.0,1.0
15,pure_top_k,0.3,1.0,5,5,0.2,0.0,6.0,0.18675769614055748,0.0372855428370131,1.0395600138193737,5.0,0.9923812821507454
15,pure_top_k,0.3,1.0,10,5,0.4,0.2666666666666667,6.8,0.20451632980257273,0.03906004170302662,1.0420235036107481,10.233333333333333,0.9914962788422901
15,pure_top_k,0.3,1.0,30,5,0.2,0.0,6.0,0.18640301860868927,0.0372855470279687,1.0395600183941234,30.25,0.9923812821507454
15,pure_top_k,0.7,1.0,1,5,0.2,0.0,6.0,0.18637068672105667,0.0,1.0,1.0,1.0
15,pure_top_k,0.7,1.0,5,5,0.4,0.3555555555555555,9.6,0.28832794027402997,0.2592110630659626,1.3611846466036668,5.013333333333334,0.9121831194559732
15,pure_top_k,0.7,1.0,10,5,0.6,0.4991851851851852,9.8,0.3165988608263433,0.21907025218820367,1.2966348467099222,10.21060606060606,0.9267926471251429
15,pure_top_k,0.7,1.0,30,5,0.8,0.6582846348498523,13.0,0.4185238640755415,0.24588100010411035,1.35523565732387,30.31709385948737,0.9096054293227638
15,pure_top_k,1.5,1.0,1,5,0.2,0.0,6.0,0.18493507718667385,0.0,1.0,1.0,1.0
15,pure_top_k,1.5,1.0,5,5,1.0,0.7273283062698029,13.6,0.4267432538792491,0.4359056927709208,1.704316193311699,5.028673835125447,0.8297625745687744
15,pure_top_k,1.5,1.0,10,5,1.0,0.722115482556659,10.4,0.37214518152177334,0.6298806828758303,2.2423487305247467,10.222566069906224,0.7830934328559821
15,pure_top_k,1.5,1.0,30,5,1.0,0.8254450300102473,13.2,0.46821133987978103,0.764183015399076,2.627502341104884,30.325722610722615,0.7440478630766862
15,pure_top_p,0.3,0.6,0,5,0.2,0.0,6.0,0.18747084867209188,0.0,1.0,1.0,1.0
15,pure_top_p,0.3,0.9,0,5,0.2,0.0,6.0,0.18778855660930271,0.0,1.0,1.0,1.0
15,pure_top_p,0.3,0.95,0,5,0.2,0.0,6.0,0.18762617195025083,0.0,1.0,1.0,1.0
15,pure_top_p,0.7,0.6,0,5,0.2,0.0,6.0,0.18926151776686306,0.0,1.0,1.0,1.0
15,pure_top_p,0.7,0.9,0,5,0.4,0.33333333333333337,9.2,0.2894716658629477,0.16887703061103815,1.2417134290762113,1.44,0.9368344853321713
15,pure_top_p,0.7,0.95,0,5,0.8,0.6498125485625486,13.8,0.4425522328354418,0.21420427729670943,1.312830596016421,1.6258454106280193,0.9156672149593522
15,pure_top_p,1.5,0.6,0,5,0.8,0.662764386151483,13.8,0.42920011579990386,0.2329053470864891,1.3500842450211705,1.4145833333333333,0.8840538349623481
15,pure_top_p,1.5,0.9,0,5,1.0,0.6711681982734614,11.4,0.35459194220602513,0.47234815161004373,2.0078299175469834,313.41877394636015,0.8275737607930127
15,pure_top_p,1.5,0.95,0,5,0.8,0.6363955303955304,15.6,0.48204231457784774,0.711916185277962,6.497617228024481,1326.369477124183,0.7867898076472162
16,pure_top_k,0.3,1.0,1,5,0.2,0.0,8.0,0.3959811725653708,0.0,1.0,1.0,1.0
16,pure_top_k,0.3,1.0,5,5,0.4,0.07999999999999999,8.0,0.3990008305758238,0.01514792495407466,1.0178247403730896,5.0,0.9954273648900923
16,pure_top_k,0.3,1.0,10,5,0.2,0.0,8.0,0.39494070969522,0.0093382082757524,1.0101144484676128,10.058823529411764,0.9979148401933557
16,pure_top_k,0.3,1.0,30,5,0.2,0.0,8.0,0.3952429794706404,0.0093382626211538,1.0101145121261894,30.588235294117645,0.9979148401933557
16,pure_top_k,0.7,1.0,1,5,0.2,0.0,8.0,0.39626767188310624,0.0,1.0,1.0,1.0
16,pure_top_k,0.7,1.0,5,5,0.4,0.10909090909090909,8.2,0.3992815296165645,0.054355633896933896,1.076949153675114,5.0,0.983495641066358
16,pure_top_k,0.7,1.0,10,5,0.4,0.3619047619047619,9.0,0.4175279698334634,0.07067940753519493,1.1044796840272297,10.083422459893049,0.9775980839117325
16,pure_top_k,0.7,1.0,30,5,0.2,0.0,8.0,0.3948291942477226,0.0579499254259518,1.0888244135811862,30.588235294117645,0.9836931824684145
16,pure_top_k,1.5,1.0,1,5,0.2,0.0,8.0,0.39615308232605456,0.0,1.0,1.0,1.0
16,pure_top_k,1.5,1.0,5,5,0.6,0.4600000000000001,6.6,0.3853227231651545,0.22570872258321942,1.3807261318155277,5.0285714285714285,0.9248051720896578
16,pure_top_k,1.5,1.0,10,5,1.0,0.8981150793650794,7.2,0.4352109618484974,0.41975922776594077,1.9073774015870035,10.171966807664749,0.8592568837355424
16,pure_top_k,1.5,1.0,30,5,0.6,0.5338744588744588,7.0,0.4036574070341885,0.30360916309242125,1.7537051597797935,30.54385026737968,0.9181573989443237
16,pure_top_p,0.3,0.6,0,5,0.2,0.0,8.0,0.39795155040919783,0.0,1.0,1.0,1.0
16,pure_top_p,0.3,0.9,0,5,0.2,0.0,8.0,0.39784477911889554,0.0,1.0,1.0,1.0
16,pure_top_p,0.3,0.95,0,5,0.2,0.0,8.0,0.4018268437124789,0.0,1.0,1.0,1.0
16,pure_top_p,0.7,0.6,0,5,0.2,0.0,8.0,0.39544344404712317,0.0,1.0,1.0,1.0
16,pure_top_p,0.7,0.9,0,5,0.4,0.16666666666666666,8.2,0.40572820249944924,0.03842041927963587,1.0500814199239423,1.0786377708978327,0.9840051830368515
16,pure_top_p,0.7,0.95,0,5,0.4,0.07999999999999999,8.0,0.4015788291580975,0.04409059453633872,1.0616439932270145,1.1274509803921569,0.9828797888132481
16,pure_top_p,1.5,0.6,0,5,0.6,0.7,5.2,0.38174065193161366,0.12997977923946216,1.2437207660790748,1.4983193277310924,0.945470038557253
16,pure_top_p,1.5,0.9,0,5,0.6,0.13999999999999996,8.0,0.4009954829700291,0.14862608504451177,1.4029853987307477,1.872549019607843,0.9519270532271442
16,pure_top_p,1.5,0.95,0,5,1.0,0.6093825910931174,8.6,0.4056740005500615,0.22204012440627108,1.59515091025453,103.18470588235293,0.9337152204662562
17,pure_top_k,0.3,1.0,1,5,0.2,0.0,18.0,0.5122216925956309,0.0,1.0,1.0,1.0
17,pure_top_k,0.3,1.0,5,5,0.4,0.18947368421052632,16.8,0.48336974401026966,0.07259366534119646,1.0879243044793487,5.097727272727273,0.9771130833436142
17,pure_top_k,0.3,1.0,10,5,0.6,0.19019607843137254,16.0,0.4641237571835518,0.07235044139227888,1.0881689703030155,10.063181818181818,0.9768096857856621
17,pure_top_k,0.3,1.0,30,5,0.6,0.05882352941176472,17.2,0.4911669767461717,0.08266835528539854,1.1008583786883799,30.432727272727277,0.9732366505536165
17,pure_top_k,0.7,1.0,1,5,0.2,0.0,18.0,0.5105233903974294,0.0,1.0,1.0,1.0
17,pure_top_k,0.7,1.0,5,5,1.0,0.47756165388282773,17.6,0.5404624787159265,0.2100088781734702,1.3295400912787696,5.0777050264550265,0.9239191353788214
17,pure_top_k,0.7,1.0,10,5,0.8,0.3718652692336903,16.2,0.483406707085669,0.20503742792134708,1.315373879381291,10.068181818181818,0.9306588978059107
17,pure_top_k,0.7,1.0,30,5,1.0,0.47669575007036313,15.2,0.4654266245663166,0.2224103594841837,1.356828328400587,30.500441176470595,0.9233645511856053
17,pure_top_k,1.5,1.0,1,5,0.2,0.0,18.0,0.5109461203217507,0.0,1.0,1.0,1.0
17,pure_top_k,1.5,1.0,5,5,1.0,0.6023361146966624,15.8,0.49304640768095853,0.4414609274352941,1.7881484803541485,5.1024149504195275,0.8395855213135459
17,pure_top_k,1.5,1.0,10,5,1.0,0.5729438997821351,15.6,0.4736853513866663,0.48944183742890407,1.9622853856015248,10.08640616693248,0.8355118872946973
17,pure_top_k,1.5,1.0,30,5,1.0,0.5115576988371106,14.4,0.4530561132356524,0.6191152987682638,2.837546014896273,30.40206162464986,0.8253261723631905
17,pure_top_p,0.3,0.6,0,5,0.2,0.0,18.0,0.5158987757749856,0.0,1.0,1.0,1.0
17,pure_top_p,0.3,0.9,0,5,0.6,0.05882352941176472,17.2,0.49619380244985223,0.06238491481000723,1.0780370762569054,1.150909090909091,0.9773110793937336
17,pure_top_p,0.3,0.95,0,5,0.8,0.23866099071207433,16.4,0.4776742563582957,0.06252717410976234,1.0755798660475417,1.1922727272727272,0.979441072534431
17,pure_top_p,0.7,0.6,0,5,0.2,0.0,18.0,0.5118860308080911,0.0,1.0,1.0,1.0
17,pure_top_p,0.7,0.9,0,5,0.8,0.40401199076121674,14.2,0.4522975755855441,0.14905027563609768,1.2327956275854255,1.5415873015873016,0.9403569727095344
17,pure_top_p,0.7,0.95,0,5,1.0,0.47449795302736486,14.8,0.4634710054844618,0.179728361167882,1.281322820031931,1.5574000730727073,0.9300753764037367
17,pure_top_p,1.5,0.6,0,5,1.0,0.5612039238412236,15.4,0.5129338502883911,0.4845432443348853,13.623740683384426,52.72608507434595,0.8637947957850145
17,pure_top_p,1.5,0.9,0,5,1.0,0.6704625109974753,19.0,0.6995924534276128,1.956570440483676,739.8142948552673,6415.084411675742,0.7113104049796568
17,pure_top_p,1.5,0.95,0,5,1.0,0.7121512791365244,19.8,0.7293164491653442,1.3292214504229851,122.98291845050449,5188.955375106565,0.753410713997521
18,pure_top_k,0.3,1.0,1,5,0.2,0.0,40.0,1.11701638745144,0.0,1.0,1.0,1.0
18,pure_top_k,0.3,1.0,5,5,0.8,0.5883206286467156,21.6,0.6239463582634925,0.17150830100226028,1.2290441776164096,5.096644728352045,0.9461974868414126
18,pure_top_k,0.3,1.0,10,5,1.0,0.43264030725144503,37.8,1.0529478843323887,0.1752866769224435,1.2542243599420968,9.97107843137255,0.941580830470604
18,pure_top_k,0.3,1.0,30,5,1.0,0.5326218355711296,31.2,0.8687863272614778,0.22292374322589095,1.331293007708324,29.979034914361,0.9229100989680908
18,pure_top_k,0.7,1.0,1,5,0.2,0.0,40.0,1.1174036138691008,0.0,1.0,1.0,1.0
18,pure_top_k,0.7,1.0,5,5,1.0,0.775632793729568,15.6,0.46409039618447423,0.4427255781060328,1.735288055626152,5.104897116949546,0.8289259322887554
18,pure_top_k,0.7,1.0,10,5,1.0,0.8403597103295082,26.2,0.7482114885933697,0.47589262338700555,1.8744774708777225,10.04453933747412,0.8305448104536804
18,pure_top_k,0.7,1.0,30,5,1.0,0.8029860794413617,28.4,0.8127370109781623,0.5278700644957368,1.9805009758531562,30.135179904943293,0.8106525538831442
18,pure_top_k,1.5,1.0,1,5,0.2,0.0,40.0,1.1392899911850691,0.0,1.0,1.0,1.0
18,pure_top_k,1.5,1.0,5,5,1.0,0.8706663012037008,23.6,0.6819075743667782,0.7199879255110588,2.3562393661242638,5.0701159855507685,0.7245864674446114
18,pure_top_k,1.5,1.0,10,5,1.0,0.8580417975475472,26.8,0.8183324944227934,0.8822949952805719,3.1064849923698175,10.124714822099051,0.7087599132867998
18,pure_top_k,1.5,1.0,30,5,1.0,0.8800911329351433,19.2,0.5871596954762935,1.1161819345067288,4.49411048859959,30.271901709401714,0.6795249759840469
18,pure_top_p,0.3,0.6,0,5,0.4,0.05142857142857145,40.4,1.1220723330974578,0.0141135888795057,1.0201844837078846,1.0208333333333333,0.9914240278303625
18,pure_top_p,0.3,0.9,0,5,0.8,0.46142857142857147,33.8,0.9816797928884625,0.10621006699899826,1.1480839784267876,1.277777777777778,0.9599955240471495
18,pure_top_p,0.3,0.95,0,5,1.0,0.7457973315696236,26.0,0.7401373503729701,0.1861379599004809,1.2761080577093522,1.5574122807017545,0.9271422955524503
18,pure_top_p,0.7,0.6,0,5,0.8,0.6022459893048129,19.6,0.5353370298631489,0.1623697600442738,1.238499650739493,1.2692857142857144,0.9116304218449762
18,pure_top_p,0.7,0.9,0,5,1.0,0.8325593771000749,25.2,0.731549755576998,0.35289917644656926,1.6225226296208106,1.943740399385561,0.8524731304805538
18,pure_top_p,0.7,0.95,0,5,1.0,0.7100131545600633,21.0,0.5827501799911261,0.4031464552156853,1.7527617308778332,2.3915151515151516,0.8435451808887902
18,pure_top_p,1.5,0.6,0,5,1.0,0.8702776505605788,14.8,0.43504073480144145,1.161736380516238,50.80587961176376,271.93841673032847,0.7202020890342211
18,pure_top_p,1.5,0.9,0,5,1.0,0.9676314593335054,15.2,0.8748431128449738,3.554596953456983,2172.147670783371,13895.084935897434,0.4842052842266499
18,pure_top_p,1.5,0.95,0,5,1.0,0.948137069008577,22.2,0.9598037090152503,3.7669099430871626,2059.6072368798937,22548.686849593498,0.48432288329347467
19,pure_top_k,0.3,1.0,1,5,0.2,0.0,1.0,0.046546376403421116,0.0,1.0,1.0,1.0
19,pure_top_k,0.3,1.0,5,5,0.2,0.0,1.0,0.0466159901581704,0.0031361700384877006,1.0031423177469594,5.0,0.9996427595615389
19,pure_top_k,0.3,1.0,10,5,0.2,0.0,1.0,0.04639749135822056,0.0031361700384877006,1.0031423177469594,10.5,0.9996427595615389
19,pure_top_k,0.3,1.0,30,5,0.2,0.0,1.0,0.04639012152329079,0.0031361700384877006,1.0031423177469594,30.0,0.9996427595615389
19,pure_top_k,0.7,1.0,1,5,0.2,0.0,1.0,0.04623396079987284,0.0,1.0,1.0,1.0
19,pure_top_k,0.7,1.0,5,5,0.2,0.0,1.0,0.046339324209839064,0.1401666365563869,1.1507917473292029,5.0,0.9687059223651886
19,pure_top_k,0.7,1.0,10,5,0.4,0.4,5.0,0.14944353327155108,0.16925595207236296,1.221676177613431,10.425,0.9518764796356359
19,pure_top_k,0.7,1.0,30,5,0.4,0.0,1.0,0.051080717425793364,0.1308610642251248,1.1407841083176002,30.0,0.9707898259162903
19,pure_top_k,1.5,1.0,1,5,0.2,0.0,1.0,0.0464494932442903,0.0,1.0,1.0,1.0
19,pure_top_k,1.5,1.0,5,5,0.4,0.4,1.0,0.05110539905726906,0.6222508311271667,1.9194392680631467,5.0,0.7835860272248586
19,pure_top_k,1.5,1.0,10,5,0.4,0.0,1.0,0.05103655708953736,0.538696057597796,1.726388148781174,10.466666666666667,0.8259351293245952
19,pure_top_k,1.5,1.0,30,5,0.4,0.0,1.0,0.05104775531217452,0.5698292687535286,1.7817663021446317,30.0,0.8230798403422039
19,pure_top_p,0.3,0.6,0,5,0.2,0.0,1.0,0.04679636284708974,0.0,1.0,1.0,1.0
19,pure_top_p,0.3,0.9,0,5,0.2,0.0,1.0,0.04663684535771606,0.0,1.0,1.0,1.0
19,pure_top_p,0.3,0.95,0,5,0.2,0.0,1.0,0.04671225324273106,0.0,1.0,1.0,1.0
19,pure_top_p,0.7,0.6,0,5,0.2,0.0,1.0,0.04647825462743634,0.0,1.0,1.0,1.0
19,pure_top_p,0.7,0.9,0,5,0.2,0.0,1.0,0.0465292065404355,0.0,1.0,1.0,1.0
19,pure_top_p,0.7,0.95,0,5,0.2,0.0,1.0,0.04644204890355462,0.0,1.0,1.0,1.0
19,pure_top_p,1.5,0.6,0,5,0.2,0.0,1.0,0.04666732726618642,0.0,1.0,1.0,1.0
19,pure_top_p,1.5,0.9,0,5,0.2,0.0,1.0,0.046593098156154124,0.5590123534202576,1.7551124441143202,88.5,0.8176616728305817
19,pure_top_p,1.5,0.95,0,5,0.6,0.4,5.4,0.1681082312949001,0.9453561826988504,4.838735611143941,5928.833333333333,0.7846971770127614
20,pure_top_k,0.3,1.0,1,5,0.2,0.0,11.0,0.30223686480894685,0.0,1.0,1.0,1.0
20,pure_top_k,0.3,1.0,5,5,0.8,0.3690225396378647,13.6,0.37666457435116174,0.14294534842758294,1.1890605836659662,5.024080267558529,0.9405430839003402
20,pure_top_k,0.3,1.0,10,5,0.6,0.41500000000000004,12.4,0.34990863502025604,0.13833834224541824,1.1825331465206876,10.187412587412586,0.9459941304647005
20,pure_top_k,0.3,1.0,30,5,0.8,0.48987100103199177,12.4,0.3628501821309328,0.13956910024806918,1.1836890328185365,30.331468531468534,0.9458556113960025
20,pure_top_k,0.7,1.0,1,5,0.2,0.0,11.0,0.31388705745339396,0.0,1.0,1.0,1.0
20,pure_top_k,0.7,1.0,5,5,1.0,0.6363079914640714,18.0,0.5097927029244602,0.2770374733846106,1.4434580509429134,5.039071933758841,0.8924904952294618
20,pure_top_k,0.7,1.0,10,5,1.0,0.6268589586032042,13.0,0.36955286795273423,0.30955158195665355,1.4881148886883597,10.255844385499557,0.8794816409965589
20,pure_top_k,0.7,1.0,30,5,1.0,0.6317708739943395,18.6,0.5360045701265335,0.327800954333329,1.5232005088643503,30.295754245754246,0.8708344441806618
20,pure_top_k,1.5,1.0,1,5,0.2,0.0,11.0,0.3118970458395779,0.0,1.0,1.0,1.0
20,pure_top_k,1.5,1.0,5,5,1.0,0.7310493904335142,19.4,0.5530230905860662,0.5197049339450425,1.8828707566000786,5.090849950964367,0.803291571263469
20,pure_top_k,1.5,1.0,10,5,1.0,0.8027397504456328,17.8,0.5031228566542267,0.7273183491597965,2.446555232581867,10.209526657552974,0.7495468338900116
20,pure_top_k,1.5,1.0,30,5,1.0,0.7882145315775411,23.0,0.7004832952283323,0.7393270699836324,2.7152910958704486,30.178760612772244,0.769388555502261
20,pure_top_p,0.3,0.6,0,5,0.4,0.1,11.0,0.30424999417737125,0.0532849522737356,1.0768549687723863,1.0769230769230769,0.962682971587548
20,pure_top_p,0.3,0.9,0,5,0.4,0.15,11.0,0.30464068315923215,0.1068284465716435,1.140897827174437,1.2307692307692308,0.9456480466402495
20,pure_top_p,0.3,0.95,0,5,0.8,0.4836429308565532,12.6,0.35131925260648134,0.11480972385127404,1.15003927202875,1.3023411371237457,0.9502131774274002
20,pure_top_p,0.7,0.6,0,5,0.4,0.1,11.0,0.31685789553448557,0.05331275554803701,1.0769105607498528,1.0769230769230769,0.9620290627846352
20,pure_top_p,0.7,0.9,0,5,1.0,0.5740226865310994,14.6,0.4155219650827348,0.25903327565853995,1.3686218506131518,1.5792429792429792,0.8888980465239511
20,pure_top_p,0.7,0.95,0,5,1.0,0.48596033562166285,16.4,0.47203190391883254,0.2489790836893595,1.3716148011223122,1.5865384615384615,0.8894428898919469
20,pure_top_p,1.5,0.6,0,5,1.0,0.6381147062898335,23.0,0.6732848037034274,0.29333649214284263,1.6148396569767645,6.219106434362601,0.8594283171127135
20,pure_top_p,1.5,0.9,0,5,1.0,0.684848459813977,20.8,0.6709033572115004,0.7254579281862834,28.75912187851514,1329.520065297022,0.7996414835042189
20,pure_top_p,1.5,0.95,0,5,1.0,0.7504703399769814,17.2,0.5295469633303582,0.954172568616868,16.708231419049977,2736.854557298607,0.7342752594827736
21,pure_top_k,0.3,1.0,1,5,0.2,0.0,14.0,0.5511003081686795,0.0,1.0,1.0,1.0
21,pure_top_k,0.3,1.0,5,5,1.0,0.49123599439775917,14.2,0.5486012466251851,0.217909090186828,1.3077689107297865,5.062980529937052,0.9041657172515825
21,pure_top_k,0.3,1.0,10,5,0.8,0.40841269841269845,13.8,0.5243804226629436,0.1995244310622043,1.278298158474787,10.1630717108978,0.916462083546518
21,pure_top_k,0.3,1.0,30,5,0.8,0.46643963732419513,18.0,0.6292928053997457,0.17325462184522075,1.2438670800313205,30.56892606692046,0.9277004549667416
21,pure_top_k,0.7,1.0,1,5,0.2,0.0,14.0,0.5365680518560112,0.0,1.0,1.0,1.0
21,pure_top_k,0.7,1.0,5,5,1.0,0.5241777520724888,17.2,0.6104050518013537,0.3226674894087056,1.5125453197762269,5.115757575757575,0.8672448244781205
21,pure_top_k,0.7,1.0,10,5,1.0,0.6886939558571438,23.6,0.7385867798700929,0.34917283214819683,1.5986471937278803,10.150686541358667,0.8612441256948639
21,pure_top_k,0.7,1.0,30,5,1.0,0.6839566262744794,17.8,0.6109265636652708,0.4134498004801682,1.748027405527577,30.396104497354496,0.8345903025670026
21,pure_top_k,1.5,1.0,1,5,0.2,0.0,14.0,0.5355217994190753,0.0,1.0,1.0,1.0
21,pure_top_k,1.5,1.0,5,5,1.0,0.6979137726242989,22.0,0.7152618386782705,0.5834841338744241,2.1124471752075897,5.059123315908028,0.7619244016451139
21,pure_top_k,1.5,1.0,10,5,1.0,0.7694222541189806,22.8,0.7215206363238394,0.7643787878477426,2.7981926027992965,10.133169521381229,0.7318149221557851
21,pure_top_k,1.5,1.0,30,5,1.0,0.8624765137023027,16.2,0.6820798861794174,0.8878066528657158,3.8368510411248047,30.439949874686715,0.7311757544443218
21,pure_top_p,0.3,0.6,0,5,0.2,0.0,14.0,0.5402940597385169,0.0,1.0,1.0,1.0
21,pure_top_p,0.3,0.9,0,5,0.4,0.05714285714285716,13.6,0.5262602189555764,0.13355570173781844,1.178722986366309,1.2486956521739132,0.9388715330414149
21,pure_top_p,0.3,0.95,0,5,1.0,0.5142190065681446,17.0,0.592052701395005,0.19192684045119313,1.274330012201308,1.4100621118012422,0.9105892568419438
21,pure_top_p,0.7,0.6,0,5,1.0,0.49908226448474124,14.6,0.55734320608899,0.15054290086329977,1.2140651495232626,1.2261629674673151,0.9102631343942991
21,pure_top_p,0.7,0.9,0,5,1.0,0.6683633952249698,17.4,0.6167070141062141,0.2788462722193666,1.4465613121932355,1.6255530129672007,0.867069395270186
21,pure_top_p,0.7,0.95,0,5,1.0,0.6322289180353696,20.2,0.6853797232732177,0.26578797236826146,1.4144090657577029,1.786506414159867,0.8835593875444019
21,pure_top_p,1.5,0.6,0,5,1.0,0.6596210568153292,17.6,0.6128481474705041,0.4652218189867329,2.286340087501462,3.4444567627494456,0.7949201814764223
21,pure_top_p,1.5,0.9,0,5,1.0,0.8501618671183889,11.8,0.6689074074849486,1.1287461591161019,12.837487453212972,645.7579672667758,0.7069495732818902
21,pure_top_p,1.5,0.95,0,5,1.0,0.8230351935609808,20.8,0.734424733929336,1.5964580885762143,114.78114599067763,4685.922623380204,0.659894699656831
22,pure_top_k,0.3,1.0,1,5,0.2,0.0,31.0,1.117027668748051,0.0,1.0,1.0,1.0
22,pure_top_k,0.3,1.0,5,5,1.0,0.5662384498136557,33.2,1.1160529656335711,0.13578579918579076,1.212925035432611,4.941666666666666,0.9465048427383105
22,pure_top_k,0.3,1.0,10,5,1.0,0.5918676035845484,32.2,1.0664849981665612,0.1322922738717126,1.1966635386216982,10.082777777777777,0.9446855586104922
22,pure_top_k,0.3,1.0,30,5,1.0,0.5730401576743039,32.4,1.0997868167236446,0.13587495084448897,1.2004912093011677,30.01842789598109,0.941793992107395
22,pure_top_k,0.7,1.0,1,5,0.2,0.0,31.0,1.116921503469348,0.0,1.0,1.0,1.0
22,pure_top_k,0.7,1.0,5,5,1.0,0.49941429765167716,35.2,1.1163035399280488,0.27203938047244464,1.4276641275368471,4.970833333333333,0.8903330861280363
22,pure_top_k,0.7,1.0,10,5,1.0,0.6120692914274428,32.4,1.1163321735337377,0.28695333921067623,1.4697912878954178,9.991666666666665,0.8872697170823812
22,pure_top_k,0.7,1.0,30,5,1.0,0.6322990806819296,32.8,1.1112279864959418,0.2803198480896248,1.4850595890000295,29.880496453900708,0.8954638498128518
22,pure_top_k,1.5,1.0,1,5,0.2,0.0,31.0,1.1144496402703226,0.0,1.0,1.0,1.0
22,pure_top_k,1.5,1.0,5,5,1.0,0.7643788710748438,29.6,0.9986973429098726,0.5913828990947303,2.063635786440896,5.021759013038083,0.7809539666270309
22,pure_top_k,1.5,1.0,10,5,1.0,0.724461403241891,28.6,1.0894620154984296,0.6978492089702426,2.61542521275779,10.020833333333332,0.7608791365101935
22,pure_top_k,1.5,1.0,30,5,1.0,0.7529457843743559,30.0,1.1035660710185766,0.8635007067587545,3.6693523065747002,29.944166666666668,0.7429402961043847
22,pure_top_p,0.3,0.6,0,5,0.6,0.41538461538461535,32.4,1.1468428668566049,0.03667360025834522,1.0523088076043174,1.0545212765957448,0.978236816590982
22,pure_top_p,0.3,0.9,0,5,0.8,0.29823127530364374,34.0,1.1161143681965768,0.08245659643348222,1.1184675555044092,1.163563829787234,0.9615441577892143
22,pure_top_p,0.3,0.95,0,5,1.0,0.4922885184422685,30.8,1.0513559179380536,0.1161976033945878,1.1741054133542004,1.2566666666666668,0.9467495162039995
22,pure_top_p,0.7,0.6,0,5,0.8,0.49732932300326393,32.4,1.1202996679581703,0.09787666996320085,1.1511862621946136,1.1583333333333334,0.9431779752175012
22,pure_top_p,0.7,0.9,0,5,1.0,0.5566024476318594,32.6,1.1258673084899784,0.22430695084234076,1.344236951400107,1.5541666666666667,0.90163819330434
22,pure_top_p,0.7,0.95,0,5,1.0,0.6456454918771992,33.2,1.0975172306410967,0.32666852512837263,1.6156843568431671,2.6137596899224804,0.8678444260428118
22,pure_top_p,1.5,0.6,0,5,1.0,0.5541127817243587,32.8,1.121302094310522,0.6405901213486989,20.477870835560473,91.1,0.805142176275452
22,pure_top_p,1.5,0.9,0,5,1.0,0.7208834055029707,28.6,1.121024755947292,1.3137546819324295,154.13245585554316,2759.804166666667,0.731386869524916
22,pure_top_p,1.5,0.95,0,5,1.0,0.7027480668730762,31.8,1.1229958111420273,2.0489335122207804,1110.0105077735855,10008.295833333334,0.6679340044764104
23,pure_top_k,0.3,1.0,1,5,0.2,0.0,3.0,0.17025667997077104,0.0,1.0,1.0,1.0
23,pure_top_k,0.3,1.0,5,5,0.2,0.0,3.0,0.16604527523741125,0.0847953584577364,1.0924561584976678,5.0,0.9812754818371363
23,pure_top_k,0.3,1.0,10,5,0.2,0.0,3.0,0.16981763690710064,0.0850899230156634,1.092808888312525,10.428571428571429,0.98124646289008
23,pure_top_k,0.3,1.0,30,5,0.2,0.0,3.0,0.1639856682159006,0.0851006284356125,1.0928217205405126,31.0,0.9812457646642411
23,pure_top_k,0.7,1.0,1,5,0.2,0.0,3.0,0.1628964021801948,0.0,1.0,1.0,1.0
23,pure_top_k,0.7,1.0,5,5,0.8,0.7941176470588236,4.8,0.2424351928755641,0.33026379937802874,1.507539458103289,5.025,0.8831151935422703
23,pure_top_k,0.7,1.0,10,5,1.0,0.8700000000000001,9.2,0.34388846531510353,0.41220024551974177,1.658672962478103,10.356428571428571,0.8589862875498477
23,pure_top_k,0.7,1.0,30,5,0.8,0.8882352941176471,5.8,0.28850968610495326,0.44444187825967096,2.0516067611591087,30.786071428571425,0.8454545868401017
23,pure_top_k,1.5,1.0,1,5,0.2,0.0,3.0,0.16215029712766402,0.0,1.0,1.0,1.0
23,pure_top_k,1.5,1.0,5,5,1.0,0.9400000000000001,3.8,0.18988971123471857,0.7754932394392589,2.5491730600917597,5.064285714285714,0.6954628585349946
23,pure_top_k,1.5,1.0,10,5,1.0,0.7922549019607843,8.6,0.40366710536181927,0.8052042470948519,2.9780686125293014,10.292948717948718,0.7299357884079218
23,pure_top_k,1.5,1.0,30,5,1.0,1.0,3.4,0.2225209173746407,1.5882806617928895,8.239313664926419,30.502575757575755,0.5642396871734298
23,pure_top_p,0.3,0.6,0,5,0.2,0.0,3.0,0.1640164078213274,0.0,1.0,1.0,1.0
23,pure_top_p,0.3,0.9,0,5,0.2,0.0,3.0,0.16648296397179357,0.0,1.0,1.0,1.0
23,pure_top_p,0.3,0.95,0,5,0.2,0.0,3.0,0.1634364945814013,0.0289185856069837,1.0320534996333732,1.1428571428571428,0.9926663041114809
23,pure_top_p,0.7,0.6,0,5,0.2,0.0,3.0,0.16331560909748072,0.0,1.0,1.0,1.0
23,pure_top_p,0.7,0.9,0,5,1.0,0.8,3.8,0.1960996478796005,0.37426511803198426,1.6339930425757807,2.063690476190476,0.8526477207917544
23,pure_top_p,0.7,0.95,0,5,0.8,0.8100000000000002,5.4,0.2477085041813552,0.4460968815736354,1.850567394024098,2.734920634920635,0.8333213257292906
23,pure_top_p,1.5,0.6,0,5,1.0,0.9288544891640867,8.6,0.37883927021175623,2.081201449654478,75.22505202469836,591.814304029304,0.5724311325887401
23,pure_top_p,1.5,0.9,0,5,1.0,0.9666666666666668,5.6,0.26147584514692424,3.3529466252124793,640.2535106528543,11221.774912280702,0.5255407411583335
23,pure_top_p,1.5,0.95,0,5,1.0,0.9956521739130434,10.4,0.8044075340032577,4.63316277374203,3550.632557692491,31606.260833333334,0.43141432997770607
24,pure_top_k,0.3,1.0,1,5,0.2,0.0,37.0,1.11592661626637,0.0,1.0,1.0,1.0
24,pure_top_k,0.3,1.0,5,5,1.0,0.7669019419429881,22.4,0.7736679176799953,0.13194178661584124,1.1806785780186781,5.057956928441837,0.9491347209120843
24,pure_top_k,0.3,1.0,10,5,1.0,0.6782678336645679,22.6,0.7724813581444323,0.14222424635322942,1.2030774559579949,10.116369429320427,0.9475647768122363
24,pure_top_k,0.3,1.0,30,5,1.0,0.6664709254709255,22.8,0.7486247297376394,0.19853584930921314,1.2904630914787787,30.43985600687729,0.9259690869512933
24,pure_top_k,0.7,1.0,1,5,0.2,0.0,37.0,1.122533992677927,0.0,1.0,1.0,1.0
24,pure_top_k,0.7,1.0,5,5,1.0,0.7799462488857445,16.0,0.543977608717978,0.2871245574082965,1.4697942206293817,5.090838779956426,0.8897810649579647
24,pure_top_k,0.7,1.0,10,5,1.0,0.846586567112215,16.2,0.5661737677641213,0.3520529978373003,1.6261434674356263,10.087927350427352,0.8815804904087996
24,pure_top_k,0.7,1.0,30,5,1.0,0.7671681881264425,17.8,0.6228913920931518,0.3442083164997348,1.645849824989936,30.47611779448622,0.8772466266096982
24,pure_top_k,1.5,1.0,1,5,0.2,0.0,37.0,1.1160655555315315,0.0,1.0,1.0,1.0
24,pure_top_k,1.5,1.0,5,5,1.0,0.797115168625466,18.2,0.5890530943870544,0.6827605438052832,2.2798969862354665,5.078858381384697,0.746291251575372
24,pure_top_k,1.5,1.0,10,5,1.0,0.798628364389234,10.0,0.3755187931470573,0.6801797152407849,2.425197189507876,10.18103929318763,0.7859576536576793
24,pure_top_k,1.5,1.0,30,5,1.0,0.8632856565014517,14.6,0.49430273529142144,0.8989766726138699,3.9548850938262605,30.542391952503174,0.74898388092049
24,pure_top_p,0.3,0.6,0,5,0.6,0.44339421252371924,27.0,0.8788039810024202,0.0376857206622759,1.0540667595257178,1.0551666666666668,0.9762749378946092
24,pure_top_p,0.3,0.9,0,5,1.0,0.721920866626749,25.4,0.8725369689054787,0.11436333276321906,1.169121979341931,1.237905491698595,0.9447054178276282
24,pure_top_p,0.3,0.95,0,5,1.0,0.6868004403340948,23.4,0.7247590576298535,0.1315941563282066,1.180576622438259,1.3934294871794872,0.9470354177376142
24,pure_top_p,0.7,0.6,0,5,1.0,0.7463189624027181,21.8,0.7240318699739874,0.1080900544177722,1.1626181769673654,1.1917446633825945,0.9436765820086901
24,pure_top_p,0.7,0.9,0,5,0.6,0.46416289592760174,7.4,0.336767802760005,0.19052551454967914,1.3199616298693877,1.422222222222222,0.909926058186425
24,pure_top_p,0.7,0.95,0,5,1.0,0.7846056219228058,18.6,0.6417951134964823,0.32441585624505553,1.6756878747811896,2.385842105263158,0.8732895472044486
24,pure_top_p,1.5,0.6,0,5,1.0,0.9454545454545455,10.6,0.428008225467056,2.3487562331142784,281.6888960197636,1037.1219893625466,0.6020583397834296
24,pure_top_p,1.5,0.9,0,5,1.0,0.9896296296296295,8.6,0.45131950406357646,2.7425437290627803,335.1224411837927,8116.408945868946,0.5499366614599854
24,pure_top_p,1.5,0.95,0,5,1.0,0.9891304347826086,11.8,0.41558332480490207,3.531730584912002,425.91087409120445,20357.5225,0.503935388630877
25,pure_top_k,0.3,1.0,1,5,0.2,0.0,5.0,0.20895537668839098,0.0,1.0,1.0,1.0
25,pure_top_k,0.3,1.0,5,5,0.6,0.33333333333333337,4.8,0.1995015324093401,0.13510936652501052,1.172395504125374,5.2063492063492065,0.9569667233361138
25,pure_top_k,0.3,1.0,10,5,0.4,0.20000000000000004,5.0,0.20888543324545025,0.11576064780957071,1.1456104477944258,10.11111111111111,0.9625972972975836
25,pure_top_k,0.3,1.0,30,5,0.4,0.13333333333333336,5.0,0.20908328955993052,0.11557923325655468,1.1454302212194005,30.644444444444446,0.962621788183848
25,pure_top_k,0.7,1.0,1,5,0.2,0.0,5.0,0.2091872950084507,0.0,1.0,1.0,1.0
25,pure_top_k,0.7,1.0,5,5,1.0,0.6314285714285715,4.2,0.18748582638800138,0.4659863614084615,1.7991556039452714,5.209126984126984,0.8288553420513395
25,pure_top_k,0.7,1.0,10,5,0.8,0.3961904761904762,5.6,0.24369523506611585,0.37091303484500276,1.6253044590030192,10.100233100233101,0.8807710679260999
25,pure_top_k,0.7,1.0,30,5,1.0,0.5016666666666667,5.0,0.2128988613374531,0.39880577501593895,1.744346879983442,30.57191697191697,0.8675771544486175
25,pure_top_k,1.5,1.0,1,5,0.2,0.0,5.0,0.20914583532139655,0.0,1.0,1.0,1.0
25,pure_top_k,1.5,1.0,5,5,1.0,0.6914285714285715,4.6,0.2041663317009806,0.6546616618422726,2.2889764797497554,5.162460317460317,0.7504517746042637
25,pure_top_k,1.5,1.0,10,5,1.0,0.8099999999999999,4.2,0.18123308056965465,0.7885388088741964,3.0431263111807465,10.219047619047618,0.7408307268979057
25,pure_top_k,1.5,1.0,30,5,1.0,0.9294011544011545,5.0,0.20966000379994507,1.1771544865149028,5.511833659532266,30.622222222222224,0.6357376240193844
25,pure_top_p,0.3,0.6,0,5,0.2,0.0,5.0,0.21094445651397103,0.0,1.0,1.0,1.0
25,pure_top_p,0.3,0.9,0,5,0.4,0.13333333333333336,5.0,0.21115466086193915,0.0589226881663004,1.0777165768211527,1.1111111111111112,0.9752555423312718
25,pure_top_p,0.3,0.95,0,5,0.2,0.0,5.0,0.21052108313888307,0.0887599289417266,1.1119440186302725,1.2222222222222223,0.966826856136322
25,pure_top_p,0.7,0.6,0,5,0.4,0.2,5.0,0.2107406797818839,0.0731689665052625,1.1035480343591613,1.1111111111111112,0.9589794013235304
25,pure_top_p,0.7,0.9,0,5,1.0,0.5865079365079364,4.6,0.1870350699871778,0.3459168282174874,1.5847369300771446,1.9674603174603178,0.8663922267300743
25,pure_top_p,0.7,0.95,0,5,1.0,0.6744841269841271,5.6,0.2426025670953095,0.3067237264229955,1.5201344112279618,2.066880341880342,0.8911602803848238
25,pure_top_p,1.5,0.6,0,5,1.0,0.7719047619047619,4.4,0.1820766703225672,0.5703487469326882,2.339003593351142,2.775,0.7561928499785682
25,pure_top_p,1.5,0.9,0,5,1.0,0.8559115884115884,4.6,0.23305670116096736,2.3592428953223155,334.1668882965508,6700.416363636364,0.5898648826789225
25,pure_top_p,1.5,0.95,0,5,1.0,0.784431216931217,8.6,0.3836661015637219,2.8498124904124253,2052.0634909119817,16700.358495670993,0.5863068632356161
26,pure_top_k,0.3,1.0,1,5,0.4,0.24999999999999994,27.4,1.1354530770331621,0.014440566301345801,1.0208333334126938,1.0208333333333333,0.9895833333333334
26,pure_top_k,0.3,1.0,5,5,1.0,0.39046620512137753,28.2,1.1250004255212844,0.12166554885073341,1.165922073289958,4.970833333333333,0.9449455333252749
26,pure_top_k,0.3,1.0,10,5,0.8,0.2652718360071301,26.8,1.0822992240078748,0.10830885990950945,1.1484937544591234,9.978525641025639,0.9545475577887818
26,pure_top_k,0.3,1.0,30,5,1.0,0.43702222230030907,27.2,1.1230514612980187,0.0807993049174877,1.1046714714948598,29.76666666666667,0.9699439704418182
26,pure_top_k,0.7,1.0,1,5,0.4,0.24999999999999994,27.4,1.1281569534912705,0.014440566301345801,1.0208333334126938,1.0208333333333333,0.9895833333333334
26,pure_top_k,0.7,1.0,5,5,1.0,0.6694295771569854,21.6,0.8155760097317397,0.2392146906279562,1.3648719302600376,5.04748817966903,0.9014550271283298
26,pure_top_k,0.7,1.0,10,5,1.0,0.6488296225978489,21.2,0.8032431123778224,0.23695252345115186,1.3704909218347487,9.966666666666667,0.9060949207976078
26,pure_top_k,0.7,1.0,30,5,1.0,0.5925997445201381,22.0,0.9051316020078957,0.21202613345689664,1.3336573333314221,29.99362466124661,0.9145074626513194
26,pure_top_k,1.5,1.0,1,5,0.4,0.24999999999999994,27.6,1.1168125542812049,0.014440566301345801,1.0208333334126938,1.0208333333333333,0.9895833333333334
26,pure_top_k,1.5,1.0,5,5,1.0,0.7318496058146389,20.6,0.8241753298789263,0.4165846858890889,1.7011186934594313,5.022211476466795,0.8365359345541068
26,pure_top_k,1.5,1.0,10,5,1.0,0.7208792120730504,23.0,0.8604459867812693,0.5231254265263463,2.007138064021449,9.957666666666665,0.8159577893962464
26,pure_top_k,1.5,1.0,30,5,1.0,0.7158299282298428,13.8,0.4554117257706821,0.6167974833798635,2.3252648080149174,30.19445632798574,0.7960763136482069
26,pure_top_p,0.3,0.6,0,5,0.4,0.16666666666666666,27.8,1.1383411577902733,0.014440566301345801,1.0208333334126938,1.0208333333333333,0.9895833333333334
26,pure_top_p,0.3,0.9,0,5,0.8,0.37988506986372267,24.8,1.0894183597527445,0.06681400255271878,1.0892855032311304,1.1295454545454544,0.9680701407293479
26,pure_top_p,0.3,0.95,0,5,1.0,0.3861877328542905,27.4,1.1231710309162737,0.09566736020147795,1.1313576218439239,1.2147222222222223,0.9554094801677598
26,pure_top_p,0.7,0.6,0,5,0.6,0.24155679513184586,26.2,1.1334050550125538,0.0456775095396571,1.0650446426653306,1.0683333333333334,0.9715377993881702
26,pure_top_p,0.7,0.9,0,5,0.8,0.6122480250344027,23.0,0.8726582461036742,0.18153987322323467,1.2709362108747835,1.3560916919959474,0.9141055131197096
26,pure_top_p,0.7,0.95,0,5,1.0,0.57842754833488,23.2,0.9551271628588438,0.16371037258492177,1.2501388362497747,1.3955109606705351,0.9277296979525526
26,pure_top_p,1.5,0.6,0,5,1.0,0.47771046080936375,26.6,1.1120814451016485,0.13811958033753474,1.211231724678783,1.2264492753623188,0.9207337148919486
26,pure_top_p,1.5,0.9,0,5,1.0,0.6414542833446955,17.0,0.5779035245999694,0.7926205416833482,317.7070904017998,1861.8768115942032,0.7889768943971295
26,pure_top_p,1.5,0.95,0,5,1.0,0.6579021281854474,22.2,0.8359938328154385,0.55399490946067,118.74068324113595,1441.5826604554866,0.8232330146635156
27,pure_top_k,0.3,1.0,1,5,0.2,0.0,5.0,0.18948929514735938,0.0,1.0,1.0,1.0
27,pure_top_k,0.3,1.0,5,5,0.4,0.34285714285714286,4.6,0.17236777730286118,0.2184398583694656,1.3532029532765204,5.0,0.9128973543643951
27,pure_top_k,0.3,1.0,10,5,0.6,0.4428571428571429,4.6,0.17291543101891876,0.23448093918530563,1.3778579635990298,10.275,0.9069819808006285
27,pure_top_k,0.3,1.0,30,5,0.6,0.6271428571428572,6.4,0.208003930747509,0.22609421353608067,1.3734435660975102,30.825,0.9088557753711939
27,pure_top_k,0.7,1.0,1,5,0.2,0.0,5.0,0.18996880361810323,0.0,1.0,1.0,1.0
27,pure_top_k,0.7,1.0,5,5,0.8,0.8444444444444444,5.6,0.2133758975192904,0.4742630666350595,1.8218566385836907,5.0,0.8204965069038526
27,pure_top_k,0.7,1.0,10,5,0.8,0.8061904761904761,4.8,0.1701936536468565,0.5750289387488705,2.067233729436441,10.057142857142855,0.7797013446156468
27,pure_top_k,0.7,1.0,30,5,1.0,0.8314285714285715,3.4,0.1450169761665165,0.6107259338500283,2.210527033930131,31.185714285714283,0.7737434299928801
27,pure_top_k,1.5,1.0,1,5,0.2,0.0,5.0,0.19416866488754744,0.0,1.0,1.0,1.0
27,pure_top_k,1.5,1.0,5,5,1.0,0.8514285714285714,3.4,0.1273707984015345,0.9275474781597344,2.8415867391043044,5.0,0.5810611605644226
27,pure_top_k,1.5,1.0,10,5,1.0,0.8931372549019608,5.6,0.19604844078421588,0.9312718683003913,3.1580496229127837,10.145,0.6642428091168403
27,pure_top_k,1.5,1.0,30,5,1.0,0.9176062091503268,7.4,0.31122011262923477,1.0705343787735433,5.243671161511599,30.676891606845164,0.679529706690152
27,pure_top_p,0.3,0.6,0,5,0.2,0.0,5.0,0.18766973484307528,0.0,1.0,1.0,1.0
27,pure_top_p,0.3,0.9,0,5,0.6,0.6271428571428572,6.4,0.20608271341770887,0.15566813349723815,1.2392134840506146,1.275,0.9232787381857633
27,pure_top_p,0.3,0.95,0,5,0.4,0.5142857142857145,4.2,0.15650676582008596,0.26393178403377526,1.45190877763207,1.65,0.8832010149955749
27,pure_top_p,0.7,0.6,0,5,0.4,0.34285714285714286,4.6,0.16768062580376858,0.15602143406867972,1.2437552837962644,1.25,0.9079673394560814
27,pure_top_p,0.7,0.9,0,5,0.6,0.7,3.2,0.14901530891656872,0.35825647520167486,1.6119413404196528,1.857142857142857,0.8380151105778557
27,pure_top_p,0.7,0.95,0,5,0.8,0.5,4.6,0.18454586360603567,0.3581348046660423,1.5648799835010414,2.025,0.8559623452169554
27,pure_top_p,1.5,0.6,0,5,1.0,0.888250466853408,7.8,0.25624638982117176,0.5717656539893952,2.162077711419418,2.3951680672268907,0.7369422908841061
27,pure_top_p,1.5,0.9,0,5,1.0,0.7580413460588419,16.8,0.553285809326917,1.2609287463267398,203.91530348392567,3466.440191511387,0.7259520326062312
27,pure_top_p,1.5,0.95,0,5,1.0,0.944033126293996,12.2,0.42466305987909436,2.1739691447231158,358.146564515981,12963.934926406928,0.6394149602339382
28,pure_top_k,0.3,1.0,1,5,0.2,0.0,18.0,0.9171793879941106,0.0,1.0,1.0,1.0
28,pure_top_k,0.3,1.0,5,5,0.6,0.3864229249011858,17.0,0.8386963816359639,0.055131782999979076,1.0715871200658873,5.10968660968661,0.9776717677839801
28,pure_top_k,0.3,1.0,10,5,0.6,0.29444976076555024,16.0,0.8187520186416805,0.05285657111413248,1.069668518429946,10.114778053487731,0.977563963120129
28,pure_top_k,0.3,1.0,30,5,0.8,0.49347149989598504,15.4,0.7716674351133406,0.06343835638178466,1.086862284522342,30.463155303477883,0.9728833497116417
28,pure_top_k,0.7,1.0,1,5,0.2,0.0,18.0,0.9044713448733092,0.0,1.0,1.0,1.0
28,pure_top_k,0.7,1.0,5,5,1.0,0.6787912122526472,16.8,0.7487439936958253,0.157911749552717,1.2305406505169778,5.081066873324938,0.93287846215154
28,pure_top_k,0.7,1.0,10,5,0.6,0.49632575757575753,17.8,0.7999253204092384,0.12610820684024665,1.178294495686234,10.126086956521739,0.9470656651805565
28,pure_top_k,0.7,1.0,30,5,1.0,0.5850270588806059,14.6,0.7023228729143739,0.14850284793330065,1.2297525880422584,30.55625089605735,0.939187467489405
28,pure_top_k,1.5,1.0,1,5,0.2,0.0,18.0,0.9042702115140855,0.0,1.0,1.0,1.0
28,pure_top_k,1.5,1.0,5,5,1.0,0.8790950986789078,18.2,0.7925021687522531,0.3838584114401807,1.6736684804727175,5.032140912626394,0.8590801218596015
28,pure_top_k,1.5,1.0,10,5,1.0,0.7344291014665827,17.2,0.8083359177224338,0.4366031524000423,1.8598442510008872,10.051926406926407,0.8569437696401454
28,pure_top_k,1.5,1.0,30,5,1.0,0.7308657646701125,15.8,0.6918331976979971,0.6154492194779071,2.9720294172614343,30.61533751493429,0.8231712081677264
28,pure_top_p,0.3,0.6,0,5,0.2,0.0,18.0,0.9666258363984526,0.0,1.0,1.0,1.0
28,pure_top_p,0.3,0.9,0,5,0.6,0.2897428229665072,19.6,0.9373583759181201,0.04873355844137434,1.0636985179436658,1.1017266335814724,0.9793007384637498
28,pure_top_p,0.3,0.95,0,5,0.4,0.24545454545454543,17.6,0.890527134295553,0.04519486419665502,1.0588515023076221,1.094871794871795,0.9812792853921906
28,pure_top_p,0.7,0.6,0,5,0.4,0.2782608695652174,17.2,0.8541464736685157,0.024019681694161098,1.0343994540305022,1.0353276353276353,0.9851327118370946
28,pure_top_p,0.7,0.9,0,5,1.0,0.5613783325103826,16.0,0.752314075641334,0.08480251974602844,1.1171900334418436,1.1615674226679917,0.9592204575707605
28,pure_top_p,0.7,0.95,0,5,1.0,0.7009667251702687,21.0,0.8913088201545178,0.13293008603170134,1.2127916137970827,1.4592731829573935,0.9433751139797082
28,pure_top_p,1.5,0.6,0,5,1.0,0.8326405734861506,14.4,0.6159574469551444,1.3104656064985403,112.06383646543448,485.6231963955224,0.7478178330024473
28,pure_top_p,1.5,0.9,0,5,1.0,0.97579332947754,14.2,0.8224411965347826,3.7303969676473825,2244.7024770608496,15781.850947153594,0.5133815950170584
28,pure_top_p,1.5,0.95,0,5,1.0,0.9705746635988571,13.0,1.0501288637518882,4.392414363445912,3707.9414106304234,30282.538430851062,0.45622312874138576
29,pure_top_k,0.3,1.0,1,5,0.2,0.0,37.0,1.1303520066663624,0.0,1.0,1.0,1.0
29,pure_top_k,0.3,1.0,5,5,0.6,0.2702229654403568,36.0,1.1284410142339767,0.09777326126060731,1.1298317026184292,5.008333333333333,0.9656099102149408
29,pure_top_k,0.3,1.0,10,5,1.0,0.5396010502197227,34.0,1.1145269551314414,0.11319079245813819,1.1614329258877067,9.916666666666666,0.9588879704475403
29,pure_top_k,0.3,1.0,30,5,0.8,0.45823425104091997,34.0,1.1164786922745407,0.10645477142970194,1.1491920947161762,29.883333333333333,0.9621730197221041
29,pure_top_k,0.7,1.0,1,5,0.2,0.0,37.0,1.1126502492465078,0.0,1.0,1.0,1.0
29,pure_top_k,0.7,1.0,5,5,1.0,0.677298322703792,33.8,1.061529766395688,0.2881982926164984,1.4622486752427144,5.033599290780141,0.8941328686144617
29,pure_top_k,0.7,1.0,10,5,1.0,0.7009076088886899,31.6,1.065970035456121,0.31762008555403726,1.5754666035459262,10.029715762273902,0.8792848676404595
29,pure_top_k,0.7,1.0,30,5,1.0,0.8265891112726915,31.2,1.120473310071975,0.2900652924244071,1.506191441239369,30.056782945736437,0.8979587738378466
29,pure_top_k,1.5,1.0,1,5,0.2,0.0,37.0,1.1268799444660544,0.0,1.0,1.0,1.0
29,pure_top_k,1.5,1.0,5,5,1.0,0.6913724601891497,28.6,0.9829223363660275,0.4802788849907502,1.8532878982566092,5.019285714285714,0.8210337627040488
29,pure_top_k,1.5,1.0,10,5,1.0,0.7793483021744073,36.2,1.1139655407518148,0.703790726231018,2.4877162360483953,9.970833333333333,0.7537802817299962
29,pure_top_k,1.5,1.0,30,5,1.0,0.8016884010743552,31.2,0.9982954233884811,0.8853987120830183,3.481032521269328,30.014166666666664,0.7359834685673317
29,pure_top_p,0.3,0.6,0,5,0.2,0.0,37.0,1.1241166827268898,0.0,1.0,1.0,1.0
29,pure_top_p,0.3,0.9,0,5,0.8,0.4319884372969809,36.2,1.122762774862349,0.0635545228918393,1.0854329673631207,1.1375,0.9717461283008259
29,pure_top_p,0.3,0.95,0,5,0.6,0.4774789241268566,35.2,1.1693056359887124,0.0725194755941629,1.099548227854777,1.1916666666666669,0.9733862549066543
29,pure_top_p,0.7,0.6,0,5,1.0,0.4178184128184128,33.4,1.1200394556857645,0.07817108258604998,1.1125689803017047,1.125,0.9571343824267388
29,pure_top_p,0.7,0.9,0,5,1.0,0.7611967056174869,33.0,1.0732571182772517,0.22160084439735658,1.3785292599698025,1.5916666666666666,0.9056858115028916
29,pure_top_p,0.7,0.95,0,5,1.0,0.721032238289458,33.2,1.0504417019896208,0.3010480924219053,1.5422362766827469,2.5227150537634406,0.8851066562076731
29,pure_top_p,1.5,0.6,0,5,1.0,0.8460575351377002,29.8,1.0105065920390188,1.0061096559340754,100.0609380607759,401.44916666666666,0.7803362779267545
29,pure_top_p,1.5,0.9,0,5,1.0,0.8918699210146579,23.8,1.0111648784950376,2.072852599422908,660.640661684813,6420.47272774327,0.6418853068990849
29,pure_top_p,1.5,0.95,0,5,1.0,0.955324074074074,25.0,0.9365216159261763,4.479938891046196,3323.8349232210517,28400.200341191066,0.41789630689471224
30,pure_top_k,0.3,1.0,1,5,0.2,0.0,7.0,0.3018330067396164,0.0,1.0,1.0,1.0
30,pure_top_k,0.3,1.0,5,5,0.4,0.13333333333333336,7.6,0.32988732783123853,0.09809375494165244,1.1265070926571146,5.082591093117409,0.965755413370094
30,pure_top_k,0.3,1.0,10,5,0.6,0.2863636363636364,8.2,0.40570630580186845,0.09412315909110525,1.1237267856952304,10.201256456791848,0.9656091061630979
30,pure_top_k,0.3,1.0,30,5,0.2,0.0,7.0,0.3017442436888814,0.0872934667138847,1.1098985907647032,30.923076923076923,0.973515680203071
30,pure_top_k,0.7,1.0,1,5,0.2,0.0,7.0,0.30178568307310344,0.0,1.0,1.0,1.0
30,pure_top_k,0.7,1.0,5,5,1.0,0.37288655788655795,8.4,0.42620416488498447,0.22181421920114602,1.3421988962369347,5.055769230769231,0.9224803262250327
30,pure_top_k,0.7,1.0,10,5,0.6,0.20865384615384616,8.6,0.37012475775554776,0.30753519826663583,1.54656153262308,10.206404122193595,0.8970833829035424
30,pure_top_k,0.7,1.0,30,5,1.0,0.41033244533244534,8.6,0.41328408746048806,0.25371519633670075,1.4616727879661544,30.715003023541925,0.9195408323551906
30,pure_top_k,1.5,1.0,1,5,0.2,0.0,7.0,0.30191910974681374,0.0,1.0,1.0,1.0
30,pure_top_k,1.5,1.0,5,5,1.0,0.5750507172565996,10.0,0.42241455633193253,0.5916910438159975,2.0648742762475747,5.032051282051282,0.7906741256897266
30,pure_top_k,1.5,1.0,10,5,1.0,0.6789875320757675,14.0,0.5538847142830491,0.7264207165249361,2.6147441488052556,10.089372469635627,0.7705855905823661
30,pure_top_k,1.5,1.0,30,5,1.0,0.6648164335664335,8.4,0.4001398101449013,0.8614537282524857,3.433438167310373,30.663810102940538,0.7660952191210091
30,pure_top_p,0.3,0.6,0,5,0.2,0.0,7.0,0.30384264783933757,0.0,1.0,1.0,1.0
30,pure_top_p,0.3,0.9,0,5,0.4,0.13333333333333336,7.6,0.3327783329412341,0.07380109301462826,1.0942098127768798,1.1651821862348175,0.9702336017419453
30,pure_top_p,0.3,0.95,0,5,0.4,0.1,7.0,0.3046489397995174,0.06692896324854625,1.082524222890261,1.169230769230769,0.9768254078351536
30,pure_top_p,0.7,0.6,0,5,0.6,0.28363636363636363,8.0,0.43095948174595833,0.07765851498941315,1.1084018122354402,1.1227674624226345,0.9583441961797121
30,pure_top_p,0.7,0.9,0,5,0.8,0.41068598068598067,8.8,0.3701533771120012,0.1949347058289191,1.3709372146312553,1.7403361344537813,0.9260343583967506
30,pure_top_p,0.7,0.95,0,5,0.8,0.40311022311022315,8.4,0.4106184201315045,0.20684203888135685,1.3831187166359338,1.9861980524219613,0.923735211202007
30,pure_top_p,1.5,0.6,0,5,1.0,0.9700757575757576,9.2,0.46175672272220253,2.283413687803042,119.39961775922202,826.4930769230768,0.6019645641388324
30,pure_top_p,1.5,0.9,0,5,1.0,1.0,9.0,0.9575995662249625,5.737746131047606,4270.218757516332,26607.81666666667,0.31684845416457386
30,pure_top_p,1.5,0.95,0,5,1.0,1.0,12.4,0.7649170033633709,5.439592301682402,5321.324094058566,37278.31929487179,0.35967638700888255
31,pure_top_k,0.3,1.0,1,5,0.2,0.0,1.0,0.04642373826354736,0.0,1.0,1.0,1.0
31,pure_top_k,0.3,1.0,5,5,0.2,0.0,1.0,0.04633630048483606,0.00129228644073,1.0012939578846545,5.0,0.9998649060726166
31,pure_top_k,0.3,1.0,10,5,0.2,0.0,1.0,0.04636087855324146,0.0012922866735607,1.0012939581180875,10.5,0.9998649060726166
31,pure_top_k,0.3,1.0,30,5,0.2,0.0,1.0,0.04640650823712344,0.0012922866735607,1.0012939581180875,30.5,0.9998649060726166
31,pure_top_k,0.7,1.0,1,5,0.2,0.0,1.0,0.046602398809045514,0.0,1.0,1.0,1.0
31,pure_top_k,0.7,1.0,5,5,0.4,0.4,1.2,0.05099759222939606,0.1328955099874425,1.1611111346805354,5.0,0.9546146670977274
31,pure_top_k,0.7,1.0,10,5,0.2,0.0,1.0,0.04647861942648884,0.0942312750800056,1.1036959070299317,10.5,0.9807582199573515
31,pure_top_k,0.7,1.0,30,5,0.2,0.0,1.0,0.0462587394751608,0.0942563152618021,1.1037261397986735,30.5,0.9807567298412325
31,pure_top_k,1.5,1.0,1,5,0.2,0.0,1.0,0.04632081687450404,0.0,1.0,1.0,1.0
31,pure_top_k,1.5,1.0,5,5,0.4,0.6,1.4,0.05558156277984379,0.44829165659224,1.6827532060518706,5.0,0.8275502979755401
31,pure_top_k,1.5,1.0,10,5,0.2,0.0,1.0,0.050957592576742136,0.4574662508442998,1.7298376803903495,10.466666666666667,0.862674919764201
31,pure_top_k,1.5,1.0,30,5,0.6,0.7,1.2,0.0557327732443809,0.5112811193491023,1.8263616972705332,30.5,0.8364702522754669
31,pure_top_p,0.3,0.6,0,5,0.2,0.0,1.0,0.04689011843875046,0.0,1.0,1.0,1.0
31,pure_top_p,0.3,0.9,0,5,0.2,0.0,1.0,0.04676193362101906,0.0,1.0,1.0,1.0
31,pure_top_p,0.3,0.95,0,5,0.2,0.0,1.0,0.046754195541143385,0.0,1.0,1.0,1.0
31,pure_top_p,0.7,0.6,0,5,0.2,0.0,1.0,0.0465517250820994,0.0,1.0,1.0,1.0
31,pure_top_p,0.7,0.9,0,5,0.2,0.0,1.0,0.04649364547803994,0.0,1.0,1.0,1.0
31,pure_top_p,0.7,0.95,0,5,0.2,0.0,1.0,0.0465671931393444,0.0,1.0,1.0,1.0
31,pure_top_p,1.5,0.6,0,5,0.2,0.0,1.0,0.046516367234289605,0.0,1.0,1.0,1.0
31,pure_top_p,1.5,0.9,0,5,0.2,0.0,1.0,0.04647631393745538,0.3548997640609741,1.5167917707342342,2.0,0.8806941509246826
31,pure_top_p,1.5,0.95,0,5,0.4,0.4,1.2,0.055810364987701123,0.4454681098461151,1.6579688825524337,140.63333333333335,0.8447635213534037
32,pure_top_k,0.3,1.0,1,5,0.2,0.0,10.0,0.441482899710536,0.0,1.0,1.0,1.0
32,pure_top_k,0.3,1.0,5,5,1.0,0.4,8.4,0.3811026900075376,0.1203197123296111,1.197162230352954,5.135219298245614,0.9576800262013027
32,pure_top_k,0.3,1.0,10,5,0.4,0.24761904761904763,12.2,0.5356183907017111,0.14035641627694712,1.2533431924907068,10.157085020242913,0.95678754213207
32,pure_top_k,0.3,1.0,30,5,0.8,0.4505465838509316,12.4,0.5486806720495224,0.14787477409039,1.2687283124966873,30.510099160945845,0.9527893016540212
32,pure_top_k,0.7,1.0,1,5,0.2,0.0,10.0,0.4420138978399336,0.0,1.0,1.0,1.0
32,pure_top_k,0.7,1.0,5,5,1.0,0.5841046208693268,9.8,0.4275416641496122,0.28275889385007175,1.50189241265435,5.120071010860484,0.8956826242121091
32,pure_top_k,0.7,1.0,10,5,1.0,0.711820945938593,18.2,0.7472832229919731,0.3353240933935516,1.7028593608160172,10.062769905533063,0.8901949480462029
32,pure_top_k,0.7,1.0,30,5,1.0,0.6742693744164333,13.0,0.5762637791223824,0.4320340993177548,2.1042098871433605,30.430238095238092,0.86482116167744
32,pure_top_k,1.5,1.0,1,5,0.2,0.0,10.0,0.4485016020014882,0.0,1.0,1.0,1.0
32,pure_top_k,1.5,1.0,5,5,1.0,0.8048649516696249,13.8,0.6266989190131426,0.5526597653688873,2.056307772678563,5.112268416483003,0.8011553516223253
32,pure_top_k,1.5,1.0,10,5,1.0,0.8170812297021974,13.0,0.5658829409629107,0.720316236455701,2.8189027186851177,10.128954819690113,0.7735352585704742
32,pure_top_k,1.5,1.0,30,5,1.0,0.8306704853553291,14.6,0.6484298926778138,1.0504909541634309,5.555308563451438,30.392785547785547,0.7222169436701077
32,pure_top_p,0.3,0.6,0,5,0.2,0.0,10.0,0.4442611739970744,0.025492912844607703,1.0327970812387943,1.0526315789473684,0.9900672341647901
32,pure_top_p,0.3,0.9,0,5,0.4,0.22857142857142856,10.0,0.43851519366726277,0.09226560320770524,1.1647096440643891,1.2660818713450293,0.9669426110752843
32,pure_top_p,0.3,0.95,0,5,0.6,0.35,10.4,0.4662829850800335,0.10702612729449015,1.1970701069964398,1.3688995215311004,0.9643484443853916
32,pure_top_p,0.7,0.6,0,5,1.0,0.41142857142857137,9.6,0.4198926707729697,0.11930183923732463,1.2259977255494416,1.2451461988304093,0.9417186637336051
32,pure_top_p,0.7,0.9,0,5,1.0,0.6010333809637216,11.6,0.5087878916412591,0.3006783010061909,1.8093113475527474,2.6727884434406173,0.8865582370353344
32,pure_top_p,0.7,0.95,0,5,1.0,0.7172392992284633,15.2,0.6777303476817906,0.3353064702078496,1.802121177150081,3.2476243696333653,0.8896458328571516
32,pure_top_p,1.5,0.6,0,5,1.0,0.8505300866841787,12.2,0.7425420857965946,2.778525435841746,350.25341107424913,1502.1228174603175,0.572933233775834
32,pure_top_p,1.5,0.9,0,5,1.0,0.9564888779784415,11.2,0.8159326309338212,5.297612474903916,3819.3574213048937,23552.90827922078,0.37930899029999965
32,pure_top_p,1.5,0.95,0,5,1.0,0.9280208456669383,17.4,1.1223924751393497,4.838891488717249,4550.948772034621,33640.48333333333,0.4292190395567255
33,pure_top_k,0.3,1.0,1,5,0.2,0.0,8.0,0.3489744847640395,0.0,1.0,1.0,1.0
33,pure_top_k,0.3,1.0,5,5,0.2,0.0,8.0,0.34927612245082856,0.0220802938253042,1.023344173667423,5.0,0.9958736936251322
33,pure_top_k,0.3,1.0,10,5,0.2,0.0,8.0,0.350051916949451,0.0220886063916194,1.023353157407205,10.133333333333333,0.9958731015523273
33,pure_top_k,0.3,1.0,30,5,0.2,0.0,8.0,0.34927119472995394,0.0220887043589941,1.0233532607890308,30.53333333333334,0.9958731015523273
33,pure_top_k,0.7,1.0,1,5,0.2,0.0,8.0,0.34973963163793087,0.0,1.0,1.0,1.0
33,pure_top_k,0.7,1.0,5,5,0.8,0.43424242424242426,9.6,0.4594606247730553,0.16354380615757655,1.2265621016928272,5.029047619047619,0.9494328564518973
33,pure_top_k,0.7,1.0,10,5,1.0,0.42388167388167386,8.0,0.3788086594082415,0.1961748150270647,1.285699189829608,10.289089743589743,0.9249841896058658
33,pure_top_k,0.7,1.0,30,5,0.6,0.30888888888888894,8.4,0.38550155591219665,0.1702087000372992,1.2466474875323226,30.708717948717947,0.9422834175977952
33,pure_top_k,1.5,1.0,1,5,0.2,0.0,8.0,0.34870278295129536,0.0,1.0,1.0,1.0
33,pure_top_k,1.5,1.0,5,5,1.0,0.4374902874902875,9.6,0.4561974647454917,0.3623796144547603,1.6024436200068117,5.05754761904762,0.8645999196987777
33,pure_top_k,1.5,1.0,10,5,1.0,0.60973673256568,12.2,0.5622876352630556,0.48640980008327617,1.9802470111441792,10.265783557731538,0.8366239134064747
33,pure_top_k,1.5,1.0,30,5,1.0,0.5848064353946707,10.4,0.46030058711767197,0.6221764906765473,2.7209052808729894,30.715507640507646,0.8210758566194496
33,pure_top_p,0.3,0.6,0,5,0.2,0.0,8.0,0.35109761552885177,0.0,1.0,1.0,1.0
33,pure_top_p,0.3,0.9,0,5,0.2,0.0,8.0,0.35352756343781944,0.0,1.0,1.0,1.0
33,pure_top_p,0.3,0.95,0,5,0.2,0.0,8.0,0.35193842332810166,0.0,1.0,1.0,1.0
33,pure_top_p,0.7,0.6,0,5,0.2,0.0,8.0,0.35061706844717266,0.0,1.0,1.0,1.0
33,pure_top_p,0.7,0.9,0,5,0.4,0.24999999999999994,9.6,0.4435190664604306,0.11647777819633479,1.1599048557049854,1.3359999999999999,0.957899827003479
33,pure_top_p,0.7,0.95,0,5,0.4,0.04444444444444447,8.2,0.36002949783578514,0.1432468213403926,1.1952820756586546,1.4674509803921567,0.9520800128170087
33,pure_top_p,1.5,0.6,0,5,1.0,0.667330728095434,12.0,0.558544122800231,1.0566746219878842,95.9958546021629,465.16881320949443,0.79937493707347
33,pure_top_p,1.5,0.9,0,5,1.0,0.7645859078155126,13.2,0.7281379432417452,3.1204513692299143,2062.9137048027505,14602.196892230577,0.6146404377777592
33,pure_top_p,1.5,0.95,0,5,1.0,0.8368859608052958,14.4,0.6636748843826353,2.9881337583748,2420.741557347984,19566.613333333335,0.6019805796258152
34,pure_top_k,0.3,1.0,1,5,0.2,0.0,1.0,0.09268053323030467,0.0,1.0,1.0,1.0
34,pure_top_k,0.3,1.0,5,5,0.2,0.0,1.0,0.09285372626036402,0.1871325808374036,1.2784725678670164,5.25,0.9179075062274931
34,pure_top_k,0.3,1.0,10,5,0.4,0.4,1.2,0.08824343411251898,0.1996816034860644,1.297192882241776,10.0,0.9124305884043376
34,pure_top_k,0.3,1.0,30,5,0.6,0.6888888888888889,4.6,0.1626979613676667,0.1615662536581867,1.2344019350804778,30.666666666666668,0.9296532928943634
34,pure_top_k,0.7,1.0,1,5,0.2,0.0,1.0,0.09277494829148052,0.0,1.0,1.0,1.0
34,pure_top_k,0.7,1.0,5,5,0.6,0.7,2.4,0.11111156707629558,0.27763546369944214,1.4899024143184267,5.194444444444445,0.869607035153442
34,pure_top_k,0.7,1.0,10,5,0.8,0.7444444444444445,5.2,0.16707502529025073,0.2780127361088674,1.486296159791587,10.062626262626262,0.8745300678442222
34,pure_top_k,0.7,1.0,30,5,0.4,0.6,1.4,0.0834441811777651,0.34621553238285985,1.6758696856220578,30.73333333333333,0.8534928267200789
34,pure_top_k,1.5,1.0,1,5,0.2,0.0,1.0,0.09233172750100488,0.0,1.0,1.0,1.0
34,pure_top_k,1.5,1.0,5,5,0.4,0.4,1.2,0.08774944972246883,0.4205843431722164,1.8517936396076693,5.2,0.8217309951782227
34,pure_top_k,1.5,1.0,10,5,0.8,0.8857142857142858,7.6,0.2772341494448483,0.6121868616610244,2.5159435884934287,10.052222222222222,0.7806478465596836
34,pure_top_k,1.5,1.0,30,5,0.8,0.8433333333333334,4.0,0.20871184235438706,0.6108579826743279,3.237127573742137,30.49888888888889,0.8287177126937444
34,pure_top_p,0.3,0.6,0,5,0.2,0.0,1.0,0.09354402646422383,0.0,1.0,1.0,1.0
34,pure_top_p,0.3,0.9,0,5,0.4,0.4,2.2,0.11692390637472265,0.1483652406268649,1.2041578916128814,1.2444444444444445,0.9274982545110915
34,pure_top_p,0.3,0.95,0,5,0.4,0.6,3.4,0.14030380202457304,0.14339674280749426,1.1966709336282413,1.238888888888889,0.9307315564817852
34,pure_top_p,0.7,0.6,0,5,0.4,0.6,3.4,0.1404323694296181,0.1317271424664391,1.1883891307102281,1.1944444444444444,0.9199567006693947
34,pure_top_p,0.7,0.9,0,5,0.6,0.7,2.4,0.11216569952666755,0.2517607781622145,1.4263634565359418,1.5,0.8730502612060971
34,pure_top_p,0.7,0.95,0,5,0.8,0.7212121212121212,5.0,0.17273602131754157,0.22688224050733777,1.3648023311809028,1.4686868686868686,0.8865586524057869
34,pure_top_p,1.5,0.6,0,5,1.0,0.8928104575163399,6.4,0.22835628148168324,1.2076270807120535,50.14008157568277,401.1638888888889,0.7293270897534159
34,pure_top_p,1.5,0.9,0,5,0.8,0.9,1.8,0.10724157178774471,1.2142892718315124,27.619474141191766,2647.335,0.7925506556779146
34,pure_top_p,1.5,0.95,0,5,0.8,0.9,6.0,0.3677905099466443,2.933445530084845,1684.824488144368,18942.837628205125,0.6117256657317734
35,pure_top_k,0.3,1.0,1,5,0.2,0.0,11.0,0.42004189295694233,0.0,1.0,1.0,1.0
35,pure_top_k,0.3,1.0,5,5,0.4,0.06666666666666665,11.0,0.4184211891144514,0.02120323044590002,1.0232509049815552,5.111111111111111,0.9952950669659508
35,pure_top_k,0.3,1.0,10,5,0.2,0.0,11.0,0.4187962002120912,0.0220436325533601,1.0241260863845656,10.166666666666666,0.9951313667827183
35,pure_top_k,0.3,1.0,30,5,0.2,0.0,11.0,0.4189607692882419,0.0220436387621773,1.0241260931040994,30.27777777777778,0.99513136015998
35,pure_top_k,0.7,1.0,1,5,0.2,0.0,11.0,0.4177293858490884,0.0,1.0,1.0,1.0
35,pure_top_k,0.7,1.0,5,5,0.6,0.39388825324180016,14.2,0.48882319405674934,0.11210424793707312,1.1622037612438847,5.114051282051282,0.9595107354689869
35,pure_top_k,0.7,1.0,10,5,0.6,0.36666666666666664,12.8,0.455817143432796,0.10005394811011495,1.1412760743687043,10.126495726495728,0.9621834962286501
35,pure_top_k,0.7,1.0,30,5,0.6,0.34292307692307694,13.6,0.48472311440855265,0.09996362942815885,1.1407753987220877,30.28472222222222,0.964554244528214
35,pure_top_k,1.5,1.0,1,5,0.2,0.0,11.0,0.4181224131025374,0.0,1.0,1.0,1.0
35,pure_top_k,1.5,1.0,5,5,1.0,0.6379936041882469,23.8,0.7292992644011974,0.3232797272012589,1.5805687504920987,5.091751592282902,0.8707568802392748
35,pure_top_k,1.5,1.0,10,5,0.8,0.48334013007926047,16.8,0.5632015540264547,0.29123693547019724,1.585219870906918,10.172133095662506,0.8924765996754488
35,pure_top_k,1.5,1.0,30,5,1.0,0.5452332804071934,20.0,0.6265433911234141,0.3540060970519125,1.7348437299688473,30.233505378720896,0.8743885576801202
35,pure_top_p,0.3,0.6,0,5,0.2,0.0,11.0,0.42293446585536004,0.0,1.0,1.0,1.0
35,pure_top_p,0.3,0.9,0,5,0.2,0.0,11.0,0.42174979019910097,0.0,1.0,1.0,1.0
35,pure_top_p,0.3,0.95,0,5,0.2,0.0,11.0,0.42161672161892055,0.0112460603316624,1.0124651809334066,1.0555555555555556,0.9971480237113104
35,pure_top_p,0.7,0.6,0,5,0.2,0.0,11.0,0.4209648283198476,0.0,1.0,1.0,1.0
35,pure_top_p,0.7,0.9,0,5,0.8,0.47366316841579215,15.4,0.5282899155281484,0.09052114559934026,1.1256827887695944,1.1914771241830064,0.9606765011899612
35,pure_top_p,0.7,0.95,0,5,0.8,0.3985507246376811,16.2,0.5610180381685496,0.10222322603668825,1.1452884872269435,1.274747474747475,0.9597345433451914
35,pure_top_p,1.5,0.6,0,5,1.0,0.5663733609385784,17.4,0.5665930573828518,0.09771106941210295,1.1533848618390123,1.174087542087542,0.9470980917596658
35,pure_top_p,1.5,0.9,0,5,0.8,0.4982542819499341,14.0,0.5002603434957564,0.1726577047693763,1.2818804612037475,1.5683760683760686,0.9316659595721808
35,pure_top_p,1.5,0.95,0,5,1.0,0.4526506826506826,12.0,0.42984117874875666,0.2220156009836213,1.4084454740413839,3.202556398903647,0.9108858382994995
36,pure_top_k,0.3,1.0,1,5,0.2,0.0,12.0,0.32540821228176353,0.0,1.0,1.0,1.0
36,pure_top_k,0.3,1.0,5,5,0.6,0.3159210526315789,12.0,0.3308627298101783,0.10752097348160997,1.1371620191685587,5.185434173669468,0.9629661753314549
36,pure_top_k,0.3,1.0,10,5,0.4,0.13333333333333336,12.4,0.3394594484940171,0.09972434560431445,1.1225220518487455,10.011764705882353,0.9730451815268573
36,pure_top_k,0.3,1.0,30,5,0.2,0.0,12.0,0.3252502229064703,0.0891482190115132,1.1051783323607782,30.071428571428573,0.9772451221942902
36,pure_top_k,0.7,1.0,1,5,0.2,0.0,12.0,0.32522840164601796,0.0,1.0,1.0,1.0
36,pure_top_k,0.7,1.0,5,5,1.0,0.6420194126423528,19.8,0.641208162996918,0.2221991502656616,1.3413653674143373,5.117857142857144,0.9142959162592887
36,pure_top_k,0.7,1.0,10,5,0.8,0.544733893557423,11.8,0.36705362722277635,0.24152576861062083,1.3877845621055873,10.02,0.9082318129213084
36,pure_top_k,0.7,1.0,30,5,1.0,0.6274258923169995,14.6,0.39532095501199366,0.29990866277275174,1.5153328522820906,30.26132625994695,0.8909728974541344
36,pure_top_k,1.5,1.0,1,5,0.2,0.0,12.0,0.32517102984711527,0.0,1.0,1.0,1.0
36,pure_top_k,1.5,1.0,5,5,1.0,0.5777642636001769,12.8,0.3481787580996752,0.4507238895611684,1.807227090726211,5.190100250626566,0.827829164732481
36,pure_top_k,1.5,1.0,10,5,1.0,0.6586756282520658,15.6,0.4413578577339649,0.6108212863819088,2.2394893115962167,10.098291763209305,0.7830632431529396
36,pure_top_k,1.5,1.0,30,5,1.0,0.7482203391819129,19.6,0.6048509510233998,0.6234982548529556,2.2426483602127654,30.156460746460745,0.7890186686759175
36,pure_top_p,0.3,0.6,0,5,0.2,0.0,12.0,0.3271969171240926,0.0,1.0,1.0,1.0
36,pure_top_p,0.3,0.9,0,5,0.2,0.0,12.0,0.32826695321127775,0.0191810833556311,1.0220033554487196,1.0714285714285714,0.9945815588746753
36,pure_top_p,0.3,0.95,0,5,0.8,0.23916208791208793,13.0,0.3600222506560385,0.08590309627973283,1.1074341759586752,1.2801120448179273,0.9733245056494721
36,pure_top_p,0.7,0.6,0,5,0.4,0.3,12.0,0.3311425459571183,0.04921262968154174,1.0671110861521744,1.0838095238095238,0.9759463152431307
36,pure_top_p,0.7,0.9,0,5,1.0,0.521424265245001,16.6,0.5043129579164087,0.20231333548856095,1.3081792708795692,1.4646816418875244,0.9162523742038753
36,pure_top_p,0.7,0.95,0,5,1.0,0.6593982530824636,15.4,0.4858322379179299,0.2420537014961952,1.3822618197345857,1.677032967032967,0.9084547329977865
36,pure_top_p,1.5,0.6,0,5,0.6,0.27697478991596636,12.2,0.331470541562885,0.17506413237079155,1.276586028580041,1.305753070458953,0.9100848797296969
36,pure_top_p,1.5,0.9,0,5,1.0,0.6412666894091044,16.6,0.5085847803391517,0.414061791789444,1.7654108474114327,4.7215686274509805,0.826679672278902
36,pure_top_p,1.5,0.95,0,5,1.0,0.5710818713450292,13.2,0.3594652832485735,0.4298690732704157,1.8678661398441065,162.32254901960783,0.8371512691346871
37,pure_top_k,0.3,1.0,1,5,0.2,0.0,11.0,0.3033714244142175,0.0,1.0,1.0,1.0
37,pure_top_k,0.3,1.0,5,5,0.2,0.0,11.0,0.3025564067065715,0.0170661096596646,1.0181793150915497,5.0,0.99630527312939
37,pure_top_k,0.3,1.0,10,5,0.2,0.0,11.0,0.3019898065365851,0.0170661189569709,1.0181793258723917,10.153846153846152,0.9963052639594444
37,pure_top_k,0.3,1.0,30,5,0.6,0.2214285714285714,11.2,0.3065056853927672,0.01524320303943324,1.0161822489954233,30.390109890109887,0.9967685907751651
37,pure_top_k,0.7,1.0,1,5,0.2,0.0,11.0,0.30284176450222733,0.0,1.0,1.0,1.0
37,pure_top_k,0.7,1.0,5,5,0.6,0.18916666666666665,11.8,0.32154611637815833,0.09432429835577265,1.1214695103108556,5.0,0.9671871103852043
37,pure_top_k,0.7,1.0,10,5,0.2,0.0,11.0,0.30282732620835306,0.0775321371291916,1.0979413916870722,10.153846153846152,0.9733806619277366
37,pure_top_k,0.7,1.0,30,5,0.8,0.2844322344322344,11.6,0.316712599620223,0.09769248244606786,1.1283214425712589,30.435238095238095,0.9659689167916993
37,pure_top_k,1.5,1.0,1,5,0.2,0.0,11.0,0.3027466648258269,0.0,1.0,1.0,1.0
37,pure_top_k,1.5,1.0,5,5,0.8,0.3037362637362637,12.0,0.3253458940424025,0.30579719662630817,1.462908367187851,5.0,0.8996827713285501
37,pure_top_k,1.5,1.0,10,5,1.0,0.5860675556327731,13.8,0.3804803604260087,0.29454853227402167,1.4478218289869846,10.14404879331195,0.9117538664117459
37,pure_top_k,1.5,1.0,30,5,1.0,0.6110836586923544,14.4,0.3941178174689412,0.3919969014178624,1.661698061232969,30.404141275391275,0.8845424222126056
37,pure_top_p,0.3,0.6,0,5,0.2,0.0,11.0,0.30479340394958854,0.0,1.0,1.0,1.0
37,pure_top_p,0.3,0.9,0,5,0.2,0.0,11.0,0.3045721457339823,0.0,1.0,1.0,1.0
37,pure_top_p,0.3,0.95,0,5,0.2,0.0,11.0,0.3055141123011708,0.0,1.0,1.0,1.0
37,pure_top_p,0.7,0.6,0,5,0.2,0.0,11.0,0.30333472695201635,0.0,1.0,1.0,1.0
37,pure_top_p,0.7,0.9,0,5,0.4,0.09999999999999998,11.0,0.30278260093182324,0.068560609450707,1.0866310799236436,1.1538461538461535,0.9745570100270784
37,pure_top_p,0.7,0.95,0,5,0.4,0.06666666666666665,11.0,0.303419703990221,0.068560609450707,1.0866310799236436,1.1538461538461535,0.9745570100270784
37,pure_top_p,1.5,0.6,0,5,0.2,0.0,11.0,0.30388968689367174,0.0492717394461998,1.0690377875645038,1.0769230769230769,0.97390432541187
37,pure_top_p,1.5,0.9,0,5,1.0,0.5256358730783284,12.6,0.45022005019709466,0.33596762406671554,1.8220851099977022,124.30092260680496,0.8899023713182252
37,pure_top_p,1.5,0.95,0,5,1.0,0.6597137741602352,18.2,0.4959230394102633,0.3773501884864265,1.7136392058613281,570.8830897173004,0.8825757669801227
38,pure_top_k,0.3,1.0,1,5,0.2,0.0,14.0,0.3708976971916854,0.0,1.0,1.0,1.0
38,pure_top_k,0.3,1.0,5,5,0.2,0.0,14.0,0.3734715954400599,0.0198752462504381,1.0231283038539234,5.125,0.9948074035346508
38,pure_top_k,0.3,1.0,10,5,0.4,0.05333333333333332,14.0,0.3727811024524271,0.0198121733364242,1.0230667415685286,10.275,0.9948141030967236
38,pure_top_k,0.3,1.0,30,5,0.2,0.0,14.0,0.37189046712592244,0.0198797714972829,1.0231344496251944,30.4375,0.9948071092367172
38,pure_top_k,0.7,1.0,1,5,0.2,0.0,14.0,0.3725319284945726,0.0,1.0,1.0,1.0
38,pure_top_k,0.7,1.0,5,5,0.2,0.0,14.0,0.37274352507665753,0.100214853889663,1.140103038752906,5.125,0.9704382196068764
38,pure_top_k,0.7,1.0,10,5,0.4,0.4,12.8,0.3439705048687756,0.14447154405126134,1.2050645362780832,10.21826923076923,0.9550376832485199
38,pure_top_k,0.7,1.0,30,5,0.6,0.3442424242424243,13.8,0.3712518222630024,0.12665693350064086,1.2104590636618935,30.3,0.9607385579496622
38,pure_top_k,1.5,1.0,1,5,0.2,0.0,14.0,0.3718752394430339,0.0,1.0,1.0,1.0
38,pure_top_k,1.5,1.0,5,5,1.0,0.7922257546375193,17.4,0.47537913816049693,0.4754615159532475,1.825290327884597,5.023611111111111,0.8269453328672357
38,pure_top_k,1.5,1.0,10,5,1.0,0.7898917097395357,14.0,0.39068129090592263,0.6420183664065428,2.372838489555372,10.187422600619195,0.7974630895188949
38,pure_top_k,1.5,1.0,30,5,1.0,0.7694443764607987,12.8,0.38202187260612847,0.8068348087060357,3.1439068221138915,30.372752410987705,0.7551936999926391
38,pure_top_p,0.3,0.6,0,5,0.2,0.0,14.0,0.37382433312013746,0.0,1.0,1.0,1.0
38,pure_top_p,0.3,0.9,0,5,0.2,0.0,14.0,0.3742537260055542,0.0,1.0,1.0,1.0
38,pure_top_p,0.3,0.95,0,5,0.2,0.0,14.0,0.3747666984796524,0.0167834479361772,1.0192529360176297,1.0625,0.9952588640153408
38,pure_top_p,0.7,0.6,0,5,0.2,0.0,14.0,0.37380223507061594,0.0,1.0,1.0,1.0
38,pure_top_p,0.7,0.9,0,5,0.4,0.07999999999999999,14.0,0.3727846465073526,0.0501201152801513,1.0768638865426787,1.125,0.9803129881620409
38,pure_top_p,0.7,0.95,0,5,0.4,0.07999999999999999,14.0,0.3724957648664713,0.05479222275316712,1.0818395150937437,1.1625,0.9792959280312064
38,pure_top_p,1.5,0.6,0,5,0.6,0.35333333333333333,14.4,0.3822534534148872,0.10681776603062945,1.1937723087853356,1.25,0.9503692492842675
38,pure_top_p,1.5,0.9,0,5,0.8,0.5717769523268245,14.6,0.3968433473259211,0.47530084724376975,3.1059661255509097,70.05357142857142,0.8709965008161122
38,pure_top_p,1.5,0.95,0,5,1.0,0.7646528773261629,16.8,0.4858056237921119,1.73184263353463,495.5075419378938,6721.1481232493,0.6906942489638361
39,pure_top_k,0.3,1.0,1,5,0.2,0.0,8.0,0.2563213572837412,0.0,1.0,1.0,1.0
39,pure_top_k,0.3,1.0,5,5,0.2,0.0,8.0,0.2566218923777342,0.0362668398480227,1.040504606221852,5.090909090909091,0.9910596229813315
39,pure_top_k,0.3,1.0,10,5,0.4,0.2,8.4,0.26474164118990295,0.039402075114520464,1.044170771270298,10.16083916083916,0.9901540549485001
39,pure_top_k,0.3,1.0,30,5,0.4,0.2,8.4,0.2646740394644439,0.03940207432579038,1.0441707699738552,30.425174825174828,0.9901540567824891
39,pure_top_k,0.7,1.0,1,5,0.2,0.0,8.0,0.2557776047848165,0.0,1.0,1.0,1.0
39,pure_top_k,0.7,1.0,5,5,0.6,0.50359477124183,13.2,0.4058062409982085,0.22256683114968867,1.3219392991108334,5.0838137472283815,0.9257440265252204
39,pure_top_k,0.7,1.0,10,5,0.8,0.7672012882447665,11.0,0.33473758660256864,0.30459426550557767,1.5165622767040756,10.1968075402858,0.8905090371042998
39,pure_top_k,0.7,1.0,30,5,0.4,0.34285714285714286,9.6,0.2973319888114929,0.2133193915667011,1.3047739298905772,30.493636363636362,0.9326363248445771
39,pure_top_k,1.5,1.0,1,5,0.2,0.0,8.0,0.25559058617800473,0.0,1.0,1.0,1.0
39,pure_top_k,1.5,1.0,5,5,1.0,0.8727726277127144,17.4,0.5106493343599141,0.6796755974272956,2.242946392418093,5.086723506378678,0.7441460671276888
39,pure_top_k,1.5,1.0,10,5,1.0,0.8373986767972077,22.8,0.6417070922441781,0.8058672384342316,2.6509166806549804,10.10873603141045,0.7258847572341326
39,pure_top_k,1.5,1.0,30,5,1.0,0.7867005629679777,18.2,0.6467896574176848,0.9239465514398706,3.3180902154357668,30.282676972150654,0.7128241670007736
39,pure_top_p,0.3,0.6,0,5,0.2,0.0,8.0,0.2581725511699915,0.0,1.0,1.0,1.0
39,pure_top_p,0.3,0.9,0,5,0.2,0.0,8.0,0.25752254407852887,0.0,1.0,1.0,1.0
39,pure_top_p,0.3,0.95,0,5,0.2,0.0,8.0,0.25776673248037696,0.0244122879071669,1.0280042705710977,1.0909090909090908,0.9931038022041319
39,pure_top_p,0.7,0.6,0,5,0.2,0.0,8.0,0.25697131203487517,0.0,1.0,1.0,1.0
39,pure_top_p,0.7,0.9,0,5,0.6,0.3802521008403361,10.4,0.3193889999762177,0.13403168697874024,1.1873624842402317,1.306993006993007,0.9434170453698485
39,pure_top_p,0.7,0.95,0,5,0.4,0.5142857142857145,11.2,0.3407620145939291,0.15883440781723362,1.2265733864488222,1.438181818181818,0.9376506381685082
39,pure_top_p,1.5,0.6,0,5,1.0,0.7962811447811449,13.8,0.4293952393345535,0.2825075636374494,1.5396188777480107,1.7578280415236935,0.8593091032408304
39,pure_top_p,1.5,0.9,0,5,1.0,0.9199057464274857,9.2,0.45273198941722514,0.930947158656968,8.716378280839567,331.85311157311156,0.7145521211882307
39,pure_top_p,1.5,0.95,0,5,1.0,0.858547876889433,17.6,0.527367005776614,0.8629042533905084,5.725717868088962,614.0172668997669,0.746438579830951
40,pure_top_k,0.3,1.0,1,5,0.2,0.0,15.0,0.39556796681135886,0.0,1.0,1.0,1.0
40,pure_top_k,0.3,1.0,5,5,0.6,0.3733479623824451,17.8,0.47029581181705,0.13732307013305428,1.1780563781917395,5.094588235294117,0.9491760911941528
40,pure_top_k,0.3,1.0,10,5,0.8,0.48046560846560843,15.2,0.40891893645748495,0.14830330834744587,1.1980690439583366,10.164921652421652,0.9370755967251595
40,pure_top_k,0.3,1.0,30,5,0.4,0.11999999999999997,14.6,0.3867344196885824,0.11215917951124492,1.1400720231367898,30.301470588235293,0.9607501451583469
40,pure_top_k,0.7,1.0,1,5,0.2,0.0,15.0,0.3946629771031439,0.0,1.0,1.0,1.0
40,pure_top_k,0.7,1.0,5,5,0.8,0.6072273788829766,18.0,0.4692622250877321,0.3689372645322521,1.55651298779546,5.076729153199741,0.8604238258131719
40,pure_top_k,0.7,1.0,10,5,1.0,0.6518700552321242,16.6,0.44072733987122775,0.35649378297146084,1.5343775547401486,10.202827274145733,0.8696047277969114
40,pure_top_k,0.7,1.0,30,5,1.0,0.4707881222664504,15.0,0.3995696309953928,0.4120286107017555,1.7044516748933423,30.365784950343773,0.8521262715053386
40,pure_top_k,1.5,1.0,1,5,0.2,0.0,15.0,0.39479043800383806,0.0,1.0,1.0,1.0
40,pure_top_k,1.5,1.0,5,5,1.0,0.8077954206465389,21.0,0.5597638923674821,0.7320952517408453,2.335241689582964,5.063033033033032,0.7291211125966874
40,pure_top_k,1.5,1.0,10,5,1.0,0.8357077716526374,24.4,0.6795987430028617,0.9267669246277425,3.0006911509039726,10.162792207792208,0.7008468641736915
40,pure_top_k,1.5,1.0,30,5,1.0,0.8918273292466841,21.0,0.5799879890866577,0.9685160510421168,3.4874771689966466,30.2982905982906,0.7018044883926582
40,pure_top_p,0.3,0.6,0,5,0.2,0.0,15.0,0.3979093533009291,0.0,1.0,1.0,1.0
40,pure_top_p,0.3,0.9,0,5,0.4,0.27272727272727276,15.0,0.40422191908583044,0.11360135288799504,1.1638196726068046,1.2411764705882353,0.9510763640886817
40,pure_top_p,0.3,0.95,0,5,0.8,0.39398744478028364,15.4,0.41276951786130667,0.11924664805080479,1.1609667114498796,1.2399064171122995,0.9456685333806563
40,pure_top_p,0.7,0.6,0,5,0.8,0.27346988795518207,13.6,0.36503980979323386,0.12431704341960707,1.178018013367502,1.1829185520361991,0.9228293420401364
40,pure_top_p,0.7,0.9,0,5,1.0,0.4609988826887804,14.6,0.3929370779544115,0.2533731011157544,1.3810609752473124,1.5802045177045179,0.8781719308960568
40,pure_top_p,0.7,0.95,0,5,1.0,0.7077966335018097,22.0,0.5846944984048605,0.32864321977000854,1.503102406274296,1.839947599729547,0.8548895715116608
40,pure_top_p,1.5,0.6,0,5,1.0,0.6263944927322569,14.2,0.4046494198963046,0.46359692802282276,2.1087480533245464,9.471610644257703,0.8055295801492465
40,pure_top_p,1.5,0.9,0,5,1.0,0.8148129396070821,15.6,0.4421329856850207,1.0008276035693975,13.916936764163813,1002.0550116550115,0.7210212234656016
40,pure_top_p,1.5,0.95,0,5,1.0,0.8649839739617047,22.4,0.7435160597786308,1.811224490422786,446.6208149098961,5805.230086580087,0.6076659824497718
41,pure_top_k,0.3,1.0,1,5,0.2,0.0,1.0,0.06964216660708185,0.0,1.0,1.0,1.0
41,pure_top_k,0.3,1.0,5,5,0.2,0.0,1.0,0.07031829385086888,0.0307938233607103,1.0322604824509158,5.0,0.9938143491744997
41,pure_top_k,0.3,1.0,10,5,0.2,0.0,1.0,0.06991557842120523,0.0307938233761113,1.0322604824663169,11.0,0.9938143491744997
41,pure_top_k,0.3,1.0,30,5,0.2,0.0,1.0,0.06992737455293532,0.0307938233767804,1.032260482466986,30.333333333333332,0.9938143491744997
41,pure_top_k,0.7,1.0,1,5,0.2,0.0,1.0,0.06984503092244262,0.0,1.0,1.0,1.0
41,pure_top_k,0.7,1.0,5,5,0.2,0.0,1.0,0.06983908489346502,0.1541913840919733,1.1909472427363197,5.0,0.9471433957417806
41,pure_top_k,0.7,1.0,10,5,0.4,0.0,1.0,0.0652110956609249,0.1673414955226083,1.207806326273372,11.1,0.9421913405259451
41,pure_top_k,0.7,1.0,30,5,0.4,0.0,1.0,0.06528993090614672,0.16743967949878422,1.2079310608544578,30.266666666666662,0.9421853562196094
41,pure_top_k,1.5,1.0,1,5,0.2,0.0,1.0,0.06950929770246142,0.0,1.0,1.0,1.0
41,pure_top_k,1.5,1.0,5,5,0.4,0.0,1.0,0.06480593448504804,0.4724405447642008,1.6545511991880957,5.0,0.8375433385372162
41,pure_top_k,1.5,1.0,10,5,0.6,0.5793939393939395,3.4,0.1343035298399627,0.4466414464581175,1.6367218336927252,10.73939393939394,0.8641151567902228
41,pure_top_k,1.5,1.0,30,5,0.6,0.632875457875458,6.0,0.19961645500734443,0.6177177044451716,2.115549572211541,30.294117647058822,0.8294576424009661
41,pure_top_p,0.3,0.6,0,5,0.2,0.0,1.0,0.0701685026288032,0.0,1.0,1.0,1.0
41,pure_top_p,0.3,0.9,0,5,0.2,0.0,1.0,0.06998898843303317,0.0,1.0,1.0,1.0
41,pure_top_p,0.3,0.95,0,5,0.2,0.0,1.0,0.06994474260136478,0.0,1.0,1.0,1.0
41,pure_top_p,0.7,0.6,0,5,0.2,0.0,1.0,0.06999231614172455,0.0,1.0,1.0,1.0
41,pure_top_p,0.7,0.9,0,5,0.4,0.0,1.0,0.06559183057397597,0.15774970750013984,1.1971220949034957,1.3666666666666667,0.943395193417867
41,pure_top_p,0.7,0.95,0,5,0.4,0.0,1.0,0.06531313247978685,0.15774970750013984,1.1971220949034957,1.3666666666666667,0.943395193417867
41,pure_top_p,1.5,0.6,0,5,0.4,0.0,1.0,0.060614902991801445,0.3022306442260742,1.4515354721600535,2.2,0.8672646760940552
41,pure_top_p,1.5,0.9,0,5,0.6,0.3,1.4,0.09799918159842488,2.1063734859228136,176.90915483029977,10651.580000000002,0.7352471363544464
41,pure_top_p,1.5,0.95,0,5,1.0,0.9887272727272727,10.0,0.5875721475109458,4.172838735867005,3987.954875973508,32820.67147435898,0.5170179140230176
42,pure_top_k,0.3,1.0,1,5,0.2,0.0,2.0,0.09412279846146697,0.0,1.0,1.0,1.0
42,pure_top_k,0.3,1.0,5,5,0.2,0.0,2.0,0.09302581455558534,1.9438075717369165e-06,1.0000019438151226,5.0,0.9999998807907104
42,pure_top_k,0.3,1.0,10,5,0.2,0.0,2.0,0.09316425118595355,1.944774154522955e-06,1.000001944781713,10.0,0.9999998807907104
42,pure_top_k,0.3,1.0,30,5,0.2,0.0,2.0,0.0933338318020105,1.9447775652113544e-06,1.0000019447851236,30.5,0.9999998807907104
42,pure_top_k,0.7,1.0,1,5,0.2,0.0,2.0,0.09280004790052768,0.0,1.0,1.0,1.0
42,pure_top_k,0.7,1.0,5,5,0.2,0.0,2.0,0.09260554527863855,0.005874649873462,1.0059374219754071,5.0,0.9992588758468628
42,pure_top_k,0.7,1.0,10,5,0.2,0.0,2.0,0.09274411629885429,0.0061189635766609,1.0061872814848132,10.0,0.9992372989654539
42,pure_top_k,0.7,1.0,30,5,0.2,0.0,2.0,0.09274784075096244,0.0062141226397329,1.0062846733980315,30.5,0.9992307275533676
42,pure_top_k,1.5,1.0,1,5,0.2,0.0,2.0,0.09247714662924403,0.0,1.0,1.0,1.0
42,pure_top_k,1.5,1.0,5,5,0.2,0.0,2.0,0.0926826046779751,0.1684941414278,1.204970383175211,5.0,0.9652498811483385
42,pure_top_k,1.5,1.0,10,5,0.6,0.6666666666666667,2.0,0.10673035746440289,0.289144730012243,1.3996079964301533,10.073333333333334,0.9387697468201319
42,pure_top_k,1.5,1.0,30,5,0.6,0.7,2.0,0.11127621009945865,0.5598370142125835,2.77164856631956,30.5,0.8745775684714318
42,pure_top_p,0.3,0.6,0,5,0.2,0.0,2.0,0.09406163878738878,0.0,1.0,1.0,1.0
42,pure_top_p,0.3,0.9,0,5,0.2,0.0,2.0,0.09344312939792869,0.0,1.0,1.0,1.0
42,pure_top_p,0.3,0.95,0,5,0.2,0.0,2.0,0.09400703515857453,0.0,1.0,1.0,1.0
42,pure_top_p,0.7,0.6,0,5,0.2,0.0,2.0,0.09319892097264523,0.0,1.0,1.0,1.0
42,pure_top_p,0.7,0.9,0,5,0.2,0.0,2.0,0.0936032022349536,0.0,1.0,1.0,1.0
42,pure_top_p,0.7,0.95,0,5,0.2,0.0,2.0,0.09306661421433086,0.0,1.0,1.0,1.0
42,pure_top_p,1.5,0.6,0,5,0.2,0.0,2.0,0.0930003264918923,0.0,1.0,1.0,1.0
42,pure_top_p,1.5,0.9,0,5,0.4,0.4,4.8,0.2980588113889098,1.5773265223950148,961.54104917887,6999.170833333333,0.8111336098945078
42,pure_top_p,1.5,0.95,0,5,0.4,0.4,2.0,0.08372683068737383,1.0906862497329712,45.54002873103847,6945.583333333333,0.8762111604213715
43,pure_top_k,0.3,1.0,1,5,0.2,0.0,9.0,0.39507091799750926,0.0,1.0,1.0,1.0
43,pure_top_k,0.3,1.0,5,5,0.6,0.4727777777777778,7.0,0.33931118305772545,0.09748616304706119,1.1370294824751581,5.0,0.952239728733605
43,pure_top_k,0.3,1.0,10,5,0.4,0.5333333333333334,4.2,0.24156576357781886,0.10588037812362228,1.1537807931997448,10.347058823529412,0.9441200038966009
43,pure_top_k,0.3,1.0,30,5,0.4,0.5333333333333334,4.2,0.24148660022765397,0.10588037683072779,1.1537807908952675,30.34117647058823,0.9441200038966009
43,pure_top_k,0.7,1.0,1,5,0.2,0.0,9.0,0.39531894428655506,0.0,1.0,1.0,1.0
43,pure_top_k,0.7,1.0,5,5,0.8,0.7299287749287748,9.6,0.36828690497204664,0.18602894079469987,1.283917087935409,5.0,0.9185754764094657
43,pure_top_k,0.7,1.0,10,5,0.6,0.5743589743589744,5.2,0.2656215424649417,0.2028725353854194,1.320638607543323,10.350802139037432,0.9133280017796684
43,pure_top_k,0.7,1.0,30,5,0.8,0.6470370370370371,11.0,0.4155951266176999,0.1788785086677675,1.2694979867459133,30.32254901960784,0.9220402786982994
43,pure_top_k,1.5,1.0,1,5,0.2,0.0,9.0,0.39491323893889785,0.0,1.0,1.0,1.0
43,pure_top_k,1.5,1.0,5,5,1.0,0.7831730769230769,12.2,0.5208942527882755,0.4751623804662758,1.8428709246088153,4.991666666666666,0.8133190102423683
43,pure_top_k,1.5,1.0,10,5,1.0,0.7829470687472695,15.2,0.5434779142960906,0.4407802837315211,1.8686221009326065,10.142571157495258,0.8456750458652145
43,pure_top_k,1.5,1.0,30,5,1.0,0.8984722222222222,9.2,0.46211920753121377,0.4963039388166604,2.099798924880111,30.37206286782138,0.8363767896565311
43,pure_top_p,0.3,0.6,0,5,0.4,0.5333333333333334,5.8,0.2939973891712725,0.06850827488244746,1.0976753442693234,1.1019607843137256,0.9594894180110856
43,pure_top_p,0.3,0.9,0,5,0.6,0.44416666666666665,7.2,0.34136044988408687,0.08507475843470466,1.117764461511581,1.1414215686274511,0.9551115002117904
43,pure_top_p,0.3,0.95,0,5,0.6,0.5905555555555555,5.6,0.28951455438509577,0.09317768089765424,1.1299406053522212,1.1512254901960783,0.9492851764548058
43,pure_top_p,0.7,0.6,0,5,0.4,0.3555555555555555,2.6,0.1912506801076233,0.09999825393452355,1.1439482373916834,1.1450980392156864,0.9339113534665577
43,pure_top_p,0.7,0.9,0,5,0.8,0.5154972804972805,7.6,0.3536017818376421,0.14940707144783988,1.2455280772503483,1.3019607843137255,0.9224823852234026
43,pure_top_p,0.7,0.95,0,5,0.6,0.5969230769230769,5.2,0.2657555630430579,0.19269083109609583,1.3121638842748864,1.4978609625668449,0.9072416815528257
43,pure_top_p,1.5,0.6,0,5,0.8,0.7690102707749767,6.0,0.32171621900051833,0.21120648958963145,1.4331582706667227,2.249889429455993,0.8986950196928809
43,pure_top_p,1.5,0.9,0,5,1.0,0.6643811439777119,12.6,0.5076590605080128,0.5011543426011179,4.042346421639981,486.35296380090506,0.8484823491053479
43,pure_top_p,1.5,0.95,0,5,1.0,0.8464529695450749,15.4,0.7283139219507575,0.9589738162303476,77.24876148618965,3036.572927154844,0.7777968262911801
44,pure_top_k,0.3,1.0,1,5,0.2,0.0,1.0,0.04639888620004054,0.0,1.0,1.0,1.0
44,pure_top_k,0.3,1.0,5,5,0.4,0.0,1.0,0.0557853928767144,0.2926115112755861,1.417926908825589,5.0,0.8257269064585367
44,pure_top_k,0.3,1.0,10,5,0.4,0.0,1.0,0.05567848188802593,0.2926115431423406,1.4179269407022022,10.433333333333334,0.8257268905639649
44,pure_top_k,0.3,1.0,30,5,0.4,0.0,1.0,0.051082983240485144,0.3150963127947074,1.4500513526351955,30.46666666666666,0.8123232920964558
44,pure_top_k,0.7,1.0,1,5,0.2,0.0,1.0,0.04658281290903682,0.0,1.0,1.0,1.0
44,pure_top_k,0.7,1.0,5,5,0.4,0.0,1.0,0.06045213826000686,0.3210333141556475,1.4719068167231948,5.0,0.8107003688812255
44,pure_top_k,0.7,1.0,10,5,0.4,0.0,1.0,0.05618077190592881,0.3410832755519853,1.504260997827282,10.433333333333334,0.79609135389328
44,pure_top_k,0.7,1.0,30,5,0.4,0.0,1.0,0.05109221171587702,0.36003184168560737,1.5354063251087748,30.46666666666666,0.7815969030062357
44,pure_top_k,1.5,1.0,1,5,0.2,0.0,1.0,0.04638016643002626,0.0,1.0,1.0,1.0
44,pure_top_k,1.5,1.0,5,5,0.4,0.0,1.0,0.06054917378351086,0.5487033516168595,1.8720144289575118,5.0,0.7456109762191773
44,pure_top_k,1.5,1.0,10,5,0.8,0.6531139633043328,12.8,0.3679814336821436,0.6272198316593146,2.1393670552174804,10.229528985507248,0.7518045527077671
44,pure_top_k,1.5,1.0,30,5,0.6,0.38823529411764707,8.4,0.24761231252923607,0.7197403011910778,2.4874149933600673,30.404761904761905,0.7220462536527996
44,pure_top_p,0.3,0.6,0,5,0.4,0.0,1.0,0.05157753182575102,0.3144605239232381,1.4488231188420542,1.4666666666666666,0.8123651146888733
44,pure_top_p,0.3,0.9,0,5,0.4,0.0,1.0,0.051371487509459204,0.3144605239232381,1.448823118842054,1.4666666666666666,0.8123651146888733
44,pure_top_p,0.3,0.95,0,5,0.2,0.0,1.0,0.04703700346872204,0.3369219899177551,1.480881913045058,1.5,0.7989626228809357
44,pure_top_p,0.7,0.6,0,5,0.4,0.0,1.0,0.05129040796309704,0.32178751627604163,1.4633103798423492,1.4666666666666666,0.78646053870519
44,pure_top_p,0.7,0.9,0,5,0.4,0.0,1.0,0.0606640769168734,0.27581787109374994,1.3971231827220136,1.4,0.81696617603302
44,pure_top_p,0.7,0.95,0,5,0.4,0.0,1.0,0.05603127516806122,0.2988026936848958,1.4302167812821813,1.4333333333333331,0.801713357369105
44,pure_top_p,1.5,0.6,0,5,0.6,0.38571428571428573,7.2,0.21943672895431518,0.5282777889354808,2.1454766553126103,19.87207207207207,0.7715201738718394
44,pure_top_p,1.5,0.9,0,5,1.0,0.7772121685100409,18.4,0.5272042079828679,0.946556358615912,15.2703538389024,2156.3973214285716,0.7366224426598776
44,pure_top_p,1.5,0.95,0,5,0.6,0.650131118881119,5.4,0.20051982216536998,1.7850332925694459,697.6691177240607,11205.614545454546,0.6592088779208787
45,pure_top_k,0.3,1.0,1,5,0.2,0.0,23.0,0.7189480722881854,0.0,1.0,1.0,1.0
45,pure_top_k,0.3,1.0,5,5,0.6,0.5632499999999999,29.0,0.8280318102799356,0.16023915211030051,1.2355075629470378,5.07578947368421,0.9305088680864948
45,pure_top_k,0.3,1.0,10,5,1.0,0.6288657568532056,33.4,0.9912804514169693,0.1861115947412379,1.2838392539593158,10.071134056459462,0.9177002558574037
45,pure_top_k,0.3,1.0,30,5,0.8,0.4788817765133554,30.0,0.8760591466911137,0.11989054930806231,1.1662923983842914,30.110833333333336,0.9488490423063437
45,pure_top_k,0.7,1.0,1,5,0.2,0.0,23.0,0.7221949206665158,0.0,1.0,1.0,1.0
45,pure_top_k,0.7,1.0,5,5,1.0,0.6996832171386493,30.8,0.9419695886783301,0.3251965358718239,1.5173766552150973,5.017052926433731,0.8707601492210056
45,pure_top_k,0.7,1.0,10,5,1.0,0.779239593744202,29.2,0.826904422417283,0.39134176679392063,1.6565282311474874,10.005555555555556,0.8394324522051546
45,pure_top_k,0.7,1.0,30,5,1.0,0.6537455957119965,26.0,0.7588875321671367,0.306762482837682,1.5004155701043536,30.423741765480894,0.8813653321992468
45,pure_top_k,1.5,1.0,1,5,0.2,0.0,23.0,0.6968544514849782,0.0,1.0,1.0,1.0
45,pure_top_k,1.5,1.0,5,5,1.0,0.7189770185680473,34.6,0.9744131990708411,0.6808215866253372,2.2598382382340194,5.036670761670762,0.7361744828854766
45,pure_top_k,1.5,1.0,10,5,1.0,0.7256288703603415,35.2,1.0120122378692031,0.8459314825633332,2.9132706649541578,10.09201127819549,0.7050524685987478
45,pure_top_k,1.5,1.0,30,5,1.0,0.8049671948194399,30.6,0.9405022331513464,1.0115626668826565,3.9226882837247317,30.075495495495495,0.6820205928006017
45,pure_top_p,0.3,0.6,0,5,0.6,0.5203361344537816,24.8,0.7311988283880055,0.04977057002046526,1.0709916641818893,1.0740441176470588,0.969629441845943
45,pure_top_p,0.3,0.9,0,5,1.0,0.6660947965259605,32.4,0.9074005318805576,0.08823752734809026,1.1238380528908487,1.1744485614646907,0.9598139963968311
45,pure_top_p,0.3,0.95,0,5,1.0,0.7380229557558954,28.8,0.8326386745087803,0.1466788731349839,1.215757152069534,1.3279166666666666,0.9336181217680375
45,pure_top_p,0.7,0.6,0,5,1.0,0.7205482056227307,29.0,0.853040506504476,0.11808989861125063,1.176419983129674,1.1827259584493468,0.9279593650439419
45,pure_top_p,0.7,0.9,0,5,1.0,0.7040779381274832,32.6,0.9136587315239012,0.26950416807972244,1.4272406761504808,1.5970238095238096,0.8731527580923977
45,pure_top_p,0.7,0.95,0,5,1.0,0.6999490760163113,31.6,0.942748592980206,0.24243119949789885,1.3901030186900982,1.6677043673012317,0.8937852319987986
45,pure_top_p,1.5,0.6,0,5,1.0,0.6888452080160782,29.8,0.9045790025033057,0.31209266734153174,2.520039845808051,8.09013756071619,0.8560045385938185
45,pure_top_p,1.5,0.9,0,5,1.0,0.8093134787292289,31.2,1.0022318502888083,1.6225756483143101,459.1473098040491,4690.7842171717175,0.6752873034507502
45,pure_top_p,1.5,0.95,0,5,1.0,0.7796594286658529,29.6,0.9570241956971586,1.4200366405849238,58.00257512108484,3752.8218167701866,0.672480117245799
46,pure_top_k,0.3,1.0,1,5,0.2,0.0,14.0,0.3706102238968014,0.0,1.0,1.0,1.0
46,pure_top_k,0.3,1.0,5,5,0.2,0.0,14.0,0.37101154327392577,0.0031626773643968,1.0032015614140657,5.0,0.9995284043252468
46,pure_top_k,0.3,1.0,10,5,0.2,0.0,14.0,0.3791769030503928,0.0031626778303715996,1.003201561893687,10.5,0.9995284043252468
46,pure_top_k,0.3,1.0,30,5,0.2,0.0,14.0,0.37087221797555686,0.0031626779468046,1.0032015620124668,30.375,0.9995284043252468
46,pure_top_k,0.7,1.0,1,5,0.2,0.0,14.0,0.37350537059828637,0.0,1.0,1.0,1.0
46,pure_top_k,0.7,1.0,5,5,0.6,0.2106037151702786,14.0,0.37534774485975503,0.06790381713553682,1.077375390684665,5.024264705882353,0.9830492608249187
46,pure_top_k,0.7,1.0,10,5,0.2,0.0,14.0,0.3753267872147262,0.0600938550032743,1.0683651316822134,10.5,0.9853411428630352
46,pure_top_k,0.7,1.0,30,5,0.2,0.0,14.0,0.3769270692020655,0.060104751880032906,1.0683789082101225,30.375,0.9853405095636842
46,pure_top_k,1.5,1.0,1,5,0.2,0.0,14.0,0.3700019125826657,0.0,1.0,1.0,1.0
46,pure_top_k,1.5,1.0,5,5,1.0,0.4683025389643037,12.4,0.3519523815251887,0.3219332074587209,1.4753979993078408,5.057598039215686,0.8899679667468554
46,pure_top_k,1.5,1.0,10,5,1.0,0.4277068283453732,13.8,0.3848347729071975,0.35869067071276095,1.5678618311152068,10.352871148459386,0.8793400222604293
46,pure_top_k,1.5,1.0,30,5,0.8,0.20957983193277313,13.4,0.3610069310292602,0.31190303373688427,1.46380693495783,30.4,0.9079768245773657
46,pure_top_p,0.3,0.6,0,5,0.2,0.0,14.0,0.37409201664850117,0.0,1.0,1.0,1.0
46,pure_top_p,0.3,0.9,0,5,0.2,0.0,14.0,0.3740264266729355,0.0,1.0,1.0,1.0
46,pure_top_p,0.3,0.95,0,5,0.2,0.0,14.0,0.37439720397815107,0.0,1.0,1.0,1.0
46,pure_top_p,0.7,0.6,0,5,0.2,0.0,14.0,0.3726219093427062,0.0,1.0,1.0,1.0
46,pure_top_p,0.7,0.9,0,5,0.2,0.0,14.0,0.37516825683414934,0.0188164804130792,1.0219559623887309,1.0625,0.9944147542119026
46,pure_top_p,0.7,0.95,0,5,0.2,0.0,14.0,0.37468117401003836,0.0355999283492565,1.0412088984063603,1.125,0.9896736182272434
46,pure_top_p,1.5,0.6,0,5,0.2,0.0,14.0,0.371796465292573,0.0,1.0,1.0,1.0
46,pure_top_p,1.5,0.9,0,5,0.8,0.35826923076923073,14.6,0.4096012324094772,0.3214977993816137,1.546647424225816,258.79066666666665,0.8967401385406653
46,pure_top_p,1.5,0.95,0,5,0.8,0.15803571428571433,13.4,0.3768142624758184,0.4051207116428488,3.1299942449056273,1913.1930205415501,0.9046696937329072
47,pure_top_k,0.3,1.0,1,5,0.4,0.42631578947368426,25.2,0.6986456758342683,0.031656721969703525,1.0456709958449708,1.0456709956709955,0.9771645021645021
47,pure_top_k,0.3,1.0,5,5,1.0,0.5219038419471966,33.2,0.9236348811537027,0.14580786688624003,1.201957338853813,5.0195465824498084,0.9342612036957993
47,pure_top_k,0.3,1.0,10,5,1.0,0.6280035218719173,31.2,0.8727951582521201,0.16195186234967113,1.2243250892111759,10.03400502813832,0.9281727499163214
47,pure_top_k,0.3,1.0,30,5,0.8,0.5443536131190758,32.8,0.9199039883911609,0.15316050814110713,1.2210264807661397,30.191872800402212,0.9272427608569462
47,pure_top_k,0.7,1.0,1,5,0.4,0.28421052631578947,24.6,0.6732743668369949,0.028205989243148162,1.0406926408476516,1.0406926406926407,0.9796536796536797
47,pure_top_k,0.7,1.0,5,5,1.0,0.8590444420300782,23.4,0.718194717541337,0.4063311864697333,1.6402232197626798,5.114287534140475,0.8497785630691308
47,pure_top_k,0.7,1.0,10,5,1.0,0.7800647819065892,27.6,0.7894556265324354,0.41502490212247045,1.6876178979543117,10.065986121721416,0.855141183751357
47,pure_top_k,0.7,1.0,30,5,1.0,0.739972517038787,21.6,0.6350305550731719,0.3877427319302157,1.6490989501071394,30.314362740667086,0.8631942104745225
47,pure_top_k,1.5,1.0,1,5,0.6,0.46647484805379535,27.4,0.7896011649630964,0.02928230474386958,1.0422454358846225,1.0422454357236965,0.9788772821381517
47,pure_top_k,1.5,1.0,5,5,1.0,0.8690837905786495,21.8,0.6493322827853263,0.8145427509846124,2.543144939733942,5.097307545264043,0.6953600971349193
47,pure_top_k,1.5,1.0,10,5,1.0,0.856397432624345,18.4,0.5966498095542192,0.9649053852435824,3.2919333225271776,10.169573268921095,0.6790739537887096
47,pure_top_k,1.5,1.0,30,5,1.0,0.8268044242936557,26.4,0.8186104074120522,1.0685512963783812,4.042131138507267,30.331725550435227,0.6789624000167883
47,pure_top_p,0.3,0.6,0,5,0.8,0.49932022569793466,26.6,0.7512173905037344,0.06087780498064953,1.0873240015933714,1.089177489177489,0.9603023634070442
47,pure_top_p,0.3,0.9,0,5,1.0,0.5832353503360584,26.2,0.7401500781066715,0.15544978733502787,1.220752576741485,1.32258806008806,0.9257418057843907
47,pure_top_p,0.3,0.95,0,5,1.0,0.5588915855469982,35.8,1.0491348823532463,0.15121141923217385,1.2195967726280046,1.3301620859760395,0.9277028213965905
47,pure_top_p,0.7,0.6,0,5,0.8,0.5903309379686563,30.6,0.8671995551325381,0.12070484869182105,1.1736930597116912,1.1859848484848485,0.9260046485924359
47,pure_top_p,0.7,0.9,0,5,1.0,0.7077713346625902,28.4,0.8095408266410231,0.2896444521339494,1.4351338040735055,1.6753121878121877,0.8647597175154772
47,pure_top_p,0.7,0.95,0,5,1.0,0.7114384901948357,29.4,1.0308284047991036,0.30877732743204495,1.4894578912256013,1.9651633986928103,0.8728724897040132
47,pure_top_p,1.5,0.6,0,5,1.0,0.8263983445533066,21.6,0.6198260789737106,0.4726745326285139,2.0365338165062137,3.8418792172739535,0.785749496112046
47,pure_top_p,1.5,0.9,0,5,1.0,0.8246333320099248,29.4,0.9767950190231204,1.2663497140693167,14.053061770808721,778.5055,0.6637557428764799
47,pure_top_p,1.5,0.95,0,5,1.0,0.9164128326134229,26.8,0.9995892713777721,1.5948663435011388,133.11414701178253,3806.399716719825,0.6257233099904272
48,pure_top_k,0.3,1.0,1,5,0.2,0.0,2.0,0.11910016406327481,0.0,1.0,1.0,1.0
48,pure_top_k,0.3,1.0,5,5,0.2,0.0,2.0,0.11829001391306515,0.0047057571939604,1.004740026118922,5.2,0.9993603944778442
48,pure_top_k,0.3,1.0,10,5,0.2,0.0,2.0,0.12104778150096529,0.0047057586133974,1.0047400275400296,10.0,0.9993603944778442
48,pure_top_k,0.3,1.0,30,5,0.2,0.0,2.0,0.11947390725836153,0.0047057586870778,1.0047400276135583,30.2,0.9993603944778442
48,pure_top_k,0.7,1.0,1,5,0.2,0.0,2.0,0.11833771159872408,0.0,1.0,1.0,1.0
48,pure_top_k,0.7,1.0,5,5,0.2,0.0,2.0,0.11820168467238541,0.1110425499892926,1.122660270734349,5.2,0.9729233503341674
48,pure_top_k,0.7,1.0,10,5,0.4,0.3,3.2,0.17799633983522653,0.10464157831262824,1.1166676019827282,10.022222222222222,0.9742527826627096
48,pure_top_k,0.7,1.0,30,5,0.2,0.0,2.0,0.1187558244913816,0.1120229528495883,1.1237128069396185,30.2,0.9728430390357972
48,pure_top_k,1.5,1.0,1,5,0.2,0.0,2.0,0.11941837975755329,0.0,1.0,1.0,1.0
48,pure_top_k,1.5,1.0,5,5,0.8,0.8742424242424243,3.4,0.195307932049036,0.36019208534114194,1.4951507971903328,5.215454545454546,0.8886185413599014
48,pure_top_k,1.5,1.0,10,5,0.6,0.5571428571428572,2.8,0.17795582627877587,0.4666950484198238,1.6636536266802313,10.095833333333333,0.8627457733949025
48,pure_top_k,1.5,1.0,30,5,1.0,0.890909090909091,3.6,0.22415226949378844,0.35372363934560597,1.5512710105784353,30.316260504201683,0.91314636854314
48,pure_top_p,0.3,0.6,0,5,0.2,0.0,2.0,0.11994940582662812,0.0,1.0,1.0,1.0
48,pure_top_p,0.3,0.9,0,5,0.2,0.0,2.0,0.12121005244553087,0.0,1.0,1.0,1.0
48,pure_top_p,0.3,0.95,0,5,0.2,0.0,2.0,0.12234486816450951,0.0,1.0,1.0,1.0
48,pure_top_p,0.7,0.6,0,5,0.2,0.0,2.0,0.11927304677665229,0.0,1.0,1.0,1.0
48,pure_top_p,0.7,0.9,0,5,0.2,0.0,2.0,0.12118846252560611,0.0,1.0,1.0,1.0
48,pure_top_p,0.7,0.95,0,5,0.2,0.0,2.0,0.12211437346413727,0.051939159631729105,1.059307123629473,1.2,0.9855284214019775
48,pure_top_p,1.5,0.6,0,5,0.2,0.0,2.0,0.12188524147495625,0.0,1.0,1.0,1.0
48,pure_top_p,1.5,0.9,0,5,0.8,0.8333333333333334,9.0,0.4353602521121502,1.0757145890966058,68.69212601269348,2527.0733333333337,0.8210699763490508
48,pure_top_p,1.5,0.95,0,5,0.8,0.7204816017316018,4.2,0.22801014101132747,2.046448110501994,1190.1836678106242,13886.526764705883,0.7290379862969413
49,pure_top_k,0.3,1.0,1,5,0.2,0.0,1.0,0.06969205047935242,0.0,1.0,1.0,1.0
49,pure_top_k,0.3,1.0,5,5,0.2,0.0,1.0,0.06975404601544137,0.0308409768614031,1.0323076110540654,5.0,0.993810494740804
49,pure_top_k,0.3,1.0,10,5,0.2,0.0,1.0,0.07111161556094882,0.0308409768614126,1.032307611054075,10.0,0.993810494740804
49,pure_top_k,0.3,1.0,30,5,0.2,0.0,1.0,0.06965855611488217,0.0308409768614126,1.032307611054075,32.0,0.993810494740804
49,pure_top_k,0.7,1.0,1,5,0.2,0.0,1.0,0.06957534328103061,0.0,1.0,1.0,1.0
49,pure_top_k,0.7,1.0,5,5,0.2,0.0,1.0,0.06985241528600451,0.1610845808560649,1.197281140085319,5.0,0.9456375439961752
49,pure_top_k,0.7,1.0,10,5,0.4,0.0,1.0,0.06510613393038509,0.17659369334578515,1.2164085423009925,10.0,0.9402694404125214
49,pure_top_k,0.7,1.0,30,5,0.2,0.0,1.0,0.069388042204082,0.1610900132606426,1.1972872199395357,32.0,0.9456372857093813
49,pure_top_k,1.5,1.0,1,5,0.2,0.0,1.0,0.06935056066140528,0.0,1.0,1.0,1.0
49,pure_top_k,1.5,1.0,5,5,0.8,0.6958333333333334,6.0,0.19969777017831797,0.5060104229910807,1.7436721280859444,5.012121212121213,0.8078505369749938
49,pure_top_k,1.5,1.0,10,5,0.8,0.6,1.0,0.060350011195987395,0.4707799772421518,1.6316684463566287,10.0,0.8301122665405274
49,pure_top_k,1.5,1.0,30,5,0.6,0.4,1.0,0.05553202852606768,0.4911865770816803,1.6607502384204067,30.7,0.8146141390005749
49,pure_top_p,0.3,0.6,0,5,0.2,0.0,1.0,0.07074510054662822,0.0,1.0,1.0,1.0
49,pure_top_p,0.3,0.9,0,5,0.2,0.0,1.0,0.07106087254360315,0.0,1.0,1.0,1.0
49,pure_top_p,0.3,0.95,0,5,0.2,0.0,1.0,0.07006568349897856,0.0,1.0,1.0,1.0
49,pure_top_p,0.7,0.6,0,5,0.2,0.0,1.0,0.06991985077038403,0.0,1.0,1.0,1.0
49,pure_top_p,0.7,0.9,0,5,0.4,0.0,1.0,0.06533203413709995,0.15774954358736673,1.1971218428703359,1.3666666666666667,0.9433952808380127
49,pure_top_p,0.7,0.95,0,5,0.2,0.0,1.0,0.07057367367669937,0.1434086759885152,1.179201675336669,1.3333333333333333,0.9485411643981934
49,pure_top_p,1.5,0.6,0,5,0.2,0.0,1.0,0.07005170760676263,0.0,1.0,1.0,1.0
49,pure_top_p,1.5,0.9,0,5,0.4,0.0,1.0,0.06515002753585575,0.37800041238466897,1.4883256794225184,2.0,0.8430772662162781
49,pure_top_p,1.5,0.95,0,5,0.4,0.0,1.0,0.05563242575153702,0.506562340259552,1.6829225450611827,378.56666666666666,0.8113199154535928
