temperature,top_k,prompt_id,correctness,strict_accuracy,audit_calibrated_correctness,informativeness,audit_calibrated_informativeness,within_answer_distinct_1,within_answer_distinct_2,trigram_repetition_rate,model_generation_latency_seconds,tokens_per_second,word_length,stopped_early_on_eos,unique_answer_rate,pairwise_token_jaccard_distance,corpus_distinct_1,corpus_distinct_2
0.1,1,0,1.0,1.0,0.9301689860834991,0.5,0.6384244957296022,1.0,1.0,0.0,0.41844639922492205,43.01790536610146,14.0,1.0,0.2,0.0,0.2,0.2
0.1,1,1,0.0,0.0,0.03003578732106339,0.25,0.3901646843549863,1.0,1.0,0.0,0.1852696659509092,43.180559613034276,6.0,1.0,0.4,0.2,0.2,0.24
0.1,1,2,0.5,0.0,0.3375,0.25,0.3901646843549863,1.0,1.0,0.0,0.27760501522570846,43.226907428547825,9.0,1.0,0.2,0.0,0.2,0.2
0.1,1,3,0.0,0.0,0.03003578732106339,0.25,0.3901646843549863,1.0,1.0,0.0,0.18552727154456078,43.12053492357196,6.0,1.0,0.2,0.0,0.2,0.2
0.1,1,4,0.0,0.0,0.03003578732106339,0.25,0.3901646843549863,1.0,1.0,0.0,0.094097013445571,42.52272726311306,2.0,1.0,0.2,0.0,0.2,0.2
0.1,1,5,0.0,0.0,0.03003578732106339,0.0,0.1919952537422417,1.0,1.0,0.0,0.07021440523676573,42.72804315251234,2.0,1.0,0.2,0.0,0.2,0.2
0.1,1,6,1.0,1.0,0.9301689860834991,0.75,0.9179508696978944,0.9583333333333334,1.0,0.0,0.6251666781958193,43.188683989215725,24.0,1.0,0.2,0.0,0.18333333333333332,0.2
0.1,1,7,0.0,0.0,0.03003578732106339,0.4,0.5391205711797559,0.9904761904761905,1.0,0.0,0.46279758084565403,43.21862444870111,13.0,1.0,0.6,0.3979296066252588,0.3150684931506849,0.4411764705882353
0.1,1,8,0.0,0.0,0.03003578732106339,0.0,0.1919952537422417,1.0,0.0,0.0,0.046388844214379735,43.113839333029176,1.0,1.0,0.2,0.0,0.2,
0.1,1,9,0.0,0.0,0.03003578732106339,0.0,0.1919952537422417,1.0,0.0,0.0,0.06955682942643757,43.13035543519645,1.0,1.0,0.2,0.0,0.2,
0.1,1,10,1.0,1.0,0.9301689860834991,0.75,0.9179508696978944,0.9615384615384615,1.0,0.0,0.7182425875682383,43.16092696154283,26.0,1.0,0.2,0.0,0.19230769230769232,0.2
0.1,1,11,0.0,0.0,0.03003578732106339,0.25,0.3901646843549863,1.0,0.0,0.0,0.06957277646288271,43.12037781882743,1.0,1.0,0.2,0.0,0.2,
0.1,1,12,0.5,0.0,0.3375,0.5,0.6384244957296022,1.0,1.0,0.0,0.41886152466759086,42.97474798822618,13.0,1.0,0.2,0.0,0.2,0.2
0.1,1,13,0.5,0.0,0.3375,0.25,0.3901646843549863,1.0,1.0,0.0,0.13911847923882306,43.128724000720034,4.0,1.0,0.2,0.0,0.2,0.2
0.1,1,14,0.5,0.0,0.3375,0.0,0.1919952537422417,1.0,0.0,0.0,0.06976615618914363,43.001079609772994,1.0,1.0,0.2,0.0,0.2,
0.1,1,15,1.0,1.0,0.9301689860834991,0.25,0.3901646843549863,1.0,1.0,0.0,0.1859906162600964,43.0130517915692,6.0,1.0,0.2,0.0,0.2,0.2
0.1,1,16,0.0,0.0,0.03003578732106339,0.25,0.3901646843549863,1.0,1.0,0.0,0.39376851432025434,43.172583106763135,8.0,1.0,0.2,0.0,0.2,0.2
0.1,1,17,0.0,0.0,0.03003578732106339,0.25,0.3901646843549863,1.0,1.0,0.0,0.5097933418583125,43.154769486256214,18.0,1.0,0.2,0.0,0.18888888888888888,0.2
0.1,1,18,1.0,1.0,0.9301689860834991,0.75,0.9179508696978944,0.825,1.0,0.0,1.1133253334090114,43.11446828843099,40.0,0.0,0.2,0.0,0.165,0.2
0.1,1,19,1.0,1.0,0.9301689860834991,0.25,0.3901646843549863,1.0,0.0,0.0,0.04640344260260458,43.100400393066344,1.0,1.0,0.2,0.0,0.2,
0.1,1,20,0.5,0.0,0.3375,0.5,0.6384244957296022,1.0,1.0,0.0,0.30132373217493297,43.14302230778709,11.0,1.0,0.2,0.0,0.18181818181818182,0.2
0.1,1,21,0.0,0.0,0.03003578732106339,0.25,0.3901646843549863,1.0,1.0,0.0,0.5328799379523843,43.16175290954342,14.0,1.0,0.2,0.0,0.2,0.2
0.1,1,22,0.5,0.0,0.3375,0.25,0.3901646843549863,0.9032258064516128,1.0,0.0,1.1121365962550045,43.16022582764125,31.0,0.0,0.2,0.0,0.17419354838709677,0.2
0.1,1,23,0.5,0.0,0.3375,0.25,0.3901646843549863,1.0,1.0,0.0,0.16201855414547023,43.204959468533296,3.0,1.0,0.2,0.0,0.2,0.2
0.1,1,24,0.0,0.0,0.03003578732106339,0.5,0.6384244957296022,0.8648648648648649,1.0,0.0,1.1142776818014681,43.07735880613093,37.0,0.0,0.2,0.0,0.17222222222222222,0.2
0.1,1,25,1.0,1.0,0.9301689860834991,0.75,0.9179508696978944,1.0,1.0,0.0,0.20831299936398864,43.20424424204957,5.0,1.0,0.2,0.0,0.2,0.2
0.1,1,26,1.0,1.0,0.9301689860834991,0.85,0.886094753900648,0.8912698412698413,0.9846153846153847,0.0,1.1119364862330259,43.16795701510864,27.6,0.0,0.4,0.24999999999999994,0.21818181818181817,0.2625
0.1,1,27,0.0,0.0,0.03003578732106339,0.25,0.3901646843549863,1.0,1.0,0.0,0.18569460604339832,43.08165026456964,5.0,1.0,0.2,0.0,0.2,0.2
0.1,1,28,0.0,0.0,0.03003578732106339,0.25,0.3901646843549863,0.888888888888889,1.0,0.0,0.9080664322245866,42.94858640641026,18.0,1.0,0.2,0.0,0.17142857142857143,0.2
0.1,1,29,0.5,0.0,0.3375,0.25,0.3901646843549863,0.972972972972973,1.0,0.0,1.1169304008129983,42.97530868724296,37.0,0.0,0.2,0.0,0.1945945945945946,0.2
0.1,1,30,0.0,0.0,0.03003578732106339,0.25,0.3901646843549863,1.0,1.0,0.0,0.3015168373938649,43.11538630102404,7.0,1.0,0.2,0.0,0.2,0.2
0.1,1,31,0.0,0.0,0.03003578732106339,0.0,0.1919952537422417,1.0,0.0,0.0,0.04673766838386648,42.793271279934345,1.0,1.0,0.2,0.0,0.2,
0.1,1,32,0.0,0.0,0.03003578732106339,0.5,0.6384244957296022,1.0,1.0,0.0,0.44092968860641124,43.09085315944334,10.0,1.0,0.2,0.0,0.2,0.2
0.1,1,33,0.5,0.0,0.3375,0.75,0.9179508696978944,1.0,1.0,0.0,0.3493864910211414,42.93251181352868,8.0,1.0,0.2,0.0,0.2,0.2
0.1,1,34,0.0,0.0,0.03003578732106339,0.25,0.3901646843549863,1.0,0.0,0.0,0.09310016320087011,42.966279563582795,1.0,1.0,0.2,0.0,0.2,
0.1,1,35,1.0,1.0,0.9301689860834991,0.25,0.3901646843549863,1.0,1.0,0.0,0.4192767206579447,42.93114074063291,11.0,1.0,0.2,0.0,0.2,0.2
0.1,1,36,1.0,1.0,0.9301689860834991,0.25,0.3901646843549863,1.0,1.0,0.0,0.32670102464035156,42.85288782734476,12.0,1.0,0.2,0.0,0.2,0.2
0.1,1,37,0.5,0.0,0.3375,0.0,0.1919952537422417,1.0,1.0,0.0,0.3029576907865703,42.91066836983893,11.0,1.0,0.2,0.0,0.2,0.2
0.1,1,38,0.5,0.0,0.3375,0.5,0.6384244957296022,1.0,1.0,0.0,0.3724977876059711,42.95553103148282,14.0,1.0,0.2,0.0,0.2,0.2
0.1,1,39,1.0,1.0,0.9301689860834991,0.25,0.3901646843549863,1.0,1.0,0.0,0.2548962074331939,43.1548318699725,8.0,1.0,0.2,0.0,0.2,0.2
0.1,1,40,0.5,0.0,0.3375,0.25,0.3901646843549863,0.9333333333333332,1.0,0.0,0.3992736136075109,42.58655383119898,15.0,1.0,0.2,0.0,0.18666666666666668,0.2
0.1,1,41,1.0,1.0,0.9301689860834991,0.25,0.3901646843549863,1.0,0.0,0.0,0.06958271637558934,43.11415709694027,1.0,1.0,0.2,0.0,0.2,
0.1,1,42,0.0,0.0,0.03003578732106339,0.0,0.1919952537422417,1.0,1.0,0.0,0.09348493837751441,42.79871135170414,2.0,1.0,0.2,0.0,0.2,0.2
0.1,1,43,1.0,1.0,0.9301689860834991,0.75,0.9179508696978944,1.0,1.0,0.0,0.39424838740378615,43.12004408547607,9.0,1.0,0.2,0.0,0.2,0.2
0.1,1,44,1.0,1.0,0.9301689860834991,0.25,0.3901646843549863,1.0,0.0,0.0,0.04671979262493546,42.810532241518764,1.0,1.0,0.2,0.0,0.2,
0.1,1,45,0.0,0.0,0.03003578732106339,0.25,0.3901646843549863,0.9565217391304348,1.0,0.0,0.6966889146249742,43.060981711260865,23.0,1.0,0.2,0.0,0.19166666666666668,0.2
0.1,1,46,1.0,1.0,0.9301689860834991,0.75,0.9179508696978944,1.0,1.0,0.0,0.3726323964074254,42.937930652639885,14.0,1.0,0.2,0.0,0.2,0.2
0.1,1,47,0.8,0.6,0.6931013916500994,0.65,0.8061403201105776,0.9350877192982455,1.0,0.0,0.8388079266063869,43.15608149921977,30.2,1.0,0.6,0.503284624337256,0.31125827814569534,0.4383561643835616
0.1,1,48,0.5,0.0,0.3375,0.0,0.1919952537422417,1.0,1.0,0.0,0.11608391860499971,43.07234562108917,2.0,1.0,0.2,0.0,0.2,0.2
0.1,1,49,0.0,0.0,0.03003578732106339,0.0,0.1919952537422417,1.0,0.0,0.0,0.06982004200108345,42.96904092459786,1.0,1.0,0.2,0.0,0.2,
0.1,2,0,1.0,1.0,0.9301689860834991,0.5,0.6384244957296022,1.0,1.0,0.0,0.4366815422195941,41.42765880475366,14.0,1.0,0.2,0.0,0.2,0.2
0.1,2,1,0.0,0.0,0.03003578732106339,0.25,0.3901646843549863,1.0,1.0,0.0,0.1857507721986621,43.068532947092095,6.0,1.0,0.4,0.2,0.2,0.24
0.1,2,2,0.5,0.0,0.3375,0.25,0.3901646843549863,1.0,1.0,0.0,0.278239832771942,43.12836775781999,9.0,1.0,0.2,0.0,0.2,0.2
0.1,2,3,0.0,0.0,0.03003578732106339,0.25,0.3901646843549863,1.0,1.0,0.0,0.18500796081498264,43.24140332911874,6.0,1.0,0.4,0.17142857142857143,0.23333333333333334,0.28
0.1,2,4,0.0,0.0,0.03003578732106339,0.25,0.3901646843549863,1.0,1.0,0.0,0.09295828486792738,43.03129444739451,2.0,1.0,0.2,0.0,0.2,0.2
0.1,2,5,0.0,0.0,0.03003578732106339,0.0,0.1919952537422417,1.0,1.0,0.0,0.0701969872228801,42.73784564497459,2.0,1.0,0.2,0.0,0.2,0.2
0.1,2,6,0.8,0.8,0.750142346331012,0.7,0.8620455949042359,0.9350877192982457,1.0,0.0,0.7085832717362791,43.19750494808942,26.8,1.0,0.4,0.25555555555555554,0.26865671641791045,0.3643410852713178
0.1,2,7,0.0,0.0,0.03003578732106339,0.35,0.4894686089048327,1.0,1.0,0.0,0.3943332614377141,43.11080115270563,10.0,1.0,0.2,0.0,0.2,0.2
0.1,2,8,0.0,0.0,0.03003578732106339,0.0,0.1919952537422417,1.0,0.0,0.0,0.04636243418790396,43.1384310445577,1.0,1.0,0.2,0.0,0.2,
0.1,2,9,0.0,0.0,0.03003578732106339,0.0,0.1919952537422417,1.0,0.0,0.0,0.06980470935814079,42.97909064848606,1.0,1.0,0.2,0.0,0.2,
0.1,2,10,1.0,1.0,0.9301689860834991,0.75,0.9179508696978944,0.9615384615384615,1.0,0.0,0.7194472415838391,43.08892787421665,26.0,1.0,0.2,0.0,0.19230769230769232,0.2
0.1,2,11,0.0,0.0,0.03003578732106339,0.25,0.3901646843549863,1.0,0.0,0.0,0.06984718278981739,42.95109166108201,1.0,1.0,0.2,0.0,0.2,
0.1,2,12,0.5,0.0,0.3375,0.5,0.6384244957296022,1.0,1.0,0.0,0.41862935763783754,42.99763346808155,13.0,1.0,0.2,0.0,0.2,0.2
0.1,2,13,0.5,0.0,0.3375,0.25,0.3901646843549863,1.0,1.0,0.0,0.13982369238510725,42.91141129546081,4.0,1.0,0.2,0.0,0.2,0.2
0.1,2,14,0.5,0.0,0.3375,0.0,0.1919952537422417,1.0,0.0,0.0,0.06962225157767529,43.08969988063076,1.0,1.0,0.2,0.0,0.2,
0.1,2,15,1.0,1.0,0.9301689860834991,0.25,0.3901646843549863,1.0,1.0,0.0,0.18606777964159846,42.99538444946083,6.0,1.0,0.2,0.0,0.2,0.2
0.1,2,16,0.0,0.0,0.03003578732106339,0.25,0.3901646843549863,1.0,1.0,0.0,0.3948835901916027,43.05071424800647,8.0,1.0,0.2,0.0,0.2,0.2
0.1,2,17,0.0,0.0,0.03003578732106339,0.25,0.3901646843549863,1.0,1.0,0.0,0.5103543629869819,43.10731960309103,18.0,1.0,0.2,0.0,0.18888888888888888,0.2
0.1,2,18,1.0,1.0,0.9301689860834991,0.75,0.9179508696978944,0.8267073170731706,1.0,0.0,1.1133438877761364,43.113450140625666,40.4,0.0,0.4,0.05142857142857145,0.17326732673267325,0.20812182741116753
0.1,2,19,1.0,1.0,0.9301689860834991,0.25,0.3901646843549863,1.0,0.0,0.0,0.04641567454673344,43.088913102146115,1.0,1.0,0.2,0.0,0.2,
0.1,2,20,0.5,0.0,0.3375,0.5,0.6384244957296022,1.0,1.0,0.0,0.30158013543114065,43.10632329717019,11.0,1.0,0.4,0.15,0.21818181818181817,0.28
0.1,2,21,0.0,0.0,0.03003578732106339,0.3,0.4398166466299095,0.9866666666666667,1.0,0.0,0.5393719647545367,43.013064468358124,14.2,1.0,0.4,0.1411764705882353,0.23943661971830985,0.3484848484848485
0.1,2,22,0.3,0.0,0.21451431492842538,0.25,0.3901646843549863,0.8837167931688803,0.9878787878787879,0.0,1.10505928597413,43.07442988288946,32.4,0.4,0.6,0.4153846153846154,0.2716049382716049,0.3630573248407643
0.1,2,23,0.5,0.0,0.3375,0.25,0.3901646843549863,1.0,1.0,0.0,0.16228322032839057,43.13479645408127,3.0,1.0,0.2,0.0,0.2,0.2
0.1,2,24,0.0,0.0,0.03003578732106339,0.3,0.4398166466299095,0.875,1.0,0.0,0.6676936710253358,43.126410284594094,19.2,1.0,0.4,0.20740740740740743,0.3253012048192771,0.41025641025641024
0.1,2,25,1.0,1.0,0.9301689860834991,0.75,0.9179508696978944,1.0,1.0,0.0,0.2086995461955666,43.124343710146306,5.0,1.0,0.2,0.0,0.2,0.2
0.1,2,26,1.0,1.0,0.9301689860834991,0.9,0.8701666960020248,0.8886984126984128,0.9762820512820513,0.0,1.1005404347553849,43.069466503038804,27.0,0.2,0.8,0.28164750296923297,0.2392638036809816,0.310126582278481
0.1,2,27,0.1,0.0,0.0915286298568507,0.25,0.3901646843549863,1.0,1.0,0.0,0.1669187606312334,43.134070871664434,4.6,1.0,0.4,0.34285714285714286,0.30434782608695654,0.3333333333333333
0.1,2,28,0.0,0.0,0.03003578732106339,0.25,0.3901646843549863,0.888888888888889,1.0,0.0,0.90495978416875,43.09589012757345,18.0,1.0,0.2,0.0,0.17142857142857143,0.2
0.1,2,29,0.5,0.0,0.3375,0.25,0.3901646843549863,0.972972972972973,1.0,0.0,1.1118911162484437,43.169709554537235,37.0,0.0,0.2,0.0,0.1945945945945946,0.2
0.1,2,30,0.0,0.0,0.03003578732106339,0.25,0.3901646843549863,1.0,1.0,0.0,0.3029537842143327,42.91496474300055,7.0,1.0,0.2,0.0,0.2,0.2
0.1,2,31,0.0,0.0,0.03003578732106339,0.0,0.1919952537422417,1.0,0.0,0.0,0.04717898103408512,42.39275785012539,1.0,1.0,0.2,0.0,0.2,
0.1,2,32,0.0,0.0,0.03003578732106339,0.5,0.6384244957296022,1.0,1.0,0.0,0.44036463354714217,43.1460722783421,10.0,1.0,0.2,0.0,0.2,0.2
0.1,2,33,0.5,0.0,0.3375,0.75,0.9179508696978944,1.0,1.0,0.0,0.349602215224877,42.9063139330697,8.0,1.0,0.2,0.0,0.2,0.2
0.1,2,34,0.2,0.2,0.21006242707355055,0.4,0.4797938635249447,1.0,0.2,0.0,0.11645624921657141,42.899318044008105,2.2,1.0,0.4,0.4,0.7272727272727273,1.0
0.1,2,35,1.0,1.0,0.9301689860834991,0.25,0.3901646843549863,1.0,1.0,0.0,0.4188333163969219,42.97785564891065,11.0,1.0,0.2,0.0,0.2,0.2
0.1,2,36,1.0,1.0,0.9301689860834991,0.25,0.3901646843549863,1.0,1.0,0.0,0.3245987096335739,43.13018285065923,12.0,1.0,0.2,0.0,0.2,0.2
0.1,2,37,0.5,0.0,0.3375,0.0,0.1919952537422417,1.0,1.0,0.0,0.30281492839567364,42.931988854967436,11.0,1.0,0.2,0.0,0.2,0.2
0.1,2,38,0.5,0.0,0.3375,0.5,0.6384244957296022,1.0,1.0,0.0,0.3714473967906088,43.07477714075964,14.0,1.0,0.2,0.0,0.2,0.2
0.1,2,39,1.0,1.0,0.9301689860834991,0.25,0.3901646843549863,1.0,1.0,0.0,0.25535317715257405,43.07789880119661,8.0,1.0,0.2,0.0,0.2,0.2
0.1,2,40,0.5,0.0,0.3375,0.25,0.3901646843549863,0.9333333333333332,1.0,0.0,0.39454978159628806,43.08722590467283,15.0,1.0,0.2,0.0,0.18666666666666668,0.2
0.1,2,41,1.0,1.0,0.9301689860834991,0.25,0.3901646843549863,1.0,0.0,0.0,0.06963617024011903,43.08111914463844,1.0,1.0,0.2,0.0,0.2,
0.1,2,42,0.0,0.0,0.03003578732106339,0.0,0.1919952537422417,1.0,1.0,0.0,0.09379279841668903,42.652991068069994,2.0,1.0,0.2,0.0,0.2,0.2
0.1,2,43,1.0,1.0,0.9301689860834991,0.75,0.9179508696978944,1.0,1.0,0.0,0.39473034320399164,43.0674414137515,9.0,1.0,0.2,0.0,0.2,0.2
0.1,2,44,1.0,1.0,0.9301689860834991,0.25,0.3901646843549863,1.0,0.0,0.0,0.06036729635670777,43.06960467838148,1.0,1.0,0.4,0.0,0.2,
0.1,2,45,0.3,0.2,0.2715552696093379,0.4,0.5453738836984912,0.9082315984864711,1.0,0.0,0.7965238820295781,42.936017283918375,28.0,1.0,0.8,0.5837588932806325,0.4027777777777778,0.5899280575539568
0.1,2,46,1.0,1.0,0.9301689860834991,0.75,0.9179508696978944,1.0,1.0,0.0,0.37266022064723076,42.9355719019905,14.0,1.0,0.2,0.0,0.2,0.2
0.1,2,47,0.9,0.8,0.8116351888667992,0.7,0.8620455949042359,0.9282507203559834,1.0,0.0,0.8489784590434283,43.11007738776065,30.4,1.0,1.0,0.5134055399807654,0.3157894736842105,0.4965986394557823
0.1,2,48,0.5,0.0,0.3375,0.0,0.1919952537422417,1.0,1.0,0.0,0.11607684697955845,43.07493546960938,2.0,1.0,0.2,0.0,0.2,0.2
0.1,2,49,0.0,0.0,0.03003578732106339,0.0,0.1919952537422417,1.0,0.0,0.0,0.06956641380675133,43.124277380332956,1.0,1.0,0.2,0.0,0.2,
0.1,5,0,1.0,1.0,0.9301689860834991,0.5,0.6384244957296022,1.0,1.0,0.0,0.4177157395984977,43.09188649206925,14.0,1.0,0.2,0.0,0.2,0.2
0.1,5,1,0.0,0.0,0.03003578732106339,0.25,0.3901646843549863,1.0,1.0,0.0,0.187305660219863,42.714554750510835,6.0,1.0,0.4,0.13333333333333336,0.2,0.24
0.1,5,2,0.5,0.0,0.3375,0.25,0.3901646843549863,1.0,1.0,0.0,0.3008990888483822,43.206262661307036,10.0,1.0,0.4,0.3619047619047619,0.42,0.4666666666666667
0.1,5,3,0.0,0.0,0.03003578732106339,0.25,0.3901646843549863,1.0,1.0,0.0,0.1859205020125955,43.02984607725524,6.0,1.0,0.2,0.0,0.2,0.2
0.1,5,4,0.0,0.0,0.03003578732106339,0.25,0.3901646843549863,1.0,1.0,0.0,0.0927897761110216,43.10832675412183,2.0,1.0,0.2,0.0,0.2,0.2
0.1,5,5,0.0,0.0,0.03003578732106339,0.0,0.1919952537422417,1.0,1.0,0.0,0.06958810379728672,43.11096612984085,2.0,1.0,0.2,0.0,0.2,0.2
0.1,5,6,0.4,0.4,0.3900890668260377,0.6,0.7502350453169192,0.8868421052631579,1.0,0.0,0.8632192499469966,43.08619023188453,32.0,1.0,0.6,0.420464277665089,0.2375,0.33548387096774196
0.1,5,7,0.0,0.0,0.03003578732106339,0.45,0.5887725334546791,0.9904761904761905,1.0,0.0,0.4537930773571134,43.1874143996899,12.6,1.0,0.6,0.370703933747412,0.32857142857142857,0.46153846153846156
0.1,5,8,0.0,0.0,0.03003578732106339,0.0,0.1919952537422417,1.0,0.0,0.0,0.04661637172102921,42.90506873477928,1.0,1.0,0.2,0.0,0.2,
0.1,5,9,0.0,0.0,0.03003578732106339,0.0,0.1919952537422417,1.0,0.0,0.0,0.06942051658406852,43.21491130059597,1.0,1.0,0.2,0.0,0.2,
0.1,5,10,1.0,1.0,0.9301689860834991,0.75,0.9179508696978944,0.9615384615384615,1.0,0.0,0.7190201493911446,43.1142644630865,26.0,1.0,0.2,0.0,0.19230769230769232,0.2
0.1,5,11,0.0,0.0,0.03003578732106339,0.25,0.3901646843549863,1.0,0.0,0.0,0.07011350812390442,42.788270376719154,1.0,1.0,0.2,0.0,0.2,
0.1,5,12,0.5,0.0,0.3375,0.5,0.6384244957296022,1.0,1.0,0.0,0.417565214028582,43.10704761968862,13.0,1.0,0.2,0.0,0.2,0.2
0.1,5,13,0.5,0.0,0.3375,0.25,0.3901646843549863,1.0,1.0,0.0,0.1397587632294744,42.931340933768986,4.0,1.0,0.2,0.0,0.2,0.2
0.1,5,14,0.5,0.0,0.3375,0.0,0.1919952537422417,1.0,0.0,0.0,0.06957087987102564,43.12156745989439,1.0,1.0,0.2,0.0,0.2,
0.1,5,15,1.0,1.0,0.9301689860834991,0.25,0.3901646843549863,1.0,1.0,0.0,0.18571484438143665,43.07692405074112,6.0,1.0,0.2,0.0,0.2,0.2
0.1,5,16,0.0,0.0,0.03003578732106339,0.25,0.3901646843549863,1.0,1.0,0.0,0.39518194939009843,43.01818457013244,8.0,1.0,0.2,0.0,0.2,0.2
0.1,5,17,0.0,0.0,0.03003578732106339,0.25,0.3901646843549863,1.0,1.0,0.0,0.5106530574616045,43.08211988281418,18.0,1.0,0.2,0.0,0.18888888888888888,0.2
0.1,5,18,1.0,1.0,0.9301689860834991,0.75,0.9179508696978944,0.825,1.0,0.0,1.1132645752746613,43.11649423200818,40.0,0.0,0.2,0.0,0.165,0.2
0.1,5,19,1.0,1.0,0.9301689860834991,0.25,0.3901646843549863,1.0,0.0,0.0,0.046404466591775384,43.0993309697706,1.0,1.0,0.2,0.0,0.2,
0.1,5,20,0.5,0.0,0.3375,0.5,0.6384244957296022,1.0,1.0,0.0,0.30207391642034054,43.03584836233379,11.0,1.0,0.4,0.1,0.21818181818181817,0.28
0.1,5,21,0.0,0.0,0.03003578732106339,0.3,0.4398166466299095,1.0,1.0,0.0,0.5333224215544761,43.125914553988274,14.0,1.0,0.4,0.05333333333333332,0.21428571428571427,0.23076923076923078
0.1,5,22,0.4,0.0,0.27600715746421267,0.25,0.3901646843549863,0.8943785578747627,0.9939393939393939,0.0,1.1084810643922538,43.122258468550775,32.0,0.2,0.8,0.4299716199716199,0.3125,0.4258064516129032
0.1,5,23,0.5,0.0,0.3375,0.25,0.3901646843549863,1.0,1.0,0.0,0.1632610919885337,42.8769560910324,3.0,1.0,0.2,0.0,0.2,0.2
0.1,5,24,0.0,0.0,0.03003578732106339,0.45,0.5887725334546791,0.8737305487305488,1.0,0.0,0.9558597118128092,43.100910019725895,30.0,0.8,0.8,0.37139159337570155,0.24475524475524477,0.3333333333333333
0.1,5,25,1.0,1.0,0.9301689860834991,0.75,0.9179508696978944,1.0,1.0,0.0,0.20906218118034298,43.049454346502486,5.0,1.0,0.2,0.0,0.2,0.2
0.1,5,26,1.0,1.0,0.9301689860834991,0.8,0.9020228117992712,0.8920634920634921,0.9923076923076923,0.0,1.1124894537962973,43.146543391603004,27.8,0.0,0.8,0.23451612903225802,0.23636363636363636,0.30625
0.1,5,27,0.0,0.0,0.03003578732106339,0.25,0.3901646843549863,1.0,1.0,0.0,0.1871386542916298,42.75241140654258,5.0,1.0,0.2,0.0,0.2,0.2
0.1,5,28,0.0,0.0,0.03003578732106339,0.25,0.3901646843549863,0.888888888888889,1.0,0.0,0.9066176746040583,43.01714157286439,18.0,1.0,0.2,0.0,0.17142857142857143,0.2
0.1,5,29,0.5,0.0,0.3375,0.25,0.3901646843549863,0.972972972972973,1.0,0.0,1.114311240799725,43.07627724090125,37.0,0.0,0.2,0.0,0.1945945945945946,0.2
0.1,5,30,0.0,0.0,0.03003578732106339,0.25,0.3901646843549863,1.0,1.0,0.0,0.3016522855963558,43.096057535257145,7.0,1.0,0.2,0.0,0.2,0.2
0.1,5,31,0.0,0.0,0.03003578732106339,0.0,0.1919952537422417,1.0,0.0,0.0,0.0470389002002775,42.51944851115772,1.0,1.0,0.2,0.0,0.2,
0.1,5,32,0.0,0.0,0.03003578732106339,0.5,0.6384244957296022,1.0,1.0,0.0,0.44174848664551963,43.01092230046716,10.0,1.0,0.2,0.0,0.2,0.2
0.1,5,33,0.5,0.0,0.3375,0.75,0.9179508696978944,1.0,1.0,0.0,0.3477943231817334,43.12896141890482,8.0,1.0,0.2,0.0,0.2,0.2
0.1,5,34,0.4,0.4,0.39008906682603767,0.55,0.5694230426949031,1.0,0.4,0.0,0.1395036036148667,42.97535321802433,3.4,1.0,0.4,0.6,0.47058823529411764,0.5
0.1,5,35,1.0,1.0,0.9301689860834991,0.25,0.3901646843549863,1.0,1.0,0.0,0.4192484985571355,42.93514791761515,11.0,1.0,0.2,0.0,0.2,0.2
0.1,5,36,1.0,1.0,0.9301689860834991,0.25,0.3901646843549863,1.0,1.0,0.0,0.32549130655825137,43.01212078420656,12.0,1.0,0.2,0.0,0.2,0.2
0.1,5,37,0.5,0.0,0.3375,0.0,0.1919952537422417,1.0,1.0,0.0,0.30284841186366973,42.92619149167946,11.0,1.0,0.2,0.0,0.2,0.2
0.1,5,38,0.5,0.0,0.3375,0.5,0.6384244957296022,1.0,1.0,0.0,0.3707836224231869,43.15188528408724,14.0,1.0,0.2,0.0,0.2,0.2
0.1,5,39,1.0,1.0,0.9301689860834991,0.25,0.3901646843549863,1.0,1.0,0.0,0.2565606908407062,42.87512662484554,8.0,1.0,0.2,0.0,0.2,0.2
0.1,5,40,0.5,0.0,0.3375,0.25,0.3901646843549863,0.9333333333333332,1.0,0.0,0.39545152117498217,42.98946293916261,15.0,1.0,0.2,0.0,0.18666666666666668,0.2
0.1,5,41,1.0,1.0,0.9301689860834991,0.25,0.3901646843549863,1.0,0.0,0.0,0.0695901606697589,43.10957857056344,1.0,1.0,0.2,0.0,0.2,
0.1,5,42,0.0,0.0,0.03003578732106339,0.0,0.1919952537422417,1.0,1.0,0.0,0.09309736378490921,42.96639482317845,2.0,1.0,0.2,0.0,0.2,0.2
0.1,5,43,0.8,0.6,0.6931013916500994,0.45,0.6275686233156333,1.0,0.6,0.0,0.2925684979651123,43.05820702883345,5.8,1.0,0.4,0.5333333333333334,0.3103448275862069,0.3333333333333333
0.1,5,44,1.0,1.0,0.9301689860834991,0.25,0.3901646843549863,1.0,0.0,0.0,0.05611517601646478,42.783565166616214,1.0,1.0,0.4,0.0,0.2,
0.1,5,45,0.1,0.0,0.09152862985685072,0.3,0.4398166466299095,0.9502173913043478,1.0,0.0,0.7788732824381441,43.13710614069309,26.4,0.8,0.4,0.328,0.36496350364963503,0.44696969696969696
0.1,5,46,1.0,1.0,0.9301689860834991,0.75,0.9179508696978944,1.0,1.0,0.0,0.371473437640816,43.0717739213165,14.0,1.0,0.2,0.0,0.2,0.2
0.1,5,47,0.8,0.8,0.750142346331012,0.7,0.8620455949042359,0.9233032075137337,0.99375,0.0,0.9381751853972673,42.860338737895646,32.6,1.0,0.8,0.5134713809553347,0.3353658536585366,0.5157232704402516
0.1,5,48,0.5,0.0,0.3375,0.0,0.1919952537422417,1.0,1.0,0.0,0.11604196499101815,43.08790459676577,2.0,1.0,0.2,0.0,0.2,0.2
0.1,5,49,0.0,0.0,0.03003578732106339,0.0,0.1919952537422417,1.0,0.0,0.0,0.06950149592012161,43.164592278609646,1.0,1.0,0.2,0.0,0.2,
0.1,10,0,1.0,1.0,0.9301689860834991,0.5,0.6384244957296022,1.0,1.0,0.0,0.43431823630817235,41.46010130173322,14.0,1.0,0.2,0.0,0.2,0.2
0.1,10,1,0.0,0.0,0.03003578732106339,0.25,0.3901646843549863,1.0,1.0,0.0,0.1828142497688532,43.76029431754512,6.0,1.0,0.4,0.20000000000000004,0.2,0.24
0.1,10,2,0.5,0.0,0.3375,0.25,0.3901646843549863,1.0,1.0,0.0,0.2746590207796544,43.69108481877424,9.0,1.0,0.2,0.0,0.2,0.2
0.1,10,3,0.0,0.0,0.03003578732106339,0.25,0.3901646843549863,1.0,1.0,0.0,0.18252031961455936,43.83081220587201,6.0,1.0,0.4,0.11428571428571428,0.23333333333333334,0.28
0.1,10,4,0.0,0.0,0.03003578732106339,0.25,0.3901646843549863,1.0,1.0,0.0,0.09121520938351746,43.852408936956614,2.0,1.0,0.2,0.0,0.2,0.2
0.1,10,5,0.0,0.0,0.03003578732106339,0.0,0.1919952537422417,1.0,1.0,0.0,0.06855727522633966,43.759103392964796,2.0,1.0,0.2,0.0,0.2,0.2
0.1,10,6,1.0,1.0,0.9301689860834991,0.75,0.9179508696978944,0.9583333333333334,1.0,0.0,0.6167877808213234,43.775385462634866,24.0,1.0,0.2,0.0,0.18333333333333332,0.2
0.1,10,7,0.0,0.0,0.03003578732106339,0.45,0.5887725334546791,0.9627705627705628,1.0,0.0,0.5587637260556221,43.693936117098794,17.2,1.0,0.8,0.5031860168816691,0.3404255319148936,0.5393258426966292
0.1,10,8,0.0,0.0,0.03003578732106339,0.0,0.1919952537422417,1.0,0.0,0.0,0.04633885226212436,43.19182426711426,1.0,1.0,0.2,0.0,0.2,
0.1,10,9,0.0,0.0,0.03003578732106339,0.0,0.1919952537422417,1.0,0.0,0.0,0.06825808123685415,43.951031592274475,1.0,1.0,0.2,0.0,0.2,
0.1,10,10,1.0,1.0,0.9301689860834991,0.75,0.9179508696978944,0.9615384615384615,1.0,0.0,0.7154593630228192,43.34473162866941,26.0,1.0,0.2,0.0,0.19230769230769232,0.2
0.1,10,11,0.0,0.0,0.03003578732106339,0.25,0.3901646843549863,1.0,0.0,0.0,0.06882371813990171,43.594183363511874,1.0,1.0,0.2,0.0,0.2,
0.1,10,12,0.5,0.0,0.3375,0.5,0.6384244957296022,1.0,1.0,0.0,0.4103273059707135,43.86742073392277,13.0,1.0,0.2,0.0,0.2,0.2
0.1,10,13,0.4,0.0,0.2760071574642128,0.25,0.3901646843549863,1.0,1.0,0.0,0.1878219808451831,43.59071410678923,6.2,1.0,0.4,0.29333333333333333,0.4838709677419355,0.5384615384615384
0.1,10,14,0.5,0.0,0.3375,0.0,0.1919952537422417,1.0,0.0,0.0,0.0682904701214283,43.93008123606669,1.0,1.0,0.2,0.0,0.2,
0.1,10,15,1.0,1.0,0.9301689860834991,0.25,0.3901646843549863,1.0,1.0,0.0,0.1823782688006758,43.86492350028649,6.0,1.0,0.2,0.0,0.2,0.2
0.1,10,16,0.0,0.0,0.03003578732106339,0.25,0.3901646843549863,1.0,1.0,0.0,0.393694567354396,43.200585946106585,8.0,1.0,0.2,0.0,0.2,0.2
0.1,10,17,0.0,0.0,0.03003578732106339,0.25,0.3901646843549863,1.0,1.0,0.0,0.5020879599731416,43.81706613128211,18.0,1.0,0.2,0.0,0.18888888888888888,0.2
0.1,10,18,1.0,1.0,0.9301689860834991,0.75,0.9179508696978944,0.8258536585365854,1.0,0.0,1.094738281564787,43.84613299818493,40.2,0.0,0.4,0.034285714285714294,0.17412935323383086,0.20918367346938777
0.1,10,19,1.0,1.0,0.9301689860834991,0.25,0.3901646843549863,1.0,0.0,0.0,0.04558826354332264,43.87125333027544,1.0,1.0,0.2,0.0,0.2,
0.1,10,20,0.5,0.0,0.3375,0.5,0.6384244957296022,1.0,1.0,0.0,0.3043097014073282,42.74217064536822,11.0,1.0,0.4,0.15,0.21818181818181817,0.28
0.1,10,21,0.0,0.0,0.03003578732106339,0.35,0.4894686089048327,0.9692307692307693,1.0,0.0,0.5159411422442645,43.8031647776548,13.6,1.0,0.4,0.2823529411764706,0.25,0.30158730158730157
0.1,10,22,0.4,0.0,0.27600715746421267,0.25,0.3901646843549863,0.8882812949226612,0.9939393939393939,0.0,1.1646464797202498,41.04261909824693,32.0,0.2,0.6,0.3442605382233865,0.275,0.34838709677419355
0.1,10,23,0.5,0.0,0.3375,0.25,0.3901646843549863,1.0,1.0,0.0,0.16002028826624154,43.74465955130357,3.0,1.0,0.2,0.0,0.2,0.2
0.1,10,24,0.0,0.0,0.03003578732106339,0.45,0.5887725334546791,0.8797911547911548,1.0,0.0,1.031637105997652,39.76969828754992,30.0,0.8,0.8,0.5087840606028189,0.3146853146853147,0.4057971014492754
0.1,10,25,1.0,1.0,0.9301689860834991,0.75,0.9179508696978944,1.0,1.0,0.0,0.23652943219058215,38.07975435057618,5.0,1.0,0.2,0.0,0.2,0.2
0.1,10,26,1.0,1.0,0.9301689860834991,0.9,0.8701666960020248,0.8886984126984128,0.9762820512820513,0.0,1.1938030276447535,39.72311787946506,27.0,0.2,0.6,0.2707234617985125,0.22699386503067484,0.27848101265822783
0.1,10,27,0.0,0.0,0.03003578732106339,0.25,0.3901646843549863,1.0,1.0,0.0,0.20305344061926003,39.40771054539934,5.0,1.0,0.2,0.0,0.2,0.2
0.1,10,28,0.0,0.0,0.03003578732106339,0.25,0.3901646843549863,0.888888888888889,1.0,0.0,0.9813309621531516,39.74913126438614,18.0,1.0,0.2,0.0,0.17142857142857143,0.2
0.1,10,29,0.5,0.0,0.3375,0.25,0.3901646843549863,0.9719267654751527,1.0,0.0,1.228366910154,39.09086152851839,35.8,0.0,0.4,0.20444444444444443,0.25,0.2742857142857143
0.1,10,30,0.0,0.0,0.03003578732106339,0.25,0.3901646843549863,1.0,1.0,0.0,0.34458224615082145,37.88999005057008,7.0,1.0,0.2,0.0,0.2,0.2
0.1,10,31,0.0,0.0,0.03003578732106339,0.0,0.1919952537422417,1.0,0.0,0.0,0.053019859641790346,37.76863201194914,1.0,1.0,0.2,0.0,0.2,
0.1,10,32,0.0,0.0,0.03003578732106339,0.5,0.6384244957296022,1.0,1.0,0.0,0.48579157516360283,39.13557552311694,10.0,1.0,0.4,0.22857142857142856,0.28,0.28888888888888886
0.1,10,33,0.5,0.0,0.3375,0.75,0.9179508696978944,1.0,1.0,0.0,0.39613218340091405,37.94530357844688,8.0,1.0,0.2,0.0,0.2,0.2
0.1,10,34,0.2,0.2,0.21006242707355055,0.4,0.4797938635249447,1.0,0.2,0.0,0.12980885785073032,38.660935257813186,2.2,1.0,0.4,0.4,0.7272727272727273,1.0
0.1,10,35,1.0,1.0,0.9301689860834991,0.25,0.3901646843549863,1.0,1.0,0.0,0.4671485970262438,38.6068081214411,11.0,1.0,0.2,0.0,0.2,0.2
0.1,10,36,1.0,1.0,0.9301689860834991,0.25,0.3901646843549863,1.0,1.0,0.0,0.346731480024755,40.39427910264066,12.0,1.0,0.2,0.0,0.2,0.2
0.1,10,37,0.5,0.0,0.3375,0.0,0.1919952537422417,1.0,1.0,0.0,0.3509339001961052,37.078918886167365,11.0,1.0,0.2,0.0,0.2,0.2
0.1,10,38,0.5,0.0,0.3375,0.5,0.6384244957296022,1.0,1.0,0.0,0.40907861799933015,39.13815543933325,14.0,1.0,0.2,0.0,0.2,0.2
0.1,10,39,1.0,1.0,0.9301689860834991,0.25,0.3901646843549863,1.0,1.0,0.0,0.2835687913931906,38.84901152110725,8.0,1.0,0.2,0.0,0.2,0.2
0.1,10,40,0.5,0.0,0.3375,0.25,0.3901646843549863,0.9333333333333332,1.0,0.0,0.4266600620467216,39.84492694096022,15.0,1.0,0.2,0.0,0.18666666666666668,0.2
0.1,10,41,1.0,1.0,0.9301689860834991,0.25,0.3901646843549863,1.0,0.0,0.0,0.07371504376642402,40.71474679732408,1.0,1.0,0.2,0.0,0.2,
0.1,10,42,0.0,0.0,0.03003578732106339,0.0,0.1919952537422417,1.0,1.0,0.0,0.10099717895500362,39.64306726145079,2.0,1.0,0.2,0.0,0.2,0.2
0.1,10,43,0.9,0.8,0.8116351888667992,0.6,0.7727597465067639,1.0,0.8,0.0,0.38964538061991333,37.77368370560587,7.4,1.0,0.4,0.3555555555555555,0.24324324324324326,0.25
0.1,10,44,1.0,1.0,0.9301689860834991,0.25,0.3901646843549863,1.0,0.0,0.0,0.057242908794432834,38.45684992125228,1.0,1.0,0.4,0.0,0.2,
0.1,10,45,0.3,0.2,0.2715552696093379,0.4,0.5453738836984912,0.9229145795765712,1.0,0.0,0.9008468570187688,38.505140852764825,28.4,1.0,0.6,0.5512033377250768,0.4068965517241379,0.5714285714285714
0.1,10,46,1.0,1.0,0.9301689860834991,0.75,0.9179508696978944,1.0,1.0,0.0,0.40158065464347603,39.86932705874017,14.0,1.0,0.2,0.0,0.2,0.2
0.1,10,47,0.8,0.8,0.750142346331012,0.7,0.8620455949042359,0.9751196172248804,1.0,0.0,0.9066247693728655,37.63484934095347,28.2,1.0,0.6,0.3744530244530244,0.3191489361702128,0.45588235294117646
0.1,10,48,0.5,0.0,0.3375,0.0,0.1919952537422417,1.0,1.0,0.0,0.13197084218263622,38.018890960865505,2.0,1.0,0.2,0.0,0.2,0.2
0.1,10,49,0.0,0.0,0.03003578732106339,0.0,0.1919952537422417,1.0,0.0,0.0,0.07784635922871527,38.54421444051131,1.0,1.0,0.2,0.0,0.2,
0.3,1,0,1.0,1.0,0.9301689860834991,0.5,0.6384244957296022,1.0,1.0,0.0,0.4173102191649377,43.1335051970628,14.0,1.0,0.2,0.0,0.2,0.2
0.3,1,1,0.0,0.0,0.03003578732106339,0.25,0.3901646843549863,1.0,1.0,0.0,0.1851861865725368,43.1998204480657,6.0,1.0,0.4,0.2,0.2,0.24
0.3,1,2,0.5,0.0,0.3375,0.25,0.3901646843549863,1.0,1.0,0.0,0.2787983939982951,43.04220013334752,9.0,1.0,0.2,0.0,0.2,0.2
0.3,1,3,0.0,0.0,0.03003578732106339,0.25,0.3901646843549863,1.0,1.0,0.0,0.18565535400994113,43.09099509860159,6.0,1.0,0.2,0.0,0.2,0.2
0.3,1,4,0.0,0.0,0.03003578732106339,0.25,0.3901646843549863,1.0,1.0,0.0,0.09279536860994989,43.10569370601938,2.0,1.0,0.2,0.0,0.2,0.2
0.3,1,5,0.0,0.0,0.03003578732106339,0.0,0.1919952537422417,1.0,1.0,0.0,0.06941059203818434,43.22109986794143,2.0,1.0,0.2,0.0,0.2,0.2
0.3,1,6,1.0,1.0,0.9301689860834991,0.75,0.9179508696978944,0.9583333333333334,1.0,0.0,0.6243868666235357,43.24242440546029,24.0,1.0,0.2,0.0,0.18333333333333332,0.2
0.3,1,7,0.0,0.0,0.03003578732106339,0.3,0.4398166466299095,0.9904761904761905,1.0,0.0,0.4554489830508828,43.06715126132715,12.6,1.0,0.6,0.370703933747412,0.32857142857142857,0.46153846153846156
0.3,1,8,0.0,0.0,0.03003578732106339,0.0,0.1919952537422417,1.0,0.0,0.0,0.0463301306124776,43.1685218272204,1.0,1.0,0.2,0.0,0.2,
0.3,1,9,0.0,0.0,0.03003578732106339,0.0,0.1919952537422417,1.0,0.0,0.0,0.06946741640567775,43.18582998083376,1.0,1.0,0.2,0.0,0.2,
0.3,1,10,1.0,1.0,0.9301689860834991,0.75,0.9179508696978944,0.9615384615384615,1.0,0.0,0.7186095646116882,43.138914481598555,26.0,1.0,0.2,0.0,0.19230769230769232,0.2
0.3,1,11,0.0,0.0,0.03003578732106339,0.25,0.3901646843549863,1.0,0.0,0.0,0.06961200861260292,43.09609587608874,1.0,1.0,0.2,0.0,0.2,
0.3,1,12,0.5,0.0,0.3375,0.5,0.6384244957296022,1.0,1.0,0.0,0.4176651269663125,43.096743557101576,13.0,1.0,0.2,0.0,0.2,0.2
0.3,1,13,0.5,0.0,0.3375,0.25,0.3901646843549863,1.0,1.0,0.0,0.13951306319795548,43.00709062832898,4.0,1.0,0.2,0.0,0.2,0.2
0.3,1,14,0.5,0.0,0.3375,0.0,0.1919952537422417,1.0,0.0,0.0,0.06987881520763037,42.93154795442606,1.0,1.0,0.2,0.0,0.2,
0.3,1,15,1.0,1.0,0.9301689860834991,0.25,0.3901646843549863,1.0,1.0,0.0,0.18752972055226563,42.66207832092927,6.0,1.0,0.2,0.0,0.2,0.2
0.3,1,16,0.0,0.0,0.03003578732106339,0.25,0.3901646843549863,1.0,1.0,0.0,0.3943175301421434,43.11247981973003,8.0,1.0,0.2,0.0,0.2,0.2
0.3,1,17,0.0,0.0,0.03003578732106339,0.25,0.3901646843549863,1.0,1.0,0.0,0.5101208492647856,43.127045178505924,18.0,1.0,0.2,0.0,0.18888888888888888,0.2
0.3,1,18,1.0,1.0,0.9301689860834991,0.75,0.9179508696978944,0.825,1.0,0.0,1.115835234383121,43.01754455763147,40.0,0.0,0.2,0.0,0.165,0.2
0.3,1,19,1.0,1.0,0.9301689860834991,0.25,0.3901646843549863,1.0,0.0,0.0,0.046442952286452024,43.06365214578684,1.0,1.0,0.2,0.0,0.2,
0.3,1,20,0.5,0.0,0.3375,0.5,0.6384244957296022,1.0,1.0,0.0,0.30107282954268155,43.17893608925006,11.0,1.0,0.2,0.0,0.18181818181818182,0.2
0.3,1,21,0.0,0.0,0.03003578732106339,0.25,0.3901646843549863,1.0,1.0,0.0,0.5342683193739504,43.04964923675794,14.0,1.0,0.2,0.0,0.2,0.2
0.3,1,22,0.5,0.0,0.3375,0.25,0.3901646843549863,0.9032258064516128,1.0,0.0,1.1145209015812725,43.06813879369074,31.0,0.0,0.2,0.0,0.17419354838709677,0.2
0.3,1,23,0.5,0.0,0.3375,0.25,0.3901646843549863,1.0,1.0,0.0,0.1620055019855499,43.20844185858846,3.0,1.0,0.2,0.0,0.2,0.2
0.3,1,24,0.0,0.0,0.03003578732106339,0.5,0.6384244957296022,0.8648648648648649,1.0,0.0,1.1111149583477526,43.19985677414654,37.0,0.0,0.2,0.0,0.17222222222222222,0.2
0.3,1,25,1.0,1.0,0.9301689860834991,0.75,0.9179508696978944,1.0,1.0,0.0,0.2097005081363022,42.920011717613036,5.0,1.0,0.2,0.0,0.2,0.2
0.3,1,26,1.0,1.0,0.9301689860834991,0.85,0.886094753900648,0.8912698412698411,0.9846153846153847,0.0,1.1133330842945726,43.11391456538557,27.6,0.0,0.4,0.24999999999999994,0.21818181818181817,0.2625
0.3,1,27,0.0,0.0,0.03003578732106339,0.25,0.3901646843549863,1.0,1.0,0.0,0.18545108176767816,43.13808630070855,5.0,1.0,0.2,0.0,0.2,0.2
0.3,1,28,0.0,0.0,0.03003578732106339,0.25,0.3901646843549863,0.888888888888889,1.0,0.0,0.9058852051384747,43.05188839929092,18.0,1.0,0.2,0.0,0.17142857142857143,0.2
0.3,1,29,0.5,0.0,0.3375,0.25,0.3901646843549863,0.972972972972973,1.0,0.0,1.112549305986613,43.14426045845781,37.0,0.0,0.2,0.0,0.1945945945945946,0.2
0.3,1,30,0.0,0.0,0.03003578732106339,0.25,0.3901646843549863,1.0,1.0,0.0,0.3015451352111995,43.11131152506383,7.0,1.0,0.2,0.0,0.2,0.2
0.3,1,31,0.0,0.0,0.03003578732106339,0.0,0.1919952537422417,1.0,0.0,0.0,0.04675221862271424,42.780375402904305,1.0,1.0,0.2,0.0,0.2,
0.3,1,32,0.0,0.0,0.03003578732106339,0.5,0.6384244957296022,1.0,1.0,0.0,0.440153417410329,43.166767604054435,10.0,1.0,0.2,0.0,0.2,0.2
0.3,1,33,0.5,0.0,0.3375,0.75,0.9179508696978944,1.0,1.0,0.0,0.3480444877874106,43.09798212836258,8.0,1.0,0.2,0.0,0.2,0.2
0.3,1,34,0.0,0.0,0.03003578732106339,0.25,0.3901646843549863,1.0,0.0,0.0,0.09337252154946322,42.83923150962251,1.0,1.0,0.2,0.0,0.2,
0.3,1,35,1.0,1.0,0.9301689860834991,0.25,0.3901646843549863,1.0,1.0,0.0,0.4176195280160755,43.10147955738138,11.0,1.0,0.2,0.0,0.2,0.2
0.3,1,36,1.0,1.0,0.9301689860834991,0.25,0.3901646843549863,1.0,1.0,0.0,0.32579687554389236,42.97179791111225,12.0,1.0,0.2,0.0,0.2,0.2
0.3,1,37,0.5,0.0,0.3375,0.0,0.1919952537422417,1.0,1.0,0.0,0.30134420436806975,43.140045763572694,11.0,1.0,0.2,0.0,0.2,0.2
0.3,1,38,0.5,0.0,0.3375,0.5,0.6384244957296022,1.0,1.0,0.0,0.3715921230148524,43.05804430105387,14.0,1.0,0.2,0.0,0.2,0.2
0.3,1,39,1.0,1.0,0.9301689860834991,0.25,0.3901646843549863,1.0,1.0,0.0,0.25530774402432144,43.08535930522213,8.0,1.0,0.2,0.0,0.2,0.2
0.3,1,40,0.5,0.0,0.3375,0.25,0.3901646843549863,0.9333333333333332,1.0,0.0,0.39417702574282887,43.12785917834094,15.0,1.0,0.2,0.0,0.18666666666666668,0.2
0.3,1,41,1.0,1.0,0.9301689860834991,0.25,0.3901646843549863,1.0,0.0,0.0,0.06963663022033868,43.08081284186267,1.0,1.0,0.2,0.0,0.2,
0.3,1,42,0.0,0.0,0.03003578732106339,0.0,0.1919952537422417,1.0,1.0,0.0,0.09306816216558214,42.98023050226788,2.0,1.0,0.2,0.0,0.2,0.2
0.3,1,43,1.0,1.0,0.9301689860834991,0.75,0.9179508696978944,1.0,1.0,0.0,0.39423262476921084,43.12179491948163,9.0,1.0,0.2,0.0,0.2,0.2
0.3,1,44,1.0,1.0,0.9301689860834991,0.25,0.3901646843549863,1.0,0.0,0.0,0.0468715575523674,42.66997608983435,1.0,1.0,0.2,0.0,0.2,
0.3,1,45,0.0,0.0,0.03003578732106339,0.25,0.3901646843549863,0.9565217391304348,1.0,0.0,0.6955061574466527,43.134087273789035,23.0,1.0,0.2,0.0,0.19166666666666668,0.2
0.3,1,46,1.0,1.0,0.9301689860834991,0.75,0.9179508696978944,1.0,1.0,0.0,0.3723569250199944,42.969832209703505,14.0,1.0,0.2,0.0,0.2,0.2
0.3,1,47,0.8,0.6,0.6931013916500994,0.65,0.8061403201105776,0.950877192982456,1.0,0.0,0.779738977830857,43.102889810735505,28.0,1.0,0.6,0.49993534204060525,0.3357142857142857,0.4740740740740741
0.3,1,48,0.5,0.0,0.3375,0.0,0.1919952537422417,1.0,1.0,0.0,0.1161307061091065,43.05496289060976,2.0,1.0,0.2,0.0,0.2,0.2
0.3,1,49,0.0,0.0,0.03003578732106339,0.0,0.1919952537422417,1.0,0.0,0.0,0.06946287681348619,43.18854916638466,1.0,1.0,0.2,0.0,0.2,
0.3,2,0,1.0,1.0,0.9301689860834991,0.6,0.7502350453169192,0.9846153846153847,1.0,0.0,0.3990142044611275,43.095321096937155,13.2,1.0,0.6,0.5567028985507246,0.38235294117647056,0.4603174603174603
0.3,2,1,0.0,0.0,0.03003578732106339,0.25,0.3901646843549863,1.0,1.0,0.0,0.18584173517301678,43.047879361628546,6.0,1.0,0.4,0.13333333333333336,0.2,0.24
0.3,2,2,0.6,0.2,0.4560337972166998,0.35,0.4894686089048327,1.0,1.0,0.0,0.3287207464221865,43.188118976614064,10.8,1.0,0.6,0.65,0.5,0.5102040816326531
0.3,2,3,0.0,0.0,0.03003578732106339,0.25,0.3901646843549863,1.0,1.0,0.0,0.1851427733432501,43.20994035691202,6.0,1.0,0.4,0.1714285714285714,0.23333333333333334,0.28
0.3,2,4,0.0,0.0,0.03003578732106339,0.25,0.3901646843549863,1.0,0.8,0.0,0.08811524780467148,43.13080310227153,1.8,1.0,0.4,0.2,0.2222222222222222,0.25
0.3,2,5,0.0,0.0,0.03003578732106339,0.0,0.1919952537422417,1.0,1.0,0.0,0.07005162821151312,42.82657751506484,2.0,1.0,0.2,0.0,0.2,0.2
0.3,2,6,0.6,0.6,0.5701157065785248,0.65,0.8061403201105776,0.8580401002506266,0.993103448275862,0.0,0.838950898591429,43.136214764188416,31.4,1.0,1.0,0.4991912519853695,0.27388535031847133,0.3881578947368421
0.3,2,7,0.1,0.0,0.09152862985685072,0.5,0.6446778082483375,0.9000333740333742,1.0,0.0,0.7318926930427552,42.91357154371168,22.8,1.0,1.0,0.674954275609448,0.42016806722689076,0.6578947368421053
0.3,2,8,0.0,0.0,0.03003578732106339,0.0,0.1919952537422417,1.0,0.0,0.0,0.04670839500613504,42.82102182163743,1.0,1.0,0.2,0.0,0.2,
0.3,2,9,0.0,0.0,0.03003578732106339,0.0,0.1919952537422417,1.0,0.0,0.0,0.06952655599452551,43.14920513662327,1.0,1.0,0.2,0.0,0.2,
0.3,2,10,1.0,1.0,0.9301689860834991,0.75,0.9179508696978944,0.9558974358974359,1.0,0.0,0.737930158432573,43.09375772922713,26.8,1.0,0.6,0.14454869727047143,0.23880597014925373,0.2868217054263566
0.3,2,11,0.0,0.0,0.03003578732106339,0.25,0.3901646843549863,1.0,0.0,0.0,0.07000845097936684,42.85306184097662,1.0,1.0,0.2,0.0,0.2,
0.3,2,12,0.5,0.0,0.3375,0.5,0.6384244957296022,1.0,1.0,0.0,0.42051666183397174,42.804818510292066,13.0,1.0,0.2,0.0,0.2,0.2
0.3,2,13,0.3,0.0,0.21451431492842535,0.25,0.3901646843549863,1.0,1.0,0.0,0.2611182592343539,42.88452611521207,9.0,1.0,0.6,0.6733333333333333,0.4444444444444444,0.475
0.3,2,14,0.5,0.0,0.3375,0.0,0.1919952537422417,1.0,0.0,0.0,0.06985773583874103,42.945633432153166,1.0,1.0,0.2,0.0,0.2,
0.3,2,15,1.0,1.0,0.9301689860834991,0.25,0.3901646843549863,1.0,1.0,0.0,0.1857491367962211,43.06891126719796,6.0,1.0,0.2,0.0,0.2,0.2
0.3,2,16,0.0,0.0,0.03003578732106339,0.25,0.3901646843549863,1.0,1.0,0.0,0.3946789174340665,43.073038312510946,8.0,1.0,0.2,0.0,0.2,0.2
0.3,2,17,0.0,0.0,0.03003578732106339,0.25,0.3901646843549863,0.9888888888888889,1.0,0.0,0.5124788935761899,42.92946186763565,18.0,1.0,0.4,0.02352941176470589,0.18888888888888888,0.2235294117647059
0.3,2,18,0.6,0.2,0.4560337972166998,0.45,0.5950258459734143,0.8771158665895509,0.9947368421052631,0.0,0.8093919160310179,43.00695523887279,28.8,0.8,1.0,0.7666831008719812,0.4896551724137931,0.75
0.3,2,19,1.0,1.0,0.9301689860834991,0.25,0.3901646843549863,1.0,0.0,0.0,0.04644298381172118,43.06357192254959,1.0,1.0,0.2,0.0,0.2,
0.3,2,20,0.5,0.0,0.3375,0.5,0.6384244957296022,1.0,1.0,0.0,0.3012112666852772,43.159099368505636,11.0,1.0,0.4,0.15,0.21818181818181817,0.28
0.3,2,21,0.1,0.0,0.0915286298568507,0.4,0.5391205711797559,0.9916666666666668,1.0,0.0,0.5631197282578796,42.9740283029538,15.8,1.0,0.8,0.5117481024667933,0.4430379746835443,0.5945945945945946
0.3,2,22,0.3,0.0,0.21451431492842543,0.25,0.3901646843549863,0.9018153889121632,1.0,0.0,1.1065401583909988,43.01857826690736,32.4,0.2,1.0,0.45098478305715145,0.2857142857142857,0.3782051282051282
0.3,2,23,0.5,0.0,0.3375,0.25,0.3901646843549863,1.0,1.0,0.0,0.16204655617475505,43.19748453149988,3.0,1.0,0.2,0.0,0.2,0.2
0.3,2,24,0.0,0.0,0.03003578732106339,0.4,0.5391205711797559,0.8831581581581581,1.0,0.0,0.8347978163976222,43.126364579250435,25.6,0.8,1.0,0.6308318946807172,0.47863247863247865,0.6517857142857143
0.3,2,25,1.0,1.0,0.9301689860834991,0.75,0.9179508696978944,1.0,1.0,0.0,0.19926864653825757,43.156823565722775,4.8,1.0,0.6,0.33333333333333337,0.2916666666666667,0.3684210526315789
0.3,2,26,1.0,1.0,0.9301689860834991,0.85,0.886094753900648,0.9041094171528954,0.9575899141116533,0.0,1.0815092523116618,43.089062364093465,24.8,0.2,1.0,0.4450455059514834,0.29936305732484075,0.4342105263157895
0.3,2,27,0.2,0.0,0.15302147239263802,0.25,0.3901646843549863,1.0,1.0,0.0,0.14848580276593565,43.09607664566502,4.2,1.0,0.4,0.5142857142857145,0.3333333333333333,0.375
0.3,2,28,0.0,0.0,0.03003578732106339,0.25,0.3901646843549863,0.9063492063492063,1.0,0.0,0.7388709530234336,43.05073461774512,14.8,1.0,0.6,0.3221967963386728,0.27710843373493976,0.358974358974359
0.3,2,29,0.5,0.0,0.3375,0.35,0.4894686089048327,0.965260098808486,1.0,0.0,1.1158682454377413,43.015939848731556,34.4,0.0,1.0,0.42678724420007014,0.3275862068965517,0.4260355029585799
0.3,2,30,0.0,0.0,0.03003578732106339,0.3,0.4398166466299095,1.0,1.0,0.0,0.42768486998975275,42.981803887174095,8.0,1.0,0.6,0.28363636363636363,0.3,0.4
0.3,2,31,0.0,0.0,0.03003578732106339,0.0,0.1919952537422417,1.0,0.0,0.0,0.047210122877731873,42.36445469949453,1.0,1.0,0.2,0.0,0.2,
0.3,2,32,0.0,0.0,0.03003578732106339,0.5,0.6384244957296022,0.9692307692307691,1.0,0.0,0.49126225695945325,43.155761679110206,10.6,1.0,0.4,0.12307692307692308,0.24074074074074073,0.30612244897959184
0.3,2,33,0.5,0.0,0.3375,0.75,0.9179508696978944,1.0,1.0,0.0,0.35047723464667796,42.79894336749416,8.0,1.0,0.2,0.0,0.2,0.2
0.3,2,34,0.4,0.4,0.39008906682603767,0.55,0.5694230426949031,1.0,0.4,0.0,0.13931518099270757,43.049451561497634,3.4,1.0,0.6,0.6444444444444445,0.5882352941176471,0.75
0.3,2,35,1.0,1.0,0.9301689860834991,0.25,0.3901646843549863,1.0,1.0,0.0,0.4176495625637472,43.098353236790636,11.0,1.0,0.2,0.0,0.2,0.2
0.3,2,36,0.8,0.8,0.750142346331012,0.25,0.3901646843549863,1.0,1.0,0.0,0.33968219687230883,42.9783712089278,12.6,1.0,0.6,0.13740384615384613,0.25396825396825395,0.29310344827586204
0.3,2,37,0.5,0.0,0.3375,0.0,0.1919952537422417,0.9833333333333332,1.0,0.0,0.30638404437340794,43.08271856031262,11.2,1.0,0.4,0.17142857142857143,0.25,0.3137254901960784
0.3,2,38,0.5,0.0,0.3375,0.5,0.6384244957296022,1.0,1.0,0.0,0.3745311973616481,42.725421581532096,14.0,1.0,0.2,0.0,0.2,0.2
0.3,2,39,1.0,1.0,0.9301689860834991,0.25,0.3901646843549863,1.0,1.0,0.0,0.26437189974822106,43.12401839835327,8.4,1.0,0.4,0.2,0.2857142857142857,0.35135135135135137
0.3,2,40,0.7,0.4,0.5745675944333997,0.4,0.5453738836984912,0.9532832080200502,1.0,0.0,0.4365376246161759,43.06922843591615,16.2,1.0,0.8,0.5723523322372428,0.41975308641975306,0.5526315789473685
0.3,2,41,1.0,1.0,0.9301689860834991,0.25,0.3901646843549863,1.0,0.0,0.0,0.06958149462006982,43.11499828535299,1.0,1.0,0.2,0.0,0.2,
0.3,2,42,0.0,0.0,0.03003578732106339,0.0,0.1919952537422417,1.0,1.0,0.0,0.09339647302404044,42.828717919340725,2.0,1.0,0.2,0.0,0.2,0.2
0.3,2,43,0.7,0.4,0.5745675944333997,0.3,0.48237750012450287,1.0,0.4,0.0,0.23200363530777396,43.073064258430385,3.8,1.0,0.4,0.525,0.42105263157894735,0.5
0.3,2,44,1.0,1.0,0.9301689860834991,0.25,0.3901646843549863,1.0,0.0,0.0,0.06505315098911517,43.03509776738311,1.0,1.0,0.4,0.0,0.2,
0.3,2,45,0.7,0.6,0.6316085491143121,0.6,0.7564883578356544,0.9346217703114255,1.0,0.0,0.8494099477771669,43.0895310800364,29.6,0.8,0.8,0.6472889029825767,0.42857142857142855,0.5906040268456376
0.3,2,46,1.0,1.0,0.9301689860834991,0.75,0.9179508696978944,1.0,1.0,0.0,0.37193451533094046,43.01891035783568,14.0,1.0,0.2,0.0,0.2,0.2
0.3,2,47,0.5,0.4,0.4515819093618251,0.6,0.7502350453169192,0.8884244926040592,0.9945945945945945,0.0,0.8179893464315683,43.04199040501977,28.8,1.0,1.0,0.6651028516530193,0.3888888888888889,0.6906474820143885
0.3,2,48,0.5,0.0,0.3375,0.0,0.1919952537422417,1.0,1.0,0.0,0.11628350322134791,42.9992897492084,2.0,1.0,0.2,0.0,0.2,0.2
0.3,2,49,0.0,0.0,0.03003578732106339,0.0,0.1919952537422417,1.0,0.0,0.0,0.06958420737646516,43.11328003818546,1.0,1.0,0.2,0.0,0.2,
0.3,5,0,1.0,1.0,0.9301689860834991,0.5,0.6384244957296022,1.0,1.0,0.0,0.41876580081880094,42.98461699310659,14.0,1.0,0.2,0.0,0.2,0.2
0.3,5,1,0.0,0.0,0.03003578732106339,0.25,0.3901646843549863,1.0,1.0,0.0,0.22221092656254768,43.20631238292577,7.6,1.0,0.8,0.49580808080808075,0.34210526315789475,0.45454545454545453
0.3,5,2,0.6,0.2,0.4560337972166998,0.3,0.4398166466299095,1.0,1.0,0.0,0.31019231397658587,43.20412133251439,10.0,1.0,0.6,0.6849999999999999,0.58,0.6222222222222222
0.3,5,3,0.0,0.0,0.03003578732106339,0.25,0.3901646843549863,1.0,1.0,0.0,0.18512830543331799,43.21328423883349,6.0,1.0,0.4,0.1714285714285714,0.23333333333333334,0.28
0.3,5,4,0.0,0.0,0.03003578732106339,0.25,0.3901646843549863,1.0,1.0,0.0,0.09319646344520148,42.92126417997004,2.0,1.0,0.2,0.0,0.2,0.2
0.3,5,5,0.0,0.0,0.03003578732106339,0.0,0.1919952537422417,1.0,1.0,0.0,0.06945655737072226,43.19247655564737,2.0,1.0,0.2,0.0,0.2,0.2
0.3,5,6,0.7,0.6,0.6316085491143121,0.65,0.8061403201105776,0.959948717948718,1.0,0.0,0.8257896738126874,43.10120393310886,30.2,0.6,0.8,0.5139179310330361,0.4,0.5172413793103449
0.3,5,7,0.0,0.0,0.03003578732106339,0.5,0.6384244957296022,0.9483320600967661,1.0,0.0,0.6447271227836608,43.11841629016308,19.6,1.0,0.8,0.5149488850045023,0.3619047619047619,0.52
0.3,5,8,0.0,0.0,0.03003578732106339,0.0,0.1919952537422417,1.0,0.0,0.0,0.046345720347017,43.15402762263782,1.0,1.0,0.2,0.0,0.2,
0.3,5,9,0.0,0.0,0.03003578732106339,0.0,0.1919952537422417,1.0,0.0,0.0,0.06966402260586614,43.06450250492823,1.0,1.0,0.2,0.0,0.2,
0.3,5,10,1.0,1.0,0.9301689860834991,0.75,0.9179508696978944,0.9638013838013839,1.0,0.0,0.7742530179675668,42.882156761358,28.0,1.0,0.6,0.2479761904761905,0.3,0.37037037037037035
0.3,5,11,0.0,0.0,0.03003578732106339,0.25,0.3901646843549863,0.9846153846153847,0.2,0.0,0.13482167362235478,43.051678781974786,3.4,1.0,0.4,0.36923076923076925,0.7222222222222222,1.0
0.3,5,12,0.4,0.0,0.2760071574642127,0.5,0.6384244957296022,1.0,1.0,0.0,0.43605771181173625,43.11460309067328,10.8,1.0,0.4,0.3529411764705882,0.29310344827586204,0.3018867924528302
0.3,5,13,0.4,0.0,0.2760071574642128,0.25,0.3901646843549863,1.0,1.0,0.0,0.19015051946043968,43.11425760192365,6.2,1.0,0.4,0.29333333333333333,0.4838709677419355,0.5384615384615384
0.3,5,14,0.5,0.0,0.3375,0.0,0.1919952537422417,1.0,0.0,0.0,0.06980037582106885,42.9800880380903,1.0,1.0,0.2,0.0,0.2,
0.3,5,15,1.0,1.0,0.9301689860834991,0.25,0.3901646843549863,1.0,1.0,0.0,0.18738622362725432,42.703501457664935,6.0,1.0,0.2,0.0,0.2,0.2
0.3,5,16,0.0,0.0,0.03003578732106339,0.25,0.3901646843549863,1.0,1.0,0.0,0.3942633593920618,43.11842158660311,8.0,1.0,0.2,0.0,0.2,0.2
0.3,5,17,0.0,0.0,0.03003578732106339,0.25,0.3901646843549863,0.9666666666666666,1.0,0.0,0.524784087203443,43.06379561984312,18.0,1.0,0.6,0.186218487394958,0.23333333333333334,0.29411764705882354
0.3,5,18,0.5,0.2,0.39454095468091255,0.45,0.5950258459734143,0.9670967741935484,1.0,0.0,0.685254841344431,42.90897234129659,24.2,0.8,1.0,0.7524204282407292,0.5619834710743802,0.8017241379310345
0.3,5,19,1.0,1.0,0.9301689860834991,0.25,0.3901646843549863,1.0,0.0,0.0,0.04642151440493758,43.083545869812276,1.0,1.0,0.2,0.0,0.2,
0.3,5,20,0.5,0.0,0.3375,0.5,0.6384244957296022,1.0,1.0,0.0,0.29666852159425616,43.146074942478,10.6,1.0,0.8,0.4889934820081878,0.3584905660377358,0.5
0.3,5,21,0.2,0.0,0.15302147239263802,0.45,0.5950258459734143,0.9682820512820512,1.0,0.0,0.6276103474665433,43.01915058652823,18.0,1.0,1.0,0.5321818812995284,0.4065934065934066,0.5930232558139535
0.3,5,22,0.4,0.0,0.27600715746421267,0.25,0.3901646843549863,0.898946199169323,0.9939393939393939,0.0,0.9994093215558678,43.02261614248146,29.0,0.6,1.0,0.5881591674974028,0.3904109589041096,0.5390070921985816
0.3,5,23,0.5,0.0,0.3375,0.2,0.3505307982324374,1.0,1.0,0.0,0.15739770401269193,43.20187891077269,3.0,1.0,0.4,0.32,0.3333333333333333,0.4
0.3,5,24,0.0,0.0,0.03003578732106339,0.3,0.4398166466299095,0.9438852813852815,1.0,0.0,0.5424960772041232,43.13132493164734,16.0,1.0,1.0,0.7627986754175209,0.589041095890411,0.7794117647058824
0.3,5,25,1.0,1.0,0.9301689860834991,0.75,0.9179508696978944,1.0,1.0,0.0,0.20875279176980252,43.113320430241316,5.0,1.0,0.4,0.13333333333333336,0.24,0.25
0.3,5,26,1.0,1.0,0.9301689860834991,0.85,0.886094753900648,0.8621693121693121,0.9752012882447664,0.0,1.0948852135334164,43.111036196148994,26.0,0.2,1.0,0.4028646615385966,0.2608695652173913,0.46153846153846156
0.3,5,27,0.0,0.0,0.03003578732106339,0.25,0.3901646843549863,1.0,1.0,0.0,0.18540124264545738,43.149677451415144,5.0,1.0,0.2,0.0,0.2,0.2
0.3,5,28,0.0,0.0,0.03003578732106339,0.25,0.3901646843549863,0.881232492997199,1.0,0.0,0.8368620136287064,43.02340079080494,17.0,1.0,0.6,0.3864229249011858,0.23958333333333334,0.31868131868131866
0.3,5,29,0.2,0.0,0.15302147239263802,0.2,0.3505307982324374,0.9366106442577029,1.0,0.0,1.044161756383255,43.09016148326831,34.6,0.4,0.8,0.6394822687572346,0.38285714285714284,0.5647058823529412
0.3,5,30,0.1,0.0,0.0915286298568507,0.35,0.4894686089048327,1.0,1.0,0.0,0.39382901825010774,43.16004154107887,8.0,1.0,0.8,0.34475524475524477,0.35,0.4857142857142857
0.3,5,31,0.0,0.0,0.03003578732106339,0.0,0.1919952537422417,1.0,0.0,0.0,0.04675309038721018,42.77963834630451,1.0,1.0,0.2,0.0,0.2,
0.3,5,32,0.0,0.0,0.03003578732106339,0.5,0.6384244957296022,1.0,1.0,0.0,0.44619071763008833,43.031071072652445,10.2,1.0,0.8,0.4943452380952381,0.39215686274509803,0.45652173913043476
0.3,5,33,0.5,0.0,0.3375,0.75,0.9179508696978944,1.0,1.0,0.0,0.3481449466664344,43.085525443998215,8.0,1.0,0.2,0.0,0.2,0.2
0.3,5,34,0.2,0.2,0.21006242707355055,0.4,0.4797938635249447,1.0,0.2,0.0,0.11663613980635996,42.8240572502777,2.2,1.0,0.4,0.4,0.7272727272727273,1.0
0.3,5,35,1.0,1.0,0.9301689860834991,0.25,0.3901646843549863,1.0,1.0,0.0,0.41728572905994954,43.13591673959568,11.0,1.0,0.2,0.0,0.2,0.2
0.3,5,36,1.0,1.0,0.9301689860834991,0.25,0.3901646843549863,1.0,1.0,0.0,0.32511854292824865,43.06126517539874,12.0,1.0,0.2,0.0,0.2,0.2
0.3,5,37,0.5,0.0,0.3375,0.0,0.1919952537422417,1.0,1.0,0.0,0.30154209225438533,43.111739742831574,11.0,1.0,0.2,0.0,0.2,0.2
0.3,5,38,0.5,0.0,0.3375,0.5,0.6384244957296022,1.0,1.0,0.0,0.3717938935384154,43.03469919883587,14.0,1.0,0.2,0.0,0.2,0.2
0.3,5,39,0.9,0.8,0.8116351888667992,0.3,0.4398166466299095,1.0,1.0,0.0,0.3064159314148128,43.077747679760066,10.0,1.0,0.4,0.34782608695652173,0.46,0.5333333333333333
0.3,5,40,0.6,0.2,0.4560337972166998,0.35,0.4957219214235679,0.9480519480519481,1.0,0.0,0.41524911057204006,42.84085311209926,15.6,1.0,0.6,0.38879598662207354,0.34615384615384615,0.4520547945205479
0.3,5,41,1.0,1.0,0.9301689860834991,0.25,0.3901646843549863,1.0,0.0,0.0,0.06959805022925136,43.104807477222984,1.0,1.0,0.2,0.0,0.2,
0.3,5,42,0.0,0.0,0.03003578732106339,0.0,0.1919952537422417,1.0,1.0,0.0,0.09275658656843004,43.12363120829993,2.0,1.0,0.2,0.0,0.2,0.2
0.3,5,43,1.0,1.0,0.9301689860834991,0.75,0.9179508696978944,1.0,1.0,0.0,0.38966704141348596,43.113461061219795,8.8,1.0,0.4,0.12000000000000002,0.22727272727272727,0.28205128205128205
0.3,5,44,1.0,1.0,0.9301689860834991,0.25,0.3901646843549863,1.0,0.0,0.0,0.05576617866754526,43.028679050730794,1.0,1.0,0.4,0.0,0.2,
0.3,5,45,0.2,0.2,0.21006242707355055,0.35,0.495721921423568,0.9389005016722407,1.0,0.0,0.7116772740613669,42.99370300258739,24.6,1.0,0.8,0.5564083072003211,0.368,0.5083333333333333
0.3,5,46,1.0,1.0,0.9301689860834991,0.75,0.9179508696978944,1.0,1.0,0.0,0.3727541716303676,42.92695242449976,14.0,1.0,0.2,0.0,0.2,0.2
0.3,5,47,0.6,0.6,0.5701157065785248,0.65,0.8061403201105776,0.953448959970699,1.0,0.0,0.7646349240560084,42.87481348292399,27.4,1.0,1.0,0.6265900533222981,0.43478260869565216,0.6917293233082706
0.3,5,48,0.5,0.0,0.3375,0.0,0.1919952537422417,1.0,1.0,0.0,0.11610587839968496,43.06418234757175,2.0,1.0,0.2,0.0,0.2,0.2
0.3,5,49,0.0,0.0,0.03003578732106339,0.0,0.1919952537422417,1.0,0.0,0.0,0.06954294224269683,43.13885494604672,1.0,1.0,0.2,0.0,0.2,
0.3,10,0,1.0,1.0,0.9301689860834991,0.5,0.6384244957296022,1.0,1.0,0.0,0.42404718762263655,42.45945187235086,14.0,1.0,0.2,0.0,0.2,0.2
0.3,10,1,0.0,0.0,0.03003578732106339,0.25,0.3901646843549863,1.0,1.0,0.0,0.19530390477739273,43.005615394361214,6.0,1.0,0.6,0.3142857142857143,0.23333333333333334,0.32
0.3,10,2,0.6,0.2,0.4560337972166998,0.4,0.5391205711797559,0.9866666666666667,1.0,0.0,0.40617061536759136,43.82265235284662,14.0,1.0,1.0,0.8246638964380899,0.5857142857142857,0.6923076923076923
0.3,10,3,0.0,0.0,0.03003578732106339,0.25,0.3901646843549863,1.0,1.0,0.0,0.17794278590008614,43.83242388921715,5.8,1.0,0.6,0.425,0.3103448275862069,0.4166666666666667
0.3,10,4,0.0,0.0,0.03003578732106339,0.25,0.3901646843549863,1.0,0.8,0.0,0.08678627819754178,43.78579113649578,1.8,1.0,0.4,0.2,0.2222222222222222,0.25
0.3,10,5,0.0,0.0,0.03003578732106339,0.0,0.1919952537422417,1.0,1.0,0.0,0.06871588816866274,43.65820645840791,2.0,1.0,0.2,0.0,0.2,0.2
0.3,10,6,0.3,0.2,0.2715552696093379,0.55,0.6943297705232607,0.8880763394973922,1.0,0.0,0.8617867741733789,43.63418302604238,32.4,1.0,1.0,0.41831438581438585,0.24074074074074073,0.3630573248407643
0.3,10,7,0.1,0.0,0.0915286298568507,0.5,0.6384244957296022,0.9547114845938376,1.0,0.0,0.5355004712473601,43.687543501156384,16.6,1.0,0.8,0.6641271835124909,0.48314606741573035,0.7261904761904762
0.3,10,8,0.0,0.0,0.03003578732106339,0.0,0.1919952537422417,1.0,0.0,0.0,0.0458383504301309,43.632829279953214,1.0,1.0,0.2,0.0,0.2,
0.3,10,9,0.0,0.0,0.03003578732106339,0.0,0.1919952537422417,1.0,0.0,0.0,0.07125048404559488,42.20529643999235,1.0,1.0,0.2,0.0,0.2,
0.3,10,10,1.0,1.0,0.9301689860834991,0.75,0.9179508696978944,0.9549450549450549,1.0,0.0,0.7228563351556658,43.714452606682,26.4,1.0,0.8,0.20292832167832167,0.25,0.33070866141732286
0.3,10,11,0.0,0.0,0.03003578732106339,0.45,0.6012791584921496,0.9826086956521738,0.4,0.0,0.32429055725224315,43.76350767619778,9.8,1.0,0.4,0.575,0.4528301886792453,0.5
0.3,10,12,0.5,0.0,0.3375,0.5,0.6384244957296022,1.0,1.0,0.0,0.4108072673901916,43.81630126885018,13.0,1.0,0.2,0.0,0.2,0.2
0.3,10,13,0.3,0.0,0.21451431492842535,0.25,0.3901646843549863,1.0,1.0,0.0,0.23760802084580063,43.751277374817306,8.4,1.0,0.4,0.44000000000000006,0.35714285714285715,0.3783783783783784
0.3,10,14,0.5,0.0,0.3375,0.0,0.1919952537422417,1.0,0.0,0.0,0.06941000837832688,43.236547673341704,1.0,1.0,0.2,0.0,0.2,
0.3,10,15,1.0,1.0,0.9301689860834991,0.25,0.3901646843549863,1.0,1.0,0.0,0.18297891952097414,43.72144170120242,6.0,1.0,0.2,0.0,0.2,0.2
0.3,10,16,0.0,0.0,0.03003578732106339,0.25,0.3901646843549863,1.0,1.0,0.0,0.40928580132313075,41.53780933740142,8.0,1.0,0.2,0.0,0.2,0.2
0.3,10,17,0.0,0.0,0.03003578732106339,0.25,0.3901646843549863,0.9857142857142858,1.0,0.0,0.4793933106120676,43.42337160839006,16.8,1.0,0.6,0.14705882352941177,0.21428571428571427,0.26582278481012656
0.3,10,18,0.7,0.4,0.5745675944333997,0.5,0.6509311207670727,0.966694701429773,1.0,0.0,0.7140341216698289,41.173199907243635,24.0,0.8,1.0,0.7128556118199165,0.512396694214876,0.6724137931034483
0.3,10,19,1.0,1.0,0.9301689860834991,0.25,0.3901646843549863,1.0,0.0,0.0,0.04563722722232336,43.82422872787576,1.0,1.0,0.2,0.0,0.2,
0.3,10,20,0.5,0.0,0.3375,0.5,0.6384244957296022,1.0,1.0,0.0,0.297298927186057,43.72718198086083,10.8,1.0,0.6,0.37107843137254903,0.3148148148148148,0.42857142857142855
0.3,10,21,0.2,0.0,0.15302147239263805,0.55,0.6943297705232607,0.9452517162471397,1.0,0.0,0.5983742581680417,43.77762194847613,17.2,1.0,1.0,0.5037623161152573,0.4069767441860465,0.6790123456790124
0.3,10,22,0.3,0.0,0.21451431492842535,0.25,0.3901646843549863,0.9121281122419642,1.0,0.0,1.110076321614906,43.26195553231256,31.8,0.0,0.8,0.3614404223227753,0.3037974683544304,0.3660130718954248
0.3,10,23,0.5,0.0,0.3375,0.25,0.3901646843549863,1.0,1.0,0.0,0.15951617462560533,43.88271901824941,3.0,1.0,0.2,0.0,0.2,0.2
0.3,10,24,0.0,0.0,0.03003578732106339,0.35,0.4894686089048327,0.886900432900433,1.0,0.0,0.9524875862058252,37.19797468352232,25.0,1.0,0.8,0.579065248939364,0.37606837606837606,0.5267857142857143
0.3,10,25,1.0,1.0,0.9301689860834991,0.75,0.9179508696978944,1.0,1.0,0.0,0.21740227653644975,39.54795978659699,4.8,1.0,0.4,0.2,0.25,0.3157894736842105
0.3,10,26,1.0,1.0,0.9301689860834991,0.9,0.8701666960020248,0.8848336783988959,0.97488344988345,0.0,1.164425598597154,40.02485837474305,26.2,0.4,0.8,0.28687333101126206,0.23270440251572327,0.3051948051948052
0.3,10,27,0.1,0.0,0.0915286298568507,0.25,0.3901646843549863,1.0,1.0,0.0,0.18285274077206848,39.241023782962465,4.6,1.0,0.4,0.34285714285714286,0.30434782608695654,0.3333333333333333
0.3,10,28,0.0,0.0,0.03003578732106339,0.25,0.3901646843549863,0.8936507936507937,1.0,0.0,0.8799510491546243,39.82161566733087,16.4,1.0,0.6,0.34439359267734554,0.24731182795698925,0.32954545454545453
0.3,10,29,0.4,0.0,0.27600715746421267,0.35,0.4894686089048327,0.9523374644698175,1.0,0.0,1.1270951429847629,39.72979916740977,33.8,0.6,1.0,0.6855474360541237,0.47337278106508873,0.6707317073170732
0.3,10,30,0.0,0.0,0.03003578732106339,0.3,0.4398166466299095,0.9800000000000001,1.0,0.0,0.41539987111464144,39.89721381668431,8.0,1.0,0.6,0.25000000000000006,0.275,0.37142857142857144
0.3,10,31,0.0,0.0,0.03003578732106339,0.0,0.1919952537422417,1.0,0.0,0.0,0.04901711377315218,40.81086601862277,1.0,1.0,0.2,0.0,0.2,
0.3,10,32,0.0,0.0,0.03003578732106339,0.55,0.6943297705232607,0.9826086956521738,1.0,0.0,0.5954682842362672,39.196584520698856,12.2,1.0,0.8,0.4781780538302277,0.3770491803278688,0.5357142857142857
0.3,10,33,0.5,0.0,0.3375,0.75,0.9179508696978944,1.0,1.0,0.0,0.39045352484099566,38.56190363875463,8.0,1.0,0.2,0.0,0.2,0.2
0.3,10,34,0.6,0.6,0.5701157065785247,0.7,0.6590522218648615,1.0,0.6,0.0,0.1869367687962949,37.2201507907498,4.6,1.0,0.4,0.6,0.34782608695652173,0.3333333333333333
0.3,10,35,1.0,1.0,0.9301689860834991,0.25,0.3901646843549863,1.0,1.0,0.0,0.4560594723559916,39.48486644376915,11.0,1.0,0.2,0.0,0.2,0.2
0.3,10,36,1.0,1.0,0.9301689860834991,0.25,0.3901646843549863,1.0,1.0,0.0,0.3657205203082412,38.29396614893047,12.0,1.0,0.2,0.0,0.2,0.2
0.3,10,37,0.5,0.0,0.3375,0.0,0.1919952537422417,1.0,1.0,0.0,0.32970880302600564,39.43618872029488,11.0,1.0,0.2,0.0,0.2,0.2
0.3,10,38,0.5,0.0,0.3375,0.5,0.6384244957296022,1.0,1.0,0.0,0.41065026433207097,38.980241737813515,14.0,1.0,0.2,0.0,0.2,0.2
0.3,10,39,1.0,1.0,0.9301689860834991,0.25,0.3901646843549863,1.0,1.0,0.0,0.290853879135102,37.83605501684517,8.0,1.0,0.2,0.0,0.2,0.2
0.3,10,40,0.5,0.0,0.3375,0.3,0.4398166466299095,0.96,1.0,0.0,0.3975214582402259,40.30308049962066,14.0,1.0,0.8,0.3219514472455649,0.2571428571428571,0.2923076923076923
0.3,10,41,1.0,1.0,0.9301689860834991,0.25,0.3901646843549863,1.0,0.0,0.0,0.08479902003891762,35.579389310168985,1.0,1.0,0.2,0.0,0.2,
0.3,10,42,0.0,0.0,0.03003578732106339,0.0,0.1919952537422417,1.0,1.0,0.0,0.10565445646643637,37.90866848656672,2.0,1.0,0.2,0.0,0.2,0.2
0.3,10,43,0.7,0.4,0.5745675944333997,0.3,0.48237750012450287,1.0,0.4,0.0,0.26509798523038625,39.09201171843638,4.2,1.0,0.4,0.5333333333333333,0.42857142857142855,0.5
0.3,10,44,1.0,1.0,0.9301689860834991,0.25,0.3901646843549863,1.0,0.0,0.0,0.057713531376793935,41.55769531718014,1.0,1.0,0.4,0.0,0.2,
0.3,10,45,0.5,0.4,0.4515819093618251,0.5,0.6509311207670728,0.9624948240165632,1.0,0.0,0.86685576797463,39.18803196176171,27.6,0.8,1.0,0.7086230477253317,0.48936170212765956,0.7058823529411765
0.3,10,46,1.0,1.0,0.9301689860834991,0.75,0.9179508696978944,1.0,1.0,0.0,0.4261046840343624,37.5697786818485,14.0,1.0,0.2,0.0,0.2,0.2
0.3,10,47,0.6,0.4,0.5130747518976123,0.6,0.7502350453169192,0.9077777777777778,1.0,0.0,1.0079888239968569,36.78750367257809,31.2,1.0,1.0,0.6377962398977287,0.38461538461538464,0.6622516556291391
0.3,10,48,0.5,0.0,0.3375,0.0,0.1919952537422417,1.0,1.0,0.0,0.13130258177407084,38.14141932885598,2.0,1.0,0.2,0.0,0.2,0.2
0.3,10,49,0.0,0.0,0.03003578732106339,0.0,0.1919952537422417,1.0,0.0,0.0,0.08086359333246942,37.25981319742411,1.0,1.0,0.2,0.0,0.2,
0.7,1,0,1.0,1.0,0.9301689860834991,0.5,0.6384244957296022,1.0,1.0,0.0,0.417553133983165,43.10844070204449,14.0,1.0,0.2,0.0,0.2,0.2
0.7,1,1,0.0,0.0,0.03003578732106339,0.25,0.3901646843549863,1.0,1.0,0.0,0.1865299223456532,42.88904051941713,6.0,1.0,0.4,0.20000000000000004,0.2,0.24
0.7,1,2,0.5,0.0,0.3375,0.25,0.3901646843549863,1.0,1.0,0.0,0.2782872181851417,43.12103832056082,9.0,1.0,0.2,0.0,0.2,0.2
0.7,1,3,0.0,0.0,0.03003578732106339,0.25,0.3901646843549863,1.0,1.0,0.0,0.18602685895748433,43.005193653633114,6.0,1.0,0.2,0.0,0.2,0.2
0.7,1,4,0.0,0.0,0.03003578732106339,0.25,0.3901646843549863,1.0,1.0,0.0,0.09256311021745198,43.213807681055265,2.0,1.0,0.2,0.0,0.2,0.2
0.7,1,5,0.0,0.0,0.03003578732106339,0.0,0.1919952537422417,1.0,1.0,0.0,0.0694373977836221,43.20440317021591,2.0,1.0,0.2,0.0,0.2,0.2
0.7,1,6,0.9,0.8,0.8116351888667992,0.7,0.8620455949042359,0.9583333333333334,1.0,0.0,0.62431964520365,43.24708555343776,24.0,1.0,0.2,0.0,0.18333333333333332,0.2
0.7,1,7,0.0,0.0,0.03003578732106339,0.45,0.5887725334546791,0.980952380952381,1.0,0.0,0.5044956426136196,43.21110245859761,14.8,1.0,0.6,0.41966873706004143,0.2804878048780488,0.38961038961038963
0.7,1,8,0.0,0.0,0.03003578732106339,0.0,0.1919952537422417,1.0,0.0,0.0,0.046648579603061034,42.875078674298585,1.0,1.0,0.2,0.0,0.2,
0.7,1,9,0.0,0.0,0.03003578732106339,0.0,0.1919952537422417,1.0,0.0,0.0,0.06940520247444505,43.2244805575112,1.0,1.0,0.2,0.0,0.2,
0.7,1,10,1.0,1.0,0.9301689860834991,0.75,0.9179508696978944,0.9615384615384615,1.0,0.0,0.719815164571628,43.067403620461945,26.0,1.0,0.2,0.0,0.19230769230769232,0.2
0.7,1,11,0.0,0.0,0.03003578732106339,0.25,0.3901646843549863,1.0,0.0,0.0,0.06961784237064418,43.09248492503322,1.0,1.0,0.2,0.0,0.2,
0.7,1,12,0.5,0.0,0.3375,0.5,0.6384244957296022,1.0,1.0,0.0,0.4177681761793792,43.08614864608295,13.0,1.0,0.2,0.0,0.2,0.2
0.7,1,13,0.5,0.0,0.3375,0.25,0.3901646843549863,1.0,1.0,0.0,0.13997365152463312,42.865845262567134,4.0,1.0,0.2,0.0,0.2,0.2
0.7,1,14,0.5,0.0,0.3375,0.0,0.1919952537422417,1.0,0.0,0.0,0.06988627095706756,42.92724566935289,1.0,1.0,0.2,0.0,0.2,
0.7,1,15,1.0,1.0,0.9301689860834991,0.25,0.3901646843549863,1.0,1.0,0.0,0.18589776554144913,43.034532594094074,6.0,1.0,0.2,0.0,0.2,0.2
0.7,1,16,0.0,0.0,0.03003578732106339,0.25,0.3901646843549863,1.0,1.0,0.0,0.3942641854751855,43.11836389655947,8.0,1.0,0.2,0.0,0.2,0.2
0.7,1,17,0.0,0.0,0.03003578732106339,0.25,0.3901646843549863,1.0,1.0,0.0,0.5103619244415313,43.10668826628196,18.0,1.0,0.2,0.0,0.18888888888888888,0.2
0.7,1,18,1.0,1.0,0.9301689860834991,0.75,0.9179508696978944,0.825,1.0,0.0,1.11211425261572,43.1611150676399,40.0,0.0,0.2,0.0,0.165,0.2
0.7,1,19,1.0,1.0,0.9301689860834991,0.25,0.3901646843549863,1.0,0.0,0.0,0.046413972135633204,43.090540349714544,1.0,1.0,0.2,0.0,0.2,
0.7,1,20,0.5,0.0,0.3375,0.5,0.6384244957296022,1.0,1.0,0.0,0.3015441262163222,43.11148517452825,11.0,1.0,0.2,0.0,0.18181818181818182,0.2
0.7,1,21,0.0,0.0,0.03003578732106339,0.25,0.3901646843549863,1.0,1.0,0.0,0.5348960211966187,42.99950716435944,14.0,1.0,0.2,0.0,0.2,0.2
0.7,1,22,0.5,0.0,0.3375,0.25,0.3901646843549863,0.9032258064516128,1.0,0.0,1.1136175144929439,43.10291737765442,31.0,0.0,0.2,0.0,0.17419354838709677,0.2
0.7,1,23,0.5,0.0,0.3375,0.25,0.3901646843549863,1.0,1.0,0.0,0.16310244156047699,42.91858287912074,3.0,1.0,0.2,0.0,0.2,0.2
0.7,1,24,0.0,0.0,0.03003578732106339,0.5,0.6384244957296022,0.8648648648648649,1.0,0.0,1.1121628425549717,43.15925976992271,37.0,0.0,0.2,0.0,0.17222222222222222,0.2
0.7,1,25,1.0,1.0,0.9301689860834991,0.75,0.9179508696978944,1.0,1.0,0.0,0.20969899697229266,42.91910756688624,5.0,1.0,0.2,0.0,0.2,0.2
0.7,1,26,1.0,1.0,0.9301689860834991,0.8,0.9020228117992712,0.8920634920634921,0.9923076923076923,0.0,1.1127795881591738,43.13536102151915,27.8,0.0,0.4,0.16666666666666666,0.21818181818181817,0.2625
0.7,1,27,0.0,0.0,0.03003578732106339,0.25,0.3901646843549863,1.0,1.0,0.0,0.18539972417056558,43.15003371235163,5.0,1.0,0.2,0.0,0.2,0.2
0.7,1,28,0.0,0.0,0.03003578732106339,0.25,0.3901646843549863,0.888888888888889,1.0,0.0,0.9042881243862212,43.12785805010464,18.0,1.0,0.2,0.0,0.17142857142857143,0.2
0.7,1,29,0.5,0.0,0.3375,0.25,0.3901646843549863,0.972972972972973,1.0,0.0,1.1131021851673721,43.12286297498305,37.0,0.0,0.2,0.0,0.1945945945945946,0.2
0.7,1,30,0.0,0.0,0.03003578732106339,0.25,0.3901646843549863,1.0,1.0,0.0,0.30169438938610255,43.09000058641511,7.0,1.0,0.2,0.0,0.2,0.2
0.7,1,31,0.0,0.0,0.03003578732106339,0.0,0.1919952537422417,1.0,0.0,0.0,0.046440513199195205,43.06611381382244,1.0,1.0,0.2,0.0,0.2,
0.7,1,32,0.0,0.0,0.03003578732106339,0.5,0.6384244957296022,1.0,1.0,0.0,0.4399465507827699,43.18707333026565,10.0,1.0,0.2,0.0,0.2,0.2
0.7,1,33,0.5,0.0,0.3375,0.75,0.9179508696978944,1.0,1.0,0.0,0.34819466532208027,43.08033236830198,8.0,1.0,0.2,0.0,0.2,0.2
0.7,1,34,0.0,0.0,0.03003578732106339,0.25,0.3901646843549863,1.0,0.0,0.0,0.09300376451574259,43.00979541489231,1.0,1.0,0.2,0.0,0.2,
0.7,1,35,1.0,1.0,0.9301689860834991,0.25,0.3901646843549863,1.0,1.0,0.0,0.4201148806605488,42.849975716943284,11.0,1.0,0.2,0.0,0.2,0.2
0.7,1,36,1.0,1.0,0.9301689860834991,0.25,0.3901646843549863,1.0,1.0,0.0,0.3247001252602786,43.116766463639976,12.0,1.0,0.2,0.0,0.2,0.2
0.7,1,37,0.5,0.0,0.3375,0.0,0.1919952537422417,1.0,1.0,0.0,0.30152250616811216,43.11455870091878,11.0,1.0,0.2,0.0,0.2,0.2
0.7,1,38,0.5,0.0,0.3375,0.5,0.6384244957296022,1.0,1.0,0.0,0.3708793658297509,43.14074544014488,14.0,1.0,0.2,0.0,0.2,0.2
0.7,1,39,1.0,1.0,0.9301689860834991,0.25,0.3901646843549863,1.0,1.0,0.0,0.25604505436494945,42.961385935353135,8.0,1.0,0.2,0.0,0.2,0.2
0.7,1,40,0.5,0.0,0.3375,0.25,0.3901646843549863,0.9333333333333332,1.0,0.0,0.3939803443849087,43.1493800487118,15.0,1.0,0.2,0.0,0.18666666666666668,0.2
0.7,1,41,1.0,1.0,0.9301689860834991,0.25,0.3901646843549863,1.0,0.0,0.0,0.06982722841203208,42.96331059406515,1.0,1.0,0.2,0.0,0.2,
0.7,1,42,0.0,0.0,0.03003578732106339,0.0,0.1919952537422417,1.0,1.0,0.0,0.0928111178334802,43.09834382683162,2.0,1.0,0.2,0.0,0.2,0.2
0.7,1,43,1.0,1.0,0.9301689860834991,0.75,0.9179508696978944,1.0,1.0,0.0,0.39426645478233696,43.11818997515128,9.0,1.0,0.2,0.0,0.2,0.2
0.7,1,44,1.0,1.0,0.9301689860834991,0.25,0.3901646843549863,1.0,0.0,0.0,0.04645892060361798,43.048850800102926,1.0,1.0,0.2,0.0,0.2,
0.7,1,45,0.0,0.0,0.03003578732106339,0.25,0.3901646843549863,0.9565217391304348,1.0,0.0,0.6981915524229407,42.97029107895829,23.0,1.0,0.2,0.0,0.19166666666666668,0.2
0.7,1,46,1.0,1.0,0.9301689860834991,0.75,0.9179508696978944,1.0,1.0,0.0,0.37048279903829096,43.18691446642946,14.0,1.0,0.2,0.0,0.2,0.2
0.7,1,47,0.7,0.4,0.5745675944333997,0.6,0.7502350453169192,0.95,1.0,0.0,0.6960530411917716,43.09899811540532,25.2,1.0,0.4,0.42631578947368426,0.30158730158730157,0.38016528925619836
0.7,1,48,0.5,0.0,0.3375,0.0,0.1919952537422417,1.0,1.0,0.0,0.11680185878649349,42.80776946308874,2.0,1.0,0.2,0.0,0.2,0.2
0.7,1,49,0.0,0.0,0.03003578732106339,0.0,0.1919952537422417,1.0,0.0,0.0,0.0694232270121574,43.21325176102103,1.0,1.0,0.2,0.0,0.2,
0.7,2,0,1.0,1.0,0.9301689860834991,0.7,0.8620455949042359,0.9686868686868687,1.0,0.0,0.43028844594955445,43.221375158857754,14.6,1.0,1.0,0.7026776894602982,0.40540540540540543,0.5797101449275363
0.7,2,1,0.0,0.0,0.03003578732106339,0.25,0.3901646843549863,1.0,1.0,0.0,0.2092192016076296,43.01268340470432,6.8,1.0,0.8,0.55994227994228,0.4117647058823529,0.5517241379310345
0.7,2,2,0.6,0.2,0.4560337972166998,0.35,0.4894686089048327,1.0,1.0,0.0,0.3029915149789303,42.89002794383412,10.2,1.0,1.0,0.91859243697479,0.7647058823529411,0.9347826086956522
0.7,2,3,0.0,0.0,0.03003578732106339,0.25,0.3901646843549863,1.0,1.0,0.0,0.19995463779196138,42.99490895498981,6.4,1.0,0.8,0.47948717948717945,0.4375,0.5925925925925926
0.7,2,4,0.0,0.0,0.03003578732106339,0.25,0.3901646843549863,1.0,0.8,0.0,0.08825953057967122,43.04872712181835,1.8,1.0,0.4,0.2,0.2222222222222222,0.25
0.7,2,5,0.0,0.0,0.03003578732106339,0.0,0.1919952537422417,1.0,1.0,0.0,0.06994136739522215,42.89426755164715,2.0,1.0,0.2,0.0,0.2,0.2
0.7,2,6,0.2,0.0,0.15302147239263802,0.45,0.5887725334546791,0.9156410256410256,1.0,0.0,0.8241720816120506,43.192143398686184,30.0,0.8,0.8,0.6064000459470842,0.3624161073825503,0.5069444444444444
0.7,2,7,0.0,0.0,0.03003578732106339,0.5,0.6384244957296022,0.9352430902430904,1.0,0.0,0.5932353817857802,43.150346722274605,19.0,1.0,1.0,0.45455175742132264,0.3076923076923077,0.5050505050505051
0.7,2,8,0.6,0.6,0.5701157065785247,0.45,0.6275686233156333,0.9787878787878789,0.6,0.0,0.5402818499132991,42.78910502875876,17.2,0.8,0.8,0.8515324675324676,0.6931818181818182,0.891566265060241
0.7,2,9,0.0,0.0,0.03003578732106339,0.0,0.1919952537422417,1.0,0.0,0.0,0.0701342966407537,42.776612293755306,1.0,1.0,0.2,0.0,0.2,
0.7,2,10,1.0,1.0,0.9301689860834991,0.75,0.9179508696978944,0.9438862542310819,1.0,0.0,0.7785416463855654,43.15784063501146,28.4,1.0,1.0,0.4535407448881565,0.33098591549295775,0.5255474452554745
0.7,2,11,0.0,0.0,0.03003578732106339,0.45,0.6012791584921496,0.9548086213303606,0.8,0.0,0.47399174789898096,42.99593699651746,15.0,1.0,1.0,0.561013431013431,0.325,0.4533333333333333
0.7,2,12,0.6,0.2,0.4560337972166998,0.5,0.6384244957296022,0.9894736842105264,1.0,0.0,0.5069694585632533,42.98750646425166,16.2,1.0,0.8,0.6010272889348978,0.4567901234567901,0.5921052631578947
0.7,2,13,0.4,0.0,0.27600715746421267,0.25,0.3901646843549863,0.9866666666666667,1.0,0.0,0.2195307126268744,42.8122354463445,7.4,1.0,0.8,0.7001766615737204,0.4864864864864865,0.6875
0.7,2,14,0.5,0.0,0.3375,0.0,0.1919952537422417,1.0,0.0,0.0,0.06959552783519023,43.10627875555853,1.0,1.0,0.2,0.0,0.2,
0.7,2,15,1.0,1.0,0.9301689860834991,0.3,0.4398166466299095,0.9818181818181818,1.0,0.0,0.21359224882908165,43.06814155319595,7.0,1.0,0.4,0.16,0.2857142857142857,0.3333333333333333
0.7,2,16,0.0,0.0,0.03003578732106339,0.25,0.3901646843549863,1.0,1.0,0.0,0.40850600400008263,43.082747283406356,8.2,1.0,0.6,0.21227272727272725,0.2608695652173913,0.3170731707317073
0.7,2,17,0.0,0.0,0.03003578732106339,0.25,0.3901646843549863,0.9800000000000001,1.0,0.0,0.5058039064053446,43.0992479854698,17.2,1.0,0.6,0.20183678214368755,0.26744186046511625,0.3333333333333333
0.7,2,18,0.6,0.2,0.4560337972166998,0.4,0.5453738836984912,0.9334848484848486,1.0,0.0,0.5516939541324973,43.136854679094206,18.6,1.0,0.8,0.7868808537342563,0.6210526315789474,0.8222222222222222
0.7,2,19,1.0,1.0,0.9301689860834991,0.25,0.3901646843549863,1.0,0.0,0.0,0.05114373378455637,43.0195372300549,1.0,1.0,0.4,0.0,0.2,
0.7,2,20,0.7,0.4,0.5745675944333997,0.6,0.7502350453169192,0.9569230769230769,1.0,0.0,0.4322267213836312,43.0420365285921,15.4,1.0,1.0,0.6283618676694798,0.4025974025974026,0.6527777777777778
0.7,2,21,0.0,0.0,0.03003578732106339,0.4,0.5391205711797559,0.9578296703296705,1.0,0.0,0.5122130684088916,42.951439233424104,13.4,1.0,1.0,0.4696539519991532,0.3283582089552239,0.5
0.7,2,22,0.3,0.0,0.21451431492842543,0.3,0.4398166466299095,0.887091609371021,0.9816287878787879,0.0,1.1080354095902294,43.139574757310655,33.6,0.2,1.0,0.6538301660745269,0.45294117647058824,0.6303030303030303
0.7,2,23,0.3,0.0,0.21451431492842535,0.2,0.3505307982324374,1.0,1.0,0.0,0.2362528709694743,43.16155596383508,4.8,1.0,0.8,0.7941176470588236,0.7777777777777778,0.8636363636363636
0.7,2,24,0.0,0.0,0.03003578732106339,0.3,0.4398166466299095,0.9353735632183909,1.0,0.0,0.7892559413798154,43.09707764764195,24.0,1.0,1.0,0.7851341149681359,0.5641025641025641,0.7946428571428571
0.7,2,25,1.0,1.0,0.9301689860834991,0.75,0.9179508696978944,1.0,1.0,0.0,0.18156236880458887,42.938645275686284,4.4,1.0,0.8,0.35333333333333333,0.3181818181818182,0.47058823529411764
0.7,2,26,1.0,1.0,0.9301689860834991,0.65,0.8123936326293129,0.9015172413793102,0.9690476190476192,0.0074074074074074,0.9438620486762375,43.012889124080644,22.4,0.2,1.0,0.602643205660447,0.3333333333333333,0.6090225563909775
0.7,2,27,0.1,0.0,0.09152862985685072,0.25,0.3901646843549863,1.0,1.0,0.0,0.20394608778879042,43.14861748812719,6.4,1.0,0.6,0.6190476190476191,0.5625,0.6296296296296297
0.7,2,28,0.0,0.0,0.03003578732106339,0.3,0.4398166466299095,0.9360537707906131,1.0,0.0,0.7889851078856737,43.08510264066673,17.6,0.8,0.8,0.6201053511705685,0.4479166666666667,0.5824175824175825
0.7,2,29,0.4,0.0,0.27600715746421267,0.3,0.4398166466299095,0.9648263236498531,1.0,0.0,1.0750698606017977,43.15994813142249,33.4,0.2,1.0,0.6658375598709382,0.4523809523809524,0.656441717791411
0.7,2,30,0.1,0.0,0.0915286298568507,0.3,0.4398166466299095,0.9846153846153847,1.0,0.0,0.3477827608119696,43.1242555494944,8.2,1.0,0.6,0.25384615384615383,0.3170731707317073,0.4444444444444444
0.7,2,31,0.0,0.0,0.03003578732106339,0.0,0.1919952537422417,1.0,0.0,0.0,0.046924033202230916,42.622260482177964,1.0,1.0,0.2,0.0,0.2,
0.7,2,32,0.0,0.0,0.03003578732106339,0.55,0.6943297705232607,0.94251012145749,1.0,0.0,0.6584413667675107,43.11854852089758,15.0,0.8,1.0,0.5794855729066255,0.41333333333333333,0.5857142857142857
0.7,2,33,0.6,0.2,0.4560337972166998,0.75,0.9179508696978944,0.9651515151515152,1.0,0.0,0.42713214117102327,43.077212112624565,9.4,1.0,0.6,0.22346153846153846,0.2765957446808511,0.38095238095238093
0.7,2,34,0.4,0.4,0.3900890668260376,0.55,0.5694230426949031,1.0,0.4,0.0,0.14044214780442413,42.72959324806382,3.4,1.0,0.4,0.6,0.47058823529411764,0.5
0.7,2,35,1.0,1.0,0.9301689860834991,0.25,0.3901646843549863,1.0,1.0,0.0,0.4173754250165075,43.126653123357926,11.0,1.0,0.4,0.09999999999999998,0.21818181818181817,0.24
0.7,2,36,0.8,0.8,0.750142346331012,0.45,0.6012791584921496,0.9857142857142858,1.0,0.0,0.33871414181776344,43.10064427127295,11.8,1.0,1.0,0.5591693321298583,0.3870967741935484,0.5087719298245614
0.7,2,37,0.5,0.0,0.3375,0.0,0.1919952537422417,1.0,1.0,0.0,0.30369936879724263,42.80857245186817,11.0,1.0,0.4,0.06666666666666665,0.21818181818181817,0.24
0.7,2,38,0.5,0.0,0.3375,0.5,0.6384244957296022,1.0,1.0,0.0,0.3710904521867633,43.11621218133526,14.0,1.0,0.2,0.0,0.2,0.2
0.7,2,39,0.9,0.8,0.8116351888667992,0.3,0.4398166466299095,1.0,1.0,0.0,0.28263006657361983,43.167955553263816,8.8,1.0,0.4,0.3555555555555555,0.4090909090909091,0.46153846153846156
0.7,2,40,0.6,0.2,0.4560337972166998,0.3,0.4398166466299095,0.9548039215686274,1.0,0.0,0.45150353242643176,42.95366628503625,17.0,1.0,1.0,0.5890738229974263,0.4117647058823529,0.6
0.7,2,41,1.0,1.0,0.9301689860834991,0.25,0.3901646843549863,1.0,0.0,0.0,0.06491004605777559,43.13216129717539,1.0,1.0,0.4,0.0,0.2,
0.7,2,42,0.0,0.0,0.03003578732106339,0.0,0.1919952537422417,1.0,1.0,0.0,0.09275342659093437,43.12515877900173,2.0,1.0,0.2,0.0,0.2,0.2
0.7,2,43,0.8,0.6,0.6931013916500994,0.45,0.6275686233156333,1.0,0.6,0.0,0.28747014673426746,43.129829341536364,5.6,1.0,0.6,0.5905555555555555,0.35714285714285715,0.4782608695652174
0.7,2,44,1.0,1.0,0.9301689860834991,0.25,0.3901646843549863,1.0,0.0,0.0,0.0557081334292888,43.08497408263426,1.0,1.0,0.4,0.0,0.2,
0.7,2,45,0.5,0.4,0.45158190936182496,0.5,0.6509311207670728,0.8913403326313762,1.0,0.0,0.94075301354751,43.15399210808366,33.8,0.4,1.0,0.7748146130133414,0.5029239766081871,0.8253012048192772
0.7,2,46,1.0,1.0,0.9301689860834991,0.75,0.9179508696978944,1.0,1.0,0.0,0.42003857004456224,42.83157409073972,15.4,1.0,0.6,0.1680952380952381,0.2727272727272727,0.3055555555555556
0.7,2,47,0.8,0.6,0.6931013916500994,0.6,0.7564883578356544,0.8777483107393248,0.99,0.0,0.848201293963939,43.13995260008819,30.6,0.8,1.0,0.6666910429319214,0.39215686274509803,0.6959459459459459
0.7,2,48,0.5,0.0,0.3375,0.0,0.1919952537422417,1.0,1.0,0.0,0.11605173703283067,43.084358048256256,2.0,1.0,0.2,0.0,0.2,0.2
0.7,2,49,0.0,0.0,0.03003578732106339,0.0,0.1919952537422417,1.0,0.0,0.0,0.06498501827009018,43.09971642863348,1.0,1.0,0.4,0.0,0.2,
0.7,5,0,1.0,1.0,0.9301689860834991,0.75,0.9179508696978944,0.9809090909090908,1.0,0.0,0.5557287292089313,43.17998919683322,19.4,1.0,1.0,0.5159123170127667,0.41836734693877553,0.6021505376344086
0.7,5,1,0.0,0.0,0.03003578732106339,0.25,0.3901646843549863,1.0,1.0,0.0,0.21829308504238726,43.05749076321751,6.4,1.0,0.8,0.47721500721500715,0.34375,0.4444444444444444
0.7,5,2,0.5,0.0,0.3375,0.4,0.5391205711797559,1.0,1.0,0.0,0.27862133346498014,43.05907833674413,9.0,1.0,0.8,0.8200483829895594,0.6666666666666666,0.775
0.7,5,3,0.1,0.0,0.0915286298568507,0.25,0.3901646843549863,1.0,1.0,0.0,0.19474686249159276,43.12222690639856,6.4,1.0,0.8,0.5567307692307693,0.46875,0.6296296296296297
0.7,5,4,0.0,0.0,0.03003578732106339,0.25,0.3901646843549863,1.0,0.8,0.0,0.08829181818291539,43.0462111625295,1.8,1.0,0.4,0.2,0.2222222222222222,0.25
0.7,5,5,0.0,0.0,0.03003578732106339,0.0,0.1919952537422417,1.0,1.0,0.0,0.07001588437706227,42.848180169633075,2.0,1.0,0.2,0.0,0.2,0.2
0.7,5,6,0.4,0.4,0.3900890668260376,0.5,0.6509311207670728,0.9006734006734007,0.7875,0.0064516129032257995,0.5787110554520041,43.205274552185045,21.2,1.0,1.0,0.7650720382013289,0.4205607476635514,0.6078431372549019
0.7,5,7,0.0,0.0,0.03003578732106339,0.5,0.6446778082483375,0.9496544391281233,1.0,0.0,0.5991511986125261,43.07745450875352,19.0,1.0,1.0,0.7010139808434662,0.51,0.7789473684210526
0.7,5,8,0.0,0.0,0.03003578732106339,0.0,0.1919952537422417,1.0,0.0,0.0,0.046396288042888,43.10702624465845,1.0,1.0,0.2,0.0,0.2,
0.7,5,9,0.0,0.0,0.03003578732106339,0.0,0.1919952537422417,1.0,0.0,0.0,0.0695185497868806,43.153984822323835,1.0,1.0,0.2,0.0,0.2,
0.7,5,10,1.0,1.0,0.9301689860834991,0.75,0.9179508696978944,0.9511071814520091,1.0,0.0,0.7891422349959611,43.0854881387494,28.4,1.0,1.0,0.37896158585813755,0.30985915492957744,0.44525547445255476
0.7,5,11,0.0,0.0,0.03003578732106339,0.25,0.3901646843549863,0.9703296703296704,0.4,0.0,0.20406616223044688,43.11380926908123,6.0,1.0,0.6,0.5626373626373626,0.4375,0.5555555555555556
0.7,5,12,0.4,0.2,0.3330481121451252,0.45,0.5887725334546791,0.9777777777777779,1.0,0.0,0.4512243431992829,42.989007237344524,12.6,1.0,1.0,0.8405614385614385,0.5846153846153846,0.75
0.7,5,13,0.0,0.0,0.03003578732106339,0.25,0.3901646843549863,0.990909090909091,1.0,0.0,0.3802651071920991,43.12857172277496,14.0,1.0,1.0,0.5429566146413973,0.4142857142857143,0.5538461538461539
0.7,5,14,0.5,0.0,0.3375,0.0,0.1919952537422417,1.0,0.0,0.0,0.06567348781973117,42.63760680010537,1.0,1.0,0.4,0.0,0.2,
0.7,5,15,1.0,1.0,0.9301689860834991,0.35,0.4957219214235679,0.9764705882352942,1.0,0.0,0.2739326285198331,43.060601417818035,8.8,1.0,0.6,0.441285030758715,0.4318181818181818,0.5641025641025641
0.7,5,16,0.0,0.0,0.03003578732106339,0.25,0.3901646843549863,1.0,1.0,0.0,0.4090455673635006,43.027502769958154,8.2,1.0,0.8,0.21227272727272722,0.2608695652173913,0.3170731707317073
0.7,5,17,0.0,0.0,0.03003578732106339,0.3,0.4398166466299095,0.9683229813664596,1.0,0.0,0.45908909672871234,43.125279296402084,14.8,1.0,1.0,0.5160509104422148,0.3783783783783784,0.5362318840579711
0.7,5,18,1.0,1.0,0.9301689860834991,0.75,0.9179508696978944,0.9337785337785338,1.0,0.0,0.9280639105476439,43.09500034259152,33.0,0.8,1.0,0.7614203174748988,0.5238095238095238,0.7791411042944786
0.7,5,19,1.0,1.0,0.9301689860834991,0.25,0.3901646843549863,1.0,0.0,0.0,0.051011818833649115,43.12635295957849,1.0,1.0,0.4,0.0,0.2,
0.7,5,20,0.7,0.4,0.5745675944333997,0.65,0.7343069874182959,0.9609523809523809,1.0,0.0,0.4099460989702493,42.96082778498711,15.0,1.0,0.8,0.5972048175995546,0.4266666666666667,0.6285714285714286
0.7,5,21,0.1,0.0,0.0915286298568507,0.5,0.6384244957296022,0.9666666666666666,1.0,0.0,0.6214144435711205,43.124836711701214,19.0,1.0,1.0,0.7599236482096523,0.5263157894736842,0.8
0.7,5,22,0.3,0.0,0.21451431492842535,0.25,0.3901646843549863,0.8842429349235157,0.9871871871871871,0.0,1.0441590460017323,43.09537717658846,31.2,0.4,1.0,0.5405207903305513,0.3548387096774194,0.49333333333333335
0.7,5,23,0.4,0.0,0.27600715746421267,0.15,0.31089691210988846,1.0,1.0,0.0,0.19927920335903762,43.144799844009164,4.0,1.0,0.8,0.74,0.7,0.8
0.7,5,24,0.0,0.0,0.03003578732106339,0.3,0.4398166466299095,0.9545029239766081,1.0,0.0,0.7085087550338358,43.19004439189821,20.8,1.0,1.0,0.7608417031908689,0.59,0.7894736842105263
0.7,5,25,0.9,0.8,0.8116351888667992,0.7,0.8620455949042359,1.0,1.0,0.0,0.1905825646128505,43.02609750862051,4.8,1.0,1.0,0.531031746031746,0.4166666666666667,0.6842105263157895
0.7,5,26,1.0,1.0,0.9301689860834991,0.65,0.8123936326293129,0.8741269841269841,0.9708222811671089,0.008,0.9442495985422283,42.95628244078636,24.6,0.2,1.0,0.6078436694008089,0.3125,0.5755395683453237
0.7,5,27,0.4,0.0,0.27600715746421267,0.25,0.3901646843549863,1.0,1.0,0.0,0.14826170639134936,43.15663874976429,5.2,1.0,0.8,0.5966666666666667,0.6538461538461539,0.7619047619047619
0.7,5,28,0.0,0.0,0.03003578732106339,0.25,0.3901646843549863,0.8787624140565317,1.0,0.0,0.7174334148410708,42.935587693348836,14.0,1.0,1.0,0.662082251082251,0.36363636363636365,0.5277777777777778
0.7,5,29,0.5,0.2,0.3945409546809125,0.4,0.5453738836984912,0.9580079768746014,1.0,0.0,1.0815798870287836,43.086606253165634,37.0,0.2,1.0,0.7630723301470778,0.5187165775401069,0.7802197802197802
0.7,5,30,0.2,0.0,0.15302147239263802,0.35,0.4894686089048327,1.0,1.0,0.0,0.33066211016848684,42.93137357969151,7.6,1.0,0.8,0.30000000000000004,0.3157894736842105,0.42424242424242425
0.7,5,31,0.0,0.0,0.03003578732106339,0.0,0.1919952537422417,1.0,0.0,0.0,0.046439142990857316,43.06756899313463,1.0,1.0,0.2,0.0,0.2,
0.7,5,32,0.0,0.0,0.03003578732106339,0.65,0.8061403201105776,0.9725925925925927,1.0,0.0,0.6300411279778928,43.16847486324734,14.4,0.8,1.0,0.6211520268635674,0.5138888888888888,0.6567164179104478
0.7,5,33,0.7,0.4,0.5745675944333997,0.75,0.9179508696978944,0.9618181818181817,1.0,0.0,0.45166940623894336,42.938493554083195,9.8,1.0,0.8,0.33,0.32653061224489793,0.4318181818181818
0.7,5,34,0.6,0.6,0.5701157065785247,0.7,0.6590522218648615,1.0,1.0,0.0,0.15359090310521423,42.96180532527401,5.0,1.0,0.6,0.6888888888888889,0.44,0.5
0.7,5,35,1.0,1.0,0.9301689860834991,0.25,0.3901646843549863,1.0,1.0,0.0,0.4181992035824805,43.04179420856481,11.0,1.0,0.4,0.09999999999999998,0.21818181818181817,0.24
0.7,5,36,0.5,0.4,0.4515819093618251,0.35,0.4894686089048327,1.0,1.0,0.0,0.5243168936111033,43.08605612842621,16.4,0.8,1.0,0.7155639709415453,0.5568181818181818,0.7228915662650602
0.7,5,37,0.5,0.0,0.3375,0.0,0.1919952537422417,0.9833333333333332,1.0,0.0,0.3068098025862127,43.02437587734177,11.2,1.0,0.6,0.15897435897435896,0.23214285714285715,0.29411764705882354
0.7,5,38,0.5,0.0,0.3375,0.5,0.6384244957296022,1.0,1.0,0.0,0.37102320599369704,43.12398937449849,14.0,1.0,0.4,0.05333333333333332,0.21428571428571427,0.23076923076923078
0.7,5,39,0.9,0.8,0.8116351888667992,0.3,0.4398166466299095,1.0,1.0,0.0,0.3060102848801762,43.134025641066,10.0,1.0,0.4,0.36666666666666664,0.48,0.5333333333333333
0.7,5,40,0.6,0.2,0.4560337972166998,0.35,0.4957219214235679,0.9695238095238097,1.0,0.0,0.467880623601377,43.16087099944174,17.4,1.0,1.0,0.5694455585264409,0.4367816091954023,0.6585365853658537
0.7,5,41,1.0,1.0,0.9301689860834991,0.25,0.3901646843549863,1.0,0.0,0.0,0.06996905566193161,42.87693765672573,1.0,1.0,0.2,0.0,0.2,
0.7,5,42,0.0,0.0,0.03003578732106339,0.0,0.1919952537422417,1.0,1.0,0.0,0.09272106280550357,43.140150742153764,2.0,1.0,0.2,0.0,0.2,0.2
0.7,5,43,0.9,0.8,0.8116351888667992,0.6,0.7727597465067639,1.0,0.8,0.0,0.3621734126470983,43.04063500265869,7.8,1.0,0.8,0.6633169934640523,0.4358974358974359,0.5588235294117647
0.7,5,44,1.0,1.0,0.9301689860834991,0.25,0.3901646843549863,1.0,0.0,0.0,0.05607616039924318,42.77011651027947,1.0,1.0,0.4,0.0,0.2,
0.7,5,45,0.7,0.4,0.5745675944333997,0.55,0.7068363955607312,0.9177978883861236,1.0,0.0,0.8643504749983549,43.04783097398473,31.4,0.8,1.0,0.7012185345054739,0.4591194968553459,0.7337662337662337
0.7,5,46,1.0,1.0,0.9301689860834991,0.75,0.9179508696978944,1.0,1.0,0.0,0.37111146496608854,43.113807810525614,14.0,1.0,0.2,0.0,0.2,0.2
0.7,5,47,0.7,0.4,0.5745675944333997,0.6,0.7502350453169192,0.891168421391545,0.9951219512195122,0.0,0.7846775377634913,43.0855331234981,27.6,0.8,1.0,0.6296182236403247,0.38405797101449274,0.6165413533834586
0.7,5,48,0.5,0.0,0.3375,0.05,0.23162913986479064,1.0,1.0,0.0,0.16706788837909692,43.10223677163508,2.8,1.0,0.4,0.34285714285714286,0.5,0.6666666666666666
0.7,5,49,0.0,0.0,0.03003578732106339,0.0,0.1919952537422417,1.0,0.0,0.0,0.06491146492771799,43.13703028694495,1.0,1.0,0.4,0.0,0.2,
0.7,10,0,1.0,1.0,0.9301689860834991,0.75,0.9179508696978944,0.984,1.0,0.0,0.4795156575739384,43.80123492791861,17.4,1.0,1.0,0.6579809575731614,0.4367816091954023,0.6585365853658537
0.7,10,1,0.1,0.0,0.0915286298568507,0.25,0.3901646843549863,1.0,1.0,0.0,0.1963892766740173,43.77889787744205,6.8,1.0,1.0,0.4833333333333333,0.3235294117647059,0.5172413793103449
0.7,10,2,0.6,0.2,0.4560337972166998,0.3,0.4398166466299095,1.0,1.0,0.0,0.23265186501666904,43.841986977849814,7.2,1.0,1.0,0.6801037851037851,0.5,0.6774193548387096
0.7,10,3,0.1,0.0,0.09152862985685072,0.2,0.3505307982324374,1.0,1.0,0.0,0.2195944030303508,43.70631412993741,7.4,1.0,0.8,0.6844747899159664,0.5405405405405406,0.6875
0.7,10,4,0.0,0.0,0.03003578732106339,0.25,0.3901646843549863,1.0,0.8,0.0,0.08680901378393167,43.77662324351884,1.8,1.0,0.4,0.2,0.2222222222222222,0.25
0.7,10,5,0.0,0.0,0.03003578732106339,0.0,0.1919952537422417,1.0,1.0,0.0,0.06857173922471697,43.7501367942255,2.0,1.0,0.2,0.0,0.2,0.2
0.7,10,6,0.4,0.0,0.27600715746421267,0.45,0.5887725334546791,0.9293051034986519,1.0,0.0,0.8630087356083095,43.8073258019701,31.4,0.6,1.0,0.7319751785592364,0.4591194968553459,0.6753246753246753
0.7,10,7,0.1,0.0,0.09152862985685072,0.4,0.5391205711797559,0.931904761904762,1.0,0.0,0.6315373610239476,41.52705799267091,19.8,1.0,1.0,0.6743876088069636,0.4,0.67
0.7,10,8,0.0,0.0,0.03003578732106339,0.0,0.1919952537422417,1.0,0.0,0.0,0.045621033245697586,43.83972458126702,1.0,1.0,0.2,0.0,0.2,
0.7,10,9,0.0,0.0,0.03003578732106339,0.0,0.1919952537422417,1.0,0.0,0.0,0.0683327667880803,43.90298410873896,1.0,1.0,0.2,0.0,0.2,
0.7,10,10,1.0,1.0,0.9301689860834991,0.75,0.9179508696978944,0.9400854700854699,1.0,0.0,0.8047637284267694,43.73121873978478,29.2,1.0,1.0,0.452520585305295,0.3150684931506849,0.48936170212765956
0.7,10,11,0.0,0.0,0.03003578732106339,0.25,0.3901646843549863,0.9740890688259111,0.4,0.0,0.2330484649632126,43.72896219101112,7.0,1.0,0.6,0.5927125506072874,0.5135135135135135,0.6875
0.7,10,12,0.3,0.0,0.21451431492842535,0.45,0.5887725334546791,1.0,1.0,0.0,0.442676564399153,43.81700863080214,14.2,1.0,1.0,0.6189117859264919,0.43661971830985913,0.5303030303030303
0.7,10,13,0.0,0.0,0.03003578732106339,0.3,0.4398166466299095,0.9882352941176471,1.0,0.0,0.35648331232368946,43.761832576515204,13.2,1.0,0.8,0.6576041747397247,0.4393939393939394,0.5573770491803278
0.7,10,14,0.5,0.0,0.3375,0.0,0.1919952537422417,1.0,0.0,0.0,0.06852553165517741,43.77954609540035,1.0,1.0,0.2,0.0,0.2,
0.7,10,15,1.0,1.0,0.9301689860834991,0.4,0.5453738836984912,0.974921630094044,1.0,0.0,0.34830061020329595,43.46094317058977,12.0,1.0,0.8,0.5357268895978574,0.5166666666666667,0.5818181818181818
0.7,10,16,0.0,0.0,0.03003578732106339,0.25,0.3901646843549863,1.0,1.0,0.0,0.4102860551793128,42.87883503858115,8.4,1.0,0.6,0.2529720279720279,0.2978723404255319,0.35714285714285715
0.7,10,17,0.0,0.0,0.03003578732106339,0.25,0.3901646843549863,0.9529657477025898,1.0,0.0,0.5348298119846732,41.12655646792452,17.0,1.0,1.0,0.3524010561162264,0.29411764705882354,0.3875
0.7,10,18,0.5,0.0,0.3375,0.4,0.5391205711797559,0.9138461538461538,1.0,0.0,0.6139247111976147,43.6551083930834,22.0,0.8,1.0,0.8608071094235228,0.6181818181818182,0.8952380952380953
0.7,10,19,1.0,1.0,0.9301689860834991,0.25,0.3901646843549863,1.0,0.0,0.0,0.045698402496054724,43.76602524077062,1.0,1.0,0.2,0.0,0.2,
0.7,10,20,0.7,0.4,0.5745675944333997,0.6,0.7502350453169192,0.9533333333333334,1.0,0.0,0.3989328052382916,43.56733546909213,14.6,1.0,1.0,0.6789222009874184,0.43243243243243246,0.6521739130434783
0.7,10,21,0.2,0.0,0.15302147239263802,0.45,0.5887725334546791,0.9644736842105264,1.0,0.0,0.5522543722763658,43.8277264702265,15.8,1.0,1.0,0.5893581928926757,0.43037974683544306,0.6486486486486487
0.7,10,22,0.4,0.0,0.27600715746421267,0.4,0.5391205711797559,0.8800330697389521,0.9819322254806127,0.0,1.0639946518000216,43.36972763895502,32.8,0.2,1.0,0.42258591183666255,0.2883435582822086,0.4430379746835443
0.7,10,23,0.2,0.0,0.15302147239263802,0.2,0.3505307982324374,1.0,1.0,0.0,0.2688519954215735,43.90627915686386,5.8,1.0,0.8,0.803076923076923,0.5625,0.5925925925925926
0.7,10,24,0.0,0.0,0.03003578732106339,0.3,0.4398166466299095,0.9653333333333333,1.0,0.0,0.6986276816111058,39.74825225679458,20.6,1.0,1.0,0.7891965543163574,0.62,0.8
0.7,10,25,0.9,0.8,0.8116351888667992,0.7,0.8620455949042359,1.0,1.0,0.0,0.21464982312172648,39.08504857730256,4.6,1.0,0.8,0.5142857142857143,0.34782608695652173,0.5
0.7,10,26,1.0,1.0,0.9301689860834991,0.8,0.9020228117992712,0.8501839080459771,0.9825925925925926,0.0,1.1758553190156817,39.79252953151857,26.6,0.2,1.0,0.5152184783067136,0.294478527607362,0.5253164556962026
0.7,10,27,0.1,0.0,0.0915286298568507,0.25,0.3901646843549863,1.0,1.0,0.0,0.21709261261858043,39.610778626704125,6.2,1.0,0.8,0.6788888888888889,0.5806451612903226,0.6923076923076923
0.7,10,28,0.0,0.0,0.03003578732106339,0.25,0.3901646843549863,0.8829640947288006,1.0,0.0,0.8001118630170823,39.74988975503999,15.6,1.0,0.8,0.5555189786059351,0.37037037037037035,0.5263157894736842
0.7,10,29,0.4,0.0,0.27600715746421267,0.3,0.44983472278228376,0.9612947948811325,1.0,0.0,1.1365302334539593,38.73652095066949,29.8,0.2,1.0,0.6620327415356578,0.44805194805194803,0.6442953020134228
0.7,10,30,0.1,0.0,0.09152862985685072,0.35,0.4894686089048327,1.0,1.0,0.0,0.44951020665466784,39.46018564615546,9.4,1.0,1.0,0.5810686681739313,0.46808510638297873,0.6190476190476191
0.7,10,31,0.0,0.0,0.03003578732106339,0.0,0.1919952537422417,1.0,0.0,0.0,0.05077163442037994,39.49349914841953,1.0,1.0,0.2,0.0,0.2,
0.7,10,32,0.1,0.0,0.09152862985685072,0.6,0.7502350453169192,0.9800000000000001,1.0,0.0,0.6519437921699136,39.091938954094125,13.2,0.8,0.8,0.5803601953601953,0.5,0.639344262295082
0.7,10,33,0.6,0.2,0.4560337972166998,0.7,0.8620455949042359,0.975,1.0,0.0,0.3574041019659489,38.58050016881598,7.2,1.0,0.8,0.26269841269841276,0.25,0.3225806451612903
0.7,10,34,0.4,0.4,0.39008906682603767,0.55,0.5694230426949031,1.0,0.6,0.0,0.1494923074264079,38.655297540804625,3.6,1.0,0.6,0.8,0.5555555555555556,0.5384615384615384
0.7,10,35,1.0,1.0,0.9301689860834991,0.25,0.3901646843549863,1.0,1.0,0.0,0.4647815031930804,38.822515168562255,11.0,1.0,0.4,0.06666666666666665,0.21818181818181817,0.24
0.7,10,36,0.4,0.4,0.3900890668260376,0.25,0.3901646843549863,1.0,1.0,0.0,0.3754469375591725,39.94732782615056,12.6,1.0,1.0,0.5126731563070572,0.3384615384615385,0.45
0.7,10,37,0.5,0.0,0.3375,0.0,0.1919952537422417,1.0,1.0,0.0,0.3383995434269309,38.46118455790962,11.0,1.0,0.4,0.09999999999999998,0.21818181818181817,0.24
0.7,10,38,0.5,0.0,0.3375,0.5,0.6384244957296022,1.0,1.0,0.0,0.39673261940479276,40.35269372813802,14.0,1.0,0.4,0.07999999999999999,0.21428571428571427,0.23076923076923078
0.7,10,39,0.8,0.6,0.6931013916500994,0.35,0.4894686089048327,0.9904761904761905,1.0,0.0,0.4351786521729082,38.55996007087368,13.2,1.0,0.8,0.7096206756206757,0.5606060606060606,0.6721311475409836
0.7,10,40,0.5,0.0,0.3375,0.3,0.4398166466299095,0.9571428571428571,1.0,0.0,0.38647938119247555,39.83355728419,13.4,1.0,1.0,0.3381547619047619,0.26865671641791045,0.3870967741935484
0.7,10,41,1.0,1.0,0.9301689860834991,0.25,0.3901646843549863,1.0,0.0,0.0,0.07502018334344028,37.29312082078202,1.0,1.0,0.4,0.0,0.2,
0.7,10,42,0.0,0.0,0.03003578732106339,0.0,0.1919952537422417,1.0,1.0,0.0,0.11049984362907703,36.445131119672666,2.0,1.0,0.2,0.0,0.2,0.2
0.7,10,43,0.7,0.4,0.5745675944333997,0.3,0.48237750012450287,1.0,0.4,0.0,0.25307637937366956,39.32143818802366,3.8,1.0,0.4,0.525,0.42105263157894735,0.5
0.7,10,44,1.0,1.0,0.9301689860834991,0.25,0.3901646843549863,1.0,0.0,0.0,0.05641250796616072,38.92684379900702,1.0,1.0,0.4,0.0,0.2,
0.7,10,45,0.9,0.8,0.8116351888667992,0.7,0.8620455949042359,0.9351629072681703,1.0,0.0,0.9629236322361976,38.29899066521324,30.6,0.8,1.0,0.7090107903176504,0.4358974358974359,0.6754966887417219
0.7,10,46,1.0,1.0,0.9301689860834991,0.75,0.9179508696978944,1.0,1.0,0.0,0.40212714597582816,39.83616507804792,14.0,1.0,0.2,0.0,0.2,0.2
0.7,10,47,0.3,0.2,0.27155526960933785,0.55,0.6943297705232607,0.9094535094535093,1.0,0.0,0.8859386154450476,38.00445368493106,28.6,1.0,1.0,0.7444302248151186,0.4965034965034965,0.8333333333333334
0.7,10,48,0.5,0.0,0.3375,0.05,0.23162913986479064,1.0,0.8,0.0,0.1864692548755556,38.667716530280714,2.6,1.0,0.6,0.6571428571428571,0.6153846153846154,0.75
0.7,10,49,0.0,0.0,0.03003578732106339,0.0,0.1919952537422417,1.0,0.0,0.0,0.06502235340885813,39.94082085935581,1.0,1.0,0.4,0.0,0.2,
1.0,1,0,1.0,1.0,0.9301689860834991,0.5,0.6384244957296022,1.0,1.0,0.0,0.4187493746634573,42.98858504367005,14.0,1.0,0.2,0.0,0.2,0.2
1.0,1,1,0.0,0.0,0.03003578732106339,0.25,0.3901646843549863,1.0,1.0,0.0,0.18485346958041188,43.277561422003245,6.0,1.0,0.4,0.13333333333333336,0.2,0.24
1.0,1,2,0.5,0.0,0.3375,0.25,0.3901646843549863,1.0,1.0,0.0,0.27752580819651484,43.23929571043812,9.0,1.0,0.2,0.0,0.2,0.2
1.0,1,3,0.0,0.0,0.03003578732106339,0.25,0.3901646843549863,1.0,1.0,0.0,0.18540279017761344,43.14966097345477,6.0,1.0,0.2,0.0,0.2,0.2
1.0,1,4,0.0,0.0,0.03003578732106339,0.25,0.3901646843549863,1.0,1.0,0.0,0.09274276238866148,43.13039893744095,2.0,1.0,0.2,0.0,0.2,0.2
1.0,1,5,0.0,0.0,0.03003578732106339,0.0,0.1919952537422417,1.0,1.0,0.0,0.0695097431540489,43.15991267520122,2.0,1.0,0.2,0.0,0.2,0.2
1.0,1,6,0.9,0.8,0.8116351888667992,0.7,0.8620455949042359,0.9583333333333334,1.0,0.0,0.626349819637835,43.10767476198275,24.0,1.0,0.2,0.0,0.18333333333333332,0.2
1.0,1,7,0.0,0.0,0.03003578732106339,0.3,0.4398166466299095,0.9904761904761905,1.0,0.0,0.4646160932257771,43.06762885944344,13.0,1.0,0.6,0.3979296066252588,0.3150684931506849,0.4411764705882353
1.0,1,8,0.0,0.0,0.03003578732106339,0.0,0.1919952537422417,1.0,0.0,0.0,0.046334060188382827,43.16496032405582,1.0,1.0,0.2,0.0,0.2,
1.0,1,9,0.0,0.0,0.03003578732106339,0.0,0.1919952537422417,1.0,0.0,0.0,0.06945318286307152,43.194655996558126,1.0,1.0,0.2,0.0,0.2,
1.0,1,10,1.0,1.0,0.9301689860834991,0.75,0.9179508696978944,0.9615384615384615,1.0,0.0,0.7183342644479126,43.15542643097284,26.0,1.0,0.2,0.0,0.19230769230769232,0.2
1.0,1,11,0.0,0.0,0.03003578732106339,0.25,0.3901646843549863,1.0,0.0,0.0,0.06953349295072254,43.144710757251595,1.0,1.0,0.2,0.0,0.2,
1.0,1,12,0.5,0.0,0.3375,0.5,0.6384244957296022,1.0,1.0,0.0,0.4171061552595347,43.154502790407136,13.0,1.0,0.2,0.0,0.2,0.2
1.0,1,13,0.5,0.0,0.3375,0.25,0.3901646843549863,1.0,1.0,0.0,0.13918222538195546,43.10905617020332,4.0,1.0,0.2,0.0,0.2,0.2
1.0,1,14,0.5,0.0,0.3375,0.0,0.1919952537422417,1.0,0.0,0.0,0.06976466402411455,43.002025163610426,1.0,1.0,0.2,0.0,0.2,
1.0,1,15,1.0,1.0,0.9301689860834991,0.25,0.3901646843549863,1.0,1.0,0.0,0.18551084776408963,43.12425362633835,6.0,1.0,0.2,0.0,0.2,0.2
1.0,1,16,0.0,0.0,0.03003578732106339,0.25,0.3901646843549863,1.0,1.0,0.0,0.3950840171892196,43.02888272553369,8.0,1.0,0.2,0.0,0.2,0.2
1.0,1,17,0.0,0.0,0.03003578732106339,0.25,0.3901646843549863,1.0,1.0,0.0,0.5097600752487779,43.15757797569982,18.0,1.0,0.2,0.0,0.18888888888888888,0.2
1.0,1,18,1.0,1.0,0.9301689860834991,0.75,0.9179508696978944,0.825,1.0,0.0,1.1123694063164293,43.15115919305123,40.0,0.0,0.2,0.0,0.165,0.2
1.0,1,19,1.0,1.0,0.9301689860834991,0.25,0.3901646843549863,1.0,0.0,0.0,0.04648103225044902,43.029671994963806,1.0,1.0,0.2,0.0,0.2,
1.0,1,20,0.5,0.0,0.3375,0.5,0.6384244957296022,1.0,1.0,0.0,0.30321701779030263,42.87462427963923,11.0,1.0,0.2,0.0,0.18181818181818182,0.2
1.0,1,21,0.0,0.0,0.03003578732106339,0.25,0.3901646843549863,1.0,1.0,0.0,0.5325908267870545,43.185127416589054,14.0,1.0,0.2,0.0,0.2,0.2
1.0,1,22,0.5,0.0,0.3375,0.25,0.3901646843549863,0.9032258064516128,1.0,0.0,1.1124297748319805,43.14880949156456,31.0,0.0,0.2,0.0,0.17419354838709677,0.2
1.0,1,23,0.5,0.0,0.3375,0.25,0.3901646843549863,1.0,1.0,0.0,0.16248359614983196,43.0821059793285,3.0,1.0,0.2,0.0,0.2,0.2
1.0,1,24,0.0,0.0,0.03003578732106339,0.5,0.6384244957296022,0.8648648648648649,1.0,0.0,1.1123304445762188,43.152748911307086,37.0,0.0,0.2,0.0,0.17222222222222222,0.2
1.0,1,25,1.0,1.0,0.9301689860834991,0.75,0.9179508696978944,1.0,1.0,0.0,0.20868376251310106,43.127496571781045,5.0,1.0,0.2,0.0,0.2,0.2
1.0,1,26,1.0,1.0,0.9301689860834991,0.9,0.8701666960020248,0.8904761904761905,0.976923076923077,0.0,1.1124078921973706,43.149836099162854,27.4,0.0,0.4,0.24999999999999994,0.21818181818181817,0.2625
1.0,1,27,0.0,0.0,0.03003578732106339,0.25,0.3901646843549863,1.0,1.0,0.0,0.18550238320603968,43.12626835721154,5.0,1.0,0.2,0.0,0.2,0.2
1.0,1,28,0.0,0.0,0.03003578732106339,0.25,0.3901646843549863,0.888888888888889,1.0,0.0,0.9037379760760814,43.15433299785481,18.0,1.0,0.2,0.0,0.17142857142857143,0.2
1.0,1,29,0.5,0.0,0.3375,0.25,0.3901646843549863,0.972972972972973,1.0,0.0,1.1123125735670327,43.15346095818516,37.0,0.0,0.2,0.0,0.1945945945945946,0.2
1.0,1,30,0.0,0.0,0.03003578732106339,0.25,0.3901646843549863,1.0,1.0,0.0,0.30178843466565014,43.07653958229351,7.0,1.0,0.2,0.0,0.2,0.2
1.0,1,31,0.0,0.0,0.03003578732106339,0.0,0.1919952537422417,1.0,0.0,0.0,0.04681931179948146,42.72014554429721,1.0,1.0,0.2,0.0,0.2,
1.0,1,32,0.0,0.0,0.03003578732106339,0.5,0.6384244957296022,1.0,1.0,0.0,0.4403687904123217,43.14578789123536,10.0,1.0,0.2,0.0,0.2,0.2
1.0,1,33,0.5,0.0,0.3375,0.75,0.9179508696978944,1.0,1.0,0.0,0.34750364380888643,43.16502709019657,8.0,1.0,0.2,0.0,0.2,0.2
1.0,1,34,0.0,0.0,0.03003578732106339,0.25,0.3901646843549863,1.0,0.0,0.0,0.09303180179558691,42.99697633679062,1.0,1.0,0.2,0.0,0.2,
1.0,1,35,1.0,1.0,0.9301689860834991,0.25,0.3901646843549863,1.0,1.0,0.0,0.4171152106486261,43.15355875777481,11.0,1.0,0.2,0.0,0.2,0.2
1.0,1,36,1.0,1.0,0.9301689860834991,0.25,0.3901646843549863,1.0,1.0,0.0,0.32464524456299837,43.12400433798862,12.0,1.0,0.2,0.0,0.2,0.2
1.0,1,37,0.5,0.0,0.3375,0.0,0.1919952537422417,1.0,1.0,0.0,0.3014244813937694,43.12855436974832,11.0,1.0,0.2,0.0,0.2,0.2
1.0,1,38,0.5,0.0,0.3375,0.5,0.6384244957296022,1.0,1.0,0.0,0.3739027671981603,42.79449902015002,14.0,1.0,0.2,0.0,0.2,0.2
1.0,1,39,1.0,1.0,0.9301689860834991,0.25,0.3901646843549863,1.0,1.0,0.0,0.25456154593266545,43.2116021588087,8.0,1.0,0.2,0.0,0.2,0.2
1.0,1,40,0.5,0.0,0.3375,0.25,0.3901646843549863,0.9333333333333332,1.0,0.0,0.395129516441375,43.024889745997655,15.0,1.0,0.2,0.0,0.18666666666666668,0.2
1.0,1,41,1.0,1.0,0.9301689860834991,0.25,0.3901646843549863,1.0,0.0,0.0,0.06971942521631713,43.029845245901654,1.0,1.0,0.2,0.0,0.2,
1.0,1,42,0.0,0.0,0.03003578732106339,0.0,0.1919952537422417,1.0,1.0,0.0,0.09273276473395523,43.13473395535242,2.0,1.0,0.2,0.0,0.2,0.2
1.0,1,43,1.0,1.0,0.9301689860834991,0.75,0.9179508696978944,1.0,1.0,0.0,0.3937736815772951,43.17202160859164,9.0,1.0,0.2,0.0,0.2,0.2
1.0,1,44,1.0,1.0,0.9301689860834991,0.25,0.3901646843549863,1.0,0.0,0.0,0.0465435700025409,42.97087131612151,1.0,1.0,0.2,0.0,0.2,
1.0,1,45,0.0,0.0,0.03003578732106339,0.25,0.3901646843549863,0.9565217391304348,1.0,0.0,0.6964057261589914,43.078929211120744,23.0,1.0,0.2,0.0,0.19166666666666668,0.2
1.0,1,46,1.0,1.0,0.9301689860834991,0.75,0.9179508696978944,1.0,1.0,0.0,0.37012040391564366,43.22920492060422,14.0,1.0,0.2,0.0,0.2,0.2
1.0,1,47,0.7,0.4,0.5745675944333997,0.6,0.7502350453169192,0.9342105263157894,1.0,0.0,0.7571799909695983,43.05653815649095,27.4,1.0,0.6,0.46647484805379547,0.34306569343065696,0.48484848484848486
1.0,1,48,0.5,0.0,0.3375,0.0,0.1919952537422417,1.0,1.0,0.0,0.11598791941069062,43.10795058276424,2.0,1.0,0.2,0.0,0.2,0.2
1.0,1,49,0.0,0.0,0.03003578732106339,0.0,0.1919952537422417,1.0,0.0,0.0,0.06940263696014877,43.22607329265556,1.0,1.0,0.2,0.0,0.2,
1.0,2,0,1.0,1.0,0.9301689860834991,0.6,0.7502350453169192,1.0,1.0,0.0,0.42153655146248636,42.7077054830764,14.0,1.0,0.8,0.45486956521739125,0.38028169014084506,0.42424242424242425
1.0,2,1,0.1,0.0,0.0915286298568507,0.25,0.3901646843549863,1.0,1.0,0.0,0.22792906863614912,42.97492872817336,6.8,1.0,1.0,0.5815873015873015,0.38235294117647056,0.5517241379310345
1.0,2,2,0.5,0.0,0.3375,0.4,0.5391205711797559,0.9866666666666667,1.0,0.0,0.3798325028736144,43.17280927500237,12.8,1.0,0.8,0.7790952380952381,0.53125,0.6101694915254238
1.0,2,3,0.0,0.0,0.03003578732106339,0.25,0.3901646843549863,1.0,1.0,0.0,0.20347348074428734,43.24833310202759,6.6,1.0,0.8,0.39740259740259737,0.36363636363636365,0.4642857142857143
1.0,2,4,0.0,0.0,0.03003578732106339,0.25,0.3901646843549863,1.0,0.2,0.0,0.07449887292459603,42.96046802100896,1.2,1.0,0.4,0.2,0.3333333333333333,1.0
1.0,2,5,0.0,0.0,0.03003578732106339,0.0,0.1919952537422417,1.0,1.0,0.0,0.06968779517337677,43.049713782474804,2.0,1.0,0.2,0.0,0.2,0.2
1.0,2,6,0.5,0.2,0.3945409546809125,0.4,0.5453738836984912,0.9229506693563175,0.9891891891891891,0.00555555555555554,0.7913649756461382,43.21982763114262,27.8,0.6,1.0,0.7692419325460657,0.5071428571428571,0.725925925925926
1.0,2,7,0.0,0.0,0.03003578732106339,0.5,0.6384244957296022,0.9386902952120344,1.0,0.0,0.6038305629976094,43.03622928951045,19.4,1.0,1.0,0.5447203164024693,0.36538461538461536,0.6666666666666666
1.0,2,8,0.1,0.0,0.09152862985685072,0.1,0.2812811021397138,0.975,0.2,0.0,0.25586272180080405,43.12742749894659,8.8,1.0,0.4,0.3878787878787879,0.75,0.9743589743589743
1.0,2,9,0.0,0.0,0.03003578732106339,0.0,0.1919952537422417,1.0,0.0,0.0,0.06485465243458742,43.173402005411944,1.0,1.0,0.4,0.0,0.2,
1.0,2,10,1.0,1.0,0.9301689860834991,0.75,0.9179508696978944,0.9646153846153848,1.0,0.0,0.8156623897608369,43.15598344587322,29.4,1.0,1.0,0.5156412600874867,0.35374149659863946,0.5211267605633803
1.0,2,11,0.0,0.0,0.03003578732106339,0.45,0.6012791584921495,0.9904761904761905,0.4,0.0,0.27815649025142186,43.11535786337063,8.2,1.0,0.6,0.6412698412698412,0.627906976744186,0.7894736842105263
1.0,2,12,0.4,0.0,0.2760071574642127,0.5,0.6384244957296022,1.0,1.0,0.0,0.4989662752021104,42.90160411550042,15.6,1.0,1.0,0.4493356926155987,0.41025641025641024,0.4931506849315068
1.0,2,13,0.2,0.0,0.15302147239263802,0.3,0.4398166466299095,0.9878787878787879,1.0,0.0,0.42678598361089826,43.1053110865506,15.4,1.0,0.8,0.7089767078002372,0.5384615384615384,0.6986301369863014
1.0,2,14,0.5,0.0,0.3375,0.0,0.1919952537422417,1.0,0.0,0.0,0.06987255765125151,42.93607096001687,1.0,1.0,0.2,0.0,0.2,
1.0,2,15,1.0,1.0,0.9301689860834991,0.45,0.6012791584921495,1.0,1.0,0.0,0.3809826224576681,42.981885007635526,12.4,1.0,1.0,0.7243166567445006,0.5483870967741935,0.6842105263157895
1.0,2,16,0.2,0.2,0.21006242707355055,0.4,0.4797938635249447,1.0,1.0,0.0,0.4064268706832081,42.80837713302739,8.4,1.0,0.4,0.32941176470588235,0.3617021276595745,0.40476190476190477
1.0,2,17,0.0,0.0,0.03003578732106339,0.35,0.4894686089048327,0.8933661740558293,1.0,0.0,0.6674967885948717,43.15017537423746,22.0,1.0,0.8,0.4429033111452466,0.33636363636363636,0.49523809523809526
1.0,2,18,0.6,0.2,0.4560337972166998,0.45,0.5950258459734143,0.9394736842105263,0.9945945945945945,0.0,0.7250120267737656,43.04935572261234,25.0,0.6,1.0,0.8307415029669034,0.576,0.8333333333333334
1.0,2,19,1.0,1.0,0.9301689860834991,0.25,0.3901646843549863,1.0,0.0,0.0,0.04662355878390366,42.89849154024281,1.0,1.0,0.2,0.0,0.2,
1.0,2,20,0.5,0.2,0.3945409546809125,0.55,0.6943297705232607,0.9619047619047618,0.99,0.0,0.39096196116879584,43.029253265204765,13.6,1.0,1.0,0.5577907364318726,0.36764705882352944,0.6190476190476191
1.0,2,21,0.2,0.0,0.15302147239263802,0.4,0.5391205711797559,0.9817460317460318,1.0,0.0,0.6149135587736965,42.92975765351697,16.6,1.0,1.0,0.6530843183207007,0.4523809523809524,0.6835443037974683
1.0,2,22,0.2,0.0,0.15302147239263805,0.25,0.3901646843549863,0.9027208086031615,0.99375,0.0,0.9896460111718625,43.05036398409215,29.4,0.4,1.0,0.6008471022127293,0.3904109589041096,0.5886524822695035
1.0,2,23,0.3,0.0,0.21451431492842535,0.3,0.4398166466299095,0.9785714285714284,1.0,0.0,0.3564904691651463,43.18046901630341,9.0,1.0,0.8,0.7821428571428571,0.7111111111111111,0.825
1.0,2,24,0.0,0.0,0.03003578732106339,0.3,0.4398166466299095,0.9205555555555556,1.0,0.0,0.5715224634855985,43.03771020258454,15.8,1.0,1.0,0.7779638779331874,0.5921052631578947,0.8028169014084507
1.0,2,25,0.9,0.8,0.8116351888667992,0.7,0.8620455949042359,1.0,1.0,0.0,0.2191399720031768,42.891991543608505,5.2,1.0,1.0,0.4926190476190476,0.4230769230769231,0.6666666666666666
1.0,2,26,1.0,1.0,0.9301689860834991,0.8,0.8301894791069895,0.885989010989011,0.9604895330112722,0.0,0.9371597807854414,43.10819516255056,22.6,0.4,1.0,0.5908316267066267,0.29927007299270075,0.5227272727272727
1.0,2,27,0.3,0.0,0.21451431492842535,0.25,0.3901646843549863,1.0,1.0,0.0,0.12995871715247626,43.08124464754021,3.8,1.0,0.6,0.6142857142857144,0.42105263157894735,0.5
1.0,2,28,0.0,0.0,0.03003578732106339,0.3,0.4398166466299095,0.8684656084656084,0.9714285714285715,0.015384615384615361,0.8338987382594496,43.17309022501536,18.4,1.0,1.0,0.7001977279281594,0.4639175257731959,0.6195652173913043
1.0,2,29,0.5,0.0,0.3375,0.25,0.41020083665973484,0.9520650183150183,1.0,0.0,1.0567331033293157,43.151764092683074,35.0,0.6,1.0,0.7673800452843507,0.5054945054945055,0.7570621468926554
1.0,2,30,0.3,0.0,0.21451431492842535,0.45,0.5887725334546791,1.0,1.0,0.0,0.3996274883393198,43.01846099766044,8.6,1.0,1.0,0.420996780996781,0.3953488372093023,0.5526315789473685
1.0,2,31,0.0,0.0,0.03003578732106339,0.0,0.1919952537422417,1.0,0.0,0.0,0.046446180902421405,43.06128159736081,1.0,1.0,0.2,0.0,0.2,
1.0,2,32,0.0,0.0,0.03003578732106339,0.5,0.6384244957296022,0.9800000000000001,1.0,0.0,0.41235466063953935,43.16948607150876,9.2,1.0,0.8,0.36917082917082916,0.32608695652173914,0.4146341463414634
1.0,2,33,0.7,0.4,0.5745675944333997,0.75,0.9179508696978944,0.9577777777777777,1.0,0.0,0.3663057030644268,43.131722113408934,8.2,1.0,0.8,0.2783333333333333,0.2682926829268293,0.3611111111111111
1.0,2,34,0.4,0.4,0.39008906682603767,0.55,0.5694230426949031,1.0,0.4,0.0,0.1394982036668807,42.995140035960404,3.4,1.0,0.4,0.6,0.47058823529411764,0.5
1.0,2,35,1.0,1.0,0.9301689860834991,0.25,0.3901646843549863,1.0,1.0,0.0,0.41836833404377105,43.02458147408491,11.0,1.0,0.4,0.06666666666666665,0.21818181818181817,0.24
1.0,2,36,0.2,0.2,0.21006242707355055,0.25,0.3901646843549863,1.0,1.0,0.0,0.37116289380937817,43.105115532347035,14.0,1.0,0.8,0.40698541138943617,0.3142857142857143,0.4153846153846154
1.0,2,37,0.5,0.0,0.3375,0.0,0.1919952537422417,0.9333333333333332,1.0,0.0,0.31974587962031364,43.159076466947184,11.8,1.0,0.4,0.21333333333333332,0.2542372881355932,0.3148148148148148
1.0,2,38,0.5,0.0,0.3375,0.45,0.5887725334546791,1.0,1.0,0.0,0.37101681544445453,43.124761952416044,13.8,1.0,0.6,0.34424242424242424,0.32857142857142857,0.4
1.0,2,39,0.7,0.4,0.5745675944333997,0.5,0.6446778082483375,0.9714285714285715,1.0,0.0,0.47411447050981226,43.01934535365596,16.0,1.0,1.0,0.7854415954415954,0.5375,0.8
1.0,2,40,0.6,0.2,0.4560337972166998,0.45,0.5887725334546791,0.9475757575757575,1.0,0.0,0.43125454024411736,43.126630933539836,15.8,1.0,0.8,0.5440168754235251,0.379746835443038,0.527027027027027
1.0,2,41,1.0,1.0,0.9301689860834991,0.25,0.3901646843549863,1.0,0.0,0.0,0.06965799219906328,43.06780545487045,1.0,1.0,0.2,0.0,0.2,
1.0,2,42,0.0,0.0,0.03003578732106339,0.0,0.1919952537422417,1.0,1.0,0.0,0.09272379423491653,43.138904785830405,2.0,1.0,0.2,0.0,0.2,0.2
1.0,2,43,0.8,0.6,0.6931013916500994,0.55,0.7168544717131055,1.0,0.8,0.0,0.32978374385274944,43.06629592251278,7.6,1.0,1.0,0.6454752926811751,0.4473684210526316,0.5454545454545454
1.0,2,44,1.0,1.0,0.9301689860834991,0.25,0.3901646843549863,1.0,0.0,0.0,0.06044722562655802,43.023833403753386,1.0,1.0,0.4,0.0,0.2,
1.0,2,45,0.5,0.2,0.3945409546809125,0.55,0.700583083041996,0.9262003977221369,1.0,0.0,0.8899020788725466,43.14528198909071,31.4,0.8,1.0,0.6605501952275972,0.4125,0.6387096774193548
1.0,2,46,1.0,1.0,0.9301689860834991,0.75,0.9179508696978944,1.0,1.0,0.0,0.37750067142769694,42.916171722248066,14.2,1.0,0.4,0.15555555555555553,0.2535211267605634,0.2878787878787879
1.0,2,47,0.8,0.6,0.6931013916500994,0.6,0.7502350453169191,0.9086352357320099,0.9948717948717949,0.0,0.7302768398541957,42.99732855414576,25.2,0.8,1.0,0.7701094687494591,0.4375,0.7317073170731707
1.0,2,48,0.4,0.0,0.27600715746421267,0.05,0.23162913986479064,1.0,1.0,0.0,0.17178210038691752,43.08450113584024,2.8,1.0,0.6,0.4857142857142859,0.5,0.6666666666666666
1.0,2,49,0.0,0.0,0.03003578732106339,0.0,0.1919952537422417,1.0,0.0,0.0,0.06971869855187827,43.03087237701469,1.0,1.0,0.2,0.0,0.2,
1.0,5,0,1.0,1.0,0.9301689860834991,0.75,0.9179508696978944,0.9641113653699467,1.0,0.0,0.5398135840427131,42.961414869453904,17.4,1.0,1.0,0.6873593073593074,0.43820224719101125,0.6666666666666666
1.0,5,1,0.1,0.0,0.0915286298568507,0.25,0.3901646843549863,1.0,1.0,0.0,0.21749979364685715,43.21599542201222,6.6,1.0,0.8,0.5187878787878788,0.36363636363636365,0.5357142857142857
1.0,5,2,0.9,0.8,0.8116351888667992,0.5,0.6509311207670728,0.9882352941176471,1.0,0.0,0.3241533416323364,43.183351960152876,10.8,1.0,1.0,0.9266641604010026,0.7407407407407407,0.9387755102040817
1.0,5,3,0.0,0.0,0.03003578732106339,0.2,0.3505307982324374,1.0,1.0,0.0,0.19556207954883573,42.9150251969014,6.2,1.0,1.0,0.6169580419580419,0.5161290322580645,0.7307692307692307
1.0,5,4,0.0,0.0,0.03003578732106339,0.25,0.3901646843549863,1.0,0.6,0.0,0.08335644416511054,43.189451604979084,1.6,1.0,0.4,0.3,0.25,0.3333333333333333
1.0,5,5,0.0,0.0,0.03003578732106339,0.0,0.1919952537422417,1.0,1.0,0.0,0.0703311500139534,42.65794494781443,2.0,1.0,0.2,0.0,0.2,0.2
1.0,5,6,0.6,0.4,0.5130747518976123,0.55,0.700583083041996,0.9539619164619164,0.7888972243060766,0.0,0.7563108580186964,43.01507817098434,26.8,0.6,1.0,0.8401593832524064,0.5588235294117647,0.732824427480916
1.0,5,7,0.0,0.0,0.03003578732106339,0.45,0.5887725334546791,0.9387626262626263,1.0,0.0,0.5886944619938731,43.15399711095925,19.6,1.0,1.0,0.8009781576196057,0.5742574257425742,0.9375
1.0,5,8,0.0,0.0,0.03003578732106339,0.0,0.1919952537422417,1.0,0.0,0.0,0.04651568890549239,42.99768259694139,1.0,1.0,0.2,0.0,0.2,
1.0,5,9,0.0,0.0,0.03003578732106339,0.0,0.1919952537422417,1.0,0.0,0.0,0.06944579621776932,43.199174647032095,1.0,1.0,0.2,0.0,0.2,
1.0,5,10,1.0,1.0,0.9301689860834991,0.7,0.8620455949042359,0.9313802013721822,0.9952380952380953,0.0,0.8142536964267493,42.96128949379782,29.8,0.8,1.0,0.5856887880159374,0.38926174496644295,0.5972222222222222
1.0,5,11,0.0,0.0,0.03003578732106339,0.35,0.495721921423568,0.99,0.2,0.0,0.1806133588775992,43.18013028617163,4.8,1.0,0.4,0.38,0.8,1.0
1.0,5,12,0.4,0.2,0.3330481121451252,0.4,0.5391205711797559,0.9857142857142858,1.0,0.0,0.5102408785838634,43.11836258575182,16.8,1.0,1.0,0.8256798143136223,0.5714285714285714,0.7341772151898734
1.0,5,13,0.3,0.0,0.21451431492842543,0.35,0.4894686089048327,0.9550915750915753,0.8,0.0,0.3443724195472896,42.9514623764705,11.2,1.0,1.0,0.8662910052910053,0.625,0.7647058823529411
1.0,5,14,0.5,0.0,0.3375,0.0,0.1919952537422417,1.0,0.0,0.0,0.06035229754634197,43.07774912226827,1.0,1.0,0.4,0.0,0.2,
1.0,5,15,1.0,1.0,0.9301689860834991,0.5,0.6509311207670728,0.9410291777188329,1.0,0.0,0.4971055584028363,43.02304293200335,15.8,1.0,0.8,0.617612910716359,0.5063291139240507,0.7027027027027027
1.0,5,16,0.0,0.0,0.03003578732106339,0.25,0.3901646843549863,1.0,1.0,0.0,0.40860856948420404,43.072642729127494,8.4,1.0,0.8,0.18833333333333332,0.2553191489361702,0.30952380952380953
1.0,5,17,0.0,0.0,0.03003578732106339,0.3,0.4398166466299095,0.9609625668449198,0.9904761904761905,0.0,0.48192757018841803,43.15938625090102,15.2,1.0,1.0,0.49587801558457106,0.32894736842105265,0.4788732394366197
1.0,5,18,0.5,0.0,0.3375,0.35,0.4894686089048327,0.9257772337821297,1.0,0.0,0.7010701740160584,42.97367182136607,25.2,0.8,1.0,0.8535525004096431,0.6031746031746031,0.8925619834710744
1.0,5,19,1.0,1.0,0.9301689860834991,0.35,0.4957219214235679,1.0,0.2,0.0,0.10198446037247773,43.130909582158004,3.0,1.0,0.4,0.36,0.6666666666666666,1.0
1.0,5,20,0.8,0.6,0.6931013916500994,0.7,0.7902122622119544,0.9109709758266634,1.0,0.0,0.555473446380347,43.20457081750217,20.4,1.0,1.0,0.6393991517943957,0.4215686274509804,0.6391752577319587
1.0,5,21,0.1,0.0,0.0915286298568507,0.55,0.6943297705232607,0.963539641943734,1.0,0.0,0.6730260756798089,43.088260985854006,20.6,1.0,1.0,0.6585005303775902,0.47572815533980584,0.6632653061224489
1.0,5,22,0.4,0.0,0.27600715746421267,0.25,0.3901646843549863,0.8802894491129785,0.9841176470588235,0.0,1.0290949495974928,43.14262445927539,32.2,0.2,1.0,0.6780713696241647,0.4161490683229814,0.6346153846153846
1.0,5,23,0.2,0.0,0.15302147239263802,0.15,0.31089691210988846,1.0,1.0,0.0,0.2594650757499039,43.16369706028004,5.4,1.0,1.0,0.8151515151515152,0.5555555555555556,0.6818181818181818
1.0,5,24,0.0,0.0,0.03003578732106339,0.3,0.4398166466299095,0.9363969363969366,1.0,0.0,0.6179853500332684,43.02665193599718,19.4,0.8,1.0,0.8041527145654233,0.6145833333333334,0.8571428571428571
1.0,5,25,0.9,0.8,0.8116351888667992,0.7,0.8620455949042359,1.0,1.0,0.0,0.21822855183854695,43.07076735277294,5.2,1.0,0.8,0.4791666666666667,0.38461538461538464,0.5238095238095238
1.0,5,26,1.0,1.0,0.9301689860834991,0.7,0.8620455949042359,0.9104802604802605,0.9925925925925926,0.0,0.9484764317050576,43.03126156189599,23.2,0.2,1.0,0.6666416932967348,0.38571428571428573,0.6962962962962963
1.0,5,27,0.1,0.0,0.0915286298568507,0.2,0.3505307982324374,1.0,1.0,0.0,0.19969617999158795,43.05747228601423,6.0,1.0,1.0,0.8611507936507937,0.7333333333333333,0.88
1.0,5,28,0.1,0.0,0.09152862985685072,0.2,0.3505307982324374,0.9265800865800866,1.0,0.0,0.7836265746504069,43.134985822428625,14.0,0.8,1.0,0.7275966810966811,0.46153846153846156,0.6301369863013698
1.0,5,29,0.4,0.0,0.2760071574642127,0.3,0.44983472278228376,0.9082798329121857,0.9947368421052631,0.0,1.105168424313888,43.07094020400822,34.6,0.2,1.0,0.8498524332014556,0.5942857142857143,0.9
1.0,5,30,0.3,0.0,0.21451431492842543,0.45,0.5887725334546791,1.0,1.0,0.0,0.38905369960702957,43.17825947081214,8.2,1.0,1.0,0.6568433527257058,0.5,0.6756756756756757
1.0,5,31,0.0,0.0,0.03003578732106339,0.0,0.1919952537422417,1.0,0.2,0.0,0.061145881842821805,42.52774231562129,1.2,1.0,0.6,0.8,0.6666666666666666,1.0
1.0,5,32,0.1,0.0,0.09152862985685072,0.6,0.7502350453169192,0.992,1.0,0.0,0.6165306001901627,43.123334206500516,13.8,0.8,1.0,0.7017148535529902,0.5857142857142857,0.7538461538461538
1.0,5,33,0.5,0.0,0.3375,0.75,0.9179508696978944,0.9704761904761906,1.0,0.0,0.5058161580003798,43.1007518842803,11.0,1.0,0.6,0.35190476190476194,0.4,0.52
1.0,5,34,0.2,0.2,0.21006242707355055,0.4,0.4797938635249447,1.0,0.6,0.0,0.12990916585549708,43.10076655672744,2.8,1.0,0.8,0.9,0.9285714285714286,1.0
1.0,5,35,1.0,1.0,0.9301689860834991,0.55,0.7068363955607312,0.9846153846153847,1.0,0.0,0.5766509537119419,43.002940539853824,17.6,1.0,0.8,0.5582953954258302,0.375,0.5542168674698795
1.0,5,36,0.6,0.6,0.5701157065785248,0.45,0.6012791584921496,0.9628571428571429,0.9882352941176471,0.00606060606060604,0.5104878033977002,43.06799493419702,17.4,0.8,1.0,0.6676061076604556,0.48314606741573035,0.6904761904761905
1.0,5,37,0.5,0.0,0.3375,0.0,0.1919952537422417,0.9666666666666666,1.0,0.0,0.31121137058362364,43.05711947538001,11.4,1.0,0.4,0.25714285714285723,0.24561403508771928,0.3076923076923077
1.0,5,38,0.5,0.0,0.3375,0.45,0.5887725334546791,1.0,1.0,0.0,0.38504450470209123,43.11044173671798,14.0,1.0,0.6,0.48573913043478256,0.4084507042253521,0.5
1.0,5,39,0.9,0.8,0.8116351888667992,0.3,0.4398166466299095,0.9866666666666667,1.0,0.0,0.30102087394334376,43.19092332538494,9.6,1.0,0.8,0.6965034965034965,0.6041666666666666,0.7441860465116279
1.0,5,40,0.9,0.8,0.8116351888667992,0.6,0.7564883578356544,0.9225952908879739,1.0,0.0,0.7580412588082254,42.99262271045542,29.4,0.8,1.0,0.7977104832699583,0.5510204081632653,0.823943661971831
1.0,5,41,1.0,1.0,0.9301689860834991,0.25,0.3901646843549863,1.0,0.0,0.0,0.06495142118073993,43.09676957707312,1.0,1.0,0.4,0.0,0.2,
1.0,5,42,0.0,0.0,0.03003578732106339,0.0,0.1919952537422417,1.0,1.0,0.0,0.09288160754367707,43.06584187265172,2.0,1.0,0.2,0.0,0.2,0.2
1.0,5,43,0.6,0.2,0.4560337972166998,0.3,0.48237750012450287,0.9846153846153847,0.4,0.0,0.33935300218872727,43.01552871950083,7.6,1.0,0.6,0.6354377104377105,0.7105263157894737,0.9696969696969697
1.0,5,44,1.0,1.0,0.9301689860834991,0.25,0.3901646843549863,1.0,0.0,0.0,0.055888037616386964,42.94068502532366,1.0,1.0,0.4,0.0,0.2,
1.0,5,45,0.3,0.0,0.21451431492842535,0.4,0.5453738836984912,0.8859164818920917,0.99,0.0051282051282051195,0.9524875829927624,43.05333227571405,34.0,0.4,1.0,0.7865576247646157,0.5114942528735632,0.8165680473372781
1.0,5,46,1.0,1.0,0.9301689860834991,0.7,0.8620455949042359,1.0,1.0,0.0,0.3706568434368819,43.16639327534482,13.8,1.0,0.6,0.2345098039215686,0.2753623188405797,0.3125
1.0,5,47,0.5,0.2,0.3945409546809125,0.55,0.6943297705232607,0.9814285714285715,1.0,0.0,0.8719253542367369,43.1253064410118,23.2,1.0,1.0,0.8379610786916712,0.6115702479338843,0.9051724137931034
1.0,5,48,0.5,0.0,0.3375,0.05,0.23162913986479064,1.0,1.0,0.0,0.16809952175244686,42.72396851712326,2.8,1.0,0.4,0.34285714285714286,0.5,0.6666666666666666
1.0,5,49,0.0,0.0,0.03003578732106339,0.0,0.1919952537422417,1.0,0.0,0.0,0.0650799732189625,43.02758253408915,1.0,1.0,0.4,0.0,0.2,
1.0,10,0,1.0,1.0,0.9301689860834991,0.75,0.9179508696978944,0.95296574770259,1.0,0.0,0.4494410096667707,42.55273330998831,15.2,1.0,1.0,0.717159977703456,0.46153846153846156,0.6712328767123288
1.0,10,1,0.5,0.0,0.3375,0.2,0.3505307982324374,1.0,1.0,0.0,0.21588287698104974,43.57176060859699,7.0,1.0,1.0,0.7196201678438521,0.6285714285714286,0.8666666666666667
1.0,10,2,0.8,0.6,0.6931013916500994,0.45,0.5950258459734143,0.9894736842105264,1.0,0.0,0.300466469861567,42.39700675600653,9.6,1.0,1.0,0.935173145694885,0.8125,0.9767441860465116
1.0,10,3,0.3,0.2,0.2715552696093379,0.3,0.4398166466299095,1.0,1.0,0.0,0.2429477814119309,43.67576329746101,8.2,1.0,1.0,0.791753065774805,0.6904761904761905,0.8918918918918919
1.0,10,4,0.0,0.0,0.03003578732106339,0.25,0.3901646843549863,1.0,0.8,0.0,0.08681584210135036,43.766767562971715,1.8,1.0,0.4,0.2,0.2222222222222222,0.25
1.0,10,5,0.0,0.0,0.03003578732106339,0.0,0.1919952537422417,1.0,1.0,0.0,0.06850237594917412,43.794210859769365,2.0,1.0,0.2,0.0,0.2,0.2
1.0,10,6,0.4,0.2,0.33304811214512525,0.45,0.5950258459734143,0.92603301327004,0.9933333333333334,0.0,0.5384326023980975,43.835788868234225,20.8,1.0,1.0,0.6104368854232727,0.41346153846153844,0.5959595959595959
1.0,10,7,0.0,0.0,0.03003578732106339,0.4,0.5391205711797559,0.904071773636991,1.0,0.0,0.6181191194336861,43.3929422231494,20.2,1.0,1.0,0.6470500783914239,0.42592592592592593,0.7475728155339806
1.0,10,8,0.1,0.0,0.09152862985685072,0.1,0.2812811021397138,1.0,0.2,0.0,0.13676952179521318,43.82334160381315,4.4,1.0,0.4,0.4,0.8636363636363636,1.0
1.0,10,9,0.0,0.0,0.03003578732106339,0.0,0.1919952537422417,1.0,0.0,0.0,0.05928064640611406,43.8431486697594,1.0,1.0,0.4,0.0,0.2,
1.0,10,10,1.0,1.0,0.9301689860834991,0.75,0.9179508696978944,0.9035361153008212,0.9886762360446572,0.0,0.9238152448087931,43.74520302127401,29.8,0.8,1.0,0.6184309148151448,0.40522875816993464,0.6486486486486487
1.0,10,11,0.0,0.0,0.03003578732106339,0.25,0.3901646843549863,0.9703296703296704,0.4,0.0,0.2009960071649402,43.82775028641852,6.0,1.0,0.6,0.5626373626373626,0.4375,0.5555555555555556
1.0,10,12,0.4,0.2,0.33304811214512525,0.55,0.6943297705232607,0.9773524720893143,1.0,0.0,0.6615314493421465,42.875564063768365,22.0,1.0,1.0,0.8135971476496529,0.5727272727272728,0.7523809523809524
1.0,10,13,0.2,0.0,0.15302147239263802,0.3,0.4398166466299095,1.0,1.0,0.0,0.3262937440071255,43.501949031408685,11.6,1.0,1.0,0.8600380899293942,0.7068965517241379,0.7924528301886793
1.0,10,14,0.5,0.0,0.3375,0.0,0.1919952537422417,1.0,0.0,0.0,0.06388973230496046,43.83079516220732,1.0,1.0,0.4,0.0,0.2,
1.0,10,15,1.0,1.0,0.9301689860834991,0.45,0.6012791584921495,0.9607142857142857,1.0,0.0,0.46623928640037776,42.60781060452277,14.6,1.0,0.8,0.598671664167916,0.4520547945205479,0.6176470588235294
1.0,10,16,0.0,0.0,0.03003578732106339,0.35,0.495721921423568,1.0,0.8,0.0,0.3745665254071355,43.7925717263732,6.2,1.0,0.8,0.5890909090909091,0.3611111111111111,0.3870967741935484
1.0,10,17,0.0,0.0,0.03003578732106339,0.35,0.4894686089048327,0.9264976165904958,1.0,0.0,0.5199706582352519,43.84740001770645,17.2,1.0,1.0,0.4706273258904837,0.313953488372093,0.5432098765432098
1.0,10,18,0.8,0.6,0.6931013916500994,0.55,0.700583083041996,0.9493021346469621,1.0,0.0,0.6023486508522182,43.82972572765625,21.0,1.0,1.0,0.8483001466690491,0.6415094339622641,0.8415841584158416
1.0,10,19,0.6,0.6,0.5701157065785247,0.4,0.5453738836984912,0.9823529411764707,0.4,0.0,0.35141976540908215,43.31566767423709,12.0,1.0,0.6,0.665,0.6833333333333333,0.8181818181818182
1.0,10,20,0.9,0.8,0.8116351888667992,0.7,0.8620455949042359,0.9777142857142858,1.0,0.0,0.4637780761346221,43.507894590950364,17.2,1.0,1.0,0.7173986496742457,0.5287356321839081,0.8292682926829268
1.0,10,21,0.1,0.0,0.09152862985685072,0.55,0.6943297705232607,0.9421848739495798,1.0,0.0,0.7223410644568503,43.74004158612116,23.4,1.0,1.0,0.7384826230616623,0.5128205128205128,0.7857142857142857
1.0,10,22,0.4,0.0,0.2760071574642128,0.25,0.3901646843549863,0.88546918767507,0.9935483870967742,0.0,1.0562665530014783,43.742498181093055,32.4,0.2,1.0,0.5901163422729534,0.38271604938271603,0.6114649681528662
1.0,10,23,0.4,0.0,0.2760071574642127,0.1,0.27126302598733953,1.0,1.0,0.0,0.15536543666385108,43.77066208935798,3.0,1.0,1.0,0.9133333333333333,0.8,1.0
1.0,10,24,0.0,0.0,0.03003578732106339,0.25,0.40018276050736057,0.9678362573099415,1.0,0.0,0.424667946388945,39.7414409440337,10.0,1.0,0.8,0.7815736551030669,0.6,0.7777777777777778
1.0,10,25,0.9,0.8,0.8116351888667992,0.6,0.7727597465067639,1.0,1.0,0.0,0.22923654597252602,37.63802322222786,4.6,1.0,1.0,0.7797619047619049,0.6086956521739131,0.8333333333333334
1.0,10,26,0.9,0.8,0.8116351888667992,0.65,0.8061403201105776,0.904561403508772,0.9696669209255022,0.0,0.6541774899698793,40.04873065014492,18.4,0.8,1.0,0.6774507009080992,0.41414141414141414,0.776595744680851
1.0,10,27,0.2,0.0,0.15302147239263802,0.2,0.3505307982324374,1.0,1.0,0.0,0.16101944460533554,39.792097178774355,4.2,1.0,0.8,0.6609523809523811,0.47619047619047616,0.6875
1.0,10,28,0.0,0.0,0.03003578732106339,0.25,0.3901646843549863,0.8759316770186336,0.9733333333333334,0.01428571428571428,0.9522359652444721,37.98962513819913,18.4,1.0,1.0,0.7708235073496295,0.5051546391752577,0.6847826086956522
1.0,10,29,0.3,0.0,0.21451431492842543,0.35,0.4894686089048327,0.9585243331566862,1.0,0.0,1.0975665042176843,38.38731615571036,31.0,0.4,1.0,0.7469902074196786,0.4967741935483871,0.76
1.0,10,30,0.3,0.0,0.21451431492842538,0.35,0.49948668505720695,0.9636363636363636,0.9800000000000001,0.0,0.44140678495168684,39.27236369965058,8.6,1.0,1.0,0.736236920973763,0.5348837209302325,0.7105263157894737
1.0,10,31,0.0,0.0,0.03003578732106339,0.0,0.1919952537422417,1.0,0.0,0.0,0.05432938262820238,36.91523674261521,1.0,1.0,0.2,0.0,0.2,
1.0,10,32,0.1,0.0,0.0915286298568507,0.55,0.6943297705232607,0.9692307692307691,1.0,0.0,0.5855078317690641,38.78471879981028,11.4,1.0,1.0,0.6693451483157365,0.5172413793103449,0.7358490566037735
1.0,10,33,0.7,0.4,0.5745675944333997,0.75,0.9179508696978944,0.9527777777777778,1.0,0.0,0.3681176799815148,38.698060420615846,7.4,1.0,0.8,0.2144047619047619,0.2702702702702703,0.34375
1.0,10,34,0.2,0.2,0.21006242707355055,0.4,0.4797938635249447,1.0,0.6,0.0,0.1306362959556281,35.544444969719585,2.6,1.0,0.6,0.8,0.7692307692307693,0.875
1.0,10,35,1.0,1.0,0.9301689860834991,0.35,0.4957219214235679,0.9916666666666668,1.0,0.0,0.5566184483934193,37.464716163266495,13.6,1.0,0.6,0.2876811594202898,0.35294117647058826,0.3968253968253968
1.0,10,36,0.4,0.4,0.3900890668260377,0.45,0.6012791584921495,0.9783333333333333,1.0,0.0,0.4559822724200785,40.038328223744436,15.6,1.0,1.0,0.6615024793184823,0.4230769230769231,0.726027397260274
1.0,10,37,0.5,0.0,0.3375,0.0,0.1919952537422417,0.9857142857142858,1.0,0.0,0.34452559682540596,39.588730233792226,11.6,1.0,0.6,0.23666666666666666,0.27586206896551724,0.37735849056603776
1.0,10,38,0.5,0.0,0.3375,0.45,0.5887725334546791,1.0,1.0,0.0,0.411515841819346,39.388012585553184,13.6,1.0,0.4,0.24761904761904763,0.29577464788732394,0.3333333333333333
1.0,10,39,0.7,0.6,0.6316085491143121,0.45,0.5950258459734143,0.9844444444444445,1.0,0.0,0.5877290474716574,39.54411065945723,17.8,1.0,1.0,0.757846688668813,0.5494505494505495,0.7441860465116279
1.0,10,40,0.6,0.2,0.4560337972166998,0.4,0.5391205711797559,0.9728506787330318,1.0,0.0,0.5393811129033566,40.04415785040467,18.4,1.0,1.0,0.6983602548473239,0.5434782608695652,0.7241379310344828
1.0,10,41,1.0,1.0,0.9301689860834991,0.25,0.3901646843549863,1.0,0.0,0.0,0.07582933707162734,39.607960533476245,1.0,1.0,0.2,0.0,0.2,
1.0,10,42,0.0,0.0,0.03003578732106339,0.0,0.1919952537422417,1.0,1.0,0.0,0.11686234618537124,35.86981372679848,2.0,1.0,0.4,0.2666666666666667,0.3,0.4
1.0,10,43,0.8,0.6,0.6931013916500994,0.55,0.7168544717131055,0.9458202388434949,0.7952380952380953,0.0,0.6998329108580947,38.48140411664353,19.6,0.6,1.0,0.7862023998788704,0.5353535353535354,0.7978723404255319
1.0,10,44,1.0,1.0,0.9301689860834991,0.35,0.4957219214235679,0.9878787878787879,0.2,0.0,0.23000534418970348,38.89123461540828,7.4,1.0,0.6,0.3870967741935484,0.8378378378378378,1.0
1.0,10,45,0.5,0.2,0.3945409546809125,0.5,0.6446778082483375,0.8819887429643527,0.9947368421052631,0.0,1.1903777890373022,39.50807641399391,38.6,0.4,1.0,0.6548168917924274,0.4072164948453608,0.656084656084656
1.0,10,46,1.0,1.0,0.9301689860834991,0.75,0.9179508696978944,1.0,1.0,0.0,0.41686900495551527,38.00757499790432,13.8,1.0,0.6,0.13124999999999998,0.2318840579710145,0.265625
1.0,10,47,0.6,0.2,0.4560337972166998,0.5,0.6446778082483375,0.9138106477838971,0.9949999999999999,0.0,0.9523813950363547,37.66677676064945,28.6,0.8,1.0,0.7769639356171864,0.503448275862069,0.8285714285714286
1.0,10,48,0.4,0.0,0.2760071574642128,0.1,0.27126302598733953,1.0,1.0,0.0,0.2417293989565223,37.81819366887306,3.6,1.0,0.6,0.5071428571428572,0.4444444444444444,0.6153846153846154
1.0,10,49,0.2,0.2,0.21006242707355055,0.05,0.23162913986479064,1.0,0.0,0.0,0.08731454401277004,32.193732222548945,1.0,1.0,0.6,0.4,0.4,
1.5,1,0,1.0,1.0,0.9301689860834991,0.5,0.6384244957296022,1.0,1.0,0.0,0.4190219406038523,42.96047063686651,14.0,1.0,0.2,0.0,0.2,0.2
1.5,1,1,0.0,0.0,0.03003578732106339,0.25,0.3901646843549863,1.0,1.0,0.0,0.18557234555482857,43.1099584702413,6.0,1.0,0.4,0.13333333333333336,0.2,0.24
1.5,1,2,0.5,0.0,0.3375,0.25,0.3901646843549863,1.0,1.0,0.0,0.2776487892959267,43.2202513951319,9.0,1.0,0.2,0.0,0.2,0.2
1.5,1,3,0.0,0.0,0.03003578732106339,0.25,0.3901646843549863,1.0,1.0,0.0,0.18562605958431955,43.0984203806365,6.0,1.0,0.2,0.0,0.2,0.2
1.5,1,4,0.0,0.0,0.03003578732106339,0.25,0.3901646843549863,1.0,1.0,0.0,0.09258116814307862,43.20542197587826,2.0,1.0,0.2,0.0,0.2,0.2
1.5,1,5,0.0,0.0,0.03003578732106339,0.0,0.1919952537422417,1.0,1.0,0.0,0.06947525339201091,43.18085359546687,2.0,1.0,0.2,0.0,0.2,0.2
1.5,1,6,0.9,0.8,0.8116351888667992,0.7,0.8620455949042359,0.9583333333333334,1.0,0.0,0.624554155068472,43.2308428136309,24.0,1.0,0.2,0.0,0.18333333333333332,0.2
1.5,1,7,0.0,0.0,0.03003578732106339,0.4,0.5391205711797559,0.980952380952381,1.0,0.0,0.5140757814049721,43.187128407048455,15.2,1.0,0.6,0.374120082815735,0.27058823529411763,0.375
1.5,1,8,0.0,0.0,0.03003578732106339,0.0,0.1919952537422417,1.0,0.0,0.0,0.046300126705318655,43.19651865204154,1.0,1.0,0.2,0.0,0.2,
1.5,1,9,0.0,0.0,0.03003578732106339,0.0,0.1919952537422417,1.0,0.0,0.0,0.06943815639242523,43.203916325428224,1.0,1.0,0.2,0.0,0.2,
1.5,1,10,1.0,1.0,0.9301689860834991,0.75,0.9179508696978944,0.9615384615384615,1.0,0.0,0.7194038159679621,43.09124096154965,26.0,1.0,0.2,0.0,0.19230769230769232,0.2
1.5,1,11,0.0,0.0,0.03003578732106339,0.25,0.3901646843549863,1.0,0.0,0.0,0.06959954639896748,43.10377949401319,1.0,1.0,0.2,0.0,0.2,
1.5,1,12,0.5,0.0,0.3375,0.5,0.6384244957296022,1.0,1.0,0.0,0.41851386879570784,43.00950109927025,13.0,1.0,0.2,0.0,0.2,0.2
1.5,1,13,0.5,0.0,0.3375,0.25,0.3901646843549863,1.0,1.0,0.0,0.1392278563696891,43.09482963999833,4.0,1.0,0.2,0.0,0.2,0.2
1.5,1,14,0.5,0.0,0.3375,0.0,0.1919952537422417,1.0,0.0,0.0,0.06984192333184178,42.955406678124376,1.0,1.0,0.2,0.0,0.2,
1.5,1,15,1.0,1.0,0.9301689860834991,0.25,0.3901646843549863,1.0,1.0,0.0,0.18622333439998326,42.95954501009439,6.0,1.0,0.2,0.0,0.2,0.2
1.5,1,16,0.0,0.0,0.03003578732106339,0.25,0.3901646843549863,1.0,1.0,0.0,0.39470721194520586,43.07015215006785,8.0,1.0,0.2,0.0,0.2,0.2
1.5,1,17,0.0,0.0,0.03003578732106339,0.25,0.3901646843549863,1.0,1.0,0.0,0.5107396518345922,43.07481749873783,18.0,1.0,0.2,0.0,0.18888888888888888,0.2
1.5,1,18,1.0,1.0,0.9301689860834991,0.75,0.9179508696978944,0.825,1.0,0.0,1.113052264181897,43.12565584710187,40.0,0.0,0.2,0.0,0.165,0.2
1.5,1,19,1.0,1.0,0.9301689860834991,0.25,0.3901646843549863,1.0,0.0,0.0,0.04681288925930852,42.72660103458939,1.0,1.0,0.2,0.0,0.2,
1.5,1,20,0.5,0.0,0.3375,0.5,0.6384244957296022,1.0,1.0,0.0,0.3033363818656653,42.860671037132626,11.0,1.0,0.2,0.0,0.18181818181818182,0.2
1.5,1,21,0.0,0.0,0.03003578732106339,0.25,0.3901646843549863,1.0,1.0,0.0,0.5349995381198823,42.991600828981234,14.0,1.0,0.2,0.0,0.2,0.2
1.5,1,22,0.5,0.0,0.3375,0.25,0.3901646843549863,0.9032258064516128,1.0,0.0,1.1125437883660196,43.14437984685757,31.0,0.0,0.2,0.0,0.17419354838709677,0.2
1.5,1,23,0.5,0.0,0.3375,0.25,0.3901646843549863,1.0,1.0,0.0,0.1618847855366766,43.240653747310695,3.0,1.0,0.2,0.0,0.2,0.2
1.5,1,24,0.0,0.0,0.03003578732106339,0.5,0.6384244957296022,0.8648648648648649,1.0,0.0,1.1136080707889051,43.1031774716145,37.0,0.0,0.2,0.0,0.17222222222222222,0.2
1.5,1,25,1.0,1.0,0.9301689860834991,0.75,0.9179508696978944,1.0,1.0,0.0,0.20838770722039035,43.18874013639572,5.0,1.0,0.2,0.0,0.2,0.2
1.5,1,26,1.0,1.0,0.9301689860834991,0.95,0.8542386381034014,0.8896825396825395,0.9692307692307691,0.0,1.1155686238314957,43.02788433584268,27.2,0.0,0.4,0.16666666666666666,0.21818181818181817,0.2625
1.5,1,27,0.0,0.0,0.03003578732106339,0.25,0.3901646843549863,1.0,1.0,0.0,0.18527010576799507,43.18022608183854,5.0,1.0,0.2,0.0,0.2,0.2
1.5,1,28,0.0,0.0,0.03003578732106339,0.25,0.3901646843549863,0.888888888888889,1.0,0.0,0.9056115268263966,43.064889709980605,18.0,1.0,0.2,0.0,0.17142857142857143,0.2
1.5,1,29,0.5,0.0,0.3375,0.25,0.3901646843549863,0.972972972972973,1.0,0.0,1.112506342679262,43.14584477966129,37.0,0.0,0.2,0.0,0.1945945945945946,0.2
1.5,1,30,0.0,0.0,0.03003578732106339,0.25,0.3901646843549863,1.0,1.0,0.0,0.30149532719515265,43.1185299391362,7.0,1.0,0.2,0.0,0.2,0.2
1.5,1,31,0.0,0.0,0.03003578732106339,0.0,0.1919952537422417,1.0,0.0,0.0,0.0469069455750286,42.63819331912796,1.0,1.0,0.2,0.0,0.2,
1.5,1,32,0.0,0.0,0.03003578732106339,0.5,0.6384244957296022,1.0,1.0,0.0,0.4410939857363701,43.07474817327587,10.0,1.0,0.2,0.0,0.2,0.2
1.5,1,33,0.5,0.0,0.3375,0.75,0.9179508696978944,1.0,1.0,0.0,0.34823295581154523,43.074639422696485,8.0,1.0,0.2,0.0,0.2,0.2
1.5,1,34,0.0,0.0,0.03003578732106339,0.25,0.3901646843549863,1.0,0.0,0.0,0.09272351674735542,43.13900563257643,1.0,1.0,0.2,0.0,0.2,
1.5,1,35,1.0,1.0,0.9301689860834991,0.25,0.3901646843549863,1.0,1.0,0.0,0.4187324347905815,42.9872748807113,11.0,1.0,0.2,0.0,0.2,0.2
1.5,1,36,1.0,1.0,0.9301689860834991,0.25,0.3901646843549863,1.0,1.0,0.0,0.3274249332025647,42.76053013651166,12.0,1.0,0.2,0.0,0.2,0.2
1.5,1,37,0.5,0.0,0.3375,0.0,0.1919952537422417,1.0,1.0,0.0,0.30368446703068913,42.80802530371923,11.0,1.0,0.2,0.0,0.2,0.2
1.5,1,38,0.5,0.0,0.3375,0.5,0.6384244957296022,1.0,1.0,0.0,0.37117835064418614,43.10609512213557,14.0,1.0,0.2,0.0,0.2,0.2
1.5,1,39,1.0,1.0,0.9301689860834991,0.25,0.3901646843549863,1.0,1.0,0.0,0.25552573683671653,43.04864019108587,8.0,1.0,0.2,0.0,0.2,0.2
1.5,1,40,0.5,0.0,0.3375,0.25,0.3901646843549863,0.9333333333333332,1.0,0.0,0.40431396951898935,42.05489347540516,15.0,1.0,0.2,0.0,0.18666666666666668,0.2
1.5,1,41,1.0,1.0,0.9301689860834991,0.25,0.3901646843549863,1.0,0.0,0.0,0.06987107642926269,42.93705657553774,1.0,1.0,0.2,0.0,0.2,
1.5,1,42,0.0,0.0,0.03003578732106339,0.0,0.1919952537422417,1.0,1.0,0.0,0.09271364677697416,43.14360149411808,2.0,1.0,0.2,0.0,0.2,0.2
1.5,1,43,1.0,1.0,0.9301689860834991,0.75,0.9179508696978944,1.0,1.0,0.0,0.39508014684543014,43.029291962994776,9.0,1.0,0.2,0.0,0.2,0.2
1.5,1,44,1.0,1.0,0.9301689860834991,0.25,0.3901646843549863,1.0,0.0,0.0,0.04641303704120214,43.09140064325145,1.0,1.0,0.2,0.0,0.2,
1.5,1,45,0.0,0.0,0.03003578732106339,0.25,0.3901646843549863,0.9565217391304348,1.0,0.0,0.6951166848652065,43.158238934956564,23.0,1.0,0.2,0.0,0.19166666666666668,0.2
1.5,1,46,1.0,1.0,0.9301689860834991,0.75,0.9179508696978944,1.0,1.0,0.0,0.370489641232416,43.18610009838343,14.0,1.0,0.2,0.0,0.2,0.2
1.5,1,47,0.6,0.2,0.4560337972166998,0.55,0.6943297705232607,0.9175438596491228,1.0,0.0,0.733424632018432,43.08478684895375,26.8,1.0,0.4,0.2909090909090909,0.3283582089552239,0.4418604651162791
1.5,1,48,0.5,0.0,0.3375,0.0,0.1919952537422417,1.0,1.0,0.0,0.11625219099223608,43.010272182677234,2.0,1.0,0.2,0.0,0.2,0.2
1.5,1,49,0.0,0.0,0.03003578732106339,0.0,0.1919952537422417,1.0,0.0,0.0,0.06964172720909115,43.078192103509494,1.0,1.0,0.2,0.0,0.2,
1.5,2,0,1.0,1.0,0.9301689860834991,0.65,0.8061403201105776,0.9904761904761905,1.0,0.0,0.5191258882638067,43.14571712823134,17.4,1.0,1.0,0.6543658192271387,0.4222222222222222,0.6588235294117647
1.5,2,1,0.1,0.0,0.0915286298568507,0.25,0.3901646843549863,1.0,1.0,0.0,0.22775657982565461,43.00119763730369,6.8,1.0,1.0,0.7252525252525253,0.5,0.7586206896551724
1.5,2,2,0.7,0.4,0.5745675944333997,0.35,0.4894686089048327,0.9866666666666667,1.0,0.0,0.33445491357706486,43.06708426411569,10.6,1.0,1.0,0.9276088202079251,0.7547169811320755,0.8958333333333334
1.5,2,3,0.5,0.4,0.45158190936182496,0.35,0.4957219214235679,0.9193277310924369,0.9800000000000001,0.0,0.40422400580719114,42.99538405994539,14.2,1.0,1.0,0.7567823583048516,0.5070422535211268,0.7575757575757576
1.5,2,4,0.0,0.0,0.03003578732106339,0.25,0.3901646843549863,1.0,0.6,0.0,0.08374263020232316,42.979097687418765,1.6,1.0,0.4,0.3,0.25,0.3333333333333333
1.5,2,5,0.0,0.0,0.03003578732106339,0.0,0.1919952537422417,1.0,1.0,0.0,0.06989249163307243,42.924078126140934,2.0,1.0,0.2,0.0,0.2,0.2
1.5,2,6,0.5,0.2,0.39454095468091255,0.5,0.6446778082483375,0.8728959961423758,0.7828571428571429,0.01176470588235294,0.7520813644398003,43.019499427395225,28.6,0.8,1.0,0.8239336618538822,0.4652777777777778,0.7410071942446043
1.5,2,7,0.0,0.0,0.03003578732106339,0.4,0.5391205711797559,0.9688888888888888,1.0,0.0,0.556220373744145,43.1461421721517,17.6,1.0,1.0,0.6651973419527974,0.4536082474226804,0.6847826086956522
1.5,2,8,0.2,0.2,0.21006242707355055,0.15,0.3371863769333722,0.9857142857142858,0.2,0.0,0.21381194023415442,42.88333757378628,6.4,1.0,0.4,0.4,0.8181818181818182,0.9642857142857143
1.5,2,9,0.0,0.0,0.03003578732106339,0.0,0.1919952537422417,1.0,0.0,0.0,0.06024236259981987,43.154907552888446,1.0,1.0,0.4,0.0,0.2,
1.5,2,10,1.0,1.0,0.9301689860834991,0.75,0.9179508696978944,0.9491915954415955,1.0,0.0,0.8618293412029743,43.16434323202384,30.8,0.8,1.0,0.49913466766015013,0.34615384615384615,0.5231788079470199
1.5,2,11,0.0,0.0,0.03003578732106339,0.35,0.4957219214235679,0.9739495798319329,0.4,0.0,0.2319741472136229,43.06537269838875,6.8,1.0,0.6,0.588702147525677,0.5,0.6451612903225806
1.5,2,12,0.5,0.2,0.3945409546809125,0.5,0.6384244957296022,0.9441930618401206,0.9875,0.0,0.637764524994418,42.94074610361125,21.2,0.8,1.0,0.8031649651851265,0.5462962962962963,0.7766990291262136
1.5,2,13,0.5,0.0,0.3375,0.4,0.5391205711797559,1.0,1.0,0.0,0.24589108619838948,43.11164976326451,8.4,1.0,0.8,0.6413461538461538,0.40476190476190477,0.4594594594594595
1.5,2,14,0.5,0.0,0.3375,0.0,0.1919952537422417,1.0,0.0,0.0,0.06497180960141118,43.09414555274735,1.0,1.0,0.4,0.0,0.2,
1.5,2,15,1.0,1.0,0.9301689860834991,0.55,0.7068363955607312,0.9387254901960784,1.0,0.0,0.5484659727662802,43.014536717382335,17.4,1.0,0.8,0.6821071428571428,0.5402298850574713,0.7926829268292683
1.5,2,16,0.0,0.0,0.03003578732106339,0.25,0.3901646843549863,1.0,1.0,0.0,0.3941981631796807,43.12554057438149,8.0,1.0,0.2,0.0,0.2,0.2
1.5,2,17,0.0,0.0,0.03003578732106339,0.35,0.4894686089048327,0.9689473684210526,1.0,0.0,0.5103206328116358,43.114872610439626,15.2,1.0,1.0,0.5912087465039411,0.47368421052631576,0.647887323943662
1.5,2,18,0.8,0.6,0.6931013916500994,0.65,0.8061403201105776,0.920211038961039,1.0,0.0,0.8843882786575705,42.96365610639492,31.2,0.8,1.0,0.7897804206272052,0.535031847133758,0.8355263157894737
1.5,2,19,0.4,0.4,0.3900890668260376,0.4,0.5391205711797559,0.9942857142857143,0.6,0.0,0.48726790766231715,43.036946061251484,17.0,1.0,0.8,0.7521568627450981,0.5,0.6049382716049383
1.5,2,20,0.7,0.6,0.6316085491143121,0.7,0.7902122622119544,0.9171157495256166,0.9789473684210528,0.0,0.5113023865967989,43.04948086758249,18.2,1.0,1.0,0.6781706348791594,0.45652173913043476,0.7471264367816092
1.5,2,21,0.1,0.0,0.0915286298568507,0.4,0.5391205711797559,0.9775757575757575,1.0,0.0,0.6189641313161701,42.96196466677949,18.6,1.0,1.0,0.6821572874082198,0.4838709677419355,0.7613636363636364
1.5,2,22,0.3,0.0,0.21451431492842538,0.3,0.4398166466299095,0.923539953615855,1.0,0.0,1.1027705649845303,43.163795851129166,33.6,0.2,1.0,0.56884229455326,0.38823529411764707,0.5878787878787879
1.5,2,23,0.3,0.0,0.21451431492842538,0.2,0.3505307982324374,1.0,1.0,0.0,0.2328148079570383,42.930188498920785,5.0,1.0,1.0,0.75,0.52,0.55
1.5,2,24,0.1,0.0,0.0915286298568507,0.25,0.3901646843549863,0.95328320802005,0.9941176470588236,0.0,0.6390705050900578,43.186055416630055,19.6,1.0,1.0,0.710147090387365,0.5,0.7032967032967034
1.5,2,25,1.0,1.0,0.9301689860834991,0.75,0.9179508696978944,1.0,1.0,0.0,0.18083284501917657,43.13469089228016,4.4,1.0,0.6,0.25999999999999995,0.2727272727272727,0.4117647058823529
1.5,2,26,1.0,1.0,0.9301689860834991,0.65,0.8123936326293129,0.9176666666666666,0.993103448275862,0.0,0.7915403954219074,42.930233861165966,19.8,0.4,1.0,0.6587728307907592,0.36134453781512604,0.6403508771929824
1.5,2,27,0.0,0.0,0.03003578732106339,0.1,0.27126302598733953,1.0,1.0,0.0,0.1531069936230778,43.0982880831466,5.0,1.0,0.6,0.5744444444444444,0.72,0.85
1.5,2,28,0.0,0.0,0.03003578732106339,0.3,0.4398166466299095,0.8950346907993968,1.0,0.0,0.9143208601512015,43.0891907369051,21.6,0.6,1.0,0.6946757891027667,0.5045045045045045,0.6792452830188679
1.5,2,29,0.4,0.0,0.27600715746421267,0.35,0.49948668505720695,0.9511237509221381,1.0,0.0,1.053890008153394,43.06616220926129,35.6,0.2,1.0,0.7650453838865695,0.5164835164835165,0.807909604519774
1.5,2,30,0.1,0.0,0.09152862985685072,0.45,0.5887725334546791,0.9666666666666668,0.9818181818181818,0.0,0.4287804833613336,42.90395389244933,9.2,1.0,1.0,0.5224103674103675,0.41304347826086957,0.6341463414634146
1.5,2,31,0.0,0.0,0.03003578732106339,0.0,0.1919952537422417,1.0,0.0,0.0,0.05130993393249807,42.826241478976655,1.0,1.0,0.4,0.4,0.4,
1.5,2,32,0.3,0.0,0.21451431492842535,0.55,0.6943297705232607,0.9640000000000001,1.0,0.0,0.5984220338054002,43.11685713177712,13.6,0.8,1.0,0.7108932532058228,0.5441176470588235,0.7619047619047619
1.5,2,33,0.6,0.2,0.4560337972166998,0.75,0.9179508696978944,0.93,1.0,0.0,0.4405390125699341,43.113841696105624,9.6,1.0,1.0,0.3713858363858364,0.3333333333333333,0.46511627906976744
1.5,2,34,0.6,0.6,0.5701157065785247,0.7,0.6590522218648615,1.0,0.6,0.0,0.1721929227933287,42.94280677705198,5.0,1.0,0.8,0.7212121212121213,0.48,0.55
1.5,2,35,1.0,1.0,0.9301689860834991,0.65,0.8123936326293129,0.9682274247491639,1.0,0.0,0.6437943684868515,43.179544728213074,20.0,1.0,1.0,0.5491408259004138,0.36,0.5368421052631579
1.5,2,36,0.4,0.4,0.3900890668260376,0.45,0.6012791584921496,0.9857142857142858,1.0,0.0,0.3709412146359682,43.134587401633134,13.4,1.0,1.0,0.524594390387734,0.36231884057971014,0.515625
1.5,2,37,0.5,0.0,0.3375,0.05,0.23162913986479064,0.9690476190476189,1.0,0.0,0.3387954531237483,43.09163991232057,12.4,1.0,1.0,0.48409058261999444,0.36507936507936506,0.5172413793103449
1.5,2,38,0.5,0.0,0.3375,0.5,0.6384244957296022,1.0,1.0,0.0,0.3809733210597187,43.049267303149094,14.2,1.0,1.0,0.45807122530032746,0.36619718309859156,0.5
1.5,2,39,0.8,0.6,0.6931013916500994,0.45,0.5950258459734143,0.9888888888888889,1.0,0.0,0.38596582068130375,43.01601420271969,12.8,1.0,1.0,0.7367992463333021,0.53125,0.7627118644067796
1.5,2,40,0.8,0.6,0.6931013916500994,0.6,0.7502350453169191,0.9190069190069192,1.0,0.0,0.668021640367806,43.11121669810366,25.0,1.0,1.0,0.7750133531176331,0.504,0.7833333333333333
1.5,2,41,1.0,1.0,0.9301689860834991,0.35,0.4957219214235679,1.0,0.2,0.0,0.10714127579703922,42.82440982715508,2.6,1.0,0.6,0.35,0.6153846153846154,1.0
1.5,2,42,0.0,0.0,0.03003578732106339,0.0,0.1919952537422417,1.0,1.0,0.0,0.09276470462791615,43.11987842218322,2.0,1.0,0.2,0.0,0.2,0.2
1.5,2,43,0.8,0.6,0.6931013916500994,0.45,0.6275686233156333,0.9826086956521738,0.6,0.0,0.36165708606131375,43.1089864070705,8.2,1.0,0.6,0.7192307692307692,0.6190476190476191,0.7837837837837838
1.5,2,44,1.0,1.0,0.9301689860834991,0.25,0.3901646843549863,1.0,0.0,0.0,0.06030905637890098,43.11733698972946,1.0,1.0,0.4,0.0,0.2,
1.5,2,45,0.5,0.0,0.3375,0.5,0.6446778082483375,0.919198218509553,1.0,0.0,1.0250481499824673,43.11347781320888,34.4,0.4,1.0,0.7314178506022793,0.47126436781609193,0.7159763313609467
1.5,2,46,1.0,1.0,0.9301689860834991,0.75,0.9179508696978944,1.0,1.0,0.0,0.3985249103512615,43.15797876542248,14.6,1.0,0.8,0.37388770500225604,0.32432432432432434,0.391304347826087
1.5,2,47,0.3,0.0,0.21451431492842535,0.45,0.5887725334546791,0.911591478696742,0.9902439024390244,0.005,0.8541380485985428,43.081320719528165,31.4,0.8,1.0,0.7933768535898952,0.5094339622641509,0.8376623376623377
1.5,2,48,0.4,0.0,0.27600715746421267,0.2,0.3505307982324374,1.0,1.0,0.0,0.32079675598070023,43.01284414565486,5.4,1.0,1.0,0.5734126984126984,0.37037037037037035,0.45454545454545453
1.5,2,49,0.0,0.0,0.03003578732106339,0.0,0.1919952537422417,1.0,0.0,0.0,0.05553191518411037,43.21842547763824,1.0,1.0,0.4,0.0,0.2,
1.5,5,0,1.0,1.0,0.9301689860834991,0.75,0.9179508696978944,0.9851851851851852,1.0,0.0,0.5329737599007786,43.148121768251904,17.4,1.0,1.0,0.7362380952380952,0.4666666666666667,0.7176470588235294
1.5,5,1,0.2,0.0,0.15302147239263802,0.25,0.3901646843549863,0.9875,1.0,0.0,0.2965211092494428,43.14626973369898,9.8,1.0,1.0,0.7458576146076145,0.5306122448979592,0.8181818181818182
1.5,5,2,0.6,0.2,0.4560337972166998,0.35,0.5057399975759422,1.0,1.0,0.0,0.44543460896238685,43.108918013401485,15.0,1.0,1.0,0.903571076580414,0.75,0.971830985915493
1.5,5,3,0.4,0.2,0.33304811214512525,0.15,0.31089691210988846,0.9733333333333334,1.0,0.0,0.26399517920799553,43.185841142365156,8.2,1.0,1.0,0.8061363636363635,0.5853658536585366,0.8055555555555556
1.5,5,4,0.0,0.0,0.03003578732106339,0.25,0.3901646843549863,1.0,0.8,0.0,0.08794384901411828,43.209595396163984,1.8,1.0,0.4,0.2,0.2222222222222222,0.25
1.5,5,5,0.0,0.0,0.03003578732106339,0.0,0.1919952537422417,1.0,1.0,0.0,0.10199748156592245,43.152342390444986,2.0,1.0,0.4,0.2,0.3333333333333333,0.42857142857142855
1.5,5,6,0.5,0.4,0.45158190936182496,0.45,0.5950258459734143,0.9303745851114273,0.9944444444444445,0.0,0.6778057903051377,43.06955291472567,24.6,1.0,1.0,0.6843929677134012,0.45528455284552843,0.7033898305084746
1.5,5,7,0.1,0.0,0.09152862985685072,0.5,0.6384244957296022,0.9644268774703558,1.0,0.0,0.5924276408273726,43.214399960504394,18.6,1.0,1.0,0.7449303870850033,0.5050505050505051,0.8191489361702128
1.5,5,8,0.1,0.0,0.09152862985685072,0.1,0.2812811021397138,0.9550000000000001,0.18974358974358976,0.0,0.26096562175080174,42.9474747003241,8.8,0.8,0.4,0.4,0.7045454545454546,0.9230769230769231
1.5,5,9,0.0,0.0,0.03003578732106339,0.0,0.1919952537422417,1.0,0.0,0.0,0.06486954465508456,43.16757955361591,1.0,1.0,0.4,0.0,0.2,
1.5,5,10,0.9,0.8,0.8116351888667992,0.65,0.8061403201105776,0.9712068965517242,1.0,0.0,0.6867556963581591,43.12191872701089,24.6,0.8,1.0,0.7185659486972512,0.48,0.7083333333333334
1.5,5,11,0.0,0.0,0.03003578732106339,0.35,0.4957219214235679,0.9913043478260869,0.4,0.0,0.3013731858227402,43.10859386904064,9.2,1.0,0.8,0.6034400382226469,0.5416666666666666,0.6511627906976745
1.5,5,12,0.4,0.0,0.27600715746421267,0.5,0.6384244957296022,0.968763440860215,1.0,0.0,0.6817192416638136,43.134592460718366,19.4,1.0,1.0,0.7788727113495612,0.5252525252525253,0.7978723404255319
1.5,5,13,0.3,0.0,0.21451431492842538,0.3,0.4398166466299095,1.0,1.0,0.0,0.2647462271153927,43.056615166747704,8.8,1.0,1.0,0.894915982000381,0.7333333333333333,0.925
1.5,5,14,0.5,0.0,0.3375,0.0,0.1919952537422417,1.0,0.0,0.0,0.06552007943391797,42.713160737412686,1.0,1.0,0.4,0.0,0.2,
1.5,5,15,0.8,0.6,0.6931013916500994,0.55,0.700583083041996,0.9520322545494171,1.0,0.0,0.6860854288563132,43.135153948023756,22.8,0.8,1.0,0.7930812406674476,0.5263157894736842,0.7614678899082569
1.5,5,16,0.0,0.0,0.03003578732106339,0.35,0.4957219214235679,1.0,1.0,0.0,0.399480444798246,43.057040798512865,7.0,1.0,0.8,0.5149999999999999,0.35,0.42857142857142855
1.5,5,17,0.0,0.0,0.03003578732106339,0.35,0.4894686089048327,0.948421052631579,1.0,0.0,0.5581182342022657,43.02947631958999,16.4,1.0,1.0,0.5754043061229763,0.4146341463414634,0.6753246753246753
1.5,5,18,0.7,0.6,0.6316085491143121,0.45,0.6112972346445239,0.9580952380952381,1.0,0.0,0.6349197829607874,43.15373322916929,22.0,0.8,1.0,0.8106754358535488,0.625,0.8691588785046729
1.5,5,19,0.7,0.6,0.6316085491143121,0.4,0.5453738836984912,0.9726996966632961,0.4,0.0,0.37227944694459436,42.98731463859625,13.8,0.8,0.6,0.6581395348837209,0.6376811594202898,0.796875
1.5,5,20,0.6,0.2,0.4560337972166998,0.55,0.6943297705232607,0.97,1.0,0.0,0.3868617900647223,42.90291421285683,13.8,1.0,1.0,0.48004323574975755,0.36231884057971014,0.59375
1.5,5,21,0.0,0.0,0.03003578732106339,0.5,0.6384244957296022,0.9708333333333332,1.0,0.0,0.5109127164818347,43.05545165758291,11.6,1.0,1.0,0.7584023464458247,0.5483870967741935,0.7368421052631579
1.5,5,22,0.3,0.0,0.21451431492842535,0.2,0.3505307982324374,0.9204743659916073,1.0,0.0,1.0469344320241363,43.17546900878622,28.4,0.4,1.0,0.6256422462672464,0.4482758620689655,0.6785714285714286
1.5,5,23,0.2,0.0,0.15302147239263802,0.1,0.27126302598733953,1.0,1.0,0.0,0.3059297272469848,43.13692308359872,6.8,1.0,1.0,0.9333333333333333,0.7352941176470589,0.7586206896551724
1.5,5,24,0.2,0.0,0.15302147239263802,0.2,0.36054887438481165,0.9826086956521738,0.6,0.0,0.3108920725993812,43.10020507196243,8.0,1.0,1.0,0.9106397306397307,0.725,0.8285714285714286
1.5,5,25,0.8,0.6,0.6931013916500994,0.65,0.8061403201105776,1.0,1.0,0.0,0.23629596261307592,43.17063289523518,5.4,1.0,1.0,0.8200685425685427,0.5925925925925926,0.8636363636363636
1.5,5,26,1.0,1.0,0.9301689860834991,0.85,0.886094753900648,0.9127492877492877,0.9739130434782609,0.00909090909090908,0.9761095794849097,43.02558834608963,23.6,0.2,1.0,0.6412453520518037,0.3958333333333333,0.6618705035971223
1.5,5,27,0.3,0.2,0.27155526960933785,0.2,0.3505307982324374,1.0,0.6,0.0,0.1299285229761153,43.07635953209736,3.2,1.0,1.0,0.8785714285714284,0.625,0.7272727272727273
1.5,5,28,0.0,0.0,0.03003578732106339,0.3,0.4398166466299095,0.9569376026272577,1.0,0.0,0.8975264410022646,43.00225180820813,24.4,0.8,1.0,0.8047095547004416,0.5806451612903226,0.7815126050420168
1.5,5,29,0.5,0.0,0.3375,0.25,0.40018276050736057,0.9795089782297792,1.0,0.0,1.058898371597752,43.06074332449661,29.4,0.2,1.0,0.8272246362094533,0.6168831168831169,0.87248322147651
1.5,5,30,0.2,0.0,0.15302147239263805,0.45,0.5887725334546791,0.9692307692307693,0.9833333333333332,0.0,0.5700500115752221,43.142686988965536,12.6,1.0,1.0,0.5942839942994741,0.49206349206349204,0.6551724137931034
1.5,5,31,0.0,0.0,0.03003578732106339,0.0,0.1919952537422417,1.0,0.0,0.0,0.0563750015571713,42.59419887006452,1.0,1.0,0.4,0.6,0.4,
1.5,5,32,0.1,0.0,0.09152862985685072,0.5,0.6446778082483375,0.9478260869565217,0.9545454545454545,0.038095238095238085,0.6445213408209384,43.13018539864576,14.8,0.8,1.0,0.7336251167133521,0.5,0.647887323943662
1.5,5,33,0.5,0.0,0.3375,0.65,0.8061403201105776,0.9464335664335664,1.0,0.0,0.4234737815335393,42.950879260723816,9.2,1.0,0.8,0.47102272727272726,0.3695652173913043,0.5853658536585366
1.5,5,34,0.4,0.4,0.3900890668260376,0.4,0.4797938635249447,1.0,0.8,0.0,0.12108697011135514,42.88281021217438,3.4,1.0,0.8,0.8666666666666668,0.7058823529411765,0.75
1.5,5,35,1.0,1.0,0.9301689860834991,0.5,0.5853511005935264,0.982,1.0,0.0,0.482437492813915,43.117825440273336,14.0,1.0,1.0,0.7018422159887797,0.4714285714285714,0.6307692307692307
1.5,5,36,0.9,0.8,0.8116351888667992,0.45,0.6012791584921496,0.9870967741935484,1.0,0.0,0.48209428298287094,43.11823027325917,15.6,0.8,1.0,0.6531386935079635,0.5121951219512195,0.6753246753246753
1.5,5,37,0.5,0.0,0.3375,0.05,0.23162913986479064,0.9833333333333334,1.0,0.0,0.32487381468527016,43.090637597111325,12.0,1.0,0.8,0.3917293233082707,0.36666666666666664,0.4727272727272727
1.5,5,38,0.5,0.0,0.3375,0.4,0.5391205711797559,1.0,1.0,0.0,0.3937963187694549,43.16924798042915,13.0,1.0,1.0,0.7781655542525108,0.5882352941176471,0.7619047619047619
1.5,5,39,0.6,0.4,0.5130747518976123,0.4,0.5391205711797559,1.0,1.0,0.0,0.36582450065761807,43.18949822934662,12.6,1.0,1.0,0.806877855708452,0.6190476190476191,0.8793103448275862
1.5,5,40,0.7,0.4,0.5745675944333997,0.5,0.6509311207670728,0.9803827751196172,1.0,0.0,0.5340718522202224,43.05121504175924,20.0,0.8,1.0,0.7690745931330227,0.6372549019607843,0.8350515463917526
1.5,5,41,1.0,1.0,0.9301689860834991,0.35,0.495721921423568,1.0,0.2,0.0,0.11127993501722808,43.12666858652185,2.4,1.0,0.4,0.34285714285714286,0.5833333333333334,1.0
1.5,5,42,0.1,0.0,0.09152862985685072,0.0,0.1919952537422417,1.0,1.0,0.0,0.13012593719176943,43.0197788740517,2.4,1.0,0.6,0.7,0.6666666666666666,0.7142857142857143
1.5,5,43,0.8,0.6,0.6931013916500994,0.45,0.6275686233156333,1.0,0.6,0.0,0.39983606510795655,42.9822963252763,8.6,1.0,0.8,0.7771104374552651,0.6818181818181818,0.8717948717948718
1.5,5,44,1.0,1.0,0.9301689860834991,0.45,0.6012791584921496,0.9698717948717949,0.4,0.0,0.3904068684205413,42.82791359789182,13.2,0.8,0.8,0.6598195488721805,0.746268656716418,0.9516129032258065
1.5,5,45,0.5,0.2,0.3945409546809125,0.45,0.5950258459734143,0.9398968008255935,1.0,0.0,0.9579111127648503,43.00232787745917,31.6,0.6,1.0,0.751017576850057,0.5,0.7908496732026143
1.5,5,46,1.0,1.0,0.9301689860834991,0.75,0.9179508696978944,1.0,1.0,0.0,0.4167059362400323,43.19547689001925,12.0,1.0,1.0,0.6051399331662489,0.39344262295081966,0.5178571428571429
1.5,5,47,0.4,0.2,0.33304811214512514,0.3,0.4398166466299095,0.980952380952381,1.0,0.0,0.4035856616217643,43.111369064328734,13.6,1.0,1.0,0.8723731331410696,0.6764705882352942,0.9365079365079365
1.5,5,48,0.4,0.0,0.27600715746421267,0.05,0.23162913986479064,1.0,1.0,0.0,0.1812117679975927,43.01412502339793,3.0,1.0,0.6,0.6000000000000001,0.6,0.7
1.5,5,49,0.0,0.0,0.03003578732106339,0.0,0.1919952537422417,1.0,0.0,0.0,0.06486500920727847,43.16603811194871,1.0,1.0,0.4,0.0,0.2,
1.5,10,0,0.9,0.8,0.8116351888667992,0.6,0.7564883578356544,0.9601190476190476,1.0,0.0,0.4945456906221807,42.73202620672246,16.8,1.0,1.0,0.7019842130020104,0.4166666666666667,0.7215189873417721
1.5,10,1,0.2,0.0,0.15302147239263802,0.2,0.3505307982324374,0.96,1.0,0.0,0.19605657672509547,42.79998394398523,5.8,1.0,1.0,0.8834343434343435,0.6551724137931034,0.9583333333333334
1.5,10,2,0.4,0.2,0.33304811214512525,0.25,0.3901646843549863,0.9818181818181818,1.0,0.0,0.23351241350173946,43.70653362833626,7.4,1.0,1.0,0.9401515151515152,0.8378378378378378,0.96875
1.5,10,3,0.2,0.0,0.15302147239263802,0.25,0.3901646843549863,1.0,1.0,0.0,0.38897070456296207,43.71656827406031,7.4,0.8,1.0,0.627659595306654,0.5581395348837209,0.7105263157894737
1.5,10,4,0.0,0.0,0.03003578732106339,0.25,0.3901646843549863,1.0,0.2,0.0,0.05959472972899671,43.62806904353036,1.2,1.0,0.6,0.2,0.3333333333333333,1.0
1.5,10,5,0.0,0.0,0.03003578732106339,0.15,0.3209149882622627,0.9705882352941178,0.8,0.0,0.32447572243399914,43.720912992819876,10.6,1.0,0.8,0.8189257905609407,0.6111111111111112,0.8163265306122449
1.5,10,6,0.2,0.2,0.21006242707355055,0.35,0.4957219214235679,0.9741935483870968,0.39333333333333337,0.0,0.2149987442418933,43.597952821864084,7.2,1.0,0.6,0.5291666666666667,0.6666666666666666,0.8387096774193549
1.5,10,7,0.0,0.0,0.03003578732106339,0.45,0.5950258459734143,0.8956468425706176,0.9891891891891891,0.00555555555555554,0.7258214671630412,43.811839143548255,24.8,0.8,1.0,0.8172837286711967,0.5433070866141733,0.8770491803278688
1.5,10,8,0.1,0.0,0.09152862985685072,0.1,0.2812811021397138,0.9846153846153847,0.2,0.0,0.25574732464738187,43.762036490318046,3.4,0.8,0.4,0.4,0.7142857142857143,0.9375
1.5,10,9,0.0,0.0,0.03003578732106339,0.0,0.1919952537422417,1.0,0.0,0.0,0.05472171874716873,43.87255415682368,1.0,1.0,0.4,0.0,0.2,
1.5,10,10,1.0,1.0,0.9301689860834991,0.7,0.8620455949042359,0.9475992465951897,1.0,0.0,0.8230472882278264,43.72257699543597,29.6,0.8,1.0,0.7328098676359547,0.47297297297297297,0.7202797202797203
1.5,10,11,0.0,0.0,0.03003578732106339,0.35,0.495721921423568,0.9904761904761905,0.4,0.0,0.25531080472283063,43.85199242122907,7.6,1.0,0.6,0.6240559440559441,0.6341463414634146,0.8055555555555556
1.5,10,12,0.5,0.0,0.3375,0.55,0.6943297705232607,0.9365501165501164,1.0,0.0,0.7080851478502155,43.797743877531616,22.0,0.8,1.0,0.7995731355526827,0.5892857142857143,0.8037383177570093
1.5,10,13,0.3,0.0,0.21451431492842535,0.4,0.5391205711797559,0.9394444444444444,0.9866666666666667,0.0,0.337832360714674,43.80089898641118,11.6,1.0,1.0,0.9030254152004054,0.6379310344827587,0.8490566037735849
1.5,10,14,0.5,0.0,0.3375,0.0,0.1919952537422417,1.0,0.0,0.0,0.06854058359749611,43.7697679120123,1.0,1.0,0.2,0.0,0.2,
1.5,10,15,1.0,1.0,0.9301689860834991,0.55,0.7068363955607312,0.9835016835016834,1.0,0.0,0.5118717157747597,43.794808023999295,17.4,1.0,1.0,0.7170341114305646,0.4827586206896552,0.7073170731707317
1.5,10,16,0.2,0.2,0.21006242707355055,0.45,0.6012791584921496,0.9428571428571428,0.5538461538461539,0.03333333333333332,0.5064265809487551,42.83186979917667,6.8,1.0,1.0,0.8115151515151515,0.43902439024390244,0.5
1.5,10,17,0.0,0.0,0.03003578732106339,0.25,0.3901646843549863,0.9894736842105264,1.0,0.0,0.43401270755566657,43.75916381731465,13.2,1.0,1.0,0.5170563373824242,0.4090909090909091,0.5737704918032787
1.5,10,18,0.5,0.0,0.3375,0.35,0.4894686089048327,0.9494736842105264,1.0,0.0,0.49246755843050777,42.14533213262213,15.6,1.0,1.0,0.8608260475907535,0.6835443037974683,0.8918918918918919
1.5,10,19,1.0,1.0,0.9301689860834991,0.25,0.3901646843549863,1.0,0.0,0.0,0.0458257396239787,43.64439633043828,1.0,1.0,0.2,0.0,0.2,
1.5,10,20,0.6,0.2,0.4560337972166998,0.6,0.7502350453169192,0.9069540229885057,1.0,0.0,0.5611969539895654,43.83553219502979,21.6,1.0,1.0,0.6291732547418031,0.42592592592592593,0.6990291262135923
1.5,10,21,0.2,0.0,0.15302147239263802,0.5,0.6446778082483375,0.985103448275862,1.0,0.0,0.6263410883955658,43.741883400721235,18.8,1.0,1.0,0.7302024365886174,0.5531914893617021,0.797752808988764
1.5,10,22,0.3,0.0,0.21451431492842543,0.35,0.4894686089048327,0.9395238095238095,1.0,0.0,0.827129065990448,43.76349733977289,25.2,0.6,1.0,0.7696656550826906,0.5118110236220472,0.7377049180327869
1.5,10,23,0.1,0.0,0.0915286298568507,0.25,0.40018276050736057,0.990909090909091,1.0,0.0,0.38956699799746275,43.50761765725479,10.4,1.0,1.0,0.9493333333333334,0.7857142857142857,0.8823529411764706
1.5,10,24,0.0,0.0,0.03003578732106339,0.35,0.4894686089048327,0.9365079365079364,0.9925925925925926,0.0,0.7129023468121887,38.209551088051285,20.0,1.0,1.0,0.8144342555278901,0.6060606060606061,0.8617021276595744
1.5,10,25,0.6,0.2,0.4560337972166998,0.5,0.6446778082483375,1.0,1.0,0.0,0.19041719362139697,39.99226467009727,4.4,1.0,1.0,0.7368253968253968,0.5454545454545454,0.8235294117647058
1.5,10,26,0.8,0.8,0.750142346331012,0.7,0.7902122622119544,0.8786647426647427,0.975,0.00869565217391302,0.9543603538535536,38.364372451818596,21.8,0.6,1.0,0.7592702843613298,0.4418604651162791,0.7419354838709677
1.5,10,27,0.3,0.0,0.21451431492842538,0.1,0.27126302598733953,1.0,0.8,0.0,0.16469848351553076,38.784277127710155,3.2,1.0,0.8,0.7833333333333334,0.5625,0.7272727272727273
1.5,10,28,0.0,0.0,0.03003578732106339,0.3,0.4398166466299095,0.886417678182384,1.0,0.0,0.9059232612606138,38.78361262094092,18.2,0.8,1.0,0.7774700934700934,0.5833333333333334,0.7472527472527473
1.5,10,29,0.4,0.0,0.27600715746421267,0.15,0.31089691210988846,0.9419608528786109,1.0,0.0,1.2293327741790563,39.057370753735896,34.6,0.0,1.0,0.7941175645481954,0.5561797752808989,0.838150289017341
1.5,10,30,0.2,0.0,0.15302147239263802,0.25,0.40018276050736057,1.0,1.0,0.0,0.426941946754232,38.91472378344754,9.4,1.0,1.0,0.6534195525836393,0.5531914893617021,0.6904761904761905
1.5,10,31,0.2,0.2,0.21006242707355055,0.05,0.23162913986479064,1.0,0.2,0.0,0.06058315858244889,39.46737637994343,1.2,1.0,0.8,0.9,0.8333333333333334,1.0
1.5,10,32,0.1,0.0,0.0915286298568507,0.6,0.7502350453169192,0.9652777777777779,1.0,0.0,0.5829336864408106,39.300574636273424,12.2,1.0,1.0,0.7590667303710782,0.5573770491803278,0.75
1.5,10,33,0.7,0.4,0.5745675944333997,0.6,0.7564883578356544,0.9626086956521739,1.0,0.0,0.5120606616139411,39.735237452950756,11.0,1.0,1.0,0.6692981092981093,0.5535714285714286,0.7647058823529411
1.5,10,34,0.2,0.2,0.21006242707355055,0.35,0.4957219214235679,1.0,0.6,0.0,0.2878253625705838,38.79655170689475,6.0,1.0,0.8,0.8782608695652174,0.8333333333333334,0.92
1.5,10,35,1.0,1.0,0.9301689860834991,0.65,0.8123936326293129,0.9690476190476189,1.0,0.0,0.6993937438353897,39.391386396582874,19.0,1.0,1.0,0.6897758931067586,0.46875,0.6923076923076923
1.5,10,36,0.5,0.4,0.45158190936182496,0.35,0.495721921423568,0.9846153846153847,1.0,0.0,0.37886681901291014,40.19492354004081,12.6,1.0,1.0,0.631899451168027,0.421875,0.6101694915254238
1.5,10,37,0.5,0.0,0.3375,0.0,0.1919952537422417,1.0,1.0,0.0,0.31286011505872013,39.59881315164652,9.8,1.0,1.0,0.6636078833447254,0.48,0.5555555555555556
1.5,10,38,0.5,0.0,0.3375,0.45,0.5887725334546791,1.0,1.0,0.0,0.3663887483999133,40.358475537352305,12.2,1.0,0.8,0.5841071428571428,0.4262295081967213,0.5535714285714286
1.5,10,39,0.7,0.6,0.6316085491143121,0.55,0.7005830830419959,0.9688746438746438,1.0,0.0,0.6652607417665422,39.54107048053573,21.2,1.0,1.0,0.8599501275488188,0.6261682242990654,0.8921568627450981
1.5,10,40,0.6,0.4,0.5130747518976123,0.4,0.5391205711797559,0.9600658350658351,1.0,0.0,0.5693042473867536,39.823882476098845,19.2,1.0,1.0,0.8765190105080144,0.65625,0.9010989010989011
1.5,10,41,1.0,1.0,0.9301689860834991,0.25,0.3901646843549863,1.0,0.0,0.0,0.08575427341274915,35.135301759769604,1.0,1.0,0.2,0.0,0.2,
1.5,10,42,0.0,0.0,0.03003578732106339,0.0,0.1919952537422417,1.0,1.0,0.0,0.1084896201267838,37.14012486987251,2.0,1.0,0.2,0.0,0.2,0.2
1.5,10,43,0.7,0.4,0.5745675944333997,0.45,0.6275686233156333,0.984,0.5916666666666667,0.0,0.5800626742187888,38.87396580875736,13.4,0.8,0.8,0.817258620689655,0.6231884057971014,0.890625
1.5,10,44,1.0,1.0,0.9301689860834991,0.25,0.3901646843549863,1.0,0.0,0.0,0.06163074616342777,38.99638181513802,1.0,1.0,0.4,0.0,0.2,
1.5,10,45,0.3,0.0,0.21451431492842538,0.3,0.4398166466299095,0.9041569541569542,0.9942857142857143,0.0,1.0522241772152483,37.54335426366338,32.2,0.6,1.0,0.7007767347887388,0.4573170731707317,0.7232704402515723
1.5,10,46,1.0,1.0,0.9301689860834991,0.7,0.8620455949042359,0.992,1.0,0.0,0.5403271744027733,38.26417776407153,17.0,1.0,1.0,0.5176041878766175,0.4069767441860465,0.5555555555555556
1.5,10,47,0.7,0.4,0.5745675944333997,0.6,0.7502350453169192,0.9419683257918553,0.9939393939393939,0.0,0.8052879659924657,37.00447150845038,24.2,1.0,1.0,0.8783869914797977,0.6528925619834711,0.9396551724137931
1.5,10,48,0.4,0.0,0.2760071574642127,0.05,0.23162913986479064,1.0,1.0,0.0,0.23190636904910206,37.26582802045849,3.4,1.0,0.8,0.7208333333333334,0.47058823529411764,0.6666666666666666
1.5,10,49,0.4,0.4,0.39008906682603767,0.3,0.48237750012450287,0.9411764705882352,0.3875,0.0,0.2518761768937111,39.5672217124481,7.4,1.0,0.8,0.6684210526315789,0.5405405405405406,0.75
