decoding_mode,temperature,top_p,top_k,prompt_id,correctness,strict_accuracy,informativeness,within_answer_distinct_1,within_answer_distinct_2,trigram_repetition_rate,model_generation_latency_seconds,tokens_per_second,word_length,stopped_early_on_eos,unique_answer_rate,pairwise_token_jaccard_distance,corpus_distinct_1,corpus_distinct_2
pure_top_k,0.1,1.0,10,0,1.0,1.0,0.5,1.0,1.0,0.0,0.4271189161576331,42.17000476898437,14.0,1.0,0.04,0.0,0.04,0.04
pure_top_k,0.1,1.0,10,1,0.0,0.0,0.25,1.0,1.0,0.0,0.18271939913742238,43.78307738051853,6.0,1.0,0.08,0.15111111111111114,0.04,0.048
pure_top_k,0.1,1.0,10,2,0.5,0.0,0.27,1.0,1.0,0.0,0.27671177664771673,43.3705454252866,9.0,1.0,0.08,0.15333333333333332,0.08,0.08
pure_top_k,0.1,1.0,10,3,0.0,0.0,0.25,1.0,1.0,0.0,0.1830904645565897,43.69605188797075,6.0,1.0,0.08,0.14666666666666664,0.04666666666666667,0.056
pure_top_k,0.1,1.0,10,4,0.0,0.0,0.25,1.0,1.0,0.0,0.09124875422567126,43.83627813564737,2.0,1.0,0.04,0.0,0.04,0.04
pure_top_k,0.1,1.0,10,5,0.0,0.0,0.0,1.0,1.0,0.0,0.06868338341824705,43.67885308281588,2.0,1.0,0.04,0.0,0.04,0.04
pure_top_k,0.1,1.0,10,6,0.76,0.68,0.68,0.9486226720647774,1.0,0.0,0.7086871084291488,43.61596469656852,26.88,0.88,0.24,0.2518092385506926,0.09417040358744394,0.13043478260869565
pure_top_k,0.1,1.0,10,7,0.0,0.0,0.44,0.9710516934046346,1.0,0.0,0.5241865835804492,43.73651058410087,15.56,1.0,0.24,0.5014783829696873,0.107981220657277,0.1770573566084788
pure_top_k,0.1,1.0,10,8,0.0,0.0,0.0,1.0,0.0,0.0,0.045765493037179056,43.70945871684772,1.0,1.0,0.04,0.0,0.04,
pure_top_k,0.1,1.0,10,9,0.0,0.0,0.0,1.0,0.0,0.0,0.06830750288441774,43.919230458535104,1.0,1.0,0.04,0.0,0.04,
pure_top_k,0.1,1.0,10,10,1.0,1.0,0.75,0.9615384615384615,1.0,0.0,0.7130770699214191,43.48524074766578,26.0,1.0,0.04,0.0,0.038461538461538464,0.04
pure_top_k,0.1,1.0,10,11,0.0,0.0,0.29,0.9965217391304347,0.08,0.0,0.1207779582869261,43.67756541689888,2.76,1.0,0.08,0.1469444444444445,0.3287671232876712,0.5
pure_top_k,0.1,1.0,10,12,0.5,0.0,0.5,1.0,1.0,0.0,0.4110869939811528,43.78695481251525,13.0,1.0,0.04,0.0,0.04,0.04
pure_top_k,0.1,1.0,10,13,0.46,0.0,0.25,1.0,1.0,0.0,0.16021216862834986,42.911413669249214,4.88,1.0,0.08,0.11244444444444444,0.12295081967213115,0.14432989690721648
pure_top_k,0.1,1.0,10,14,0.5,0.0,0.0,1.0,0.0,0.0,0.06834192091599102,43.897038160998726,1.0,1.0,0.04,0.0,0.04,
pure_top_k,0.1,1.0,10,15,1.0,1.0,0.25,1.0,1.0,0.0,0.18284777519293122,43.75471785797165,6.0,1.0,0.04,0.0,0.04,0.04
pure_top_k,0.1,1.0,10,16,0.0,0.0,0.25,1.0,1.0,0.0,0.39152270761318503,43.43343724754219,8.0,1.0,0.04,0.0,0.04,0.04
pure_top_k,0.1,1.0,10,17,0.0,0.0,0.25,1.0,1.0,0.0,0.5032871346082538,43.71405653999666,18.0,1.0,0.04,0.0,0.03777777777777778,0.04
pure_top_k,0.1,1.0,10,18,1.0,1.0,0.75,0.8251707317073169,1.0,0.0,1.0973935770709067,43.74084783363314,40.04,0.0,0.08,0.006857142857142859,0.03496503496503497,0.042008196721311473
pure_top_k,0.1,1.0,10,19,1.0,1.0,0.25,1.0,0.0,0.0,0.04564987739548082,43.815115730321395,1.0,1.0,0.04,0.0,0.04,
pure_top_k,0.1,1.0,10,20,0.5,0.0,0.5,1.0,1.0,0.0,0.301388351758942,43.15269007317037,11.0,1.0,0.08,0.125,0.04363636363636364,0.056
pure_top_k,0.1,1.0,10,21,0.02,0.0,0.31,0.9865587044534414,1.0,0.0,0.5287164296209812,43.659784155979395,14.08,1.0,0.2,0.17462967545384422,0.06818181818181818,0.11314984709480122
pure_top_k,0.1,1.0,10,22,0.42,0.0,0.25,0.8899550054625955,0.9913636363636362,0.0,1.163397471923381,41.15902624792457,32.2,0.12,0.36,0.3318903134013157,0.07701863354037267,0.11538461538461539
pure_top_k,0.1,1.0,10,23,0.5,0.0,0.25,1.0,1.0,0.0,0.1600815031956881,43.73168691015372,3.0,1.0,0.04,0.0,0.04,0.04
pure_top_k,0.1,1.0,10,24,0.0,0.0,0.41,0.8887580437580438,1.0,0.0,0.9959009568206966,39.532826627873284,28.44,0.76,0.32,0.44730886047417207,0.08766716196136701,0.125
pure_top_k,0.1,1.0,10,25,1.0,1.0,0.75,1.0,1.0,0.0,0.22916317434981465,39.31246942152648,5.0,1.0,0.04,0.0,0.04,0.04
pure_top_k,0.1,1.0,10,26,1.0,1.0,0.87,0.8884010582010582,0.9812095875139355,0.0,1.1948407272528856,39.94714758078358,27.28,0.08,0.24,0.23274746624570364,0.0475609756097561,0.06415094339622641
pure_top_k,0.1,1.0,10,27,0.0,0.0,0.25,1.0,1.0,0.0,0.20430863399058574,39.16480377222659,5.0,1.0,0.04,0.0,0.04,0.04
pure_top_k,0.1,1.0,10,28,0.0,0.0,0.25,0.8918020541549952,1.0,0.0,0.977607119306922,39.14322399378856,17.64,1.0,0.12,0.07126315789473683,0.04483430799220273,0.05737704918032787
pure_top_k,0.1,1.0,10,29,0.48,0.0,0.26,0.9713964818708652,1.0,0.0,1.2315443288441748,39.00167598281483,36.52,0.0,0.16,0.13627999571784177,0.06783369803063458,0.0922384701912261
pure_top_k,0.1,1.0,10,30,0.0,0.0,0.25,1.0,1.0,0.0,0.33842009050771593,38.522207230722614,7.0,1.0,0.04,0.0,0.04,0.04
pure_top_k,0.1,1.0,10,31,0.0,0.0,0.0,1.0,0.0,0.0,0.051782331699505406,38.70191580640849,1.0,1.0,0.04,0.0,0.04,
pure_top_k,0.1,1.0,10,32,0.0,0.0,0.51,0.9914285714285714,1.0,0.0,0.5104943542554975,38.61598796087213,10.32,1.0,0.16,0.09435410830999065,0.08139534883720931,0.11158798283261803
pure_top_k,0.1,1.0,10,33,0.5,0.0,0.75,1.0,1.0,0.0,0.3959083443135023,38.143936099835344,8.0,1.0,0.04,0.0,0.04,0.04
pure_top_k,0.1,1.0,10,34,0.08,0.08,0.31,1.0,0.08,0.0,0.11519975049421188,38.22059469197688,1.48,1.0,0.08,0.15333333333333332,0.21621621621621623,0.5
pure_top_k,0.1,1.0,10,35,1.0,1.0,0.25,1.0,1.0,0.0,0.4650969407148659,38.75021388622119,11.0,1.0,0.04,0.0,0.04,0.04
pure_top_k,0.1,1.0,10,36,1.0,1.0,0.25,1.0,1.0,0.0,0.35972077938728036,38.97467186756232,12.0,1.0,0.04,0.0,0.04,0.04
pure_top_k,0.1,1.0,10,37,0.5,0.0,0.0,1.0,1.0,0.0,0.3343465069402009,38.92882440280626,11.0,1.0,0.04,0.0,0.04,0.04
pure_top_k,0.1,1.0,10,38,0.5,0.0,0.5,1.0,1.0,0.0,0.4104704036656767,39.00780109668193,14.0,1.0,0.04,0.0,0.04,0.04
pure_top_k,0.1,1.0,10,39,1.0,1.0,0.25,1.0,1.0,0.0,0.28659634218551217,38.40903641101965,8.0,1.0,0.04,0.0,0.04,0.04
pure_top_k,0.1,1.0,10,40,0.52,0.04,0.27,0.9344615384615385,1.0,0.0,0.4433202049601823,39.5240552388512,15.44,1.0,0.08,0.04,0.06735751295336788,0.07202216066481995
pure_top_k,0.1,1.0,10,41,1.0,1.0,0.25,1.0,0.0,0.0,0.0766436513420194,39.19454363298239,1.0,1.0,0.04,0.0,0.04,
pure_top_k,0.1,1.0,10,42,0.0,0.0,0.0,1.0,1.0,0.0,0.10451688438653943,38.39904350448669,2.0,1.0,0.04,0.0,0.04,0.04
pure_top_k,0.1,1.0,10,43,0.9,0.8,0.6,1.0,0.8,0.0,0.38294453914277254,38.71772050728,7.4,1.0,0.08,0.2962962962962963,0.04864864864864865,0.05
pure_top_k,0.1,1.0,10,44,1.0,1.0,0.25,1.0,0.0,0.0,0.054572461694478935,39.59972733346798,1.0,1.0,0.08,0.0,0.04,
pure_top_k,0.1,1.0,10,45,0.16,0.08,0.33,0.9395341228031596,1.0,0.0,0.8459750112704932,38.79944456858327,25.88,0.96,0.36,0.34941911711502804,0.12257100149476831,0.20652173913043478
pure_top_k,0.1,1.0,10,46,1.0,1.0,0.75,1.0,1.0,0.0,0.40948857040144504,39.126636790569215,14.0,1.0,0.04,0.0,0.04,0.04
pure_top_k,0.1,1.0,10,47,0.84,0.76,0.69,0.9548479101110681,1.0,0.0,0.9203773404471576,38.154648045808365,28.92,1.0,0.32,0.44047323638897284,0.081267217630854,0.12410841654778887
pure_top_k,0.1,1.0,10,48,0.5,0.0,0.0,1.0,1.0,0.0,0.14459930179640648,35.76857104551595,2.0,1.0,0.04,0.0,0.04,0.04
pure_top_k,0.1,1.0,10,49,0.0,0.0,0.0,1.0,0.0,0.0,0.07705260132439432,38.97485897815603,1.0,1.0,0.04,0.0,0.04,
pure_top_k,0.1,1.0,15,0,1.0,1.0,0.5,1.0,1.0,0.0,0.4125757161621004,43.63778512659419,14.0,1.0,0.04,0.0,0.04,0.04
pure_top_k,0.1,1.0,15,1,0.0,0.0,0.25,1.0,1.0,0.0,0.18666881187818937,42.856816002711966,6.0,1.0,0.08,0.14,0.04,0.048
pure_top_k,0.1,1.0,15,2,0.5,0.0,0.28,1.0,1.0,0.0,0.2750788701698184,43.625147584674295,9.0,1.0,0.08,0.22,0.08,0.08
pure_top_k,0.1,1.0,15,3,0.0,0.0,0.25,1.0,1.0,0.0,0.18296465872786938,43.72441060244104,6.0,1.0,0.08,0.11999999999999998,0.04666666666666667,0.056
pure_top_k,0.1,1.0,15,4,0.0,0.0,0.25,1.0,1.0,0.0,0.0912464728672057,43.837450569340355,2.0,1.0,0.04,0.0,0.04,0.04
pure_top_k,0.1,1.0,15,5,0.0,0.0,0.0,1.0,1.0,0.0,0.06855526781640943,43.76046249298136,2.0,1.0,0.04,0.0,0.04,0.04
pure_top_k,0.1,1.0,15,6,0.76,0.68,0.67,0.9394701754385966,1.0,0.0,0.7035000195726753,43.71984582847531,26.92,0.96,0.2,0.2358632972935933,0.08928571428571429,0.12828438948995363
pure_top_k,0.1,1.0,15,7,0.02,0.0,0.42,0.9618513878278584,1.0,0.0,0.5436881390400231,42.998050261414136,15.88,1.0,0.36,0.496060964323454,0.107981220657277,0.18952618453865336
pure_top_k,0.1,1.0,15,8,0.0,0.0,0.0,1.0,0.0,0.0,0.045757390400394754,43.71450888734839,1.0,1.0,0.04,0.0,0.04,
pure_top_k,0.1,1.0,15,9,0.0,0.0,0.0,1.0,0.0,0.0,0.06850563728250558,43.793516887508105,1.0,1.0,0.04,0.0,0.04,
pure_top_k,0.1,1.0,15,10,1.0,1.0,0.75,0.9615384615384615,1.0,0.0,0.7082047170680016,43.774872428983045,26.0,1.0,0.04,0.0,0.038461538461538464,0.04
pure_top_k,0.1,1.0,15,11,0.0,0.0,0.31,0.9947826086956522,0.12,0.0,0.14773192608729002,43.54352149510783,3.64,1.0,0.08,0.21083333333333334,0.24742268041237114,0.3333333333333333
pure_top_k,0.1,1.0,15,12,0.48,0.0,0.49,1.0,1.0,0.0,0.4077813314087689,43.84752450814399,12.88,1.0,0.08,0.057777777777777775,0.055900621118012424,0.06060606060606061
pure_top_k,0.1,1.0,15,13,0.48,0.0,0.25,1.0,1.0,0.0,0.15008183557540175,42.89204449299816,4.44,1.0,0.08,0.05866666666666667,0.13513513513513514,0.16279069767441862
pure_top_k,0.1,1.0,15,14,0.5,0.0,0.0,1.0,0.0,0.0,0.0691718826256692,43.38413828251468,1.0,1.0,0.04,0.0,0.04,
pure_top_k,0.1,1.0,15,15,1.0,1.0,0.25,1.0,1.0,0.0,0.18466758072376246,43.34035039395095,6.0,1.0,0.04,0.0,0.04,0.04
pure_top_k,0.1,1.0,15,16,0.0,0.0,0.25,1.0,1.0,0.0,0.3953414307255298,43.023838748977916,8.0,1.0,0.04,0.0,0.04,0.04
pure_top_k,0.1,1.0,15,17,0.0,0.0,0.25,1.0,1.0,0.0,0.5016699199005962,43.53897288880774,17.84,1.0,0.08,0.009019607843137257,0.03811659192825112,0.040380047505938245
pure_top_k,0.1,1.0,15,18,1.0,1.0,0.75,0.8288048780487803,1.0,0.0,1.130559323420748,42.48496788269304,40.2,0.0,0.16,0.04805112255112256,0.03681592039800995,0.04693877551020408
pure_top_k,0.1,1.0,15,19,1.0,1.0,0.25,1.0,0.0,0.0,0.04556696829386052,43.891578853079885,1.0,1.0,0.04,0.0,0.04,
pure_top_k,0.1,1.0,15,20,0.5,0.0,0.5,1.0,1.0,0.0,0.2977498270198703,43.67016653538247,11.0,1.0,0.08,0.11333333333333333,0.04363636363636364,0.056
pure_top_k,0.1,1.0,15,21,0.0,0.0,0.33,0.9942564102564103,1.0,0.0,0.5223828493151814,43.72540989898536,13.88,1.0,0.28,0.1418936434222812,0.06340057636887608,0.10559006211180125
pure_top_k,0.1,1.0,15,22,0.42,0.0,0.25,0.8940670766978893,0.9950757575757575,0.0,1.0883931042067707,43.73466839655215,31.8,0.12,0.36,0.3334183023725764,0.08176100628930817,0.12467532467532468
pure_top_k,0.1,1.0,15,23,0.5,0.0,0.25,1.0,1.0,0.0,0.1610537630319595,43.477046136532636,3.0,1.0,0.04,0.0,0.04,0.04
pure_top_k,0.1,1.0,15,24,0.0,0.0,0.37,0.9113513279513279,1.0,0.0,0.9223278265539556,40.32912126659886,26.2,0.8,0.32,0.4969102931787385,0.09385113268608414,0.13322091062394603
pure_top_k,0.1,1.0,15,25,1.0,1.0,0.75,1.0,1.0,0.0,0.2346328453999012,38.39772030405644,5.0,1.0,0.04,0.0,0.04,0.04
pure_top_k,0.1,1.0,15,26,0.98,0.96,0.85,0.8907555555555555,0.982948717948718,0.0,1.2049371184408664,39.74051107142706,27.48,0.04,0.16,0.22325658601324372,0.04738760631834751,0.06140350877192982
pure_top_k,0.1,1.0,15,27,0.08,0.0,0.25,1.0,1.0,0.0,0.18683077804744236,39.45907139722579,4.68,1.0,0.12,0.245,0.06837606837606838,0.07608695652173914
pure_top_k,0.1,1.0,15,28,0.0,0.0,0.25,0.8904761904761905,1.0,0.0,0.9950822578556836,38.91084760436311,17.84,1.0,0.08,0.02105263157894737,0.03653846153846154,0.044444444444444446
pure_top_k,0.1,1.0,15,29,0.5,0.0,0.25,0.9727637314734089,1.0,0.0,1.2545222274120897,38.2979806789411,36.76,0.0,0.08,0.040888888888888884,0.04891304347826087,0.053631284916201116
pure_top_k,0.1,1.0,15,30,0.0,0.0,0.25,1.0,1.0,0.0,0.3357075169496238,38.78054573905326,7.0,1.0,0.04,0.0,0.04,0.04
pure_top_k,0.1,1.0,15,31,0.0,0.0,0.0,1.0,0.0,0.0,0.0550882745161652,36.62679562762445,1.0,1.0,0.04,0.0,0.04,
pure_top_k,0.1,1.0,15,32,0.0,0.0,0.5,1.0,1.0,0.0,0.4908177168481052,38.69178678194006,10.0,1.0,0.08,0.045714285714285714,0.056,0.057777777777777775
pure_top_k,0.1,1.0,15,33,0.5,0.0,0.75,1.0,1.0,0.0,0.38413748984225093,39.08058319446914,8.0,1.0,0.04,0.0,0.04,0.04
pure_top_k,0.1,1.0,15,34,0.04,0.04,0.28,1.0,0.04,0.0,0.10915036464110013,38.54654916208071,1.24,1.0,0.08,0.08,0.25806451612903225,1.0
pure_top_k,0.1,1.0,15,35,1.0,1.0,0.25,1.0,1.0,0.0,0.4536554438993335,39.70371815325775,11.0,1.0,0.04,0.0,0.04,0.04
pure_top_k,0.1,1.0,15,36,1.0,1.0,0.25,1.0,1.0,0.0,0.3502804611995816,39.97976043206121,12.0,1.0,0.04,0.0,0.04,0.04
pure_top_k,0.1,1.0,15,37,0.5,0.0,0.0,1.0,1.0,0.0,0.3359796526376158,38.73803227192573,11.0,1.0,0.04,0.0,0.04,0.04
pure_top_k,0.1,1.0,15,38,0.5,0.0,0.5,1.0,1.0,0.0,0.41713229613378644,38.405823919338005,14.0,1.0,0.04,0.0,0.04,0.04
pure_top_k,0.1,1.0,15,39,1.0,1.0,0.25,1.0,1.0,0.0,0.28187985708937047,39.05233915648021,8.0,1.0,0.04,0.0,0.04,0.04
pure_top_k,0.1,1.0,15,40,0.5,0.0,0.25,0.9333333333333332,1.0,0.0,0.42738779994659126,39.7999334672342,15.0,1.0,0.04,0.0,0.037333333333333336,0.04
pure_top_k,0.1,1.0,15,41,1.0,1.0,0.25,1.0,0.0,0.0,0.07694210726767775,39.1381325890615,1.0,1.0,0.04,0.0,0.04,
pure_top_k,0.1,1.0,15,42,0.0,0.0,0.0,1.0,1.0,0.0,0.10392560134641822,38.668227919384385,2.0,1.0,0.04,0.0,0.04,0.04
pure_top_k,0.1,1.0,15,43,0.96,0.92,0.69,1.0,0.92,0.0,0.40909981440752746,39.272006705350314,8.28,1.0,0.12,0.1781111111111111,0.04830917874396135,0.06043956043956044
pure_top_k,0.1,1.0,15,44,1.0,1.0,0.25,1.0,0.0,0.0,0.062011719038709945,37.56331409183798,1.0,1.0,0.08,0.0,0.04,
pure_top_k,0.1,1.0,15,45,0.34,0.2,0.42,0.9344028472538584,1.0,0.0,0.9175765032880008,38.73695744133781,28.56,0.8,0.56,0.526824007504296,0.1306122448979592,0.2380281690140845
pure_top_k,0.1,1.0,15,46,1.0,1.0,0.75,1.0,1.0,0.0,0.4129952479619533,38.81671391555449,14.0,1.0,0.04,0.0,0.04,0.04
pure_top_k,0.1,1.0,15,47,0.8,0.68,0.67,0.93214161529951,1.0,0.0,0.916270712390542,38.14756024428266,29.04,0.96,0.4,0.5096521285673953,0.09562841530054644,0.1669024045261669
pure_top_k,0.1,1.0,15,48,0.5,0.0,0.0,1.0,1.0,0.0,0.13243892407976088,37.836356132024804,2.0,1.0,0.04,0.0,0.04,0.04
pure_top_k,0.1,1.0,15,49,0.0,0.0,0.0,1.0,0.0,0.0,0.08087682411074634,37.16545770890599,1.0,1.0,0.04,0.0,0.04,
pure_top_k,0.1,1.0,20,0,1.0,1.0,0.5,1.0,1.0,0.0,0.4181876790802926,43.071359514370876,14.0,1.0,0.04,0.0,0.04,0.04
pure_top_k,0.1,1.0,20,1,0.0,0.0,0.25,1.0,1.0,0.0,0.18263498414307824,43.80352805917286,6.0,1.0,0.08,0.17111111111111113,0.04,0.048
pure_top_k,0.1,1.0,20,2,0.52,0.04,0.28,1.0,1.0,0.0,0.29444388368166985,43.738321483346525,9.76,1.0,0.2,0.3986998324256389,0.1598360655737705,0.1917808219178082
pure_top_k,0.1,1.0,20,3,0.0,0.0,0.25,1.0,1.0,0.0,0.18387971649877724,43.526809707273614,6.0,1.0,0.08,0.11999999999999998,0.04666666666666667,0.056
pure_top_k,0.1,1.0,20,4,0.0,0.0,0.25,1.0,1.0,0.0,0.09144828115589913,43.74078115679533,2.0,1.0,0.04,0.0,0.04,0.04
pure_top_k,0.1,1.0,20,5,0.0,0.0,0.0,1.0,1.0,0.0,0.06854119655676183,43.76954266731961,2.0,1.0,0.04,0.0,0.04,0.04
pure_top_k,0.1,1.0,20,6,0.64,0.56,0.64,0.9360188933873146,1.0,0.0,0.7390626496542245,43.434902162917275,27.8,0.96,0.24,0.30334110551405263,0.08946608946608947,0.13023952095808383
pure_top_k,0.1,1.0,20,7,0.02,0.0,0.43,0.9689509549274256,1.0,0.0,0.5102786681894212,43.506414988357285,15.0,1.0,0.24,0.4844905473027783,0.10784313725490197,0.18276762402088773
pure_top_k,0.1,1.0,20,8,0.0,0.0,0.0,1.0,0.0,0.0,0.045738836200907775,43.729661460472734,1.0,1.0,0.04,0.0,0.04,
pure_top_k,0.1,1.0,20,9,0.0,0.0,0.0,1.0,0.0,0.0,0.06896312963217494,43.58557889300269,1.0,1.0,0.04,0.0,0.04,
pure_top_k,0.1,1.0,20,10,1.0,1.0,0.75,0.9615384615384615,1.0,0.0,0.7096926844585687,43.686280998752025,26.0,1.0,0.04,0.0,0.038461538461538464,0.04
pure_top_k,0.1,1.0,20,11,0.0,0.0,0.29,0.9965217391304347,0.08,0.0,0.11978340913541612,43.73537198350754,2.76,1.0,0.08,0.1469444444444445,0.3287671232876712,0.5
pure_top_k,0.1,1.0,20,12,0.5,0.0,0.5,1.0,1.0,0.0,0.41098822843283417,43.79692662944895,13.0,1.0,0.04,0.0,0.04,0.04
pure_top_k,0.1,1.0,20,13,0.42,0.0,0.25,1.0,1.0,0.0,0.17855745837092393,43.3888877949238,5.76,1.0,0.08,0.20533333333333337,0.10416666666666667,0.11764705882352941
pure_top_k,0.1,1.0,20,14,0.5,0.0,0.0,1.0,0.0,0.0,0.07018835302442308,42.762190068640464,1.0,1.0,0.04,0.0,0.04,
pure_top_k,0.1,1.0,20,15,1.0,1.0,0.25,1.0,1.0,0.0,0.1863497598562389,42.95791067553686,6.0,1.0,0.04,0.0,0.04,0.04
pure_top_k,0.1,1.0,20,16,0.0,0.0,0.25,1.0,1.0,0.0,0.3949094669427723,43.06567299312984,8.0,1.0,0.04,0.0,0.04,0.04
pure_top_k,0.1,1.0,20,17,0.0,0.0,0.25,1.0,1.0,0.0,0.5059824353363365,43.49359844897524,18.0,1.0,0.04,0.0,0.03777777777777778,0.04
pure_top_k,0.1,1.0,20,18,0.98,0.96,0.74,0.8322032520325203,1.0,0.0,1.101594150196761,43.12325763542516,39.96,0.04,0.12,0.10110084033613446,0.052,0.06871794871794872
pure_top_k,0.1,1.0,20,19,1.0,1.0,0.25,1.0,0.0,0.0,0.04557537785731251,43.88380982717947,1.0,1.0,0.04,0.0,0.04,
pure_top_k,0.1,1.0,20,20,0.5,0.0,0.5,1.0,1.0,0.0,0.2964099653251469,43.858297366174554,11.0,1.0,0.08,0.125,0.04363636363636364,0.056
pure_top_k,0.1,1.0,20,21,0.0,0.0,0.32,0.9884162895927602,1.0,0.0,0.5508296843618155,41.770575948293455,14.0,1.0,0.24,0.19861547864759937,0.06571428571428571,0.09846153846153846
pure_top_k,0.1,1.0,20,22,0.46,0.0,0.25,0.9027174544304525,0.9913257575757575,0.0,1.131974742570892,42.36091923088643,31.84,0.08,0.36,0.2740404525607365,0.0729559748427673,0.1012987012987013
pure_top_k,0.1,1.0,20,23,0.5,0.0,0.25,1.0,1.0,0.0,0.16023414000868794,43.68721134610143,3.0,1.0,0.04,0.0,0.04,0.04
pure_top_k,0.1,1.0,20,24,0.0,0.0,0.38,0.8948216918216919,1.0,0.0,0.959324069339782,39.705606588057876,27.36,0.68,0.28,0.4747324485713764,0.07931570762052877,0.11488673139158576
pure_top_k,0.1,1.0,20,25,1.0,1.0,0.75,1.0,1.0,0.0,0.23040468453429638,39.09588921529882,5.0,1.0,0.04,0.0,0.04,0.04
pure_top_k,0.1,1.0,20,26,1.0,1.0,0.9,0.8895650793650793,0.9765942028985508,0.0,1.2242750954441726,39.00446587087178,27.2,0.08,0.2,0.22490756598351225,0.0475609756097561,0.061635220125786164
pure_top_k,0.1,1.0,20,27,0.02,0.0,0.25,1.0,1.0,0.0,0.19800732871517532,39.63131268520376,4.92,1.0,0.08,0.06857142857142857,0.056910569105691054,0.061224489795918366
pure_top_k,0.1,1.0,20,28,0.0,0.0,0.25,0.892063492063492,1.0,0.0,0.9709949957486242,39.53223191346361,17.68,1.0,0.08,0.040350877192982464,0.036893203883495145,0.044897959183673466
pure_top_k,0.1,1.0,20,29,0.5,0.0,0.25,0.9727637314734089,1.0,0.0,1.2197920749057085,39.36912882450951,36.76,0.0,0.08,0.040888888888888884,0.04891304347826087,0.053631284916201116
pure_top_k,0.1,1.0,20,30,0.0,0.0,0.26,0.996,1.0,0.0,0.34619627135805786,38.32052072569423,7.12,1.0,0.08,0.02666666666666667,0.05056179775280899,0.06535947712418301
pure_top_k,0.1,1.0,20,31,0.0,0.0,0.0,1.0,0.0,0.0,0.050582626191899134,39.609959702320815,1.0,1.0,0.04,0.0,0.04,
pure_top_k,0.1,1.0,20,32,0.0,0.0,0.5,1.0,1.0,0.0,0.4830331247486174,39.137924514273955,9.92,1.0,0.08,0.04,0.04838709677419355,0.04932735426008968
pure_top_k,0.1,1.0,20,33,0.5,0.0,0.75,1.0,1.0,0.0,0.39766131127253174,37.92576553769195,8.0,1.0,0.04,0.0,0.04,0.04
pure_top_k,0.1,1.0,20,34,0.08,0.08,0.31,1.0,0.08,0.0,0.1138452864065766,38.86653595372543,1.48,1.0,0.08,0.15333333333333332,0.21621621621621623,0.5
pure_top_k,0.1,1.0,20,35,1.0,1.0,0.25,1.0,1.0,0.0,0.4684323506988585,38.648213160407096,11.0,1.0,0.04,0.0,0.04,0.04
pure_top_k,0.1,1.0,20,36,1.0,1.0,0.25,1.0,1.0,0.0,0.34976379249244927,40.04114768642673,12.0,1.0,0.04,0.0,0.04,0.04
pure_top_k,0.1,1.0,20,37,0.5,0.0,0.0,1.0,1.0,0.0,0.3274315398558974,39.71944078672963,11.0,1.0,0.04,0.0,0.04,0.04
pure_top_k,0.1,1.0,20,38,0.5,0.0,0.5,1.0,1.0,0.0,0.41873044781386853,38.258573795290246,14.0,1.0,0.04,0.0,0.04,0.04
pure_top_k,0.1,1.0,20,39,1.0,1.0,0.25,1.0,1.0,0.0,0.27383799482136967,40.191465058464935,8.0,1.0,0.04,0.0,0.04,0.04
pure_top_k,0.1,1.0,20,40,0.5,0.0,0.27,0.9386666666666666,1.0,0.0,0.432538829902187,39.18633692540457,14.92,1.0,0.08,0.05411764705882353,0.045576407506702415,0.05172413793103448
pure_top_k,0.1,1.0,20,41,1.0,1.0,0.25,1.0,0.0,0.0,0.07621945149265226,39.404540691405735,1.0,1.0,0.04,0.0,0.04,
pure_top_k,0.1,1.0,20,42,0.0,0.0,0.0,1.0,1.0,0.0,0.10480074307881292,38.35877440989811,2.0,1.0,0.04,0.0,0.04,0.04
pure_top_k,0.1,1.0,20,43,0.92,0.84,0.63,1.0,0.84,0.0,0.3947456412296742,38.692102556648564,7.72,1.0,0.08,0.24888888888888885,0.046632124352331605,0.047619047619047616
pure_top_k,0.1,1.0,20,44,1.0,1.0,0.25,1.0,0.0,0.0,0.05897726917639371,38.085848414725305,1.0,1.0,0.08,0.0,0.04,
pure_top_k,0.1,1.0,20,45,0.14,0.08,0.31,0.9440830988657075,1.0,0.0,0.8146157199889421,39.06077874086866,24.88,0.96,0.28,0.3302523070554979,0.12286158631415241,0.21035598705501618
pure_top_k,0.1,1.0,20,46,1.0,1.0,0.75,1.0,1.0,0.0,0.4090391982253641,39.16969963657845,14.0,1.0,0.04,0.0,0.04,0.04
pure_top_k,0.1,1.0,20,47,0.76,0.68,0.67,0.9415554050442512,0.9976689189189188,0.0,0.9794783937372267,36.68736072502719,29.72,0.96,0.52,0.5150152076791623,0.10887096774193548,0.20166898470097358
pure_top_k,0.1,1.0,20,48,0.5,0.0,0.0,1.0,1.0,0.0,0.13321767015382643,37.739414264658656,2.0,1.0,0.04,0.0,0.04,0.04
pure_top_k,0.1,1.0,20,49,0.0,0.0,0.0,1.0,0.0,0.0,0.08122142365202302,37.06669828404255,1.0,1.0,0.04,0.0,0.04,
pure_top_k,0.1,1.0,25,0,1.0,1.0,0.51,1.0,1.0,0.0,0.42616438126191497,42.55572272838149,14.12,1.0,0.08,0.022222222222222223,0.05099150141643059,0.054878048780487805
pure_top_k,0.1,1.0,25,1,0.0,0.0,0.25,1.0,1.0,0.0,0.1866617957782,42.858679067430785,6.0,1.0,0.08,0.17111111111111113,0.04,0.048
pure_top_k,0.1,1.0,25,2,0.52,0.04,0.27,1.0,1.0,0.0,0.28963096778839825,43.78281020382263,9.56,1.0,0.16,0.22109016431597076,0.1589958158995816,0.17757009345794392
pure_top_k,0.1,1.0,25,3,0.0,0.0,0.25,1.0,1.0,0.0,0.18291004496626556,43.737442093209985,6.0,1.0,0.08,0.13714285714285712,0.04666666666666667,0.056
pure_top_k,0.1,1.0,25,4,0.0,0.0,0.25,1.0,1.0,0.0,0.09127733377739783,43.82257497796004,2.0,1.0,0.04,0.0,0.04,0.04
pure_top_k,0.1,1.0,25,5,0.0,0.0,0.0,1.0,1.0,0.0,0.06860651249065991,43.72825691298349,2.0,1.0,0.04,0.0,0.04,0.04
pure_top_k,0.1,1.0,25,6,0.56,0.36,0.59,0.9432987854251011,1.0,0.0,0.725325092645362,43.73259846674682,27.52,0.88,0.16,0.2855889709585362,0.08613138686131387,0.11818181818181818
pure_top_k,0.1,1.0,25,7,0.0,0.0,0.39,0.9697682709447416,1.0,0.0,0.5364386086817831,43.53476225500432,15.92,1.0,0.28,0.4881174495022369,0.1087962962962963,0.18427518427518427
pure_top_k,0.1,1.0,25,8,0.0,0.0,0.0,1.0,0.0,0.0,0.04577996036037799,43.689407946599694,1.0,1.0,0.04,0.0,0.04,
pure_top_k,0.1,1.0,25,9,0.0,0.0,0.0,1.0,0.0,0.0,0.06843655369244511,43.83725883283338,1.0,1.0,0.04,0.0,0.04,
pure_top_k,0.1,1.0,25,10,1.0,1.0,0.75,0.9615384615384615,1.0,0.0,0.7281378336623311,42.59996195827701,26.0,1.0,0.04,0.0,0.038461538461538464,0.04
pure_top_k,0.1,1.0,25,11,0.0,0.0,0.27,0.9982608695652173,0.04,0.0,0.09403162379749115,43.79881201759048,1.88,1.0,0.08,0.07666666666666666,0.4897959183673469,1.0
pure_top_k,0.1,1.0,25,12,0.5,0.0,0.5,1.0,1.0,0.0,0.41465116585604844,43.425702833470275,13.0,1.0,0.04,0.0,0.04,0.04
pure_top_k,0.1,1.0,25,13,0.48,0.0,0.25,1.0,1.0,0.0,0.14714617371559138,43.75714433794017,4.44,1.0,0.08,0.05866666666666667,0.13513513513513514,0.16279069767441862
pure_top_k,0.1,1.0,25,14,0.5,0.0,0.0,1.0,0.0,0.0,0.06978590559214348,43.01204072480254,1.0,1.0,0.04,0.0,0.04,
pure_top_k,0.1,1.0,25,15,1.0,1.0,0.25,1.0,1.0,0.0,0.18624231087043874,42.99245690450246,6.0,1.0,0.04,0.0,0.04,0.04
pure_top_k,0.1,1.0,25,16,0.0,0.0,0.25,1.0,1.0,0.0,0.3881482059787959,43.797940688068536,8.0,1.0,0.04,0.0,0.04,0.04
pure_top_k,0.1,1.0,25,17,0.0,0.0,0.25,1.0,1.0,0.0,0.5000219815317541,43.83836476195366,17.92,1.0,0.08,0.004705882352941178,0.03794642857142857,0.04018912529550828
pure_top_k,0.1,1.0,25,18,1.0,1.0,0.75,0.8286829268292683,1.0,0.0,1.1163831159006805,43.02057712834458,40.16,0.0,0.12,0.047857142857142855,0.035856573705179286,0.0449438202247191
pure_top_k,0.1,1.0,25,19,1.0,1.0,0.25,1.0,0.0,0.0,0.04558212469331917,43.8770468659593,1.0,1.0,0.04,0.0,0.04,
pure_top_k,0.1,1.0,25,20,0.5,0.0,0.5,1.0,1.0,0.0,0.2966279155109078,43.82642211601871,11.0,1.0,0.08,0.125,0.04363636363636364,0.056
pure_top_k,0.1,1.0,25,21,0.0,0.0,0.35,0.981948717948718,1.0,0.0,0.5150116398092359,43.73081507202467,13.6,1.0,0.32,0.28403067308794866,0.06470588235294118,0.11428571428571428
pure_top_k,0.1,1.0,25,22,0.4,0.0,0.25,0.8979859553792191,0.9951136363636363,0.0,1.102402237933129,43.448689356367595,32.04,0.12,0.28,0.3262216220811815,0.06991260923845194,0.10051546391752578
pure_top_k,0.1,1.0,25,23,0.5,0.0,0.25,1.0,1.0,0.0,0.16075090304948386,43.55067644653013,3.0,1.0,0.04,0.0,0.04,0.04
pure_top_k,0.1,1.0,25,24,0.0,0.0,0.38,0.9046173123269898,1.0,0.0,0.8882238249760122,43.514079106522665,27.8,0.76,0.36,0.5323380814106433,0.10076335877862595,0.14285714285714285
pure_top_k,0.1,1.0,25,25,1.0,1.0,0.75,1.0,1.0,0.0,0.22632841956801714,39.79021894039402,5.0,1.0,0.08,0.05111111111111112,0.048,0.05
pure_top_k,0.1,1.0,25,26,1.0,1.0,0.86,0.8904000000000001,0.9828205128205129,0.0,1.2031434993911534,39.69942281044927,27.4,0.08,0.16,0.23482974051183828,0.047503045066991476,0.06155778894472362
pure_top_k,0.1,1.0,25,27,0.02,0.0,0.25,1.0,1.0,0.0,0.1974964559730142,39.711777920879435,4.92,1.0,0.08,0.06857142857142857,0.056910569105691054,0.061224489795918366
pure_top_k,0.1,1.0,25,28,0.0,0.0,0.26,0.8965004668534081,1.0,0.0,0.9640536075085402,39.724633540642905,17.96,0.96,0.16,0.12596797865876813,0.07321772639691715,0.08704453441295547
pure_top_k,0.1,1.0,25,29,0.5,0.0,0.27,0.9721360069747169,1.0,0.0,1.2558362003322692,38.25349553463152,36.04,0.0,0.12,0.14357575757575758,0.051933701657458566,0.0625
pure_top_k,0.1,1.0,25,30,0.0,0.0,0.25,1.0,1.0,0.0,0.34254685470834373,38.27132148607957,7.0,1.0,0.04,0.0,0.04,0.04
pure_top_k,0.1,1.0,25,31,0.0,0.0,0.0,1.0,0.0,0.0,0.050426362846046645,39.70575839704063,1.0,1.0,0.04,0.0,0.04,
pure_top_k,0.1,1.0,25,32,0.0,0.0,0.5,1.0,1.0,0.0,0.49436583859845995,38.57054027789491,10.0,1.0,0.04,0.0,0.04,0.04
pure_top_k,0.1,1.0,25,33,0.5,0.0,0.75,1.0,1.0,0.0,0.4002708917297423,37.74088844189894,8.0,1.0,0.04,0.0,0.04,0.04
pure_top_k,0.1,1.0,25,34,0.04,0.04,0.28,1.0,0.04,0.0,0.10920010060071941,38.538637239215696,1.24,1.0,0.08,0.08,0.25806451612903225,1.0
pure_top_k,0.1,1.0,25,35,1.0,1.0,0.25,1.0,1.0,0.0,0.4557155406102538,39.53832354436276,11.0,1.0,0.04,0.0,0.04,0.04
pure_top_k,0.1,1.0,25,36,1.0,1.0,0.25,1.0,1.0,0.0,0.35078140408731995,39.92269779651256,12.0,1.0,0.04,0.0,0.04,0.04
pure_top_k,0.1,1.0,25,37,0.5,0.0,0.0,1.0,1.0,0.0,0.3329019168764353,39.09646266740878,11.0,1.0,0.04,0.0,0.04,0.04
pure_top_k,0.1,1.0,25,38,0.5,0.0,0.5,1.0,1.0,0.0,0.3998074111156166,40.025736580742866,14.0,1.0,0.04,0.0,0.04,0.04
pure_top_k,0.1,1.0,25,39,1.0,1.0,0.25,1.0,1.0,0.0,0.28021925942972303,39.296433820017825,8.0,1.0,0.04,0.0,0.04,0.04
pure_top_k,0.1,1.0,25,40,0.5,0.0,0.26,0.9359999999999999,1.0,0.0,0.42396940106526015,40.01489527649732,14.96,1.0,0.08,0.028235294117647053,0.045454545454545456,0.05157593123209169
pure_top_k,0.1,1.0,25,41,1.0,1.0,0.25,1.0,0.0,0.0,0.08085530023090538,37.35036459019639,1.0,1.0,0.04,0.0,0.04,
pure_top_k,0.1,1.0,25,42,0.0,0.0,0.0,1.0,1.0,0.0,0.10416973057202991,38.52282440476322,2.0,1.0,0.04,0.0,0.04,0.04
pure_top_k,0.1,1.0,25,43,0.88,0.76,0.57,1.0,0.76,0.0,0.37281272730790077,38.708609897054515,7.08,1.0,0.08,0.3377777777777778,0.05084745762711865,0.05263157894736842
pure_top_k,0.1,1.0,25,44,1.0,1.0,0.25,1.0,0.0,0.0,0.06010906304232773,39.94954226708629,1.0,1.0,0.08,0.0,0.04,
pure_top_k,0.1,1.0,25,45,0.14,0.0,0.32,0.9470858072597202,1.0,0.0,0.8895638389140368,39.053932846621855,27.36,0.84,0.24,0.39597804376554263,0.08757062146892655,0.13030746705710103
pure_top_k,0.1,1.0,25,46,1.0,1.0,0.75,1.0,1.0,0.0,0.41196049416437747,38.90405550535573,14.0,1.0,0.04,0.0,0.04,0.04
pure_top_k,0.1,1.0,25,47,0.76,0.64,0.66,0.9257846138898771,0.9963235294117646,0.0,1.0217859799694269,36.25179130397288,30.28,1.0,0.44,0.5213700714375078,0.10276679841897234,0.1566757493188011
pure_top_k,0.1,1.0,25,48,0.5,0.0,0.0,1.0,1.0,0.0,0.13121192139573393,38.20365514969447,2.0,1.0,0.04,0.0,0.04,0.04
pure_top_k,0.1,1.0,25,49,0.0,0.0,0.0,1.0,0.0,0.0,0.08011671161279078,37.506180061642134,1.0,1.0,0.04,0.0,0.04,
pure_top_k,0.1,1.0,30,0,1.0,1.0,0.5,1.0,1.0,0.0,0.41093414927832783,43.80696774419302,14.0,1.0,0.04,0.0,0.04,0.04
pure_top_k,0.1,1.0,30,1,0.0,0.0,0.25,1.0,1.0,0.0,0.18305285817012185,43.70411285998303,6.0,1.0,0.08,0.12666666666666668,0.04,0.048
pure_top_k,0.1,1.0,30,2,0.52,0.04,0.26,1.0,1.0,0.0,0.2932139035593718,43.792477329436686,9.76,1.0,0.12,0.21225396825396828,0.15163934426229508,0.1735159817351598
pure_top_k,0.1,1.0,30,3,0.0,0.0,0.25,1.0,1.0,0.0,0.1826796866673976,43.79260040488667,6.0,1.0,0.08,0.10857142857142857,0.04666666666666667,0.056
pure_top_k,0.1,1.0,30,4,0.0,0.0,0.25,1.0,1.0,0.0,0.09148745652288195,43.72215140394538,2.0,1.0,0.04,0.0,0.04,0.04
pure_top_k,0.1,1.0,30,5,0.0,0.0,0.0,1.0,1.0,0.0,0.06863269072957333,43.711274870861374,2.0,1.0,0.04,0.0,0.04,0.04
pure_top_k,0.1,1.0,30,6,0.52,0.4,0.6,0.9417940620782725,1.0,0.0,0.7951384497713297,42.953827467655664,29.24,0.76,0.2,0.37868832638521654,0.08275862068965517,0.11428571428571428
pure_top_k,0.1,1.0,30,7,0.02,0.0,0.42,0.9731628214922332,1.0,0.0,0.5291769344080239,42.35778613778023,15.16,1.0,0.32,0.49900480266076824,0.12470023980815348,0.21683673469387754
pure_top_k,0.1,1.0,30,8,0.0,0.0,0.0,1.0,0.0,0.0,0.04568918961100277,43.779510452495636,1.0,1.0,0.04,0.0,0.04,
pure_top_k,0.1,1.0,30,9,0.0,0.0,0.0,1.0,0.0,0.0,0.06836068407632405,43.885307135522325,1.0,1.0,0.04,0.0,0.04,
pure_top_k,0.1,1.0,30,10,1.0,1.0,0.75,0.9615384615384615,1.0,0.0,0.7080451057851315,43.78265325925724,26.0,1.0,0.08,0.0061538461538461495,0.04,0.0432
pure_top_k,0.1,1.0,30,11,0.0,0.0,0.29,0.9965217391304347,0.08,0.0,0.11961929393000897,43.77587057716186,2.76,1.0,0.08,0.14694444444444446,0.3287671232876712,0.5
pure_top_k,0.1,1.0,30,12,0.5,0.0,0.5,1.0,1.0,0.0,0.41262981690466405,43.62892039603658,13.0,1.0,0.04,0.0,0.04,0.04
pure_top_k,0.1,1.0,30,13,0.46,0.0,0.25,1.0,1.0,0.0,0.15860155320726335,43.33665415436186,4.88,1.0,0.08,0.11244444444444444,0.12295081967213115,0.14432989690721648
pure_top_k,0.1,1.0,30,14,0.5,0.0,0.0,1.0,0.0,0.0,0.0684586027823388,43.82247907119994,1.0,1.0,0.04,0.0,0.04,
pure_top_k,0.1,1.0,30,15,1.0,1.0,0.25,1.0,1.0,0.0,0.18253662092611186,43.826924740966554,6.0,1.0,0.04,0.0,0.04,0.04
pure_top_k,0.1,1.0,30,16,0.0,0.0,0.25,1.0,1.0,0.0,0.39893098767846824,42.64576651857741,8.0,1.0,0.04,0.0,0.04,0.04
pure_top_k,0.1,1.0,30,17,0.0,0.0,0.25,1.0,1.0,0.0,0.5020050447341055,43.82441236532798,18.0,1.0,0.04,0.0,0.03777777777777778,0.04
pure_top_k,0.1,1.0,30,18,1.0,1.0,0.75,0.8261951219512195,1.0,0.0,1.1211554972548037,42.83853979132445,40.28,0.0,0.08,0.03600000000000001,0.03475670307845084,0.04175152749490835
pure_top_k,0.1,1.0,30,19,1.0,1.0,0.25,1.0,0.0,0.0,0.04562241408973928,43.84009117189083,1.0,1.0,0.04,0.0,0.04,
pure_top_k,0.1,1.0,30,20,0.5,0.0,0.5,1.0,1.0,0.0,0.2967261626757681,43.81208352758677,11.0,1.0,0.08,0.13,0.04363636363636364,0.056
pure_top_k,0.1,1.0,30,21,0.0,0.0,0.36,0.9803197586726999,1.0,0.0,0.5253915183991194,43.77586700983726,14.04,1.0,0.36,0.2740378127061564,0.06552706552706553,0.11349693251533742
pure_top_k,0.1,1.0,30,22,0.28,0.0,0.25,0.8858334617192007,0.987840909090909,0.0,1.1043401918560267,42.58081722091197,32.28,0.44,0.44,0.43582592988814006,0.09169764560099132,0.13682864450127877
pure_top_k,0.1,1.0,30,23,0.5,0.0,0.25,1.0,1.0,0.0,0.1599368144292384,43.76836067962056,3.0,1.0,0.04,0.0,0.04,0.04
pure_top_k,0.1,1.0,30,24,0.0,0.0,0.37,0.9083203147946982,1.0,0.0,0.9636563985515386,39.470362307199764,26.8,0.92,0.32,0.4862984298380047,0.08544303797468354,0.13179571663920922
pure_top_k,0.1,1.0,30,25,1.0,1.0,0.75,1.0,1.0,0.0,0.2334394022356718,38.60111913014188,5.0,1.0,0.04,0.0,0.04,0.04
pure_top_k,0.1,1.0,30,26,1.0,1.0,0.89,0.8895682539682539,0.978076923076923,0.0,1.193558527044952,39.92367673791459,27.2,0.12,0.16,0.22986486007758009,0.047619047619047616,0.061712846347607056
pure_top_k,0.1,1.0,30,27,0.08,0.0,0.25,1.0,1.0,0.0,0.18601574609987434,39.51568755397366,4.68,1.0,0.12,0.245,0.06837606837606838,0.07608695652173914
pure_top_k,0.1,1.0,30,28,0.0,0.0,0.25,0.8931279178338002,1.0,0.0,0.9678755846992135,39.07066377029235,17.44,1.0,0.12,0.11517703349282297,0.045454545454545456,0.058212058212058215
pure_top_k,0.1,1.0,30,29,0.5,0.0,0.25,0.9725544899738449,1.0,0.0,1.224559618961066,39.21532794507187,36.52,0.0,0.08,0.07837037037037037,0.04918032786885246,0.05393258426966292
pure_top_k,0.1,1.0,30,30,0.0,0.0,0.25,1.0,1.0,0.0,0.3340268634259701,38.95675857984274,7.0,1.0,0.04,0.0,0.04,0.04
pure_top_k,0.1,1.0,30,31,0.0,0.0,0.0,1.0,0.0,0.0,0.0535742227453738,37.44285626336544,1.0,1.0,0.04,0.0,0.04,
pure_top_k,0.1,1.0,30,32,0.0,0.0,0.5,1.0,1.0,0.0,0.49702726553194226,38.464435116747296,10.0,1.0,0.04,0.0,0.04,0.04
pure_top_k,0.1,1.0,30,33,0.5,0.0,0.75,1.0,1.0,0.0,0.4048486285470426,37.20812938178334,8.0,1.0,0.04,0.0,0.04,0.04
pure_top_k,0.1,1.0,30,34,0.2,0.2,0.4,1.0,0.2,0.0,0.13029330685734747,38.58114294419246,2.2,1.0,0.12,0.33925925925925926,0.18181818181818182,0.3
pure_top_k,0.1,1.0,30,35,1.0,1.0,0.25,1.0,1.0,0.0,0.4579579638317227,39.346026961138676,11.0,1.0,0.04,0.0,0.04,0.04
pure_top_k,0.1,1.0,30,36,1.0,1.0,0.25,1.0,1.0,0.0,0.3501764991041273,39.98889108248408,12.0,1.0,0.04,0.0,0.04,0.04
pure_top_k,0.1,1.0,30,37,0.5,0.0,0.0,1.0,1.0,0.0,0.3299970181938261,39.423331984563525,11.0,1.0,0.04,0.0,0.04,0.04
pure_top_k,0.1,1.0,30,38,0.5,0.0,0.5,1.0,1.0,0.0,0.4044428475294262,39.57207910568628,14.0,1.0,0.04,0.0,0.04,0.04
pure_top_k,0.1,1.0,30,39,1.0,1.0,0.25,1.0,1.0,0.0,0.2773295683134347,39.677020722315724,8.0,1.0,0.04,0.0,0.04,0.04
pure_top_k,0.1,1.0,30,40,0.5,0.0,0.26,0.9359999999999999,1.0,0.0,0.4457449307758361,38.11680961393565,14.96,1.0,0.08,0.028235294117647053,0.045454545454545456,0.05157593123209169
pure_top_k,0.1,1.0,30,41,1.0,1.0,0.25,1.0,0.0,0.0,0.078597120642662,38.26833928914955,1.0,1.0,0.04,0.0,0.04,
pure_top_k,0.1,1.0,30,42,0.0,0.0,0.0,1.0,1.0,0.0,0.104826869899407,38.3006363417458,2.0,1.0,0.04,0.0,0.04,0.04
pure_top_k,0.1,1.0,30,43,0.84,0.68,0.51,1.0,0.68,0.0,0.34075318683870137,39.52057310852976,6.4,1.0,0.12,0.41859259259259257,0.0625,0.08148148148148149
pure_top_k,0.1,1.0,30,44,1.0,1.0,0.25,1.0,0.0,0.0,0.058254311336204366,38.80519634943707,1.0,1.0,0.08,0.0,0.04,
pure_top_k,0.1,1.0,30,45,0.2,0.08,0.33,0.9339710609785573,1.0,0.0,0.8904858072288334,38.88352963922784,27.24,0.8,0.36,0.4540780342371007,0.14366998577524892,0.2551622418879056
pure_top_k,0.1,1.0,30,46,1.0,1.0,0.75,1.0,1.0,0.0,0.4176787616219372,38.390157319548145,14.0,1.0,0.04,0.0,0.04,0.04
pure_top_k,0.1,1.0,30,47,0.78,0.6,0.65,0.9225727294148346,0.99875,0.0,0.9123808311577887,36.678453926110535,27.76,1.0,0.36,0.4962494054318787,0.10458452722063037,0.18424962852897475
pure_top_k,0.1,1.0,30,48,0.5,0.0,0.0,1.0,1.0,0.0,0.13399621364660558,37.417133119713796,2.0,1.0,0.04,0.0,0.04,0.04
pure_top_k,0.1,1.0,30,49,0.0,0.0,0.0,1.0,0.0,0.0,0.07957667688839132,37.80077884233098,1.0,1.0,0.04,0.0,0.04,
pure_top_k,0.3,1.0,10,0,1.0,1.0,0.52,0.9969230769230769,1.0,0.0,0.4298741993308067,43.446740622771074,14.6,1.0,0.12,0.07522486772486772,0.07945205479452055,0.10294117647058823
pure_top_k,0.3,1.0,10,1,0.0,0.0,0.25,1.0,1.0,0.0,0.19318870077840983,43.064970143524505,6.16,1.0,0.2,0.2685502645502646,0.07792207792207792,0.11627906976744186
pure_top_k,0.3,1.0,10,2,0.58,0.16,0.33,0.9973333333333333,1.0,0.0,0.33878313777036967,43.80167609066757,11.44,1.0,0.52,0.7100527497038812,0.1958041958041958,0.28735632183908044
pure_top_k,0.3,1.0,10,3,0.0,0.0,0.25,1.0,1.0,0.0,0.1817915877420455,43.57872011550754,5.92,1.0,0.2,0.2838280423280423,0.06756756756756757,0.0975609756097561
pure_top_k,0.3,1.0,10,4,0.0,0.0,0.25,1.0,0.88,0.0,0.08858787051402028,43.799612342652,1.88,1.0,0.08,0.11,0.0425531914893617,0.045454545454545456
pure_top_k,0.3,1.0,10,5,0.0,0.0,0.0,1.0,1.0,0.0,0.06864263490773732,43.704777006599485,2.0,1.0,0.04,0.0,0.04,0.04
pure_top_k,0.3,1.0,10,6,0.54,0.36,0.61,0.9182675585912428,0.9989743589743589,0.0,0.8369055509380996,43.53995076901336,31.08,0.84,0.68,0.5182997617463159,0.11483870967741935,0.19466666666666665
pure_top_k,0.3,1.0,10,7,0.04,0.0,0.44,0.9591663776196283,1.0,0.0,0.5357045853883028,43.75552779687541,16.36,1.0,0.52,0.5878311847098451,0.14221218961625282,0.2822966507177033
pure_top_k,0.3,1.0,10,8,0.08,0.08,0.06,0.989090909090909,0.0761904761904762,0.0,0.09140235768631097,43.715235300967436,2.68,1.0,0.08,0.15333333333333332,0.2835820895522388,0.4523809523809524
pure_top_k,0.3,1.0,10,9,0.0,0.0,0.0,1.0,0.0,0.0,0.0689304056577384,43.55433983952165,1.0,1.0,0.04,0.0,0.04,
pure_top_k,0.3,1.0,10,10,1.0,1.0,0.75,0.9574432217921062,1.0,0.0,0.7395739059522748,43.496771898542136,27.0,1.0,0.48,0.21610108186980653,0.07555555555555556,0.11846153846153847
pure_top_k,0.3,1.0,10,11,0.0,0.0,0.37,0.9767606306736742,0.4,0.0,0.2649301189929247,43.773044776660065,7.96,1.0,0.16,0.510793956043956,0.1179245283018868,0.15508021390374332
pure_top_k,0.3,1.0,10,12,0.5,0.04,0.51,0.9967224080267557,1.0,0.0,0.4421604906022549,43.78140640506493,14.28,1.0,0.16,0.17163737611234076,0.1400560224089636,0.18373493975903615
pure_top_k,0.3,1.0,10,13,0.4,0.0,0.25,1.0,1.0,0.0,0.19400514608249067,43.49065941471586,6.44,1.0,0.16,0.33704064454064453,0.11180124223602485,0.14705882352941177
pure_top_k,0.3,1.0,10,14,0.5,0.0,0.0,1.0,0.0,0.0,0.06907436463050541,43.44480932664282,1.0,1.0,0.04,0.0,0.04,
pure_top_k,0.3,1.0,10,15,1.0,1.0,0.25,1.0,1.0,0.0,0.18965404182672496,43.66240701027845,6.28,1.0,0.12,0.09035353535353537,0.07643312101910828,0.09090909090909091
pure_top_k,0.3,1.0,10,16,0.0,0.0,0.25,1.0,1.0,0.0,0.39806419850327074,42.94361086880151,8.04,1.0,0.08,0.03333333333333333,0.05309734513274336,0.06467661691542288
pure_top_k,0.3,1.0,10,17,0.0,0.0,0.25,0.9733650793650794,1.0,0.0,0.4975777437258512,43.5775918530816,17.36,1.0,0.28,0.17539566235851065,0.059907834101382486,0.08557457212713937
pure_top_k,0.3,1.0,10,18,0.62,0.36,0.51,0.9410340795260232,0.9989189189189189,0.0,0.724306091889739,43.134882911000204,25.72,0.72,0.84,0.6885689136234097,0.19195046439628483,0.357487922705314
pure_top_k,0.3,1.0,10,19,1.0,1.0,0.25,1.0,0.0,0.0,0.04589866903610522,43.59679544908435,1.0,1.0,0.04,0.0,0.04,
pure_top_k,0.3,1.0,10,20,0.58,0.16,0.54,0.9779444444444445,1.0,0.0,0.3342902893479913,43.6609780039241,12.28,1.0,0.32,0.3296992685963274,0.10749185667752444,0.1773049645390071
pure_top_k,0.3,1.0,10,21,0.08,0.0,0.45,0.9692434895137816,1.0,0.0,0.5748315787967294,43.70083423939062,16.32,1.0,0.96,0.5262776336346846,0.14180929095354522,0.2734375
pure_top_k,0.3,1.0,10,22,0.38,0.0,0.26,0.9044509963253173,0.9937343260188087,0.0,1.1006100666895509,43.51057404729237,32.0,0.12,0.88,0.4952072441295533,0.12030075187969924,0.2018111254851229
pure_top_k,0.3,1.0,10,23,0.48,0.0,0.22,1.0,1.0,0.0,0.1635970408748835,43.76586672395103,3.0,1.0,0.16,0.15333333333333332,0.09333333333333334,0.1
pure_top_k,0.3,1.0,10,24,0.0,0.0,0.29,0.9140296329369219,1.0,0.0,0.8640475407987833,37.693832984255515,22.24,0.96,0.8,0.6623663954640027,0.19807692307692307,0.3696969696969697
pure_top_k,0.3,1.0,10,25,1.0,1.0,0.75,1.0,1.0,0.0,0.22389230570755894,39.15955973379209,4.88,1.0,0.2,0.13799999999999998,0.05737704918032787,0.09278350515463918
pure_top_k,0.3,1.0,10,26,1.0,1.0,0.88,0.8873610129001434,0.9702100154274066,0.0,1.1310416402760892,39.81457137501907,24.92,0.44,0.72,0.3115039168777012,0.06266318537859007,0.11201079622132254
pure_top_k,0.3,1.0,10,27,0.2,0.04,0.23,1.0,1.0,0.0,0.18417776274494826,39.18842670736976,4.64,1.0,0.32,0.5607619047619048,0.20689655172413793,0.25274725274725274
pure_top_k,0.3,1.0,10,28,0.0,0.0,0.25,0.8974416433239963,1.0,0.0,0.9030077982600778,38.590989196587245,16.16,1.0,0.28,0.30386064978542093,0.058695652173913045,0.08505747126436781
pure_top_k,0.3,1.0,10,29,0.42,0.0,0.34,0.9520277171413444,1.0,0.0,1.17233530103229,39.60201499086374,34.24,0.2,0.8,0.6289684421369194,0.14750290360046459,0.27751196172248804
pure_top_k,0.3,1.0,10,30,0.04,0.0,0.32,0.992,1.0,0.0,0.4235030243638903,39.418869608477834,8.0,1.0,0.36,0.24919745069745072,0.105,0.16
pure_top_k,0.3,1.0,10,31,0.0,0.0,0.0,1.0,0.0,0.0,0.05069986568763848,39.52311175560573,1.0,1.0,0.04,0.0,0.04,
pure_top_k,0.3,1.0,10,32,0.0,0.0,0.53,0.9901114827201783,1.0,0.0,0.5373855535872281,38.91724558524641,11.12,0.96,0.48,0.4363628564498555,0.1366906474820144,0.2134387351778656
pure_top_k,0.3,1.0,10,33,0.5,0.0,0.75,1.0,1.0,0.0,0.3954023610521108,38.035538412480626,8.0,1.0,0.04,0.0,0.04,0.04
pure_top_k,0.3,1.0,10,34,0.44,0.44,0.58,1.0,0.44,0.0,0.16511110030114642,37.35343225809047,3.64,1.0,0.12,0.5281481481481481,0.10989010989010989,0.13636363636363635
pure_top_k,0.3,1.0,10,35,1.0,1.0,0.25,1.0,1.0,0.0,0.4777248072437942,37.7464983492577,11.0,1.0,0.08,0.04666666666666666,0.04363636363636364,0.048
pure_top_k,0.3,1.0,10,36,0.96,0.96,0.25,1.0,1.0,0.0,0.3620810000319034,38.926459785061496,12.08,1.0,0.12,0.033489316239316246,0.052980132450331126,0.06498194945848375
pure_top_k,0.3,1.0,10,37,0.5,0.0,0.0,1.0,1.0,0.0,0.32780009136535226,39.68388056236522,11.0,1.0,0.08,0.01333333333333333,0.04363636363636364,0.048
pure_top_k,0.3,1.0,10,38,0.5,0.0,0.5,1.0,1.0,0.0,0.41230316714383664,38.835716744164,14.0,1.0,0.08,0.010666666666666665,0.04285714285714286,0.046153846153846156
pure_top_k,0.3,1.0,10,39,0.98,0.96,0.26,0.9982608695652173,1.0,0.0,0.30577591320499775,38.674605501526756,8.72,1.0,0.16,0.193004958004958,0.15137614678899083,0.20725388601036268
pure_top_k,0.3,1.0,10,40,0.6,0.2,0.38,0.9483745903219587,1.0,0.0,0.4675304492935538,39.798821551156394,16.4,1.0,0.48,0.35037324819321025,0.08780487804878048,0.11688311688311688
pure_top_k,0.3,1.0,10,41,1.0,1.0,0.25,1.0,0.0,0.0,0.07683095653541382,38.164953249801464,1.0,1.0,0.08,0.0,0.04,
pure_top_k,0.3,1.0,10,42,0.0,0.0,0.0,1.0,1.0,0.0,0.10716360993683334,37.392766059226325,2.0,1.0,0.04,0.0,0.04,0.04
pure_top_k,0.3,1.0,10,43,0.76,0.52,0.39,0.9969230769230769,0.52,0.0,0.30296643447130917,39.07318899957779,5.24,1.0,0.16,0.5011111111111111,0.10687022900763359,0.1509433962264151
pure_top_k,0.3,1.0,10,44,1.0,1.0,0.25,1.0,0.0,0.0,0.0643845493625849,38.104064631377554,1.0,1.0,0.08,0.0,0.04,
pure_top_k,0.3,1.0,10,45,0.44,0.32,0.5,0.9493875201626918,0.9989743589743589,0.0,0.8471923197060823,38.83563793706835,26.28,0.8,0.8,0.6414278380307622,0.15868263473053892,0.2954898911353033
pure_top_k,0.3,1.0,10,46,1.0,1.0,0.75,1.0,1.0,0.0,0.4176831718813628,38.365539990203594,14.0,1.0,0.04,0.0,0.04,0.04
pure_top_k,0.3,1.0,10,47,0.7,0.6,0.65,0.92091886671861,0.9967124183006536,0.0,1.0251445074472576,37.45647226136502,31.56,0.92,0.72,0.5965719925343818,0.14646464646464646,0.2777053455019557
pure_top_k,0.3,1.0,10,48,0.5,0.0,0.0,1.0,1.0,0.0,0.13223443384282288,37.902383858856595,2.0,1.0,0.04,0.0,0.04,0.04
pure_top_k,0.3,1.0,10,49,0.0,0.0,0.0,1.0,0.0,0.0,0.08270425797440106,36.06754130451851,1.0,1.0,0.08,0.0,0.04,
pure_top_k,0.3,1.0,15,0,1.0,1.0,0.54,0.9930608695652174,1.0,0.0,0.4478948350250721,43.1369670954834,15.16,1.0,0.2,0.15792200209419102,0.09234828496042216,0.14689265536723164
pure_top_k,0.3,1.0,15,1,0.04,0.0,0.25,1.0,1.0,0.0,0.18952121262438593,43.26664198028925,6.16,1.0,0.24,0.27884837384837385,0.1038961038961039,0.15503875968992248
pure_top_k,0.3,1.0,15,2,0.54,0.08,0.3,0.9971428571428571,1.0,0.0,0.3171713658608496,43.27482256900677,10.44,1.0,0.52,0.7031635589351598,0.24045801526717558,0.35864978902953587
pure_top_k,0.3,1.0,15,3,0.0,0.0,0.25,1.0,1.0,0.0,0.18118708309717477,43.7126267977805,5.92,1.0,0.16,0.22912698412698412,0.060810810810810814,0.08943089430894309
pure_top_k,0.3,1.0,15,4,0.0,0.0,0.25,1.0,0.96,0.0,0.09046713505871588,43.77275346277137,1.96,1.0,0.08,0.04,0.04081632653061224,0.041666666666666664
pure_top_k,0.3,1.0,15,5,0.0,0.0,0.0,1.0,1.0,0.0,0.0685190356802195,43.78355502414121,2.0,1.0,0.04,0.0,0.04,0.04
pure_top_k,0.3,1.0,15,6,0.52,0.44,0.61,0.9137936818152468,0.9962857142857143,0.0,0.8551493819709868,43.77428949692093,31.84,0.92,0.72,0.5573681334662818,0.12060301507537688,0.20752269779507135
pure_top_k,0.3,1.0,15,7,0.0,0.0,0.47,0.960626246302717,1.0,0.0,0.572728350572288,43.67268917929902,17.88,1.0,0.6,0.577781260053978,0.13097713097713098,0.29605263157894735
pure_top_k,0.3,1.0,15,8,0.0,0.0,0.0,1.0,0.0,0.0,0.04565195454284544,43.81003542136621,1.0,1.0,0.04,0.0,0.04,
pure_top_k,0.3,1.0,15,9,0.0,0.0,0.0,1.0,0.0,0.0,0.0683050574176013,43.9219592133388,1.0,1.0,0.04,0.0,0.04,
pure_top_k,0.3,1.0,15,10,1.0,1.0,0.75,0.9569120722264738,1.0,0.0,0.7274668627139181,43.60865891635401,26.68,1.0,0.36,0.1255919516314971,0.06746626686656672,0.10124610591900311
pure_top_k,0.3,1.0,15,11,0.0,0.0,0.31,0.9839234485321442,0.28,0.0,0.20547493111342188,43.7497225619542,5.84,1.0,0.2,0.4143019943019943,0.16774193548387098,0.25384615384615383
pure_top_k,0.3,1.0,15,12,0.5,0.08,0.5,0.99441647597254,1.0,0.0,0.45235457449220123,43.700195277164255,14.52,1.0,0.32,0.3284850921160529,0.12121212121212122,0.17455621301775148
pure_top_k,0.3,1.0,15,13,0.36,0.0,0.26,0.996,1.0,0.0,0.2197463524993509,43.15747591867888,7.24,1.0,0.2,0.5080436857604039,0.1712707182320442,0.23076923076923078
pure_top_k,0.3,1.0,15,14,0.5,0.0,0.0,1.0,0.0,0.0,0.06856609174981709,43.75370427880272,1.0,1.0,0.04,0.0,0.04,
pure_top_k,0.3,1.0,15,15,1.0,1.0,0.27,0.9980952380952381,1.0,0.0,0.20818252158351241,43.58322371212782,6.72,1.0,0.12,0.10779999999999999,0.1488095238095238,0.2097902097902098
pure_top_k,0.3,1.0,15,16,0.0,0.0,0.25,1.0,1.0,0.0,0.39645650395192206,43.01338535053967,8.0,1.0,0.08,0.015999999999999997,0.044444444444444446,0.045
pure_top_k,0.3,1.0,15,17,0.0,0.0,0.26,0.9733333333333333,1.0,0.0,0.5219756860844791,42.38008432721139,17.52,1.0,0.32,0.2222297588892016,0.0684931506849315,0.1016949152542373
pure_top_k,0.3,1.0,15,18,0.74,0.48,0.55,0.916783281502923,1.0,0.0,0.9332451979536563,41.5171201039675,32.28,0.6,0.72,0.6459361689779983,0.1617283950617284,0.2878980891719745
pure_top_k,0.3,1.0,15,19,1.0,1.0,0.25,1.0,0.0,0.0,0.04576297666877504,43.705511062455024,1.0,1.0,0.04,0.0,0.04,
pure_top_k,0.3,1.0,15,20,0.56,0.12,0.55,0.9852894736842106,1.0,0.0,0.33072598963044586,43.780518465265295,12.08,1.0,0.28,0.3831122043528828,0.10596026490066225,0.17689530685920576
pure_top_k,0.3,1.0,15,21,0.04,0.0,0.39,0.9789738624546809,1.0,0.0,0.534032075246796,43.68583082040036,14.88,1.0,0.64,0.45572647297521446,0.1424731182795699,0.2564841498559078
pure_top_k,0.3,1.0,15,22,0.46,0.0,0.26,0.8981985173889061,0.9987096774193549,0.0,1.1128869340289385,42.297882162563965,31.96,0.12,0.88,0.5005043739619837,0.11964735516372796,0.21586475942782835
pure_top_k,0.3,1.0,15,23,0.46,0.0,0.25,1.0,1.0,0.0,0.1836190843116492,43.68967864941813,3.72,1.0,0.12,0.155,0.20430107526881722,0.25
pure_top_k,0.3,1.0,15,24,0.02,0.0,0.34,0.9117410316709506,0.9988888888888888,0.0,0.7908879251312464,43.32789083535524,24.36,0.92,0.84,0.6882832023036893,0.18652849740932642,0.3574007220216607
pure_top_k,0.3,1.0,15,25,0.98,0.96,0.74,1.0,1.0,0.0,0.22746089930646116,38.916266402002805,4.92,1.0,0.24,0.20411111111111113,0.06504065040650407,0.11224489795918367
pure_top_k,0.3,1.0,15,26,1.0,1.0,0.84,0.8761656891755067,0.9817328753760538,0.0,1.1496646965760737,39.70876273678855,26.28,0.32,0.76,0.38671386520405043,0.07323232323232323,0.13559322033898305
pure_top_k,0.3,1.0,15,27,0.18,0.0,0.2,1.0,1.0,0.0,0.18950426884926852,39.397510093752636,4.64,1.0,0.24,0.5635396825396826,0.1896551724137931,0.26373626373626374
pure_top_k,0.3,1.0,15,28,0.0,0.0,0.26,0.8917024587612822,1.0,0.0,0.8953455100487918,39.43833528620516,16.8,1.0,0.28,0.35874704683689074,0.07415254237288135,0.09619686800894854
pure_top_k,0.3,1.0,15,29,0.4,0.0,0.31,0.9646885796057824,1.0,0.0,1.197241552071646,39.6549261844805,35.52,0.04,0.8,0.572760148518467,0.14831460674157304,0.24855491329479767
pure_top_k,0.3,1.0,15,30,0.08,0.0,0.32,0.992,1.0,0.0,0.37870711137540636,38.88340450189075,7.72,1.0,0.24,0.16976504976504975,0.08290155440414508,0.1130952380952381
pure_top_k,0.3,1.0,15,31,0.0,0.0,0.0,1.0,0.0,0.0,0.05137245587073262,38.97796026052775,1.0,1.0,0.04,0.0,0.04,
pure_top_k,0.3,1.0,15,32,0.0,0.0,0.54,0.9740193140193141,1.0,0.0,0.5354155904240906,38.884560584032045,10.84,1.0,0.56,0.4442768915638885,0.12454212454212454,0.18548387096774194
pure_top_k,0.3,1.0,15,33,0.5,0.0,0.74,1.0,1.0,0.0,0.3828834917303175,39.32564926807285,8.0,1.0,0.08,0.03200000000000001,0.05,0.06857142857142857
pure_top_k,0.3,1.0,15,34,0.32,0.32,0.49,1.0,0.36,0.0,0.14156951379030938,39.25362596800189,2.96,1.0,0.12,0.5066666666666667,0.13513513513513514,0.14285714285714285
pure_top_k,0.3,1.0,15,35,1.0,1.0,0.27,0.9968,1.0,0.0,0.47377380148507653,39.4031599716589,11.56,1.0,0.12,0.07735507246376812,0.08304498269896193,0.09848484848484848
pure_top_k,0.3,1.0,15,36,0.88,0.88,0.27,0.995,0.9974193548387098,0.001333333333333332,0.3905603648070246,40.02837812169674,13.04,0.96,0.16,0.13302847675261464,0.11515151515151516,0.14098360655737704
pure_top_k,0.3,1.0,15,37,0.5,0.0,0.0,0.99,1.0,0.0,0.3330582263227552,39.42490646216156,11.12,1.0,0.12,0.10595238095238096,0.0539568345323741,0.07114624505928854
pure_top_k,0.3,1.0,15,38,0.5,0.0,0.5,1.0,1.0,0.0,0.42160188254900277,37.99979269147696,14.0,1.0,0.08,0.010666666666666665,0.04285714285714286,0.046153846153846156
pure_top_k,0.3,1.0,15,39,1.0,1.0,0.25,1.0,1.0,0.0,0.284817274119705,38.95264356982588,8.08,1.0,0.08,0.04,0.0594059405940594,0.07344632768361582
pure_top_k,0.3,1.0,15,40,0.54,0.08,0.31,0.9521804511278195,1.0,0.0,0.4473369353916496,37.60574753409088,14.72,1.0,0.32,0.27328887228357207,0.07608695652173914,0.09912536443148688
pure_top_k,0.3,1.0,15,41,1.0,1.0,0.25,1.0,0.0,0.0,0.08123935845680531,36.58093356854577,1.0,1.0,0.08,0.0,0.04,
pure_top_k,0.3,1.0,15,42,0.0,0.0,0.0,1.0,1.0,0.0,0.10301966378465291,38.93258540113419,2.0,1.0,0.04,0.0,0.04,0.04
pure_top_k,0.3,1.0,15,43,0.72,0.44,0.33,0.9969230769230769,0.44,0.0,0.2799074007477611,39.49123700455778,4.68,1.0,0.12,0.4742592592592592,0.11965811965811966,0.17391304347826086
pure_top_k,0.3,1.0,15,44,1.0,1.0,0.25,1.0,0.0,0.0,0.06422137782908971,38.32288461745313,1.0,1.0,0.08,0.0,0.04,
pure_top_k,0.3,1.0,15,45,0.46,0.32,0.48,0.9194245718024164,1.0,0.0,0.9521058355271816,38.859741161719946,29.8,0.68,0.72,0.6542741430160495,0.14927344782034346,0.30191256830601093
pure_top_k,0.3,1.0,15,46,1.0,1.0,0.75,1.0,1.0,0.0,0.4160128035582602,38.525003995966316,14.0,1.0,0.04,0.0,0.04,0.04
pure_top_k,0.3,1.0,15,47,0.78,0.64,0.68,0.8822613166630383,0.9959461176393141,0.0,1.0177198051381857,38.309789848538436,32.92,0.68,0.88,0.5407534194252734,0.15012106537530268,0.31086142322097376
pure_top_k,0.3,1.0,15,48,0.5,0.0,0.0,1.0,1.0,0.0,0.1295865285862237,38.63330858272673,2.0,1.0,0.04,0.0,0.04,0.04
pure_top_k,0.3,1.0,15,49,0.0,0.0,0.0,1.0,0.0,0.0,0.08190527535974974,36.73331746212675,1.0,1.0,0.04,0.0,0.04,
pure_top_k,0.3,1.0,20,0,1.0,1.0,0.53,0.9937230769230768,1.0,0.0,0.453127719014883,42.38772867419425,15.0,1.0,0.16,0.11281089217296113,0.08266666666666667,0.11428571428571428
pure_top_k,0.3,1.0,20,1,0.0,0.0,0.25,1.0,1.0,0.0,0.18819503513164818,43.782689786271405,6.12,1.0,0.2,0.27166931216931217,0.0915032679738562,0.140625
pure_top_k,0.3,1.0,20,2,0.56,0.12,0.32,1.0,1.0,0.0,0.3218983139004558,43.741975176470326,10.8,1.0,0.52,0.7552211602066276,0.21851851851851853,0.2979591836734694
pure_top_k,0.3,1.0,20,3,0.0,0.0,0.25,1.0,1.0,0.0,0.18090266712941225,43.7804273531788,5.92,1.0,0.12,0.15380952380952378,0.0472972972972973,0.06504065040650407
pure_top_k,0.3,1.0,20,4,0.0,0.0,0.25,1.0,1.0,0.0,0.09171908701770004,43.62431508354346,2.0,1.0,0.04,0.0,0.04,0.04
pure_top_k,0.3,1.0,20,5,0.0,0.0,0.0,1.0,1.0,0.0,0.06856993931345638,43.75105682115402,2.0,1.0,0.04,0.0,0.04,0.04
pure_top_k,0.3,1.0,20,6,0.4,0.28,0.57,0.9191416759534861,1.0,0.0,0.8411873113084585,43.746650979563654,31.44,0.88,0.4,0.47544837008889973,0.10485933503836317,0.1690885072655218
pure_top_k,0.3,1.0,20,7,0.04,0.0,0.43,0.9677248085248086,1.0,0.0,0.5563652070891112,43.73503152374084,16.68,1.0,0.64,0.5840438711014873,0.15777777777777777,0.3058823529411765
pure_top_k,0.3,1.0,20,8,0.0,0.0,0.0,1.0,0.0,0.0,0.04574232480488713,43.72583303412824,1.0,1.0,0.04,0.0,0.04,
pure_top_k,0.3,1.0,20,9,0.0,0.0,0.0,1.0,0.0,0.0,0.06890411048196253,43.56036037091429,1.0,1.0,0.04,0.0,0.04,
pure_top_k,0.3,1.0,20,10,1.0,1.0,0.75,0.9604322625012278,1.0,0.0,0.7139727458078414,43.75473132157901,26.2,1.0,0.28,0.07609384432025056,0.0549618320610687,0.07777777777777778
pure_top_k,0.3,1.0,20,11,0.0,0.0,0.31,0.9790117853161333,0.36,0.0,0.2393471477925777,43.75693207975752,7.12,1.0,0.32,0.48255103785103776,0.15425531914893617,0.25153374233128833
pure_top_k,0.3,1.0,20,12,0.36,0.0,0.5,1.0,1.0,0.0,0.48168624414131045,43.58929858745787,15.52,1.0,0.28,0.35878337554558337,0.10051546391752578,0.12396694214876033
pure_top_k,0.3,1.0,20,13,0.38,0.0,0.26,0.9940000000000001,1.0,0.0,0.22774949202314018,42.41605833230644,7.56,1.0,0.4,0.5399212430592764,0.21693121693121692,0.3353658536585366
pure_top_k,0.3,1.0,20,14,0.5,0.0,0.0,1.0,0.0,0.0,0.06756270129233594,43.81071327647092,1.0,1.0,0.08,0.0,0.04,
pure_top_k,0.3,1.0,20,15,1.0,1.0,0.25,1.0,1.0,0.0,0.1965437955316156,42.5072454546419,6.36,1.0,0.08,0.11,0.06289308176100629,0.07462686567164178
pure_top_k,0.3,1.0,20,16,0.0,0.0,0.25,1.0,1.0,0.0,0.3969553790893406,42.858549010180596,8.0,1.0,0.04,0.0,0.04,0.04
pure_top_k,0.3,1.0,20,17,0.0,0.0,0.25,0.9930555555555556,1.0,0.0,0.4841742795705795,43.557447034227444,16.96,1.0,0.24,0.13021237120579224,0.054245283018867926,0.07518796992481203
pure_top_k,0.3,1.0,20,18,0.66,0.36,0.49,0.9248119781452091,0.9969731081926204,0.001052631578947364,0.8070376070681959,43.06018908044029,28.44,0.72,0.84,0.6610560171936124,0.1888111888111888,0.35797101449275365
pure_top_k,0.3,1.0,20,19,1.0,1.0,0.25,1.0,0.0,0.0,0.04579994723200793,43.67084156862754,1.0,1.0,0.04,0.0,0.04,
pure_top_k,0.3,1.0,20,20,0.5,0.04,0.51,0.9825663082437276,0.9986666666666667,0.0,0.33980830990709365,43.6771113400373,12.36,1.0,0.28,0.396322211512605,0.12218649517684887,0.21328671328671328
pure_top_k,0.3,1.0,20,21,0.12,0.0,0.47,0.9555922583951997,1.0,0.0,0.6069861375540495,42.90006557101914,17.96,1.0,0.84,0.5903802434202919,0.17333333333333334,0.33647058823529413
pure_top_k,0.3,1.0,20,22,0.24,0.0,0.25,0.8870397492030326,0.9926871657754012,0.0,1.1036181306000798,43.14722096497927,32.68,0.12,0.92,0.4988488333348617,0.10920245398773006,0.189873417721519
pure_top_k,0.3,1.0,20,23,0.44,0.0,0.23,0.9945454545454545,1.0,0.0,0.199246209366247,43.7479855892378,4.08,1.0,0.16,0.2930952380952381,0.2962962962962963,0.39759036144578314
pure_top_k,0.3,1.0,20,24,0.0,0.0,0.32,0.9237260107643311,1.0,0.0,0.8681145325209946,39.65212642294317,24.68,0.88,0.72,0.6788431920934486,0.18998272884283246,0.34296028880866425
pure_top_k,0.3,1.0,20,25,0.96,0.92,0.74,1.0,1.0,0.0,0.22087598174810405,39.66818689626792,4.88,1.0,0.24,0.13934920634920633,0.07377049180327869,0.1134020618556701
pure_top_k,0.3,1.0,20,26,0.9,0.88,0.8,0.8975944025192603,0.983878692521871,0.0,1.1003403428383172,39.86531400280066,25.44,0.28,0.72,0.46341608723105393,0.08409986859395532,0.16983695652173914
pure_top_k,0.3,1.0,20,27,0.1,0.0,0.23,1.0,0.96,0.0,0.182720163911581,39.57452939771479,4.52,1.0,0.24,0.3512063492063493,0.10619469026548672,0.13636363636363635
pure_top_k,0.3,1.0,20,28,0.0,0.0,0.28,0.8994035169623404,1.0,0.0,0.935676687033847,38.80107916463478,17.88,0.96,0.32,0.4101107118507543,0.09437751004016064,0.12473572938689217
pure_top_k,0.3,1.0,20,29,0.44,0.0,0.36,0.9527126307300358,1.0,0.0,1.205026732366532,39.22679435120341,33.24,0.2,0.8,0.5521051334006063,0.13214285714285715,0.2343558282208589
pure_top_k,0.3,1.0,20,30,0.0,0.0,0.31,0.9807272727272728,0.996,0.0,0.3998721771687269,38.87326847308495,7.76,1.0,0.24,0.18748063973063975,0.07216494845360824,0.10650887573964497
pure_top_k,0.3,1.0,20,31,0.0,0.0,0.0,1.0,0.0,0.0,0.053600966436788404,37.605919486024774,1.0,1.0,0.04,0.0,0.04,
pure_top_k,0.3,1.0,20,32,0.0,0.0,0.55,0.9919327731092438,1.0,0.0,0.5234739075042307,38.16402768587115,10.48,1.0,0.48,0.45431153511377964,0.1450381679389313,0.1940928270042194
pure_top_k,0.3,1.0,20,33,0.5,0.0,0.75,1.0,1.0,0.0,0.3847723315563053,39.0352638640214,8.0,1.0,0.04,0.0,0.04,0.04
pure_top_k,0.3,1.0,20,34,0.28,0.28,0.46,1.0,0.28,0.0,0.13874041870236392,39.17078617195378,2.68,1.0,0.12,0.4288888888888889,0.14925373134328357,0.21428571428571427
pure_top_k,0.3,1.0,20,35,1.0,1.0,0.27,0.9966666666666666,1.0,0.0,0.47657076702453194,39.043752869009104,11.52,1.0,0.12,0.06487922705314007,0.0798611111111111,0.09505703422053231
pure_top_k,0.3,1.0,20,36,0.96,0.96,0.29,0.9921428571428572,0.9974193548387098,0.001333333333333332,0.4054371114354581,38.462973796497316,12.92,0.96,0.2,0.15268847490621687,0.12232415902140673,0.16225165562913907
pure_top_k,0.3,1.0,20,37,0.5,0.0,0.0,1.0,1.0,0.0,0.3280646251514554,39.64391415811174,11.0,1.0,0.08,0.01333333333333333,0.04363636363636364,0.048
pure_top_k,0.3,1.0,20,38,0.5,0.0,0.5,1.0,1.0,0.0,0.4003477377165109,39.97767337194161,14.0,1.0,0.08,0.010666666666666665,0.04285714285714286,0.046153846153846156
pure_top_k,0.3,1.0,20,39,1.0,1.0,0.25,1.0,1.0,0.0,0.2933043602947146,38.61626797079296,8.32,1.0,0.08,0.14,0.057692307692307696,0.07103825136612021
pure_top_k,0.3,1.0,20,40,0.62,0.24,0.36,0.9639729551494256,1.0,0.0,0.47378247685730457,39.178425034074905,16.12,1.0,0.52,0.45914252994095495,0.1311881188118812,0.20844327176781002
pure_top_k,0.3,1.0,20,41,1.0,1.0,0.25,1.0,0.0,0.0,0.0785257214773446,38.321285244078645,1.0,1.0,0.04,0.0,0.04,
pure_top_k,0.3,1.0,20,42,0.0,0.0,0.0,1.0,1.0,0.0,0.1018064077943563,39.33861994983313,2.0,1.0,0.04,0.0,0.04,0.04
pure_top_k,0.3,1.0,20,43,0.78,0.56,0.42,1.0,0.56,0.0,0.3071417403779924,39.36531376910215,5.44,1.0,0.12,0.46878703703703706,0.07352941176470588,0.0990990990990991
pure_top_k,0.3,1.0,20,44,1.0,1.0,0.25,1.0,0.0,0.0,0.06232831943780179,39.11324923309978,1.0,1.0,0.08,0.0,0.04,
pure_top_k,0.3,1.0,20,45,0.46,0.4,0.5,0.9390187925756649,1.0,0.0,0.8817120112944394,39.18547079166787,28.12,0.92,0.72,0.6232982216263382,0.15459610027855153,0.30158730158730157
pure_top_k,0.3,1.0,20,46,1.0,1.0,0.75,1.0,1.0,0.0,0.4242747767176479,37.76265318698377,14.0,1.0,0.04,0.0,0.04,0.04
pure_top_k,0.3,1.0,20,47,0.62,0.52,0.64,0.9054435730293943,0.9928679829655439,0.0,1.003128543337807,37.511732852642346,31.76,0.8,0.8,0.5909648675083551,0.13408521303258145,0.2677878395860285
pure_top_k,0.3,1.0,20,48,0.5,0.0,0.0,1.0,1.0,0.0,0.128407611278817,38.97794505300647,2.0,1.0,0.04,0.0,0.04,0.04
pure_top_k,0.3,1.0,20,49,0.0,0.0,0.0,1.0,0.0,0.0,0.07848341052420432,37.8696363681567,1.0,1.0,0.08,0.0,0.04,
pure_top_k,0.3,1.0,25,0,1.0,1.0,0.52,0.998,1.0,0.0,0.419914152212441,43.81732090452992,14.36,1.0,0.12,0.06977339181286549,0.07222222222222222,0.08955223880597014
pure_top_k,0.3,1.0,25,1,0.08,0.0,0.25,1.0,1.0,0.0,0.18890709592960767,42.76897255473117,6.12,1.0,0.32,0.30741269841269847,0.09803921568627451,0.1484375
pure_top_k,0.3,1.0,25,2,0.56,0.12,0.33,0.9973333333333333,1.0,0.0,0.3398826267011464,42.85762849091164,11.24,1.0,0.44,0.6897459656356715,0.17793594306049823,0.2421875
pure_top_k,0.3,1.0,25,3,0.0,0.0,0.25,1.0,1.0,0.0,0.18107079691253594,43.74062255088843,5.92,1.0,0.12,0.14444444444444443,0.0472972972972973,0.06504065040650407
pure_top_k,0.3,1.0,25,4,0.0,0.0,0.25,1.0,1.0,0.0,0.09148080021142954,43.725117877257674,2.0,1.0,0.04,0.0,0.04,0.04
pure_top_k,0.3,1.0,25,5,0.0,0.0,0.0,1.0,1.0,0.0,0.07061245919205243,42.51559346265431,2.0,1.0,0.04,0.0,0.04,0.04
pure_top_k,0.3,1.0,25,6,0.46,0.32,0.58,0.9000557086346561,0.9988888888888888,0.0,0.9234840964805335,42.85875283705854,33.4,0.76,0.72,0.5440068188205948,0.13022700119474312,0.2229064039408867
pure_top_k,0.3,1.0,25,7,0.02,0.0,0.45,0.9623244243111251,1.0,0.0,0.5426145823672414,43.625298143370145,16.44,1.0,0.64,0.5870295137245246,0.15695067264573992,0.30641330166270786
pure_top_k,0.3,1.0,25,8,0.0,0.0,0.0,1.0,0.0,0.0,0.046114586181938616,43.398475526959004,1.0,1.0,0.04,0.0,0.04,
pure_top_k,0.3,1.0,25,9,0.0,0.0,0.0,1.0,0.0,0.0,0.06837931142188604,43.873920041040336,1.0,1.0,0.04,0.0,0.04,
pure_top_k,0.3,1.0,25,10,1.0,1.0,0.75,0.9587033528412837,1.0,0.0,0.7372042738366872,43.62536569397441,27.0,1.0,0.36,0.14458382021216262,0.06814814814814815,0.1
pure_top_k,0.3,1.0,25,11,0.0,0.0,0.33,0.9898009237139672,0.2,0.0,0.18934682468883693,42.049607050828605,4.92,1.0,0.2,0.3262128193331091,0.2153846153846154,0.3238095238095238
pure_top_k,0.3,1.0,25,12,0.42,0.0,0.49,1.0,1.0,0.0,0.44824264083988963,43.13908338711404,14.04,1.0,0.32,0.28163280947930713,0.10256410256410256,0.13803680981595093
pure_top_k,0.3,1.0,25,13,0.38,0.0,0.25,1.0,1.0,0.0,0.21195636374875895,42.606308501373334,6.88,1.0,0.12,0.3986666666666667,0.11627906976744186,0.1292517006802721
pure_top_k,0.3,1.0,25,14,0.5,0.0,0.0,1.0,0.0,0.0,0.0691178577393293,43.41647136696649,1.0,1.0,0.04,0.0,0.04,
pure_top_k,0.3,1.0,25,15,1.0,1.0,0.25,1.0,1.0,0.0,0.18851121756248168,43.125610160395254,6.12,1.0,0.08,0.04,0.06535947712418301,0.078125
pure_top_k,0.3,1.0,25,16,0.0,0.0,0.25,1.0,1.0,0.0,0.38711284412071106,43.91519146428443,8.0,1.0,0.04,0.0,0.04,0.04
pure_top_k,0.3,1.0,25,17,0.0,0.0,0.25,0.9704444444444446,1.0,0.0,0.5193463846575469,43.59644345662617,18.08,1.0,0.24,0.17061063894850406,0.05752212389380531,0.07494145199063232
pure_top_k,0.3,1.0,25,18,0.66,0.32,0.49,0.9272725480465343,0.998,0.001025641025641024,0.7531564057525247,43.55109108643339,27.04,0.68,0.8,0.7238344089107482,0.21565731166912852,0.4233128834355828
pure_top_k,0.3,1.0,25,19,1.0,1.0,0.25,1.0,0.0,0.0,0.04571431936696168,43.755778251526884,1.0,1.0,0.04,0.0,0.04,
pure_top_k,0.3,1.0,25,20,0.5,0.04,0.51,0.9930718954248365,1.0,0.0,0.310769727518782,43.63927560266207,11.36,1.0,0.24,0.33454105834252895,0.09507042253521127,0.17374517374517376
pure_top_k,0.3,1.0,25,21,0.08,0.0,0.41,0.9742073167107493,1.0,0.0,0.5387624141201377,43.683766133702214,15.2,1.0,0.8,0.5242661636037654,0.14473684210526316,0.27605633802816903
pure_top_k,0.3,1.0,25,22,0.36,0.0,0.26,0.8850300612944807,0.9944696969696969,0.0,1.0684831668343395,43.72620873865149,32.44,0.28,0.8,0.5059624658027461,0.11728395061728394,0.20382165605095542
pure_top_k,0.3,1.0,25,23,0.48,0.0,0.24,1.0,1.0,0.0,0.16725665148347615,43.75818657629744,3.2,1.0,0.12,0.11833333333333333,0.15,0.18181818181818182
pure_top_k,0.3,1.0,25,24,0.0,0.0,0.34,0.9042606252799801,1.0,0.0,0.8821649152971804,39.778928685673144,24.96,0.8,0.72,0.6164300066916295,0.16262975778546712,0.2965641952983725
pure_top_k,0.3,1.0,25,25,0.98,0.96,0.74,1.0,1.0,0.0,0.22320135263726115,39.800631558472126,4.92,1.0,0.12,0.1885714285714286,0.06504065040650407,0.07142857142857142
pure_top_k,0.3,1.0,25,26,1.0,1.0,0.86,0.8886496105110412,0.9734645949863342,0.0,1.110247125402093,39.41443051271913,24.72,0.48,0.72,0.403900891367626,0.08366533864541832,0.15796703296703296
pure_top_k,0.3,1.0,25,27,0.12,0.0,0.21,1.0,1.0,0.0,0.19073704653419546,39.511515264749015,4.52,1.0,0.12,0.3885714285714286,0.08849557522123894,0.09090909090909091
pure_top_k,0.3,1.0,25,28,0.0,0.0,0.29,0.9062777353365589,0.9942857142857143,0.003076923076923072,0.8951546534430236,39.96989744667404,17.72,0.88,0.4,0.4847968941849912,0.09775967413441955,0.13733905579399142
pure_top_k,0.3,1.0,25,29,0.42,0.0,0.3,0.9604415969618482,1.0,0.0,1.2044254047051073,39.312700186365376,34.8,0.08,0.64,0.5467003817847782,0.12342857142857143,0.21529411764705883
pure_top_k,0.3,1.0,25,30,0.04,0.0,0.31,0.992,1.0,0.0,0.3905763506796211,38.54326306332525,7.64,1.0,0.24,0.157030562030562,0.07853403141361257,0.10843373493975904
pure_top_k,0.3,1.0,25,31,0.0,0.0,0.0,1.0,0.0,0.0,0.05316512662917371,37.858412592427506,1.0,1.0,0.04,0.0,0.04,
pure_top_k,0.3,1.0,25,32,0.0,0.0,0.48,0.9675139860139861,1.0,0.0,0.5040474549029023,39.082866577877645,10.44,1.0,0.44,0.3223479766707321,0.09961685823754789,0.1483050847457627
pure_top_k,0.3,1.0,25,33,0.5,0.0,0.75,0.9911111111111112,1.0,0.0,0.40078397807665167,38.13631766079575,8.08,1.0,0.08,0.061333333333333344,0.04950495049504951,0.062146892655367235
pure_top_k,0.3,1.0,25,34,0.36,0.36,0.52,1.0,0.44,0.0,0.14872060845606025,38.775292648145616,3.24,1.0,0.16,0.6,0.14814814814814814,0.17857142857142858
pure_top_k,0.3,1.0,25,35,1.0,1.0,0.35,0.989927536231884,1.0,0.0,0.5368774309568107,38.39464733461873,13.32,1.0,0.24,0.20482299366029344,0.10510510510510511,0.16233766233766234
pure_top_k,0.3,1.0,25,36,0.88,0.88,0.31,0.995,0.9974193548387098,0.001333333333333332,0.3930414067581296,40.166071698387725,13.12,0.96,0.32,0.24586335182308414,0.12012012012012012,0.16233766233766234
pure_top_k,0.3,1.0,25,37,0.5,0.0,0.0,1.0,1.0,0.0,0.32879553995095195,39.56095778786715,11.0,1.0,0.08,0.01333333333333333,0.04363636363636364,0.048
pure_top_k,0.3,1.0,25,38,0.5,0.0,0.5,1.0,1.0,0.0,0.4070081458427012,39.33728327196368,14.0,1.0,0.08,0.02044444444444444,0.04285714285714286,0.046153846153846156
pure_top_k,0.3,1.0,25,39,1.0,1.0,0.25,1.0,1.0,0.0,0.29077958934009074,38.70606521566449,8.24,1.0,0.08,0.11,0.05825242718446602,0.0718232044198895
pure_top_k,0.3,1.0,25,40,0.68,0.36,0.45,0.9503247235220919,1.0,0.0,0.529508938761428,39.55731892306731,18.44,1.0,0.48,0.45000179796889295,0.12147505422993492,0.2018348623853211
pure_top_k,0.3,1.0,25,41,1.0,1.0,0.25,1.0,0.0,0.0,0.07359787206165488,40.23724847852513,1.0,1.0,0.08,0.0,0.04,
pure_top_k,0.3,1.0,25,42,0.0,0.0,0.0,1.0,1.0,0.0,0.10391135511919852,38.62163711616935,2.0,1.0,0.04,0.0,0.04,0.04
pure_top_k,0.3,1.0,25,43,0.76,0.52,0.39,1.0,0.52,0.0,0.3038150230329484,38.247330988350804,5.04,1.0,0.12,0.49055555555555563,0.07936507936507936,0.10891089108910891
pure_top_k,0.3,1.0,25,44,1.0,1.0,0.25,1.0,0.0,0.0,0.06695956576615568,37.81400067776765,1.0,1.0,0.08,0.0,0.04,
pure_top_k,0.3,1.0,25,45,0.5,0.28,0.48,0.9202407455380182,1.0,0.0,0.9787773432768881,38.925205131475764,30.68,0.64,0.84,0.6611524665197357,0.13231552162849872,0.25229960578186594
pure_top_k,0.3,1.0,25,46,1.0,1.0,0.75,1.0,1.0,0.0,0.4122610169742256,38.88111057125483,14.0,1.0,0.04,0.0,0.04,0.04
pure_top_k,0.3,1.0,25,47,0.78,0.64,0.67,0.8807469373711371,0.9909376395961763,0.0,1.0504375795740635,37.42840710835047,32.96,0.76,1.0,0.5810469615582096,0.14199029126213591,0.2853566958698373
pure_top_k,0.3,1.0,25,48,0.5,0.0,0.0,1.0,1.0,0.0,0.1289235716126859,38.86255238245867,2.0,1.0,0.04,0.0,0.04,0.04
pure_top_k,0.3,1.0,25,49,0.0,0.0,0.0,1.0,0.0,0.0,0.07859916417859492,37.86564655079988,1.0,1.0,0.08,0.0,0.04,
pure_top_k,0.3,1.0,30,0,1.0,1.0,0.54,0.9936507936507937,1.0,0.0,0.4237430384196341,43.70788962758642,14.48,1.0,0.2,0.1929475391221768,0.09366391184573003,0.14201183431952663
pure_top_k,0.3,1.0,30,1,0.02,0.0,0.25,1.0,1.0,0.0,0.19296124136075374,43.74372337163589,6.2,1.0,0.32,0.3388518518518519,0.0967741935483871,0.15384615384615385
pure_top_k,0.3,1.0,30,2,0.54,0.08,0.3,1.0,1.0,0.0,0.30626196555793284,43.10328606782633,10.0,1.0,0.4,0.631354196210002,0.196,0.24888888888888888
pure_top_k,0.3,1.0,30,3,0.0,0.0,0.25,1.0,1.0,0.0,0.1931787212006747,41.206829002067536,5.96,1.0,0.16,0.18882936507936507,0.06040268456375839,0.08870967741935484
pure_top_k,0.3,1.0,30,4,0.0,0.0,0.25,1.0,0.96,0.0,0.09056366167962547,43.728677458918064,1.96,1.0,0.08,0.04,0.04081632653061224,0.041666666666666664
pure_top_k,0.3,1.0,30,5,0.0,0.0,0.0,1.0,1.0,0.0,0.06859528052620587,43.73493844192243,2.0,1.0,0.04,0.0,0.04,0.04
pure_top_k,0.3,1.0,30,6,0.44,0.24,0.56,0.9080466647387699,1.0,0.0,0.8806090467702598,43.74101044369247,32.52,0.84,0.64,0.5304031073273773,0.1213235294117647,0.19469026548672566
pure_top_k,0.3,1.0,30,7,0.02,0.0,0.44,0.9442049607681321,1.0,0.0,0.5553646942414343,43.69882833498647,17.24,1.0,0.6,0.5821434681466914,0.13617021276595745,0.2808988764044944
pure_top_k,0.3,1.0,30,8,0.0,0.0,0.0,1.0,0.0,0.0,0.04563240659423167,43.828737704294234,1.0,1.0,0.04,0.0,0.04,
pure_top_k,0.3,1.0,30,9,0.0,0.0,0.0,1.0,0.0,0.0,0.06854545904323456,43.768981131254634,1.0,1.0,0.04,0.0,0.04,
pure_top_k,0.3,1.0,30,10,1.0,1.0,0.75,0.9580906892671598,1.0,0.0,0.7211562208272517,43.76604896015136,26.52,1.0,0.24,0.12935274854129136,0.06485671191553545,0.09404388714733543
pure_top_k,0.3,1.0,30,11,0.0,0.0,0.33,0.9803113553113554,0.32,0.0,0.21686146996915337,43.39293738558112,6.24,1.0,0.16,0.4487736263736264,0.1524390243902439,0.20863309352517986
pure_top_k,0.3,1.0,30,12,0.42,0.04,0.51,0.9984000000000001,1.0,0.0,0.4719786721561104,43.81253244026175,15.24,1.0,0.32,0.32821460483858905,0.1409921671018277,0.18435754189944134
pure_top_k,0.3,1.0,30,13,0.32,0.0,0.26,0.9959899749373434,1.0,0.0,0.23330058312043547,43.661713965851526,8.08,1.0,0.44,0.5949867755153206,0.2524752475247525,0.3615819209039548
pure_top_k,0.3,1.0,30,14,0.5,0.0,0.0,1.0,0.0,0.0,0.06888119628652925,43.56450320336393,1.0,1.0,0.04,0.0,0.04,
pure_top_k,0.3,1.0,30,15,1.0,1.0,0.27,1.0,1.0,0.0,0.19549602024257184,43.79344469560953,6.4,1.0,0.12,0.10717049032838505,0.11875,0.16296296296296298
pure_top_k,0.3,1.0,30,16,0.0,0.0,0.25,1.0,1.0,0.0,0.40191755453124645,42.52307764250916,8.0,1.0,0.08,0.030666666666666665,0.044444444444444446,0.045
pure_top_k,0.3,1.0,30,17,0.0,0.0,0.25,0.9719188034188033,1.0,0.0,0.5020367576181889,43.50605995482292,17.52,1.0,0.36,0.19645866508543183,0.07077625570776255,0.1089588377723971
pure_top_k,0.3,1.0,30,18,0.7,0.48,0.57,0.9123729774226876,0.9968378378378379,0.001111111111111108,0.8494095784798265,42.84682397505383,30.28,0.6,0.8,0.6826896614191255,0.19842312746386334,0.36684782608695654
pure_top_k,0.3,1.0,30,19,1.0,1.0,0.25,1.0,0.0,0.0,0.04580073270015414,43.679161330596436,1.0,1.0,0.04,0.0,0.04,
pure_top_k,0.3,1.0,30,20,0.54,0.08,0.53,0.9912777777777778,1.0,0.0,0.3215993307158351,43.647847258547884,11.76,1.0,0.24,0.3047529135751104,0.1152542372881356,0.1925925925925926
pure_top_k,0.3,1.0,30,21,0.0,0.0,0.42,0.9609336870026525,1.0,0.0,0.5396534400153905,43.80787629613146,15.08,1.0,0.64,0.43906191773923675,0.14058355437665782,0.25
pure_top_k,0.3,1.0,30,22,0.4,0.0,0.25,0.897966658834633,0.9949545454545455,0.0,1.1469582685269415,41.62438671379154,31.64,0.12,0.84,0.4632514630528544,0.11265822784810127,0.17908496732026144
pure_top_k,0.3,1.0,30,23,0.5,0.0,0.25,1.0,1.0,0.0,0.15977960537187752,43.81079508682888,3.0,1.0,0.04,0.0,0.04,0.04
pure_top_k,0.3,1.0,30,24,0.0,0.0,0.35,0.9227879010410156,0.99515,0.0,0.9206225434876978,39.6135653359252,26.2,0.88,0.76,0.6762147655027332,0.16693418940609953,0.31270903010033446
pure_top_k,0.3,1.0,30,25,0.98,0.96,0.74,1.0,1.0,0.0,0.2315061550028622,38.411623360680736,4.96,1.0,0.24,0.279744708994709,0.0967741935483871,0.15151515151515152
pure_top_k,0.3,1.0,30,26,1.0,1.0,0.82,0.8839909533633672,0.9841605810037595,0.0,1.201275202697143,39.66365963740721,26.76,0.12,0.72,0.350558896536967,0.06756756756756757,0.13434727503168567
pure_top_k,0.3,1.0,30,27,0.14,0.04,0.24,1.0,1.0,0.0,0.2005683137010783,39.5271602095646,5.24,1.0,0.24,0.4855608465608465,0.17557251908396945,0.19811320754716982
pure_top_k,0.3,1.0,30,28,0.0,0.0,0.26,0.8885475766064002,0.9942857142857143,0.003076923076923072,0.8767096123844386,39.7944802628461,16.76,0.96,0.4,0.48018789908650583,0.1072961373390558,0.14965986394557823
pure_top_k,0.3,1.0,30,29,0.48,0.0,0.42,0.9600428101467001,1.0,0.0,1.2197548075579108,38.0882865977487,34.0,0.24,0.84,0.553482647531614,0.13768961493582263,0.2512019230769231
pure_top_k,0.3,1.0,30,30,0.1,0.0,0.34,0.988,1.0,0.0,0.423338092956692,37.29267617796851,8.04,1.0,0.36,0.23805296555296554,0.08955223880597014,0.13068181818181818
pure_top_k,0.3,1.0,30,31,0.0,0.0,0.0,1.0,0.0,0.0,0.05103809170424935,39.31144454368625,1.0,1.0,0.04,0.0,0.04,
pure_top_k,0.3,1.0,30,32,0.02,0.0,0.51,0.9762724275724275,0.9983333333333334,0.0,0.5471034602541477,38.85247570113718,11.12,0.96,0.44,0.28009794326328624,0.12589928057553956,0.19367588932806323
pure_top_k,0.3,1.0,30,33,0.52,0.04,0.75,0.9872222222222223,1.0,0.0,0.4180640217568725,37.54114736901027,8.2,1.0,0.16,0.0873510101010101,0.06341463414634146,0.08333333333333333
pure_top_k,0.3,1.0,30,34,0.32,0.32,0.49,1.0,0.48,0.0,0.13892460355535147,39.155776383277164,3.08,1.0,0.12,0.6266666666666667,0.12987012987012986,0.1346153846153846
pure_top_k,0.3,1.0,30,35,1.0,1.0,0.27,1.0,1.0,0.0,0.48158475778065624,38.19776711974491,11.32,1.0,0.08,0.059130434782608696,0.0812720848056537,0.09689922480620156
pure_top_k,0.3,1.0,30,36,0.92,0.92,0.25,1.0,1.0,0.0,0.35476019310764967,39.71078877056115,12.0,1.0,0.08,0.115,0.06622516556291391,0.07220216606498195
pure_top_k,0.3,1.0,30,37,0.5,0.0,0.0,0.9966666666666666,1.0,0.0,0.32829677514731886,39.73412256120625,11.04,1.0,0.08,0.03428571428571429,0.050724637681159424,0.06374501992031872
pure_top_k,0.3,1.0,30,38,0.5,0.0,0.5,1.0,1.0,0.0,0.4180786809325218,38.305392213163856,14.0,1.0,0.08,0.010666666666666665,0.04285714285714286,0.046153846153846156
pure_top_k,0.3,1.0,30,39,1.0,1.0,0.25,1.0,1.0,0.0,0.2866933669149876,38.71275866858382,8.08,1.0,0.08,0.04,0.0594059405940594,0.07344632768361582
pure_top_k,0.3,1.0,30,40,0.58,0.16,0.34,0.9470805860805861,1.0,0.0,0.45069204811006786,39.65473077150424,15.68,1.0,0.4,0.32556108682059826,0.10204081632653061,0.14713896457765668
pure_top_k,0.3,1.0,30,41,1.0,1.0,0.25,1.0,0.0,0.0,0.07545596268959338,39.79421892494977,1.0,1.0,0.04,0.0,0.04,
pure_top_k,0.3,1.0,30,42,0.0,0.0,0.0,1.0,1.0,0.0,0.10241857157088811,39.10610823930448,2.0,1.0,0.04,0.0,0.04,0.04
pure_top_k,0.3,1.0,30,43,0.76,0.52,0.39,1.0,0.52,0.0,0.30011644040234386,39.134959253979325,5.08,1.0,0.12,0.48311111111111105,0.07874015748031496,0.10784313725490197
pure_top_k,0.3,1.0,30,44,1.0,1.0,0.25,1.0,0.0,0.0,0.06406105059199031,39.33263233873586,1.0,1.0,0.08,0.0,0.04,
pure_top_k,0.3,1.0,30,45,0.34,0.2,0.42,0.9078745059945881,1.0,0.0,0.9662585520930588,38.75892948797742,30.96,0.72,0.72,0.6256260519021168,0.1390644753476612,0.2885117493472585
pure_top_k,0.3,1.0,30,46,1.0,1.0,0.75,1.0,1.0,0.0,0.42493639905937014,37.70662426020883,14.0,1.0,0.04,0.0,0.04,0.04
pure_top_k,0.3,1.0,30,47,0.76,0.68,0.62,0.931465314947601,0.9957487492182614,0.0,0.9730826456844807,36.29705081444893,28.76,0.84,0.76,0.6098069350541249,0.17289073305670816,0.332378223495702
pure_top_k,0.3,1.0,30,48,0.5,0.0,0.0,1.0,1.0,0.0,0.15136626238934694,34.367786183116344,2.0,1.0,0.04,0.0,0.04,0.04
pure_top_k,0.3,1.0,30,49,0.0,0.0,0.0,1.0,0.0,0.0,0.07539012846536931,39.31278129126815,1.0,1.0,0.08,0.0,0.04,
pure_top_k,0.7,1.0,10,0,0.92,0.84,0.66,0.9651165431403821,1.0,0.0,0.486905774557963,43.61602043772154,17.04,1.0,0.88,0.614797122369042,0.12149532710280374,0.2630272952853598
pure_top_k,0.7,1.0,10,1,0.14,0.0,0.24,1.0,1.0,0.0,0.20084237838163965,43.80872803121915,6.32,1.0,0.64,0.4995849798349798,0.13291139240506328,0.22556390977443608
pure_top_k,0.7,1.0,10,2,0.54,0.16,0.31,0.9863333333333334,1.0,0.0,0.30475875322706997,43.83314093394163,10.4,1.0,0.84,0.8862346244632234,0.3576923076923077,0.5957446808510638
pure_top_k,0.7,1.0,10,3,0.1,0.08,0.24,0.9916666666666666,1.0,0.0,0.2048744412790984,43.734204600616756,6.76,1.0,0.4,0.4591593703137822,0.1952662721893491,0.3055555555555556
pure_top_k,0.7,1.0,10,4,0.0,0.0,0.25,1.0,0.52,0.0,0.08041683357208962,43.77090298617174,1.52,1.0,0.08,0.26,0.05263157894736842,0.07692307692307693
pure_top_k,0.7,1.0,10,5,0.0,0.0,0.0,1.0,1.0,0.0,0.06856735104694957,43.75273199655915,2.0,1.0,0.04,0.0,0.04,0.04
pure_top_k,0.7,1.0,10,6,0.36,0.12,0.48,0.9175087291316494,0.9527625818768308,0.004295874822190604,0.7954097133036703,43.36140217598598,28.88,0.76,0.96,0.6682899600461707,0.16598079561042525,0.3508522727272727
pure_top_k,0.7,1.0,10,7,0.06,0.0,0.46,0.9429559506270218,1.0,0.0,0.6888867447432131,41.47501424137847,21.64,1.0,1.0,0.672952429305381,0.1687170474516696,0.4209558823529412
pure_top_k,0.7,1.0,10,8,0.06,0.04,0.05,0.9942857142857143,0.07882352941176471,0.0,0.1126848091371357,43.72359511703042,3.32,0.96,0.12,0.156231884057971,0.5595238095238095,0.8983050847457628
pure_top_k,0.7,1.0,10,9,0.0,0.0,0.0,1.0,0.0,0.0,0.06763096250593659,43.76998010838499,1.0,1.0,0.08,0.0,0.04,
pure_top_k,0.7,1.0,10,10,1.0,1.0,0.74,0.9426436952199466,1.0,0.0,0.8096480533108115,43.81922793684892,29.68,1.0,1.0,0.48022844758767047,0.10242587601078167,0.20641562064156208
pure_top_k,0.7,1.0,10,11,0.0,0.0,0.29,0.9614791717308881,0.6,0.0,0.2987183567415923,43.76050024800781,9.44,1.0,0.32,0.5390068526162819,0.12301587301587301,0.19823788546255505
pure_top_k,0.7,1.0,10,12,0.42,0.08,0.5,0.995204915514593,1.0,0.0,0.46366814609616996,43.82796347907302,13.92,1.0,0.64,0.6387188400498495,0.2140845070422535,0.3181818181818182
pure_top_k,0.7,1.0,10,13,0.22,0.0,0.3,0.9865907817672525,1.0,0.0,0.3412776321358979,43.322084537806546,11.88,1.0,0.76,0.7151798498867945,0.18120805369127516,0.3076923076923077
pure_top_k,0.7,1.0,10,14,0.5,0.0,0.0,1.0,0.0,0.0,0.0648378837574273,43.803216977760854,1.0,1.0,0.08,0.0,0.04,
pure_top_k,0.7,1.0,10,15,0.96,0.92,0.43,0.9827809294154123,1.0,0.0,0.3743616419378668,43.57261749134119,12.08,1.0,0.56,0.5754855823966587,0.23841059602649006,0.41155234657039713
pure_top_k,0.7,1.0,10,16,0.0,0.0,0.25,0.9969230769230769,1.0,0.0,0.40273638555780056,43.51444430440613,8.36,1.0,0.2,0.1523234681984682,0.07264957264957266,0.09090909090909091
pure_top_k,0.7,1.0,10,17,0.0,0.0,0.28,0.9526192754613807,1.0,0.0,0.5158561897929758,42.30855667299498,16.2,1.0,0.76,0.44152686124583873,0.11358024691358025,0.21578947368421053
pure_top_k,0.7,1.0,10,18,0.6,0.24,0.44,0.9500837064719871,1.0,0.0,0.6311425732541829,43.3268811962188,22.24,0.88,1.0,0.8043558004388651,0.27060931899641577,0.5478424015009381
pure_top_k,0.7,1.0,10,19,0.96,0.96,0.26,0.9965217391304348,0.04,0.0,0.07271906312555071,43.34348976767453,1.88,1.0,0.08,0.08,0.4791666666666667,1.0
pure_top_k,0.7,1.0,10,20,0.64,0.32,0.59,0.9301495405179615,0.9976470588235294,0.0,0.4446169821266085,43.68808449214498,16.24,1.0,0.92,0.596909727562945,0.13480392156862744,0.30548302872062666
pure_top_k,0.7,1.0,10,21,0.1,0.0,0.48,0.9522914724905571,1.0,0.0,0.5678193089272827,43.81210986026794,16.84,1.0,1.0,0.6364969679073031,0.17339667458432304,0.3686868686868687
pure_top_k,0.7,1.0,10,22,0.34,0.0,0.32,0.877891162329918,0.9872788778267906,0.0,1.0642048880830408,43.63239056524722,33.16,0.2,1.0,0.5417676146758673,0.14510278113663846,0.2880299251870324
pure_top_k,0.7,1.0,10,23,0.3,0.0,0.2,1.0,1.0,0.0,0.23339570092037312,43.69501351370023,5.0,1.0,0.52,0.7173956043956043,0.3178294573643411,0.375
pure_top_k,0.7,1.0,10,24,0.0,0.0,0.27,0.9596159735689147,0.9987878787878788,0.0,0.5889979558158666,40.364248839428036,16.84,1.0,0.92,0.7346206818158665,0.3,0.4961038961038961
pure_top_k,0.7,1.0,10,25,0.88,0.76,0.68,1.0,1.0,0.0,0.21363171300850808,39.164735086063835,4.6,1.0,0.56,0.5186150793650794,0.13043478260869565,0.3333333333333333
pure_top_k,0.7,1.0,10,26,0.98,0.96,0.73,0.8919905298504612,0.9847664380707859,0.0,0.9578727632109075,39.71014234297981,22.12,0.4,0.92,0.608229904721395,0.10876132930513595,0.25745682888540034
pure_top_k,0.7,1.0,10,27,0.22,0.04,0.25,1.0,1.0,0.0,0.221919278614223,39.618249747793016,6.24,1.0,0.64,0.727051245351942,0.1858974358974359,0.32061068702290074
pure_top_k,0.7,1.0,10,28,0.0,0.0,0.26,0.8908084429731489,1.0,0.0,0.8716981915570795,39.45487503870377,17.12,0.88,0.56,0.5631883202199508,0.1328976034858388,0.21428571428571427
pure_top_k,0.7,1.0,10,29,0.38,0.0,0.29,0.9499596197210048,1.0,0.0,1.165515114767477,39.600226246961846,31.96,0.2,1.0,0.7528332401427339,0.23891625615763548,0.4701397712833545
pure_top_k,0.7,1.0,10,30,0.14,0.0,0.38,0.9736666666666668,0.9927272727272728,0.0,0.43739558844827114,38.56022916060299,8.8,1.0,0.76,0.47655797467639577,0.18099547511312217,0.29591836734693877
pure_top_k,0.7,1.0,10,31,0.0,0.0,0.0,1.0,0.0,0.0,0.05068754362873728,39.54623412917187,1.0,1.0,0.04,0.0,0.04,
pure_top_k,0.7,1.0,10,32,0.04,0.0,0.56,0.988051282051282,1.0,0.0,0.6351333739608527,38.13414979921415,12.92,0.88,0.88,0.6323328294764112,0.2191358024691358,0.3979933110367893
pure_top_k,0.7,1.0,10,33,0.62,0.24,0.72,0.9662564102564103,1.0,0.0,0.4568513486906886,37.53544727662917,8.72,1.0,0.48,0.33682206002058945,0.13761467889908258,0.19689119170984457
pure_top_k,0.7,1.0,10,34,0.28,0.28,0.43,1.0,0.52,0.0,0.13474582909606392,37.65654367788803,2.84,1.0,0.2,0.682962962962963,0.18309859154929578,0.2391304347826087
pure_top_k,0.7,1.0,10,35,1.0,1.0,0.35,0.9911462450592885,1.0,0.0,0.5196335110440851,38.92034956959248,13.0,1.0,0.28,0.2486324931784886,0.09846153846153846,0.15
pure_top_k,0.7,1.0,10,36,0.68,0.68,0.33,0.9881318681318682,0.9984000000000001,0.0,0.37541209471412,40.1062193666957,12.68,1.0,0.76,0.5268759981213935,0.11180124223602485,0.21212121212121213
pure_top_k,0.7,1.0,10,37,0.5,0.0,0.0,0.9933333333333333,1.0,0.0,0.34113202285021543,38.395060993789414,11.08,1.0,0.12,0.1157142857142857,0.05415162454873646,0.07142857142857142
pure_top_k,0.7,1.0,10,38,0.5,0.0,0.48,0.9977777777777778,1.0,0.0,0.4025125975627452,39.868282762088405,14.0,1.0,0.2,0.18654103122730575,0.09686609686609686,0.12883435582822086
pure_top_k,0.7,1.0,10,39,0.82,0.72,0.32,0.9934899749373435,1.0,0.0,0.3920484383124858,38.473831607942515,11.72,1.0,0.56,0.6151772529871842,0.2593856655290102,0.39925373134328357
pure_top_k,0.7,1.0,10,40,0.62,0.28,0.43,0.9488659434133119,1.0,0.0,0.5504966812022031,39.54618888236402,18.44,1.0,0.92,0.5638625980831496,0.21505376344086022,0.3840909090909091
pure_top_k,0.7,1.0,10,41,1.0,1.0,0.25,1.0,0.0,0.0,0.07421340406872327,38.342341387757415,1.0,1.0,0.08,0.0,0.04,
pure_top_k,0.7,1.0,10,42,0.0,0.0,0.0,1.0,1.0,0.0,0.10393395499326286,38.6536228914467,2.0,1.0,0.04,0.0,0.04,0.04
pure_top_k,0.7,1.0,10,43,0.8,0.6,0.47,0.985018315018315,0.64,0.0,0.4369401498697698,38.661977370229444,9.6,0.96,0.48,0.6686624725459167,0.2768595041322314,0.4470046082949309
pure_top_k,0.7,1.0,10,44,1.0,1.0,0.25,1.0,0.0,0.0,0.06726834889501329,39.27907258268957,1.0,1.0,0.08,0.0,0.04,
pure_top_k,0.7,1.0,10,45,0.68,0.52,0.56,0.8931789717890009,0.99875,0.0,1.0554215535521507,38.925113043086505,34.12,0.6,0.96,0.6398147298370157,0.15242494226327943,0.3234244946492271
pure_top_k,0.7,1.0,10,46,1.0,1.0,0.74,1.0,1.0,0.0,0.4045651226770133,39.42986054349292,13.92,1.0,0.12,0.022063492063492063,0.04310344827586207,0.04643962848297214
pure_top_k,0.7,1.0,10,47,0.56,0.28,0.54,0.8877027993326415,0.9967386759581882,0.001176470588235292,0.9553540285490453,37.29675518335732,29.88,0.8,1.0,0.7297693020023243,0.19626168224299065,0.47651933701657456
pure_top_k,0.7,1.0,10,48,0.48,0.0,0.04,1.0,0.96,0.0,0.19433298178017133,35.29148504182799,2.6,1.0,0.2,0.34301587301587305,0.13846153846153847,0.2
pure_top_k,0.7,1.0,10,49,0.0,0.0,0.0,1.0,0.0,0.0,0.0713238230068236,38.67937036206772,1.0,1.0,0.08,0.0,0.04,
pure_top_k,0.7,1.0,15,0,1.0,1.0,0.68,0.9852323308270676,1.0,0.0,0.4637139672227204,43.334173598015305,16.08,1.0,0.72,0.5077776706783779,0.1485148514851485,0.25857519788918204
pure_top_k,0.7,1.0,15,1,0.06,0.0,0.25,1.0,1.0,0.0,0.2255964888818562,43.601565625092725,7.0,1.0,0.6,0.5604434781764503,0.18285714285714286,0.32666666666666666
pure_top_k,0.7,1.0,15,2,0.54,0.24,0.34,0.9906095238095238,1.0,0.0,0.38089224968105556,43.79814620425637,12.88,1.0,0.88,0.8605878845841531,0.39384615384615385,0.66
pure_top_k,0.7,1.0,15,3,0.06,0.0,0.24,1.0,1.0,0.0,0.20026057690382001,43.54231330672041,6.52,1.0,0.4,0.4749157891223109,0.20245398773006135,0.30434782608695654
pure_top_k,0.7,1.0,15,4,0.0,0.0,0.25,1.0,0.68,0.0,0.08409379264339802,43.75924188828241,1.68,1.0,0.08,0.22666666666666666,0.047619047619047616,0.058823529411764705
pure_top_k,0.7,1.0,15,5,0.0,0.0,0.0,1.0,1.0,0.0,0.06855836585164067,43.75846441238456,2.0,1.0,0.04,0.0,0.04,0.04
pure_top_k,0.7,1.0,15,6,0.56,0.32,0.54,0.9262168055647845,0.9544515133988818,0.0010810810810810761,0.8008029402513057,43.7263916804235,28.64,0.72,1.0,0.6963276501814127,0.18194254445964433,0.4065155807365439
pure_top_k,0.7,1.0,15,7,0.06,0.0,0.49,0.9209186597716009,0.9972413793103447,0.001428571428571428,0.6654024539515376,42.689603093311426,21.12,1.0,0.92,0.6563130008563733,0.16934046345811052,0.39365671641791045
pure_top_k,0.7,1.0,15,8,0.08,0.04,0.07,0.9897933227344993,0.12,0.0,0.1659851526841521,43.81520756468058,4.88,0.92,0.16,0.22788451735921011,0.5203252032520326,0.826530612244898
pure_top_k,0.7,1.0,15,9,0.0,0.0,0.0,1.0,0.0,0.0,0.06586855696514245,43.68294541918899,1.0,1.0,0.08,0.0,0.04,
pure_top_k,0.7,1.0,15,10,1.0,1.0,0.76,0.949871347579668,1.0,0.0,0.7997332231514156,43.612463198369596,29.52,0.96,1.0,0.46353744445809253,0.0975609756097561,0.182328190743338
pure_top_k,0.7,1.0,15,11,0.0,0.0,0.35,0.9729006023814208,0.48,0.0,0.3080059276241809,43.58332140607772,9.48,1.0,0.4,0.5503208190823292,0.136,0.2222222222222222
pure_top_k,0.7,1.0,15,12,0.48,0.24,0.53,0.9798179271708685,0.9976470588235294,0.0,0.56033612055704,43.831380485946575,17.0,1.0,0.84,0.7425129808987286,0.20689655172413793,0.32926829268292684
pure_top_k,0.7,1.0,15,13,0.3,0.0,0.27,0.9942564102564103,0.96,0.0,0.2552089622057974,43.701966965329284,8.44,1.0,0.68,0.7743275357639674,0.24170616113744076,0.3655913978494624
pure_top_k,0.7,1.0,15,14,0.5,0.0,0.0,1.0,0.0,0.0,0.06845498773269351,43.824678745400576,1.0,1.0,0.04,0.0,0.04,
pure_top_k,0.7,1.0,15,15,1.0,1.0,0.37,0.9862121212121212,1.0,0.0,0.31694075198844074,42.78545571685641,9.92,1.0,0.36,0.3918089321235447,0.21774193548387097,0.37668161434977576
pure_top_k,0.7,1.0,15,16,0.0,0.0,0.25,1.0,1.0,0.0,0.3971658362075686,43.8104337234525,8.16,1.0,0.16,0.13816161616161615,0.05240174672489083,0.06372549019607843
pure_top_k,0.7,1.0,15,17,0.0,0.0,0.27,0.9593164496920049,1.0,0.0,0.5056055643782019,43.830575902850256,16.84,1.0,0.72,0.5007796969375065,0.1330166270783848,0.22727272727272727
pure_top_k,0.7,1.0,15,18,0.6,0.28,0.45,0.9560073445384725,0.9987878787878788,0.0,0.6678045632690192,41.873512378470195,22.64,0.88,1.0,0.7602788990495154,0.29422066549912435,0.5879120879120879
pure_top_k,0.7,1.0,15,19,0.96,0.96,0.25,1.0,0.04,0.0,0.07002242112532253,43.17368969521042,1.88,1.0,0.12,0.08,0.5106382978723404,1.0
pure_top_k,0.7,1.0,15,20,0.76,0.52,0.64,0.9184682994525504,0.9971712158808933,0.0,0.4998274688515812,43.78787129452651,18.52,1.0,0.84,0.5577481850330528,0.17456896551724138,0.357630979498861
pure_top_k,0.7,1.0,15,21,0.1,0.0,0.48,0.9568156918291781,1.0,0.0,0.6164542670361698,42.5476812987534,18.32,1.0,1.0,0.6735540759971478,0.18340611353711792,0.3903002309468822
pure_top_k,0.7,1.0,15,22,0.28,0.0,0.3,0.891946104520915,0.9938992869875223,0.0,1.0615493607893587,43.630448981931366,32.28,0.28,1.0,0.5853449795157106,0.1763975155279503,0.34615384615384615
pure_top_k,0.7,1.0,15,23,0.28,0.0,0.26,1.0,1.0,0.0,0.24060016928240657,43.59414977777615,5.04,1.0,0.4,0.6518324845089551,0.2706766917293233,0.3055555555555556
pure_top_k,0.7,1.0,15,24,0.0,0.0,0.27,0.9615887650648987,0.9984000000000001,0.0,0.6564925281517208,39.36784185467762,18.36,1.0,1.0,0.7376483706945809,0.29977628635346754,0.5308056872037915
pure_top_k,0.7,1.0,15,25,0.94,0.88,0.72,1.0,1.0,0.0,0.21166854375042018,39.29887125078399,4.72,1.0,0.56,0.5068611111111111,0.16101694915254236,0.3225806451612903
pure_top_k,0.7,1.0,15,26,0.96,0.96,0.67,0.8989329380577957,0.9757189501708242,0.004799999999999996,0.9226287128869444,39.504793612008825,21.24,0.4,0.84,0.6130223640599313,0.11653543307086614,0.26885245901639343
pure_top_k,0.7,1.0,15,27,0.3,0.04,0.2,1.0,0.96,0.0,0.19151906396262341,39.566499919732166,4.64,1.0,0.52,0.7659219597195603,0.22413793103448276,0.32967032967032966
pure_top_k,0.7,1.0,15,28,0.0,0.0,0.26,0.8911608909379807,0.9976470588235294,0.0,0.8561502039991319,39.41595652230794,17.08,0.92,0.76,0.5862749455489624,0.1400437636761488,0.23842592592592593
pure_top_k,0.7,1.0,15,29,0.42,0.04,0.37,0.9369215639140316,0.9976973684210526,0.0,1.1981331964489073,38.2832679314417,31.6,0.28,1.0,0.7634769422539727,0.22789539227895392,0.4820051413881748
pure_top_k,0.7,1.0,15,30,0.16,0.0,0.36,0.9883333333333334,0.9963636363636365,0.0,0.46035170890390875,38.57767617932998,8.8,1.0,0.8,0.42800370563102763,0.20454545454545456,0.30256410256410254
pure_top_k,0.7,1.0,15,31,0.0,0.0,0.0,1.0,0.0,0.0,0.053993268422782376,38.58561697863075,1.0,1.0,0.08,0.08,0.08,
pure_top_k,0.7,1.0,15,32,0.06,0.0,0.59,0.970591706539075,1.0,0.0,0.6600513892900198,38.660071842931366,13.52,0.92,1.0,0.6751719829123624,0.2869822485207101,0.4792332268370607
pure_top_k,0.7,1.0,15,33,0.68,0.36,0.71,0.9725555555555556,1.0,0.0,0.46779603716917334,38.74118079205622,9.36,1.0,0.6,0.3471333794058252,0.14042553191489363,0.22857142857142856
pure_top_k,0.7,1.0,15,34,0.3,0.28,0.45,1.0,0.44,0.0,0.1427605902869254,37.17102461549724,2.84,1.0,0.2,0.6344444444444445,0.19718309859154928,0.2391304347826087
pure_top_k,0.7,1.0,15,35,1.0,1.0,0.42,0.9857232351566152,1.0,0.0,0.5736150491889567,38.47514175127444,14.68,1.0,0.4,0.3334022640999041,0.11716621253405994,0.19298245614035087
pure_top_k,0.7,1.0,15,36,0.68,0.68,0.33,0.9892564102564103,0.9974193548387098,0.001333333333333332,0.4043092458508909,39.460496941217215,13.24,0.96,0.76,0.5119473399951427,0.14836795252225518,0.2532051282051282
pure_top_k,0.7,1.0,15,37,0.5,0.0,0.02,0.9904761904761904,1.0,0.0,0.3576821312028915,37.978113995739676,11.52,1.0,0.28,0.17216000644522314,0.08650519031141868,0.12878787878787878
pure_top_k,0.7,1.0,15,38,0.52,0.04,0.5,0.9927272727272728,1.0,0.0,0.4150553831085563,37.89572132204833,13.64,1.0,0.24,0.26854024223932693,0.09329446064139942,0.11949685534591195
pure_top_k,0.7,1.0,15,39,0.88,0.8,0.3,0.9973420479302832,1.0,0.0,0.3898525395989418,39.03321029508274,11.76,1.0,0.44,0.5680270571584016,0.2653061224489796,0.4349442379182156
pure_top_k,0.7,1.0,15,40,0.74,0.48,0.49,0.9529720390720391,1.0,0.0,0.6131492792069912,39.574469556308856,21.12,1.0,1.0,0.6471854141138816,0.2,0.39801980198019804
pure_top_k,0.7,1.0,15,41,1.0,1.0,0.25,1.0,0.0,0.0,0.07453702332451934,37.71764958747638,1.0,1.0,0.08,0.0,0.04,
pure_top_k,0.7,1.0,15,42,0.0,0.0,0.0,1.0,1.0,0.0,0.10262613690458235,39.03601631055677,2.0,1.0,0.04,0.0,0.04,0.04
pure_top_k,0.7,1.0,15,43,0.76,0.52,0.47,0.9872195834855683,0.64,0.0,0.4186942242272198,38.42715236727442,8.68,1.0,0.4,0.6345068084465947,0.2981651376146789,0.48704663212435234
pure_top_k,0.7,1.0,15,44,1.0,1.0,0.25,1.0,0.0,0.0,0.062354829013347574,39.201510626824685,1.0,1.0,0.08,0.0,0.04,
pure_top_k,0.7,1.0,15,45,0.42,0.24,0.46,0.8933317407356615,0.9978888888888889,0.0,1.0367935915291309,38.62869821660157,32.52,0.6,1.0,0.7058431876306487,0.18159806295399517,0.4132334581772784
pure_top_k,0.7,1.0,15,46,1.0,1.0,0.73,1.0,1.0,0.0,0.41195091682486235,38.60413643201262,13.76,1.0,0.16,0.05956812468577174,0.04941860465116279,0.05642633228840126
pure_top_k,0.7,1.0,15,47,0.52,0.24,0.51,0.9156994961824552,0.9964410569105692,0.0,0.9449910931102932,35.938353110549635,28.04,0.8,1.0,0.7092511969951971,0.19772403982930298,0.4631268436578171
pure_top_k,0.7,1.0,15,48,0.48,0.0,0.01,1.0,0.96,0.0,0.1480109361838549,37.40913518742354,2.12,1.0,0.16,0.22571428571428573,0.1509433962264151,0.21428571428571427
pure_top_k,0.7,1.0,15,49,0.04,0.04,0.01,1.0,0.0,0.0,0.07482768555171783,38.56237488323119,1.0,1.0,0.12,0.08,0.08,
pure_top_k,0.7,1.0,20,0,1.0,1.0,0.66,0.9820549672549673,1.0,0.0,0.48376191323623063,43.816051323316486,16.88,1.0,0.72,0.5208505595750856,0.1391509433962264,0.24310776942355888
pure_top_k,0.7,1.0,20,1,0.16,0.0,0.25,1.0,1.0,0.0,0.20276865088380874,43.786111002458114,6.36,1.0,0.64,0.5483003385503386,0.1509433962264151,0.27611940298507465
pure_top_k,0.7,1.0,20,2,0.56,0.2,0.34,0.987458506405875,1.0,0.0,0.33139180918224154,43.81557178051443,10.96,1.0,0.96,0.8847238201411731,0.391304347826087,0.6693227091633466
pure_top_k,0.7,1.0,20,3,0.2,0.16,0.3,0.9893073593073594,1.0,0.0,0.2559266912937164,43.72358647546341,8.68,1.0,0.44,0.5044524614033672,0.2764976958525346,0.4427083333333333
pure_top_k,0.7,1.0,20,4,0.0,0.0,0.25,0.995,0.76,0.0,0.0913534843176603,43.78304668310156,2.0,1.0,0.12,0.24,0.14,0.28
pure_top_k,0.7,1.0,20,5,0.0,0.0,0.0,1.0,1.0,0.0,0.0687607324775308,43.63112094216297,2.0,1.0,0.04,0.0,0.04,0.04
pure_top_k,0.7,1.0,20,6,0.42,0.16,0.48,0.9114562281739107,0.9885777039497969,0.0041025641025641,0.805167299695313,43.713297778286304,29.64,0.76,1.0,0.6889712643972856,0.1868279569892473,0.41585535465924894
pure_top_k,0.7,1.0,20,7,0.04,0.0,0.46,0.9575258163831054,1.0,0.0,0.5335407893918455,43.00153419054371,16.52,1.0,0.96,0.657167464722374,0.21315192743764172,0.43028846153846156
pure_top_k,0.7,1.0,20,8,0.04,0.0,0.04,0.9917894736842107,0.08,0.0,0.1206746879406273,43.453304038407616,3.64,1.0,0.12,0.15364583333333334,0.5274725274725275,0.9393939393939394
pure_top_k,0.7,1.0,20,9,0.0,0.0,0.0,1.0,0.0,0.0,0.06831953321583566,43.91167642510422,1.0,1.0,0.04,0.0,0.04,
pure_top_k,0.7,1.0,20,10,1.0,1.0,0.77,0.9469571566794783,1.0,0.0,0.80278868005611,43.55774356195727,29.32,0.96,0.96,0.42510646970134097,0.10504774897680765,0.19915254237288135
pure_top_k,0.7,1.0,20,11,0.0,0.0,0.27,0.9775404788448268,0.32,0.0,0.20494674249552192,43.55961116046491,5.92,1.0,0.24,0.44767716821173,0.1910828025477707,0.29545454545454547
pure_top_k,0.7,1.0,20,12,0.46,0.16,0.49,0.9793682703664556,0.96,0.0,0.5309087020624429,43.92650294857853,17.24,1.0,0.76,0.6284878915181522,0.14087759815242495,0.23774509803921567
pure_top_k,0.7,1.0,20,13,0.36,0.0,0.28,1.0,0.96,0.0,0.23433743932284415,43.58658574667794,7.8,1.0,0.68,0.730535447192164,0.2153846153846154,0.34705882352941175
pure_top_k,0.7,1.0,20,14,0.5,0.0,0.0,1.0,0.0,0.0,0.06763573291711505,43.76500849447867,1.0,1.0,0.08,0.0,0.04,
pure_top_k,0.7,1.0,20,15,0.98,0.96,0.44,0.9786508898508899,1.0,0.0,0.39259769117459653,43.75861162370209,13.12,1.0,0.56,0.5577237609325777,0.20426829268292682,0.35973597359735976
pure_top_k,0.7,1.0,20,16,0.04,0.04,0.32,1.0,0.88,0.0,0.38531530551612375,43.7062110786473,7.16,1.0,0.16,0.2833333333333333,0.07317073170731707,0.06666666666666667
pure_top_k,0.7,1.0,20,17,0.0,0.0,0.29,0.9497874097007224,0.9984615384615384,0.0,0.5322760580480099,42.893188120973925,17.16,1.0,0.8,0.4556943616131889,0.1351981351981352,0.24504950495049505
pure_top_k,0.7,1.0,20,18,0.66,0.44,0.47,0.9578957405302232,0.9586206896551723,0.0,0.6223605036083609,43.779451620338634,21.0,1.0,1.0,0.781045390497339,0.27238805970149255,0.5557729941291585
pure_top_k,0.7,1.0,20,19,0.96,0.96,0.25,1.0,0.04,0.0,0.06402993525378402,43.70437572332541,1.68,1.0,0.08,0.08,0.4523809523809524,1.0
pure_top_k,0.7,1.0,20,20,0.56,0.24,0.56,0.9530039716045908,0.9966826156299841,0.0,0.42653691563755275,43.65780087519559,15.6,1.0,0.76,0.5632743724828699,0.16879795396419436,0.3114754098360656
pure_top_k,0.7,1.0,20,21,0.1,0.0,0.49,0.9506136892945076,1.0,0.0,0.6290755072049796,42.33765197062061,17.8,1.0,1.0,0.6602658239540719,0.19015659955257272,0.3767772511848341
pure_top_k,0.7,1.0,20,22,0.3,0.0,0.28,0.8947677084029206,0.9938112816974296,0.0,1.0717380625661463,43.467649086707894,32.08,0.24,1.0,0.5831229836871766,0.17521902377972465,0.3359173126614987
pure_top_k,0.7,1.0,20,23,0.28,0.0,0.22,0.9897454545454545,1.0,0.0,0.2973234576545656,43.732832360781984,6.92,1.0,0.68,0.801576783781439,0.33695652173913043,0.41509433962264153
pure_top_k,0.7,1.0,20,24,0.0,0.0,0.29,0.969834188034188,1.0,0.0,0.6537315419502556,39.209832706396995,17.84,1.0,1.0,0.7802860897177103,0.3064516129032258,0.5378973105134475
pure_top_k,0.7,1.0,20,25,0.86,0.72,0.68,1.0,1.0,0.0,0.22197238189168267,37.76605906733916,4.64,1.0,0.56,0.44973412698412696,0.1206896551724138,0.2857142857142857
pure_top_k,0.7,1.0,20,26,0.92,0.92,0.73,0.9193388805985507,0.9845528326745719,0.003636363636363636,0.8802847992908209,40.0236757349341,20.4,0.56,0.96,0.6337569182201888,0.12376237623762376,0.2943201376936317
pure_top_k,0.7,1.0,20,27,0.26,0.04,0.24,1.0,1.0,0.0,0.1762127997633069,39.323837289454076,4.56,1.0,0.56,0.6714576146247972,0.24561403508771928,0.39325842696629215
pure_top_k,0.7,1.0,20,28,0.02,0.0,0.26,0.8885389052086478,0.9942857142857143,0.003076923076923072,0.8945815794635564,39.88780872871698,17.4,0.88,0.8,0.6505250879026347,0.16025641025641027,0.2528216704288939
pure_top_k,0.7,1.0,20,29,0.36,0.0,0.35,0.94240098392328,0.9976470588235294,0.0,1.2522409411985427,37.54454948433284,33.96,0.2,1.0,0.7529874735396447,0.220162224797219,0.4701670644391408
pure_top_k,0.7,1.0,20,30,0.14,0.0,0.34,0.981,1.0,0.0,0.4636924547422677,37.7164303436077,8.56,1.0,0.64,0.37490889883536943,0.13551401869158877,0.25396825396825395
pure_top_k,0.7,1.0,20,31,0.04,0.04,0.01,1.0,0.04,0.0,0.053613945050165014,38.31081129168754,1.04,1.0,0.08,0.08,0.11538461538461539,1.0
pure_top_k,0.7,1.0,20,32,0.02,0.0,0.53,0.9812693972693972,1.0,0.0,0.5696693572960794,38.62507181400766,11.6,0.96,0.92,0.6342132889410386,0.2773972602739726,0.4044943820224719
pure_top_k,0.7,1.0,20,33,0.64,0.28,0.72,0.963062049062049,1.0,0.0,0.5018225213047117,38.69170842613571,9.76,1.0,0.64,0.3649100776960684,0.13524590163934427,0.2100456621004566
pure_top_k,0.7,1.0,20,34,0.44,0.44,0.58,1.0,0.52,0.0,0.15950687174685296,38.47522409401684,3.72,1.0,0.16,0.62,0.12903225806451613,0.14705882352941177
pure_top_k,0.7,1.0,20,35,1.0,1.0,0.35,0.9934448160535116,1.0,0.0,0.5148438759148121,39.30212569932819,13.2,1.0,0.32,0.2955332126542271,0.10606060606060606,0.16721311475409836
pure_top_k,0.7,1.0,20,36,0.62,0.6,0.41,0.9742842292842293,0.9930995792426367,0.002666666666666664,0.50298315750435,39.41592615054225,16.0,0.92,0.72,0.5890182426201562,0.17675544794188863,0.31443298969072164
pure_top_k,0.7,1.0,20,37,0.5,0.0,0.01,0.9909803921568627,1.0,0.0,0.34491207930259404,38.79650774971068,11.32,1.0,0.16,0.13906328320802006,0.07042253521126761,0.09266409266409266
pure_top_k,0.7,1.0,20,38,0.52,0.04,0.5,0.9941414141414141,1.0,0.0,0.41232593448832633,38.62012052972836,13.72,1.0,0.28,0.2907238759192124,0.12209302325581395,0.16300940438871472
pure_top_k,0.7,1.0,20,39,0.9,0.8,0.32,1.0,1.0,0.0,0.35594092693179846,39.07757189044457,10.48,1.0,0.52,0.5636304371797592,0.21755725190839695,0.3459915611814346
pure_top_k,0.7,1.0,20,40,0.68,0.36,0.46,0.9462717313086669,0.9987096774193549,0.0,0.5970291099511087,38.73586348794684,20.04,0.96,0.84,0.5995614629653677,0.20874751491053678,0.4100418410041841
pure_top_k,0.7,1.0,20,41,1.0,1.0,0.25,1.0,0.0,0.0,0.07646260613575574,38.77393397882859,1.0,1.0,0.08,0.0,0.04,
pure_top_k,0.7,1.0,20,42,0.0,0.0,0.0,1.0,1.0,0.0,0.10595726130530235,37.978278685560994,2.0,1.0,0.04,0.0,0.04,0.04
pure_top_k,0.7,1.0,20,43,0.8,0.6,0.49,0.9875291375291375,0.68,0.0,0.42116819059476257,38.540429679904406,8.64,0.96,0.4,0.6183856453595801,0.28440366972477066,0.46113989637305697
pure_top_k,0.7,1.0,20,44,1.0,1.0,0.25,1.0,0.0,0.0,0.06583971886895594,39.57336943217417,1.0,1.0,0.08,0.0,0.04,
pure_top_k,0.7,1.0,20,45,0.44,0.24,0.48,0.9050710740470652,0.9989189189189189,0.0,1.0121218207571656,39.15106771367767,32.68,0.72,1.0,0.6703173987362817,0.1588447653429603,0.3610421836228288
pure_top_k,0.7,1.0,20,46,1.0,1.0,0.73,1.0,1.0,0.0,0.41688148403540254,38.53849225946769,13.96,1.0,0.2,0.06219008714596948,0.05157593123209169,0.05864197530864197
pure_top_k,0.7,1.0,20,47,0.54,0.28,0.56,0.9143246046431447,0.9943632478632477,0.0,0.8999823864363133,38.057489583421265,27.88,0.8,0.96,0.7147213199496897,0.20655270655270655,0.45790251107828656
pure_top_k,0.7,1.0,20,48,0.48,0.0,0.02,1.0,1.0,0.0,0.15255004195496435,38.59821600484566,2.32,1.0,0.12,0.11777777777777779,0.1206896551724138,0.21212121212121213
pure_top_k,0.7,1.0,20,49,0.04,0.04,0.01,1.0,0.0,0.0,0.07650966001674528,38.267828474333484,1.0,1.0,0.12,0.08,0.08,
pure_top_k,0.7,1.0,25,0,1.0,1.0,0.66,0.9785783298826776,1.0,0.0,0.48630484711378813,42.81363073681107,16.44,1.0,0.76,0.5784820692875523,0.14148681055155876,0.2780612244897959
pure_top_k,0.7,1.0,25,1,0.06,0.0,0.25,1.0,1.0,0.0,0.21283608715981242,42.82158776860674,6.48,1.0,0.64,0.6015799867343985,0.19753086419753085,0.30656934306569344
pure_top_k,0.7,1.0,25,2,0.6,0.32,0.34,0.9955942028985507,1.0,0.0,0.32147900470532476,43.791364007423255,10.8,1.0,0.88,0.8616332794399587,0.4022140221402214,0.6707317073170732
pure_top_k,0.7,1.0,25,3,0.08,0.04,0.23,0.9912941176470588,1.0,0.0,0.1998829311784357,43.625139640999585,6.48,1.0,0.4,0.47008854186176163,0.2037037037037037,0.31386861313868614
pure_top_k,0.7,1.0,25,4,0.0,0.0,0.25,1.0,0.76,0.0,0.085821692738682,43.80886657828709,1.76,1.0,0.08,0.19,0.045454545454545456,0.05263157894736842
pure_top_k,0.7,1.0,25,5,0.0,0.0,0.0,1.0,1.0,0.0,0.06873809653334316,43.64706577080846,2.0,1.0,0.04,0.0,0.04,0.04
pure_top_k,0.7,1.0,25,6,0.42,0.2,0.5,0.9251510059449973,0.9945799457994581,0.003428571428571428,0.7973477768246084,43.50398789326673,28.56,0.92,1.0,0.6794837815048763,0.17524339360222532,0.38328530259365995
pure_top_k,0.7,1.0,25,7,0.04,0.0,0.46,0.9415916963211082,0.9952564102564102,0.0016,0.5748252943810076,43.841713408949815,18.48,1.0,0.96,0.6433049610266625,0.17959183673469387,0.3741935483870968
pure_top_k,0.7,1.0,25,8,0.1,0.0,0.1,0.9755585041033957,0.2,0.0,0.240345027577132,43.772898045901385,7.72,0.88,0.24,0.3573930141825606,0.44329896907216493,0.7337278106508875
pure_top_k,0.7,1.0,25,9,0.0,0.0,0.0,1.0,0.0,0.0,0.06657220788300033,43.86664522240514,1.0,1.0,0.08,0.0,0.04,
pure_top_k,0.7,1.0,25,10,0.96,0.96,0.74,0.9518212162595368,0.9988235294117647,0.0,0.793846445567906,43.740468242649285,29.16,0.96,1.0,0.49693695338558636,0.12482853223593965,0.2159090909090909
pure_top_k,0.7,1.0,25,11,0.0,0.0,0.35,0.9644579900140541,0.6,0.0,0.34812546531669797,43.75784070126228,10.96,1.0,0.36,0.5537031556685257,0.10309278350515463,0.16165413533834586
pure_top_k,0.7,1.0,25,12,0.42,0.12,0.47,0.9952380952380951,1.0,0.0,0.48478844640776514,43.138972270433484,14.84,1.0,0.72,0.6553957881901005,0.19680851063829788,0.32193732193732194
pure_top_k,0.7,1.0,25,13,0.26,0.0,0.29,0.9834654620741577,0.9969230769230769,0.0,0.2966187069844455,43.68350614522396,10.72,1.0,0.64,0.7299012448591911,0.1828358208955224,0.30864197530864196
pure_top_k,0.7,1.0,25,14,0.5,0.0,0.0,1.0,0.0,0.0,0.06610660270787772,43.590189556873455,1.0,1.0,0.08,0.0,0.04,
pure_top_k,0.7,1.0,25,15,1.0,1.0,0.33,0.9898008658008658,0.998,0.0,0.2941870712488889,43.78039923889865,9.56,1.0,0.32,0.38357076336037543,0.20920502092050208,0.32242990654205606
pure_top_k,0.7,1.0,25,16,0.04,0.04,0.28,1.0,0.96,0.0,0.39404350506141783,43.753643965909795,7.84,1.0,0.28,0.20436480186480185,0.07657657657657657,0.08629441624365482
pure_top_k,0.7,1.0,25,17,0.02,0.0,0.3,0.9483713427954913,1.0,0.0,0.4795991002395749,43.787511441138605,15.8,1.0,0.76,0.4992192021797312,0.16876574307304787,0.2768817204301075
pure_top_k,0.7,1.0,25,18,0.7,0.44,0.49,0.9558045744042876,1.0,0.0,0.6296308786515147,43.76734656057365,22.28,0.92,1.0,0.7939153008905371,0.2597864768683274,0.5325884543761639
pure_top_k,0.7,1.0,25,19,0.96,0.96,0.26,1.0,0.04,0.0,0.0647871141415089,43.82989209585021,1.72,1.0,0.08,0.08,0.46511627906976744,1.0
pure_top_k,0.7,1.0,25,20,0.64,0.32,0.58,0.9512528778949831,0.9952449965493443,0.0,0.44694594195112586,43.007074797302224,16.12,1.0,0.76,0.5729504045893685,0.1608910891089109,0.34564643799472294
pure_top_k,0.7,1.0,25,21,0.08,0.0,0.47,0.9666094646094646,1.0,0.0,0.6165143991541118,42.42618606716502,17.92,1.0,1.0,0.7036254250345211,0.19866071428571427,0.4231678486997636
pure_top_k,0.7,1.0,25,22,0.32,0.0,0.27,0.8869592920837605,0.9938546990643765,0.0,1.0878691079001874,43.4263633037327,32.44,0.2,1.0,0.5711137475078614,0.1597051597051597,0.30798479087452474
pure_top_k,0.7,1.0,25,23,0.3,0.0,0.27,1.0,1.0,0.0,0.2557631239388138,43.67942822623568,5.48,1.0,0.56,0.7226034125910902,0.3586206896551724,0.43333333333333335
pure_top_k,0.7,1.0,25,24,0.0,0.0,0.31,0.9679778463651849,1.0,0.0,0.5488329984713346,41.91208460853659,16.16,1.0,0.88,0.7255871387565982,0.3153846153846154,0.5287671232876713
pure_top_k,0.7,1.0,25,25,0.84,0.68,0.64,1.0,1.0,0.0,0.23094454628415406,39.01971462303605,4.92,1.0,0.68,0.5978090428090428,0.2032520325203252,0.3673469387755102
pure_top_k,0.7,1.0,25,26,0.88,0.88,0.7,0.9115139200668613,0.9798230945256117,0.00222222222222222,0.8513190069142729,39.18903326842142,19.28,0.6,0.88,0.6230871279570832,0.1076388888888889,0.2395644283121597
pure_top_k,0.7,1.0,25,27,0.2,0.08,0.23,1.0,0.88,0.0,0.20204812067560848,39.4825273481131,5.28,1.0,0.56,0.6825299011417432,0.21212121212121213,0.2897196261682243
pure_top_k,0.7,1.0,25,28,0.02,0.0,0.29,0.9294820384294069,1.0,0.0,0.8889593986980617,39.627919697833335,18.76,0.8,0.8,0.6537468237225752,0.15717092337917485,0.2665289256198347
pure_top_k,0.7,1.0,25,29,0.38,0.0,0.34,0.9384533606452572,0.9946499477533959,0.002857142857142856,1.2494844605308026,37.80050457207822,35.16,0.12,1.0,0.7686035682042851,0.21597300337457817,0.48148148148148145
pure_top_k,0.7,1.0,25,30,0.16,0.0,0.34,0.987,1.0,0.0,0.4335652751289308,38.3154522931948,8.68,1.0,0.68,0.40099532898875007,0.18181818181818182,0.28717948717948716
pure_top_k,0.7,1.0,25,31,0.0,0.0,0.0,1.0,0.0,0.0,0.056640311758965216,37.51923690286617,1.0,1.0,0.08,0.15333333333333332,0.08,
pure_top_k,0.7,1.0,25,32,0.0,0.0,0.55,0.9725762725292136,1.0,0.0,0.636117043569684,38.64956976208444,12.88,0.92,0.92,0.5838436543241623,0.2236024844720497,0.3838383838383838
pure_top_k,0.7,1.0,25,33,0.52,0.04,0.73,0.9586161616161616,1.0,0.0,0.45021713259629903,38.122447011302896,8.96,1.0,0.4,0.26543880748880755,0.125,0.1708542713567839
pure_top_k,0.7,1.0,25,34,0.48,0.48,0.61,1.0,0.56,0.0,0.1738901865389198,37.02273709627334,3.96,1.0,0.16,0.6333333333333333,0.12121212121212122,0.13513513513513514
pure_top_k,0.7,1.0,25,35,1.0,1.0,0.37,0.9907894736842106,1.0,0.0,0.5460138936340809,37.76701515228421,13.48,1.0,0.32,0.3049447110444112,0.09792284866468842,0.14423076923076922
pure_top_k,0.7,1.0,25,36,0.52,0.52,0.42,0.98314182194617,0.9974193548387098,0.001333333333333332,0.4514229286555201,39.94321047295223,14.76,0.96,0.68,0.5510257578008763,0.13984168865435356,0.2570621468926554
pure_top_k,0.7,1.0,25,37,0.5,0.0,0.0,0.9933333333333333,1.0,0.0,0.32987067505717277,39.664415026166104,11.08,1.0,0.12,0.10793650793650793,0.05415162454873646,0.07142857142857142
pure_top_k,0.7,1.0,25,38,0.5,0.0,0.49,0.9903636363636363,1.0,0.0,0.42312072264030576,38.192972311836996,14.08,1.0,0.28,0.2617701062916749,0.11581920903954802,0.16717325227963525
pure_top_k,0.7,1.0,25,39,0.76,0.64,0.4,0.9880434782608696,1.0,0.0,0.4675888978783041,38.488722856778175,14.04,1.0,0.64,0.6454055218990611,0.22507122507122507,0.3987730061349693
pure_top_k,0.7,1.0,25,40,0.68,0.36,0.48,0.9555010845174184,1.0,0.0,0.5508132819086313,39.52181064545618,19.08,1.0,0.8,0.5998554687168779,0.1970649895178197,0.35176991150442477
pure_top_k,0.7,1.0,25,41,1.0,1.0,0.25,1.0,0.0,0.0,0.07912202627398068,37.008213524195234,1.0,1.0,0.08,0.0,0.04,
pure_top_k,0.7,1.0,25,42,0.0,0.0,0.0,1.0,1.0,0.0,0.1024433654453605,39.122883253566606,2.0,1.0,0.04,0.0,0.04,0.04
pure_top_k,0.7,1.0,25,43,0.74,0.48,0.4,0.9830981416957026,0.56,0.0,0.4056064707133919,38.52829603253496,8.96,0.96,0.36,0.6357967560421146,0.26991150442477874,0.43283582089552236
pure_top_k,0.7,1.0,25,44,1.0,1.0,0.27,0.9984000000000001,0.04,0.0,0.08717552089132362,38.78927095346748,1.96,1.0,0.12,0.07666666666666666,0.4897959183673469,1.0
pure_top_k,0.7,1.0,25,45,0.72,0.6,0.63,0.9204711303235675,1.0,0.0,0.9842708369903267,39.19210408994903,31.96,0.76,1.0,0.7093224284808074,0.16359163591635917,0.3769035532994924
pure_top_k,0.7,1.0,25,46,1.0,1.0,0.75,1.0,1.0,0.0,0.41475338976830245,38.45890706746676,13.92,1.0,0.16,0.059426470588235296,0.05172413793103448,0.06191950464396285
pure_top_k,0.7,1.0,25,47,0.5,0.24,0.52,0.8833276751656731,0.9932492325077691,0.001,0.9217733702156693,38.405911964519596,29.24,0.84,1.0,0.7262148770409829,0.19508867667121418,0.4759887005649718
pure_top_k,0.7,1.0,25,48,0.5,0.0,0.0,1.0,1.0,0.0,0.12949301278218622,38.96886412622794,2.0,1.0,0.08,0.05333333333333334,0.06,0.08
pure_top_k,0.7,1.0,25,49,0.0,0.0,0.0,1.0,0.0,0.0,0.07476659440435465,37.292303619695446,1.0,1.0,0.08,0.0,0.04,
pure_top_k,0.7,1.0,30,0,1.0,1.0,0.65,0.9766283909327388,1.0,0.0,0.4174467880092561,43.23291928250056,14.24,1.0,0.8,0.6405391044381109,0.13573407202216067,0.2767857142857143
pure_top_k,0.7,1.0,30,1,0.1,0.0,0.25,1.0,1.0,0.0,0.2122934137005359,43.70859809311768,6.56,1.0,0.56,0.5209826377326375,0.13414634146341464,0.2302158273381295
pure_top_k,0.7,1.0,30,2,0.58,0.16,0.32,0.9915917065390749,1.0,0.0,0.3139618589915335,43.81944488514493,10.68,1.0,0.88,0.8691526734332023,0.3880597014925373,0.6296296296296297
pure_top_k,0.7,1.0,30,3,0.04,0.0,0.23,0.995,1.0,0.0,0.20363931103609498,43.79516791084267,6.64,1.0,0.44,0.42374919198448613,0.18072289156626506,0.3049645390070922
pure_top_k,0.7,1.0,30,4,0.0,0.0,0.25,1.0,0.76,0.0,0.08604827290400859,43.69258953022408,1.76,1.0,0.08,0.19,0.045454545454545456,0.05263157894736842
pure_top_k,0.7,1.0,30,5,0.0,0.0,0.0,1.0,1.0,0.0,0.06858938297256822,43.73866174912057,2.0,1.0,0.04,0.0,0.04,0.04
pure_top_k,0.7,1.0,30,6,0.64,0.4,0.58,0.9169230448647153,0.9955720092915215,0.0012903225806451598,0.8533029779791832,43.4020539356793,31.32,0.64,0.92,0.679972372755076,0.17766497461928935,0.40235910878112713
pure_top_k,0.7,1.0,30,7,0.02,0.0,0.45,0.9646020701520702,0.9987096774193549,0.0,0.5851667213253677,43.7227477077232,18.72,1.0,0.88,0.6501588889826072,0.174,0.4063157894736842
pure_top_k,0.7,1.0,30,8,0.0,0.0,0.0,1.0,0.0,0.0,0.04556568990461523,43.89286528521405,1.0,1.0,0.04,0.0,0.04,
pure_top_k,0.7,1.0,30,9,0.0,0.0,0.0,1.0,0.0,0.0,0.06571433586068447,43.82900999173419,1.0,1.0,0.08,0.0,0.04,
pure_top_k,0.7,1.0,30,10,0.98,0.96,0.74,0.9434849622273076,1.0,0.0,0.7773013678845018,43.616091670575955,28.6,0.96,0.88,0.40094150526950406,0.11033519553072625,0.20839363241678727
pure_top_k,0.7,1.0,30,11,0.0,0.0,0.33,0.9757671603758561,0.4,0.0,0.26818605441600085,43.48378800644901,8.08,1.0,0.36,0.5158393883415435,0.1542056074766355,0.2751322751322751
pure_top_k,0.7,1.0,30,12,0.3,0.08,0.49,0.9968815592203897,1.0,0.0,0.49739555932581425,43.739578263153675,15.8,1.0,0.76,0.6430689884996434,0.181360201511335,0.29301075268817206
pure_top_k,0.7,1.0,30,13,0.3,0.0,0.27,1.0,1.0,0.0,0.2531967573612928,43.73436251697578,8.84,1.0,0.64,0.7405678356780793,0.21171171171171171,0.3197969543147208
pure_top_k,0.7,1.0,30,14,0.5,0.0,0.0,1.0,0.0,0.0,0.06888087328523393,43.56491414852544,1.0,1.0,0.04,0.0,0.04,
pure_top_k,0.7,1.0,30,15,1.0,1.0,0.34,0.9934999999999999,1.0,0.0,0.292543908432126,42.57302344031164,9.2,1.0,0.36,0.43832715552658225,0.21304347826086956,0.3170731707317073
pure_top_k,0.7,1.0,30,16,0.0,0.0,0.27,1.0,0.96,0.0,0.3914399329852313,43.73698627274351,7.64,1.0,0.24,0.2325252525252525,0.06944444444444445,0.08376963350785341
pure_top_k,0.7,1.0,30,17,0.0,0.0,0.26,0.9529563841955146,0.9872727272727272,0.011428571428571429,0.5087119937315583,43.71294821728526,16.96,0.96,0.68,0.4264077686227092,0.1425233644859813,0.23325062034739455
pure_top_k,0.7,1.0,30,18,0.6,0.32,0.48,0.9548572335121429,0.9979949874686718,0.0,0.6548611986543983,42.21032965729825,22.76,0.96,1.0,0.7986841875254138,0.2762237762237762,0.5594149908592322
pure_top_k,0.7,1.0,30,19,1.0,1.0,0.25,1.0,0.0,0.0,0.04578949148766691,43.68258166478692,1.0,1.0,0.04,0.0,0.04,
pure_top_k,0.7,1.0,30,20,0.66,0.4,0.64,0.9489360225332766,0.998,0.0,0.4345762042887509,43.826152833595515,15.96,1.0,0.92,0.5622107276852564,0.1825,0.336
pure_top_k,0.7,1.0,30,21,0.06,0.0,0.44,0.9610641081868957,1.0,0.0,0.588821881171316,43.81006921510116,17.64,1.0,1.0,0.6460413408933078,0.17687074829931973,0.3701923076923077
pure_top_k,0.7,1.0,30,22,0.36,0.0,0.29,0.8894292938638422,0.990951404249317,0.0,1.0757270203903317,43.477338386238195,33.0,0.2,0.96,0.5657176731906735,0.17274939172749393,0.32496863237139273
pure_top_k,0.7,1.0,30,23,0.36,0.0,0.19,1.0,1.0,0.0,0.22898257268592714,43.832538244657016,4.92,1.0,0.56,0.7231918767507003,0.296875,0.34951456310679613
pure_top_k,0.7,1.0,30,24,0.0,0.0,0.29,0.9464778355512371,1.0,0.0,0.668165585435927,39.239667944611845,17.36,0.96,0.92,0.7514434513504858,0.3221957040572792,0.5812182741116751
pure_top_k,0.7,1.0,30,25,0.94,0.88,0.72,1.0,1.0,0.0,0.22534060603007666,39.576846469053386,5.04,1.0,0.6,0.41073388648388653,0.1349206349206349,0.2871287128712871
pure_top_k,0.7,1.0,30,26,0.96,0.96,0.77,0.8823715906991236,0.9718894204801252,0.005064935064935063,1.0430006954818964,39.92388984694587,23.36,0.4,1.0,0.5543834640506006,0.09803921568627451,0.2220609579100145
pure_top_k,0.7,1.0,30,27,0.26,0.04,0.23,0.9971428571428572,1.0,0.0,0.19055076678283508,39.70167397176514,5.08,1.0,0.68,0.7491617103656577,0.2265625,0.3786407766990291
pure_top_k,0.7,1.0,30,28,0.0,0.0,0.25,0.90309292839943,0.9977777777777778,0.0,0.827825858509168,39.62934636424992,15.68,0.96,0.56,0.5889701977835621,0.13114754098360656,0.2263681592039801
pure_top_k,0.7,1.0,30,29,0.36,0.0,0.31,0.9488242203966014,0.9988235294117647,0.0,1.22441232140176,38.74448283572209,33.08,0.08,1.0,0.7453015936825163,0.22143698468786807,0.4720873786407767
pure_top_k,0.7,1.0,30,30,0.12,0.0,0.35,0.9824747474747475,0.9952941176470589,0.0,0.4670708047691733,39.32630967115944,9.36,1.0,0.64,0.43221815874881564,0.21008403361344538,0.3427230046948357
pure_top_k,0.7,1.0,30,31,0.0,0.0,0.0,1.0,0.0,0.0,0.052280514594167424,38.432864918042476,1.0,1.0,0.04,0.0,0.04,
pure_top_k,0.7,1.0,30,32,0.06,0.04,0.53,0.9580801451042937,0.995,0.002666666666666664,0.5959618662111461,39.11225744101304,11.92,0.92,0.96,0.6385415697117948,0.27424749163879597,0.40875912408759124
pure_top_k,0.7,1.0,30,33,0.68,0.36,0.72,0.9628080808080809,1.0,0.0,0.5067134755104781,38.12522050749055,10.08,1.0,0.6,0.38252412896854393,0.1746031746031746,0.28634361233480177
pure_top_k,0.7,1.0,30,34,0.36,0.36,0.52,1.0,0.48,0.0,0.1491254884935915,38.275108255743525,3.28,1.0,0.16,0.6396296296296297,0.14634146341463414,0.17543859649122806
pure_top_k,0.7,1.0,30,35,1.0,1.0,0.37,0.9877498093058733,1.0,0.0,0.5310548278689384,39.15990948364765,13.56,1.0,0.32,0.28361788587335807,0.10324483775811209,0.17834394904458598
pure_top_k,0.7,1.0,30,36,0.68,0.68,0.41,0.9807793819084142,0.9949193548387097,0.002623655913978492,0.5117531310208142,38.34004114163217,15.92,0.92,0.68,0.5513050440494286,0.16341463414634147,0.3038961038961039
pure_top_k,0.7,1.0,30,37,0.5,0.0,0.0,0.99,1.0,0.0,0.3318874699063599,39.56121735272837,11.12,1.0,0.12,0.11650793650793649,0.0539568345323741,0.07114624505928854
pure_top_k,0.7,1.0,30,38,0.5,0.0,0.5,0.990909090909091,1.0,0.0,0.414500079555437,39.60694571047621,14.28,1.0,0.24,0.2918819134427445,0.13128491620111732,0.18018018018018017
pure_top_k,0.7,1.0,30,39,0.94,0.88,0.3,0.998,1.0,0.0,0.33527957151643933,39.345032488893004,9.96,1.0,0.4,0.47685243172257025,0.24497991967871485,0.38839285714285715
pure_top_k,0.7,1.0,30,40,0.66,0.32,0.43,0.9451544558192986,1.0,0.0,0.5906528589688241,39.50763005134244,20.36,0.88,0.84,0.5810073261564458,0.2054794520547945,0.38271604938271603
pure_top_k,0.7,1.0,30,41,1.0,1.0,0.25,1.0,0.0,0.0,0.07423420032486314,37.8085050494475,1.0,1.0,0.08,0.0,0.04,
pure_top_k,0.7,1.0,30,42,0.0,0.0,0.0,1.0,1.0,0.0,0.10153489792719479,39.44342759047867,2.0,1.0,0.04,0.0,0.04,0.04
pure_top_k,0.7,1.0,30,43,0.86,0.72,0.54,0.9922171945701358,0.7175,0.0,0.3944694757927209,38.905753554078,7.8,1.0,0.36,0.5569205151879872,0.19796954314720813,0.29069767441860467
pure_top_k,0.7,1.0,30,44,1.0,1.0,0.25,1.0,0.0,0.0,0.06407927895896132,39.357176919871044,1.0,1.0,0.08,0.0,0.04,
pure_top_k,0.7,1.0,30,45,0.4,0.2,0.44,0.9243993922613862,1.0,0.0,0.9412973270192743,39.035387443362104,29.48,0.72,1.0,0.6249173894920926,0.13502673796791445,0.28492392807745504
pure_top_k,0.7,1.0,30,46,1.0,1.0,0.75,1.0,1.0,0.0,0.4089572458714247,39.07107475421309,13.96,1.0,0.16,0.07751461988304094,0.054441260744985676,0.06172839506172839
pure_top_k,0.7,1.0,30,47,0.64,0.52,0.62,0.9133805342290995,0.9853956427638567,0.002828784119106696,0.9730145841930061,37.28215389888799,28.0,0.8,1.0,0.6969256995597723,0.19718309859154928,0.4364963503649635
pure_top_k,0.7,1.0,30,48,0.48,0.0,0.03,1.0,0.96,0.0,0.1673798221629113,37.45965534005156,2.44,1.0,0.2,0.25023809523809526,0.14754098360655737,0.2222222222222222
pure_top_k,0.7,1.0,30,49,0.0,0.0,0.0,1.0,0.0,0.0,0.07579121530987319,39.104829494922846,1.0,1.0,0.08,0.0,0.04,
pure_top_k,1.0,1.0,10,0,1.0,1.0,0.7,0.9612767671523224,1.0,0.0,0.45927782248705623,43.586177979067386,16.0,1.0,1.0,0.695217231462593,0.1707920792079208,0.3403693931398417
pure_top_k,1.0,1.0,10,1,0.3,0.0,0.23,0.9913636363636364,1.0,0.0,0.21724894872866568,43.641749754577056,6.64,1.0,0.84,0.6965497358964852,0.24096385542168675,0.48936170212765956
pure_top_k,1.0,1.0,10,2,0.58,0.32,0.37,0.9764608023555392,0.9971428571428572,0.0,0.32916418825276195,43.31912546265761,11.04,1.0,0.96,0.9181595931629973,0.4673913043478261,0.8047808764940239
pure_top_k,1.0,1.0,10,3,0.28,0.2,0.28,0.9865062388591801,1.0,0.0,0.26249233657494186,43.738396652921665,8.84,1.0,0.68,0.6546776513373824,0.2927927927927928,0.5583756345177665
pure_top_k,1.0,1.0,10,4,0.0,0.0,0.24,1.0,0.68,0.0,0.08398774160072203,43.81539903173131,1.68,1.0,0.12,0.2783333333333333,0.07142857142857142,0.058823529411764705
pure_top_k,1.0,1.0,10,5,0.02,0.0,0.01,1.0,1.0,0.0,0.08134317749179897,43.75777110978401,2.48,1.0,0.08,0.06857142857142857,0.22580645161290322,0.35135135135135137
pure_top_k,1.0,1.0,10,6,0.38,0.24,0.45,0.9322205532090702,0.9109189189189189,0.00292682926829268,0.6326582711189985,43.770739997231395,23.68,0.88,0.92,0.7348973641417805,0.21212121212121213,0.4270650263620387
pure_top_k,1.0,1.0,10,7,0.08,0.04,0.45,0.9328691380308782,1.0,0.0,0.5996525064017624,43.52678676618293,19.24,1.0,1.0,0.7359469828315287,0.23865877712031558,0.5601659751037344
pure_top_k,1.0,1.0,10,8,0.1,0.08,0.08,0.9963636363636365,0.1180952380952381,0.0,0.11503191151656207,43.85620765552071,3.32,1.0,0.16,0.22797816878462043,0.5357142857142857,0.8135593220338984
pure_top_k,1.0,1.0,10,9,0.0,0.0,0.0,1.0,0.0,0.0,0.06288409044034775,43.885508109427086,1.0,1.0,0.08,0.0,0.04,
pure_top_k,1.0,1.0,10,10,1.0,1.0,0.75,0.9353308760469206,0.9977352472089314,0.0,0.9047320724651218,43.77692843081549,32.48,0.88,1.0,0.5376176835806467,0.13675213675213677,0.29093198992443325
pure_top_k,1.0,1.0,10,11,0.0,0.0,0.31,0.9817312156442591,0.28,0.0,0.20194636641070243,43.7838473524693,5.76,1.0,0.28,0.41609088710537995,0.19736842105263158,0.33070866141732286
pure_top_k,1.0,1.0,10,12,0.36,0.08,0.52,0.9868704944178629,1.0,0.0,0.5714321750681848,43.39607947114958,16.28,0.96,0.96,0.7352832558542924,0.2642857142857143,0.41265822784810124
pure_top_k,1.0,1.0,10,13,0.26,0.0,0.28,0.9949230769230769,1.0,0.0,0.27727197390049696,43.71468352441102,9.72,1.0,0.64,0.7218642012376022,0.24279835390946503,0.39908256880733944
pure_top_k,1.0,1.0,10,14,0.5,0.0,0.0,1.0,0.0,0.0,0.0639429937303066,43.79510362953911,1.0,1.0,0.08,0.0,0.04,
pure_top_k,1.0,1.0,10,15,0.94,0.88,0.45,0.9692431239388795,1.0,0.0,0.453876697672531,41.853160742649735,14.04,1.0,0.56,0.5867372780633985,0.23295454545454544,0.42201834862385323
pure_top_k,1.0,1.0,10,16,0.02,0.0,0.29,0.9966666666666666,0.92,0.0,0.3913106282055378,43.75158627702018,7.72,1.0,0.32,0.3576770868020868,0.11981566820276497,0.15104166666666666
pure_top_k,1.0,1.0,10,17,0.0,0.0,0.32,0.9682313221245782,1.0,0.0,0.46978046019561587,43.64277458696737,14.72,1.0,0.92,0.5077259400941875,0.18478260869565216,0.34110787172011664
pure_top_k,1.0,1.0,10,18,0.68,0.36,0.46,0.9536109595149322,1.0,0.0,0.5634878629352897,43.61674037027458,18.08,0.96,0.88,0.8461401656441232,0.35560344827586204,0.6309794988610479
pure_top_k,1.0,1.0,10,19,0.74,0.72,0.31,0.986564396865688,0.23800000000000002,0.001025641025641024,0.22846834310330444,43.57264363854272,7.36,0.96,0.36,0.52303861020777,0.3783783783783784,0.6375
pure_top_k,1.0,1.0,10,20,0.78,0.64,0.68,0.9589486417192405,0.9928571428571428,0.005925925925925925,0.447922239061445,43.58832184963872,16.36,1.0,0.92,0.6771414553861664,0.2,0.4077922077922078
pure_top_k,1.0,1.0,10,21,0.1,0.0,0.47,0.9517663512957631,1.0,0.0,0.6039273145422339,43.55229577876885,18.12,1.0,1.0,0.6797166166524388,0.18722466960352424,0.43123543123543123
pure_top_k,1.0,1.0,10,22,0.42,0.0,0.26,0.9059387870670557,0.9940592686071813,0.0,1.0685745454672724,43.75576374729872,31.92,0.16,1.0,0.6047309047869366,0.1855541718555417,0.36246786632390743
pure_top_k,1.0,1.0,10,23,0.26,0.0,0.16,0.9952,1.0,0.0,0.24906167477369304,43.83475352312349,5.56,1.0,0.88,0.8947123579797077,0.4726027397260274,0.5950413223140496
pure_top_k,1.0,1.0,10,24,0.02,0.0,0.28,0.9663950835352566,1.0,0.0,0.5146570706740021,39.93043710780472,12.84,0.96,0.84,0.7454811762231963,0.35962145110410093,0.5753424657534246
pure_top_k,1.0,1.0,10,25,0.86,0.72,0.67,1.0,1.0,0.0,0.2386468071956187,38.08696804207112,5.0,1.0,0.8,0.6280726310726311,0.192,0.45
pure_top_k,1.0,1.0,10,26,0.94,0.92,0.71,0.909420510153462,0.9751712040918857,0.003076923076923072,0.8636865212395787,40.005363189382734,20.32,0.52,0.96,0.6502125096785059,0.1323283082077052,0.3374125874125874
pure_top_k,1.0,1.0,10,27,0.22,0.04,0.22,1.0,1.0,0.0,0.20429186852648853,39.90366945107824,5.6,1.0,0.88,0.77889525488558,0.20714285714285716,0.3826086956521739
pure_top_k,1.0,1.0,10,28,0.0,0.0,0.26,0.9144502875735613,0.9946666666666667,0.002857142857142856,0.912814922677353,38.071482217102556,17.68,0.92,0.96,0.693241408498532,0.1831578947368421,0.33111111111111113
pure_top_k,1.0,1.0,10,29,0.36,0.0,0.37,0.9460464909942017,0.9990243902439024,0.0,1.2022296553477645,38.040935251727475,33.2,0.16,1.0,0.7971289482882931,0.262782401902497,0.5502450980392157
pure_top_k,1.0,1.0,10,30,0.2,0.0,0.4,0.9733873185637891,0.988923076923077,0.0,0.5508735350519419,37.713844232654935,10.04,1.0,1.0,0.6035473847250499,0.28125,0.4199134199134199
pure_top_k,1.0,1.0,10,31,0.0,0.0,0.0,1.0,0.04,0.0,0.06253619006834919,34.457711803075235,1.04,1.0,0.08,0.08,0.11538461538461539,1.0
pure_top_k,1.0,1.0,10,32,0.06,0.0,0.56,0.9764729344729345,1.0,0.0,0.6209824996627867,38.10821155003487,12.56,0.96,1.0,0.683529613510517,0.25396825396825395,0.47586206896551725
pure_top_k,1.0,1.0,10,33,0.7,0.4,0.72,0.9595873015873017,1.0,0.0,0.4449558222759515,38.53960560783896,8.76,1.0,0.72,0.4384234907249614,0.136986301369863,0.23195876288659795
pure_top_k,1.0,1.0,10,34,0.34,0.32,0.42,1.0,0.6,0.0,0.17343132597394284,38.71658065723836,3.92,1.0,0.32,0.7502885632885633,0.336734693877551,0.4383561643835616
pure_top_k,1.0,1.0,10,35,1.0,1.0,0.47,0.982266033336715,1.0,0.0,0.5995461262390017,38.744532030348196,16.12,1.0,0.56,0.46103230088663866,0.141439205955335,0.24603174603174602
pure_top_k,1.0,1.0,10,36,0.56,0.56,0.41,0.984185185185185,1.0,0.0,0.49346597003750503,39.001219027453516,15.24,0.92,0.96,0.6277929887642941,0.18227848101265823,0.3837837837837838
pure_top_k,1.0,1.0,10,37,0.5,0.0,0.0,0.9806493506493507,1.0,0.0,0.3405670256447047,38.96295535433159,11.24,1.0,0.36,0.2672655021993257,0.09252669039145907,0.13671875
pure_top_k,1.0,1.0,10,38,0.54,0.08,0.52,0.9891883116883116,1.0,0.0,0.41461623821407556,39.8391423377814,14.16,1.0,0.48,0.47122071261448695,0.16022099447513813,0.2522255192878338
pure_top_k,1.0,1.0,10,39,0.84,0.76,0.34,0.9915897435897435,1.0,0.0,0.4239230477903038,39.08615774597541,12.92,1.0,0.6,0.6791976751105676,0.28615384615384615,0.4666666666666667
pure_top_k,1.0,1.0,10,40,0.68,0.36,0.44,0.9743563881423014,1.0,0.0,0.6126625053584576,38.1674810218189,20.0,0.96,1.0,0.6987991780044367,0.2729083665338645,0.5241090146750524
pure_top_k,1.0,1.0,10,41,1.0,1.0,0.26,1.0,0.12,0.0,0.09391061585396525,39.09273918384953,1.8,1.0,0.2,0.19139743589743588,0.28888888888888886,0.8
pure_top_k,1.0,1.0,10,42,0.0,0.0,0.0,1.0,1.0,0.0,0.1064661360532045,38.19515101756676,2.0,1.0,0.08,0.05333333333333334,0.06,0.08
pure_top_k,1.0,1.0,10,43,0.78,0.56,0.49,0.9804008501819719,0.679047619047619,0.0,0.43139481691643594,38.992276489127995,9.28,0.92,0.56,0.6804884150263458,0.27467811158798283,0.46634615384615385
pure_top_k,1.0,1.0,10,44,1.0,1.0,0.27,0.9975757575757576,0.04,0.0,0.09498814915306862,39.09802109736387,2.28,1.0,0.12,0.07741935483870968,0.543859649122807,1.0
pure_top_k,1.0,1.0,10,45,0.46,0.2,0.46,0.9075804262073051,0.9989473684210526,0.0,1.054360919650644,38.765687729084355,33.4,0.52,0.96,0.7043973881277614,0.1893491124260355,0.4329268292682927
pure_top_k,1.0,1.0,10,46,1.0,1.0,0.73,1.0,1.0,0.0,0.41900088081136344,38.83610340425204,14.04,1.0,0.36,0.1833873761830418,0.07627118644067797,0.0972644376899696
pure_top_k,1.0,1.0,10,47,0.62,0.36,0.53,0.9224833073813627,0.9958815592203897,0.0,0.8243730571772904,36.45032309598935,24.32,0.96,1.0,0.8122223508025089,0.27941176470588236,0.6337308347529813
pure_top_k,1.0,1.0,10,48,0.46,0.0,0.04,1.0,1.0,0.0,0.17737674544565377,38.55864593702265,2.64,1.0,0.2,0.30841269841269847,0.13636363636363635,0.21951219512195122
pure_top_k,1.0,1.0,10,49,0.04,0.04,0.01,1.0,0.0,0.0,0.07370261162519451,37.31295008580797,1.0,1.0,0.12,0.08,0.08,
pure_top_k,1.0,1.0,15,0,0.98,0.96,0.71,0.9667892604979561,1.0,0.0,0.47005296557210385,42.93447631721398,15.96,1.0,1.0,0.6749987468960088,0.15517241379310345,0.35958005249343833
pure_top_k,1.0,1.0,15,1,0.24,0.04,0.26,0.9911111111111112,1.0,0.0,0.25743586982600386,43.79707172141274,8.0,0.96,0.88,0.7472039978704066,0.33,0.56
pure_top_k,1.0,1.0,15,2,0.56,0.2,0.34,0.9942564102564103,1.0,0.0,0.31419478822499514,43.787592643878476,10.64,1.0,1.0,0.8983667651509551,0.42857142857142855,0.7136929460580913
pure_top_k,1.0,1.0,15,3,0.36,0.2,0.21,0.9710186562663344,1.0,0.0,0.304138921815902,43.782923647567685,10.2,1.0,0.92,0.7857338405387431,0.30078125,0.5974025974025974
pure_top_k,1.0,1.0,15,4,0.0,0.0,0.25,1.0,0.8,0.0,0.08727014606818553,43.57887031505873,1.8,1.0,0.08,0.16666666666666666,0.044444444444444446,0.05
pure_top_k,1.0,1.0,15,5,0.02,0.0,0.02,1.0,1.0,0.0,0.09410407346673307,43.77781647413088,2.92,1.0,0.12,0.1319586296056884,0.2328767123287671,0.375
pure_top_k,1.0,1.0,15,6,0.38,0.24,0.46,0.918804702485671,0.9102553843959492,0.00345248474280732,0.6932919733412564,42.238059710734554,24.44,0.84,0.92,0.7242005797401322,0.22439024390243903,0.47796610169491527
pure_top_k,1.0,1.0,15,7,0.08,0.0,0.44,0.928629192928587,0.9975,0.0012903225806451598,0.6436192251276225,43.7574193405799,21.48,0.96,1.0,0.7175544398628562,0.20811287477954143,0.511070110701107
pure_top_k,1.0,1.0,15,8,0.12,0.08,0.09,0.9893928571428572,0.16,0.0,0.1626444370951503,43.73101469369717,4.88,0.96,0.2,0.296664462854939,0.5528455284552846,0.8673469387755102
pure_top_k,1.0,1.0,15,9,0.0,0.0,0.0,1.0,0.0,0.0,0.06498845663852985,43.684453369473104,1.0,1.0,0.08,0.0,0.04,
pure_top_k,1.0,1.0,15,10,0.96,0.92,0.71,0.950493609914921,0.9988888888888888,0.0,0.7581499282643199,43.76688530594295,25.48,0.96,1.0,0.63309632632347,0.1728395061728395,0.32423756019261635
pure_top_k,1.0,1.0,15,11,0.0,0.0,0.26,0.9882283458853917,0.24,0.0,0.18799442958086726,43.65730021349122,5.24,1.0,0.28,0.38142527444586943,0.2949640287769784,0.45614035087719296
pure_top_k,1.0,1.0,15,12,0.34,0.16,0.5,0.9769556133294524,1.0,0.0,0.559800620470196,43.63143855304257,17.04,1.0,0.96,0.7833193325412633,0.23787528868360278,0.41421568627450983
pure_top_k,1.0,1.0,15,13,0.3,0.0,0.26,0.9916017316017317,0.96,0.0,0.2787219720240682,43.76167281086698,9.12,1.0,0.76,0.7927967989629657,0.29385964912280704,0.46798029556650245
pure_top_k,1.0,1.0,15,14,0.5,0.0,0.0,1.0,0.0,0.0,0.06611110286787147,43.02483248295064,1.0,1.0,0.08,0.0,0.04,
pure_top_k,1.0,1.0,15,15,1.0,1.0,0.41,0.9811282051282052,1.0,0.0,0.37675786509178577,43.66380190414723,12.04,1.0,0.44,0.48698809477626537,0.20132013201320131,0.35251798561151076
pure_top_k,1.0,1.0,15,16,0.0,0.0,0.31,1.0,0.88,0.0,0.3867125449795276,43.65897528054642,7.44,1.0,0.36,0.4086544403309109,0.11428571428571428,0.13513513513513514
pure_top_k,1.0,1.0,15,17,0.0,0.0,0.3,0.979405415713196,1.0,0.0,0.45292043303139506,43.82234077208279,14.48,1.0,0.8,0.4571576296967466,0.13259668508287292,0.2522255192878338
pure_top_k,1.0,1.0,15,18,0.54,0.12,0.39,0.9624590643274854,0.96,0.0,0.5745384225621819,43.22128688921376,17.52,0.88,0.96,0.8610518996153246,0.36807095343680707,0.6995305164319249
pure_top_k,1.0,1.0,15,19,0.92,0.92,0.27,1.0,0.08,0.0,0.08673769638873634,43.78071112312793,2.56,1.0,0.12,0.15405797101449276,0.375,0.6410256410256411
pure_top_k,1.0,1.0,15,20,0.6,0.32,0.61,0.922791485443438,0.9941785714285715,0.0,0.4704591982625425,43.64287103560409,17.28,1.0,0.96,0.6096014812654971,0.17782909930715934,0.38480392156862747
pure_top_k,1.0,1.0,15,21,0.1,0.0,0.45,0.9620865123942925,1.0,0.0,0.6081855104863644,43.54988452568673,18.12,1.0,1.0,0.6881000321613956,0.19383259911894274,0.4289044289044289
pure_top_k,1.0,1.0,15,22,0.32,0.0,0.29,0.9044503449773736,0.9938325315766917,0.0,1.0694280123617501,43.800583061126325,31.72,0.24,1.0,0.6413972956138771,0.2,0.3987096774193548
pure_top_k,1.0,1.0,15,23,0.22,0.0,0.2,1.0,1.0,0.0,0.25052748422138393,43.66876049348479,5.28,1.0,0.64,0.8658313581842995,0.4117647058823529,0.46846846846846846
pure_top_k,1.0,1.0,15,24,0.0,0.0,0.29,0.9577848067848067,0.9946783625730994,0.00222222222222222,0.583285457668826,37.09154962751756,14.4,0.96,1.0,0.7524070472963214,0.40509915014164305,0.6524390243902439
pure_top_k,1.0,1.0,15,25,0.88,0.76,0.7,1.0,1.0,0.0,0.2024777729809284,39.51511854412391,4.4,1.0,0.68,0.5475529100529101,0.14545454545454545,0.35294117647058826
pure_top_k,1.0,1.0,15,26,0.92,0.92,0.71,0.9032476137003793,0.9814001990346817,0.006520146520146521,0.9022726079262793,39.80507132987552,21.52,0.48,0.96,0.6702640729404269,0.130298273155416,0.3333333333333333
pure_top_k,1.0,1.0,15,27,0.28,0.0,0.19,1.0,0.96,0.0,0.1949906354770064,39.17309131674011,4.92,1.0,0.8,0.7701122183916301,0.21951219512195122,0.40816326530612246
pure_top_k,1.0,1.0,15,28,0.0,0.0,0.25,0.9255736850468774,0.9876190476190477,0.005934065934065928,0.8200505494140089,39.34073432925373,17.12,0.84,0.96,0.7440013324685381,0.24008810572687225,0.38461538461538464
pure_top_k,1.0,1.0,15,29,0.48,0.12,0.36,0.946997855400015,0.9986666666666667,0.0,1.1864265191555023,37.30234537368303,32.4,0.32,1.0,0.8019444749237082,0.298159509202454,0.6240506329113924
pure_top_k,1.0,1.0,15,30,0.18,0.0,0.36,0.9914285714285714,0.9938461538461538,0.0033333333333333322,0.4800372042693198,38.77597582973305,9.76,1.0,0.92,0.5428231765915842,0.2693877551020408,0.40454545454545454
pure_top_k,1.0,1.0,15,31,0.04,0.04,0.01,1.0,0.08,0.0,0.05447854995727534,39.061778684340446,1.08,1.0,0.16,0.2288888888888889,0.18518518518518517,1.0
pure_top_k,1.0,1.0,15,32,0.08,0.0,0.58,0.9728004977478661,1.0,0.0,0.6011098367162049,38.823960865377714,12.24,1.0,1.0,0.7182829421322701,0.28431372549019607,0.46619217081850534
pure_top_k,1.0,1.0,15,33,0.72,0.44,0.71,0.9605396825396825,1.0,0.0,0.49961994984187186,38.72934448435811,10.16,1.0,0.76,0.4900365530685779,0.21484375,0.31601731601731603
pure_top_k,1.0,1.0,15,34,0.44,0.44,0.49,1.0,0.6,0.0,0.18455252572894096,38.716221409441545,4.52,1.0,0.4,0.7694390409785147,0.2920353982300885,0.3522727272727273
pure_top_k,1.0,1.0,15,35,1.0,1.0,0.5,0.9738054583098061,1.0,0.0,0.6153601073101163,38.47914116163585,16.32,1.0,0.56,0.46269830147005003,0.13725490196078433,0.2297650130548303
pure_top_k,1.0,1.0,15,36,0.78,0.76,0.42,0.9656547294011143,0.9849607843137256,0.007763508275187903,0.6185993637982756,39.171220791778886,18.24,0.72,0.8,0.6157110028725933,0.15145228215767634,0.26914660831509846
pure_top_k,1.0,1.0,15,37,0.5,0.0,0.01,0.9816297428062134,1.0,0.0,0.34086947813630103,39.124280675270626,11.28,1.0,0.36,0.24913928364663657,0.08833922261484099,0.14728682170542637
pure_top_k,1.0,1.0,15,38,0.54,0.08,0.5,0.9859714795008913,1.0,0.0,0.41275882167741657,39.75608882035374,14.2,1.0,0.52,0.5154753471141847,0.21910112359550563,0.3293051359516616
pure_top_k,1.0,1.0,15,39,0.84,0.76,0.4,0.9958288770053477,1.0,0.0,0.4243810571171343,38.56096382060685,12.68,1.0,0.8,0.7383984112654493,0.29337539432176657,0.541095890410959
pure_top_k,1.0,1.0,15,40,0.68,0.36,0.52,0.9382139998939266,0.9968475452196381,0.0011428571428571401,0.7407123904023319,39.595152970031286,25.28,0.88,1.0,0.7439117241460264,0.2807570977917981,0.5648604269293924
pure_top_k,1.0,1.0,15,41,1.0,1.0,0.26,1.0,0.08,0.0,0.09122776391915974,38.4393202873409,1.56,1.0,0.16,0.1335944055944056,0.325,1.0
pure_top_k,1.0,1.0,15,42,0.0,0.0,0.0,1.0,1.0,0.0,0.10053511314094063,39.44845109137561,2.0,1.0,0.04,0.0,0.04,0.04
pure_top_k,1.0,1.0,15,43,0.74,0.48,0.37,0.9835103785103786,0.52,0.0,0.3403371397498995,39.26216816313973,6.6,1.0,0.44,0.6018401010517905,0.27710843373493976,0.46099290780141844
pure_top_k,1.0,1.0,15,44,1.0,1.0,0.25,1.0,0.0,0.0,0.06935057023540135,37.579827762309236,1.0,1.0,0.08,0.0,0.04,
pure_top_k,1.0,1.0,15,45,0.52,0.32,0.44,0.9073182706470402,0.9969230769230769,0.001052631578947364,1.0615615810919552,39.06262761210491,31.92,0.48,1.0,0.760280199041715,0.22926829268292684,0.5094339622641509
pure_top_k,1.0,1.0,15,46,1.0,1.0,0.75,1.0,1.0,0.0,0.42175384050235154,38.78755981505873,14.04,1.0,0.28,0.10571327419856828,0.06267806267806268,0.0736196319018405
pure_top_k,1.0,1.0,15,47,0.54,0.24,0.53,0.9287406564500137,0.9977777777777778,0.0011428571428571401,0.9054620376694947,38.353616850731825,25.04,0.76,1.0,0.8181026042021344,0.27230046948356806,0.5846905537459284
pure_top_k,1.0,1.0,15,48,0.4,0.0,0.07,1.0,1.0,0.0,0.21784856741316613,37.85749058497647,3.2,1.0,0.24,0.3881481481481482,0.1375,0.2
pure_top_k,1.0,1.0,15,49,0.0,0.0,0.0,1.0,0.0,0.0,0.07628475499339399,37.895026416451344,1.0,1.0,0.08,0.0,0.04,
pure_top_k,1.0,1.0,20,0,0.96,0.92,0.69,0.9779842601842603,1.0,0.0,0.5127363228797912,43.70679642255531,17.96,0.96,1.0,0.6605046202943052,0.19162995594713655,0.38461538461538464
pure_top_k,1.0,1.0,20,1,0.16,0.0,0.25,1.0,1.0,0.0,0.24002134363166985,43.16338162485076,7.32,1.0,0.76,0.661068552808465,0.273224043715847,0.4873417721518987
pure_top_k,1.0,1.0,20,2,0.52,0.16,0.29,0.9805507708665604,1.0,0.0,0.3521242499910295,43.749326295397296,11.76,0.96,1.0,0.9473745462901919,0.5050847457627119,0.8555555555555555
pure_top_k,1.0,1.0,20,3,0.3,0.12,0.23,0.9689006200770908,0.9965217391304347,0.0,0.36538249273784457,43.791930556275666,11.52,0.96,0.88,0.7861458334956594,0.2905405405405405,0.5682656826568265
pure_top_k,1.0,1.0,20,4,0.0,0.0,0.25,1.0,0.68,0.0,0.08212170581333336,43.84028223305791,1.68,1.0,0.12,0.22666666666666666,0.047619047619047616,0.058823529411764705
pure_top_k,1.0,1.0,20,5,0.0,0.0,0.0,1.0,1.0,0.0,0.0694743263814598,43.757285521417124,2.0,1.0,0.04,0.0,0.04,0.04
pure_top_k,1.0,1.0,20,6,0.34,0.24,0.47,0.9551786223463017,0.838974358974359,0.0,0.6192573320772499,43.209589569717444,21.92,0.92,0.84,0.7501951692088703,0.2159709618874773,0.46577946768060835
pure_top_k,1.0,1.0,20,7,0.02,0.0,0.48,0.9557032288184091,1.0,0.0,0.6105184454284608,43.53572179705355,20.08,1.0,1.0,0.6905775812960158,0.22117202268431002,0.5317460317460317
pure_top_k,1.0,1.0,20,8,0.24,0.2,0.19,0.9795469396503879,0.28,0.0,0.2675075344275683,43.78887101214462,8.76,0.88,0.32,0.46956856962067484,0.38288288288288286,0.649746192893401
pure_top_k,1.0,1.0,20,9,0.0,0.0,0.0,1.0,0.0,0.0,0.06383810743689533,43.860651539085694,1.0,1.0,0.08,0.0,0.04,
pure_top_k,1.0,1.0,20,10,0.94,0.92,0.74,0.9297528400651607,0.9970731707317073,0.0,0.8449824626650662,43.52253920292732,30.24,0.88,1.0,0.5397314060661408,0.13306982872200263,0.2847411444141689
pure_top_k,1.0,1.0,20,11,0.0,0.0,0.31,0.9797141420670833,0.36,0.0,0.22521549860946835,43.66895522192561,6.56,1.0,0.36,0.4771642348816935,0.14450867052023122,0.25
pure_top_k,1.0,1.0,20,12,0.44,0.12,0.53,0.9824951192598251,0.95875,0.0,0.6027134677767754,43.03360401908262,17.68,0.96,0.96,0.7501959157733044,0.22818791946308725,0.4099526066350711
pure_top_k,1.0,1.0,20,13,0.28,0.0,0.28,0.9848550724637681,0.9963636363636365,0.0,0.262616615369916,43.58587404696771,9.0,1.0,0.72,0.7663634882340744,0.24,0.395
pure_top_k,1.0,1.0,20,14,0.5,0.0,0.0,1.0,0.0,0.0,0.0640503267012536,43.72020997159618,1.0,1.0,0.08,0.0,0.04,
pure_top_k,1.0,1.0,20,15,1.0,1.0,0.45,0.9759651619872517,1.0,0.0,0.44734326091594995,43.0442731426133,14.48,1.0,0.6,0.6208389058750923,0.22099447513812154,0.42136498516320475
pure_top_k,1.0,1.0,20,16,0.04,0.04,0.27,1.0,1.0,0.0,0.3938360727392137,43.67632618928064,8.0,1.0,0.32,0.21994676810117986,0.08,0.1
pure_top_k,1.0,1.0,20,17,0.0,0.0,0.31,0.9741980377200461,1.0,0.0,0.48619388171471656,43.523216577865995,14.64,0.96,0.84,0.5083463331849679,0.17027027027027028,0.2811594202898551
pure_top_k,1.0,1.0,20,18,0.72,0.44,0.48,0.930669090395345,0.9589473684210525,0.0,0.6853840733878315,43.092464748189414,22.84,0.88,0.92,0.8072988195638637,0.29896907216494845,0.6283662477558348
pure_top_k,1.0,1.0,20,19,1.0,1.0,0.25,1.0,0.0,0.0,0.04648649595677849,43.88188608632401,1.0,1.0,0.08,0.0,0.04,
pure_top_k,1.0,1.0,20,20,0.52,0.28,0.6,0.9303668730478328,0.9946072336265885,0.0,0.49577254181727765,43.83748251881145,18.48,1.0,0.96,0.6783104077420925,0.22462203023758098,0.4589041095890411
pure_top_k,1.0,1.0,20,21,0.14,0.0,0.43,0.9690626780626781,1.0,0.0,0.5277145274914801,43.74445086824155,14.76,1.0,1.0,0.6584930653237117,0.20485175202156333,0.4479768786127168
pure_top_k,1.0,1.0,20,22,0.3,0.0,0.26,0.9009264992159741,0.9898277630374405,0.00125,1.0563084356021135,43.49078215418458,30.8,0.36,1.0,0.6564936387590964,0.22093023255813954,0.4259012016021362
pure_top_k,1.0,1.0,20,23,0.22,0.0,0.15,1.0,0.96,0.0,0.22551786812022329,43.592531323057486,4.68,1.0,0.8,0.8801440403278639,0.45901639344262296,0.5773195876288659
pure_top_k,1.0,1.0,20,24,0.06,0.0,0.25,0.9611016206016205,1.0,0.0,0.5624264348484576,39.78255232537722,15.08,1.0,0.96,0.8193888791523758,0.37669376693766937,0.6424418604651163
pure_top_k,1.0,1.0,20,25,0.72,0.44,0.59,0.995,1.0,0.0,0.21583805846050383,39.46911850563847,4.72,1.0,0.8,0.6368431938431939,0.1864406779661017,0.5053763440860215
pure_top_k,1.0,1.0,20,26,1.0,1.0,0.65,0.9157023530747669,0.9844287802374758,0.00348484848484848,0.8646811588667334,39.138625329304816,19.84,0.44,0.92,0.643025758607575,0.12690355329949238,0.31095406360424027
pure_top_k,1.0,1.0,20,27,0.32,0.04,0.16,1.0,0.92,0.0,0.18369752099737524,39.53723608831802,4.6,1.0,0.76,0.8413617929627992,0.2608695652173913,0.4666666666666667
pure_top_k,1.0,1.0,20,28,0.02,0.0,0.26,0.9087761213694278,0.9946666666666667,0.002857142857142856,0.8888806158769875,39.61702199759196,18.16,0.92,0.92,0.706074589262289,0.24074074074074073,0.3796095444685466
pure_top_k,1.0,1.0,20,29,0.3,0.0,0.3,0.9621432657332772,0.9974193548387098,0.0,1.1803892199601977,39.75367665404217,32.24,0.2,1.0,0.7493244111573235,0.2438423645320197,0.5120711562897078
pure_top_k,1.0,1.0,20,30,0.12,0.0,0.36,0.9856666666666666,0.9971428571428572,0.0,0.49798508956097065,38.61299967259081,9.72,1.0,0.96,0.5494454973517431,0.27049180327868855,0.4246575342465753
pure_top_k,1.0,1.0,20,31,0.04,0.04,0.01,1.0,0.08,0.0,0.05724348076619204,37.19683443524797,1.08,1.0,0.16,0.2288888888888889,0.18518518518518517,1.0
pure_top_k,1.0,1.0,20,32,0.14,0.08,0.54,0.9857294010337487,1.0,0.0,0.5662971988040953,38.874886212420066,11.84,1.0,1.0,0.7119611899081142,0.27946127946127947,0.48161764705882354
pure_top_k,1.0,1.0,20,33,0.72,0.44,0.71,0.9482693972693973,1.0,0.0,0.46969731562770906,38.26432685600892,9.04,1.0,0.72,0.44265390822627665,0.12831858407079647,0.208955223880597
pure_top_k,1.0,1.0,20,34,0.32,0.32,0.48,1.0,0.52,0.0,0.15251836931332943,38.35511538150637,3.4,1.0,0.24,0.6936182336182336,0.24705882352941178,0.3
pure_top_k,1.0,1.0,20,35,1.0,1.0,0.46,0.9714254412254413,0.9970833333333334,0.0,0.5861487944796682,39.20713876630291,15.72,1.0,0.52,0.43861842426009123,0.12213740458015267,0.21195652173913043
pure_top_k,1.0,1.0,20,36,0.56,0.52,0.41,0.9667424690759157,0.9910915032679739,0.002591431556948792,0.52692033004947,40.00316819570214,16.08,0.88,0.96,0.644145146581419,0.17370892018779344,0.3690773067331671
pure_top_k,1.0,1.0,20,37,0.5,0.0,0.01,0.9745454545454544,1.0,0.0,0.34959259057417513,39.464910203644365,11.68,1.0,0.2,0.22746751494119916,0.07191780821917808,0.10861423220973783
pure_top_k,1.0,1.0,20,38,0.58,0.16,0.54,0.9930555555555556,1.0,0.0,0.41202151178382335,38.90167984792787,13.8,1.0,0.48,0.4508895813568955,0.17002881844380405,0.2670807453416149
pure_top_k,1.0,1.0,20,39,0.82,0.72,0.34,0.9970833333333334,1.0,0.0,0.4111402864009142,39.04053956908218,12.48,1.0,0.68,0.6549595096405395,0.26282051282051283,0.4425087108013937
pure_top_k,1.0,1.0,20,40,0.68,0.36,0.49,0.961968360327103,1.0,0.0,0.643627809965983,39.91417754226736,20.72,0.92,0.96,0.734259504154807,0.27566539923954375,0.5588822355289421
pure_top_k,1.0,1.0,20,41,1.0,1.0,0.25,1.0,0.08,0.0,0.08657841279171404,39.75898940691572,1.48,1.0,0.16,0.1319057239057239,0.2894736842105263,1.0
pure_top_k,1.0,1.0,20,42,0.0,0.0,0.0,1.0,1.0,0.0,0.10511227910406884,38.26756457295245,2.0,1.0,0.04,0.0,0.04,0.04
pure_top_k,1.0,1.0,20,43,0.84,0.68,0.5,0.9880512820512821,0.64,0.0,0.4439526929799467,39.40755332066701,9.6,0.96,0.52,0.6878346195518962,0.26141078838174275,0.4212962962962963
pure_top_k,1.0,1.0,20,44,1.0,1.0,0.29,0.9906666666666666,0.16,0.0,0.12409465905278917,38.48015682416324,2.96,1.0,0.2,0.26707324827614687,0.3783783783783784,0.7346938775510204
pure_top_k,1.0,1.0,20,45,0.52,0.28,0.47,0.8992151774809929,0.9990000000000001,0.0,1.065904923789203,38.95423717745959,32.8,0.48,1.0,0.7135398173195413,0.1937799043062201,0.44143033292231815
pure_top_k,1.0,1.0,20,46,1.0,1.0,0.75,1.0,1.0,0.0,0.4163443771004677,38.88405468624578,14.0,1.0,0.32,0.13703179517421005,0.06285714285714286,0.08307692307692308
pure_top_k,1.0,1.0,20,47,0.46,0.12,0.44,0.928168680171156,0.9937300179495301,0.0,0.8272067364770919,38.72200208858736,23.84,0.8,1.0,0.8264666590514418,0.30971993410214166,0.6769759450171822
pure_top_k,1.0,1.0,20,48,0.42,0.0,0.06,1.0,1.0,0.0,0.21636592193506657,36.18407719202233,3.24,1.0,0.24,0.3294954212454213,0.18518518518518517,0.30357142857142855
pure_top_k,1.0,1.0,20,49,0.12,0.12,0.03,1.0,0.0,0.0,0.07459549877792593,37.717376509582905,1.0,1.0,0.12,0.22,0.08,
pure_top_k,1.0,1.0,25,0,0.98,0.96,0.68,0.9696296674340154,1.0,0.0,0.4798631913494319,43.85003021852273,16.88,1.0,0.88,0.6332046586328247,0.1592505854800937,0.3333333333333333
pure_top_k,1.0,1.0,25,1,0.16,0.0,0.25,1.0,1.0,0.0,0.21367891682311893,43.800944011388395,6.64,1.0,0.88,0.668426271584789,0.23493975903614459,0.4397163120567376
pure_top_k,1.0,1.0,25,2,0.58,0.28,0.33,0.9888471177944862,1.0,0.0,0.30031533278524875,43.816669749113146,10.0,1.0,1.0,0.9311570010882747,0.47035573122529645,0.7982456140350878
pure_top_k,1.0,1.0,25,3,0.34,0.24,0.29,0.9858425689116226,0.9987878787878788,0.0,0.3256326860189438,43.84239686622577,9.56,1.0,0.84,0.7604998191438165,0.35080645161290325,0.6322869955156951
pure_top_k,1.0,1.0,25,4,0.0,0.0,0.25,1.0,0.68,0.0,0.08404659969732162,43.78783107294199,1.68,1.0,0.08,0.22666666666666666,0.047619047619047616,0.058823529411764705
pure_top_k,1.0,1.0,25,5,0.0,0.0,0.0,1.0,1.0,0.0,0.06938777571544047,43.81264857263191,2.0,1.0,0.04,0.0,0.04,0.04
pure_top_k,1.0,1.0,25,6,0.2,0.08,0.37,0.9502636603921715,0.8780720092915214,0.0,0.5293066387996077,43.687758654804135,19.44,0.84,0.8,0.7242072099007187,0.2653061224489796,0.5010752688172043
pure_top_k,1.0,1.0,25,7,0.02,0.0,0.45,0.9329498379274006,0.9971428571428572,0.00148148148148148,0.6036011836864055,43.68335755959446,20.36,1.0,1.0,0.7405517244372974,0.23308270676691728,0.5581854043392505
pure_top_k,1.0,1.0,25,8,0.2,0.16,0.16,0.9749991950656138,0.24,0.0,0.28068543538451196,43.68322544223033,8.92,0.88,0.28,0.41847013062092525,0.4888888888888889,0.815
pure_top_k,1.0,1.0,25,9,0.0,0.0,0.0,1.0,0.0,0.0,0.0639964966010302,43.77113266208246,1.0,1.0,0.08,0.0,0.04,
pure_top_k,1.0,1.0,25,10,1.0,1.0,0.76,0.9448844259174561,1.0,0.0,0.8541917882673442,43.28647739991822,31.28,0.84,1.0,0.5029546675259613,0.125,0.2608695652173913
pure_top_k,1.0,1.0,25,11,0.0,0.0,0.27,0.9822327147135331,0.28,0.0,0.19138625495135783,43.416014985590735,5.32,1.0,0.24,0.4102195632999039,0.18439716312056736,0.3103448275862069
pure_top_k,1.0,1.0,25,12,0.44,0.28,0.48,0.9724398866265875,0.9525,0.005333333333333332,0.549759984863922,43.79479486929117,14.4,0.96,0.96,0.8437221160297766,0.3046875,0.47075208913649025
pure_top_k,1.0,1.0,25,13,0.28,0.0,0.33,0.9789689608636977,0.9977777777777778,0.0,0.310791623853147,43.13848057991371,10.68,1.0,0.84,0.7645626402218276,0.23703703703703705,0.46938775510204084
pure_top_k,1.0,1.0,25,14,0.5,0.0,0.0,1.0,0.0,0.0,0.06390593702904876,43.80388567912531,1.0,1.0,0.08,0.0,0.04,
pure_top_k,1.0,1.0,25,15,0.98,0.96,0.5,0.9754846061942836,1.0,0.0,0.49486250860616565,43.21200481668613,15.76,1.0,0.68,0.6502034864678109,0.25316455696202533,0.4648648648648649
pure_top_k,1.0,1.0,25,16,0.02,0.0,0.25,1.0,1.0,0.0,0.3965740889124572,42.96520391969983,8.0,1.0,0.28,0.23678030303030304,0.08482142857142858,0.10552763819095477
pure_top_k,1.0,1.0,25,17,0.0,0.0,0.29,0.9794282245177385,1.0,0.0,0.44364404416643083,43.8170412653059,14.24,1.0,0.76,0.508335259595345,0.1792717086834734,0.31626506024096385
pure_top_k,1.0,1.0,25,18,0.7,0.44,0.39,0.9577186592834523,0.997,0.0,0.5148866748902947,42.99528674904599,17.64,0.92,0.88,0.7870269855260336,0.31767337807606266,0.590047393364929
pure_top_k,1.0,1.0,25,19,0.96,0.96,0.26,1.0,0.04,0.0,0.06832877059467132,43.89003551560832,1.8,1.0,0.12,0.08,0.4888888888888889,1.0
pure_top_k,1.0,1.0,25,20,0.62,0.32,0.6,0.946990632601533,0.9971428571428572,0.0,0.43983931472525,43.78354674774969,16.4,1.0,0.92,0.6213071288538523,0.19951338199513383,0.37823834196891193
pure_top_k,1.0,1.0,25,21,0.12,0.0,0.47,0.9613795346455193,1.0,0.0,0.6112581026088446,43.302063946126516,17.64,1.0,1.0,0.6844120029375133,0.18834080717488788,0.4085510688836104
pure_top_k,1.0,1.0,25,22,0.28,0.0,0.29,0.9091433944031172,0.9926450216450217,0.0,1.0386917657591404,43.38397083276736,30.84,0.32,1.0,0.6677736354379549,0.2204928664072633,0.43029490616621985
pure_top_k,1.0,1.0,25,23,0.14,0.0,0.29,0.9813888888888889,0.9969705469845722,0.0,0.3340440095309168,43.719337279929675,8.08,1.0,0.88,0.8814701958516199,0.39069767441860465,0.5421052631578948
pure_top_k,1.0,1.0,25,24,0.0,0.0,0.27,0.9575510931097887,1.0,0.0,0.5298885638359934,43.30068311531402,15.28,1.0,0.96,0.769965485388626,0.3670212765957447,0.6353276353276354
pure_top_k,1.0,1.0,25,25,0.76,0.52,0.61,1.0,1.0,0.0,0.21629732368513943,39.228334706301474,4.68,1.0,0.72,0.6298439153439154,0.1794871794871795,0.43478260869565216
pure_top_k,1.0,1.0,25,26,0.88,0.88,0.69,0.9042352865251182,0.9812515862947647,0.00348484848484848,0.8092652374133468,39.994289524447765,20.12,0.64,0.88,0.6548854710545919,0.1245674740484429,0.30198915009041594
pure_top_k,1.0,1.0,25,27,0.28,0.04,0.23,1.0,0.88,0.0,0.20762796981260173,39.58954728214873,5.44,1.0,0.88,0.8322489434370239,0.25735294117647056,0.5135135135135135
pure_top_k,1.0,1.0,25,28,0.02,0.0,0.27,0.9107856980318954,0.9930434782608696,0.003636363636363636,0.9624799535796046,39.61211581264699,21.12,0.72,1.0,0.7147139663150618,0.1889483065953654,0.35261194029850745
pure_top_k,1.0,1.0,25,29,0.34,0.0,0.28,0.937760880932856,0.9901851851851851,0.004405797101449268,1.195464294971898,37.846585676215895,30.88,0.28,1.0,0.8113433398401849,0.28426395939086296,0.583224115334207
pure_top_k,1.0,1.0,25,30,0.22,0.0,0.37,1.0,1.0,0.0,0.4714421845600009,38.94078339063048,9.12,1.0,0.96,0.5789929737425296,0.25217391304347825,0.3951219512195122
pure_top_k,1.0,1.0,25,31,0.0,0.0,0.0,1.0,0.0,0.0,0.0566206656955182,37.48275719434115,1.0,1.0,0.08,0.15333333333333332,0.08,
pure_top_k,1.0,1.0,25,32,0.18,0.08,0.6,0.9749523809523809,1.0,0.0,0.6537449411395937,38.270992724145344,13.12,0.96,1.0,0.7111664345021799,0.26586102719033233,0.48366013071895425
pure_top_k,1.0,1.0,25,33,0.64,0.28,0.72,0.9440717820191504,1.0,0.0,0.5317651805281639,38.814061895603416,10.16,1.0,0.76,0.4653013591442384,0.2,0.3
pure_top_k,1.0,1.0,25,34,0.34,0.32,0.39,1.0,0.44,0.0,0.1497747269365936,39.32496647928301,3.08,1.0,0.32,0.6841111111111111,0.2692307692307692,0.33962264150943394
pure_top_k,1.0,1.0,25,35,1.0,1.0,0.62,0.971979050858954,1.0,0.0,0.6615803393442183,39.47752241730308,18.84,1.0,0.8,0.4948796274571841,0.12738853503184713,0.2062780269058296
pure_top_k,1.0,1.0,25,36,0.68,0.68,0.37,0.984410138248848,0.9945747126436782,0.002807881773399012,0.47104056351818147,39.39149652087769,14.72,0.92,0.8,0.5837459049205392,0.17060367454068243,0.3258426966292135
pure_top_k,1.0,1.0,25,37,0.5,0.0,0.01,0.9881666666666667,1.0,0.0,0.33717499578371646,39.34207150077495,11.2,1.0,0.28,0.25589146816288755,0.1103202846975089,0.15625
pure_top_k,1.0,1.0,25,38,0.5,0.0,0.45,0.9903743315508022,1.0,0.0,0.41608517174609005,38.350059095852295,13.76,1.0,0.6,0.5241798629663357,0.2219020172910663,0.33540372670807456
pure_top_k,1.0,1.0,25,39,0.82,0.68,0.36,0.9894527636614593,1.0,0.0,0.4262793610896915,39.05452678206072,12.92,1.0,0.56,0.6305997079893382,0.25308641975308643,0.4682274247491639
pure_top_k,1.0,1.0,25,40,0.62,0.24,0.4,0.9584778749395118,1.0,0.0,0.6265331855695695,39.13974877136363,20.44,0.92,0.96,0.7192328813234358,0.2926356589147287,0.560081466395112
pure_top_k,1.0,1.0,25,41,1.0,1.0,0.25,1.0,0.0,0.0,0.07028004824183876,37.88069551243732,1.0,1.0,0.08,0.0,0.04,
pure_top_k,1.0,1.0,25,42,0.0,0.0,0.0,1.0,1.0,0.0,0.1046701188664883,38.283965550639216,2.0,1.0,0.04,0.0,0.04,0.04
pure_top_k,1.0,1.0,25,43,0.78,0.56,0.41,0.9883311229000884,0.56,0.0,0.3774826435185969,38.8005080155919,7.88,1.0,0.48,0.6703836831123361,0.34673366834170855,0.5747126436781609
pure_top_k,1.0,1.0,25,44,1.0,1.0,0.27,0.9969230769230769,0.08,0.0,0.10425516310147938,38.22966632061586,2.52,1.0,0.16,0.1462626984126984,0.3968253968253968,0.7368421052631579
pure_top_k,1.0,1.0,25,45,0.44,0.28,0.44,0.8906743508346148,0.9975714285714287,0.0,1.0954389537498355,39.222443494346855,32.6,0.44,1.0,0.714329968995877,0.19951923076923078,0.41511771995043373
pure_top_k,1.0,1.0,25,46,1.0,1.0,0.73,1.0,1.0,0.0,0.41985159618780016,38.631234565691926,13.88,1.0,0.36,0.16496305904278036,0.06051873198847262,0.07763975155279502
pure_top_k,1.0,1.0,25,47,0.5,0.04,0.43,0.9429685101451508,1.0,0.0,0.7745899854786694,36.98785124977032,21.4,0.92,1.0,0.8240508627168023,0.30514705882352944,0.6705202312138728
pure_top_k,1.0,1.0,25,48,0.5,0.0,0.02,1.0,0.96,0.0,0.16557472520507868,36.47123194541884,2.32,1.0,0.2,0.27666666666666667,0.1896551724137931,0.24242424242424243
pure_top_k,1.0,1.0,25,49,0.04,0.04,0.01,1.0,0.0,0.0,0.07204335408285256,38.950324186003506,1.0,1.0,0.12,0.08,0.08,
pure_top_k,1.0,1.0,30,0,0.96,0.92,0.69,0.9683115265106111,1.0,0.0,0.5312191135063767,42.50655449625972,17.76,0.96,1.0,0.6478634358423363,0.16777041942604856,0.338785046728972
pure_top_k,1.0,1.0,30,1,0.14,0.0,0.23,0.9969230769230769,1.0,0.0,0.2219721955806017,42.87603417841561,6.92,1.0,0.88,0.6745684117367553,0.21965317919075145,0.44594594594594594
pure_top_k,1.0,1.0,30,2,0.68,0.4,0.39,0.9745533007297713,0.9984615384615384,0.0,0.3790677316766232,43.78374693933283,13.24,1.0,1.0,0.9227370036627938,0.4251497005988024,0.7411003236245954
pure_top_k,1.0,1.0,30,3,0.16,0.04,0.16,0.9952941176470589,1.0,0.0,0.20445737785659726,43.018056028136655,6.32,1.0,0.52,0.6290894582713469,0.2088607594936709,0.3533834586466165
pure_top_k,1.0,1.0,30,4,0.0,0.0,0.25,0.995,0.68,0.0,0.08858425544574854,43.79129106651319,1.92,1.0,0.16,0.2742857142857143,0.14583333333333334,0.30434782608695654
pure_top_k,1.0,1.0,30,5,0.0,0.0,0.0,1.0,1.0,0.0,0.06854076330550012,43.769672576736546,2.0,1.0,0.04,0.0,0.04,0.04
pure_top_k,1.0,1.0,30,6,0.46,0.28,0.44,0.9349129829801529,0.9559899749373435,0.0,0.6563558711018413,42.94928851559976,23.2,0.84,0.92,0.7464990905354347,0.22657580919931858,0.4608540925266904
pure_top_k,1.0,1.0,30,7,0.02,0.0,0.44,0.949522049245752,1.0,0.0,0.590595330838114,43.75087543668684,19.52,1.0,1.0,0.7362229947786164,0.25193798449612403,0.5560081466395111
pure_top_k,1.0,1.0,30,8,0.14,0.12,0.11,0.9906595033167043,0.16,0.0,0.18926745571196077,43.662704223787706,5.72,0.92,0.2,0.2947834034605542,0.4482758620689655,0.7416666666666667
pure_top_k,1.0,1.0,30,9,0.0,0.0,0.02,1.0,0.04,0.0,0.08881469186395402,43.633834842838176,1.76,1.0,0.12,0.07578947368421053,0.4222222222222222,1.0
pure_top_k,1.0,1.0,30,10,0.96,0.92,0.71,0.931656776421568,0.9975958188153311,0.0,0.8219201142340898,43.0916088178612,29.68,0.88,1.0,0.6270711947513795,0.15591397849462366,0.3157162726008345
pure_top_k,1.0,1.0,30,11,0.0,0.0,0.31,0.9708338720103427,0.48,0.0,0.265176646579057,43.41583598466909,8.08,1.0,0.36,0.5384464246461824,0.12149532710280374,0.20105820105820105
pure_top_k,1.0,1.0,30,12,0.4,0.16,0.5,0.988888939740656,0.9178947368421052,0.0,0.5433261256664992,42.3674778388297,14.4,1.0,1.0,0.8139593866603501,0.300531914893617,0.4415954415954416
pure_top_k,1.0,1.0,30,13,0.34,0.0,0.31,0.9930756302521009,1.0,0.0,0.2840938386134803,43.47723682537323,9.88,1.0,0.76,0.7783609750643262,0.242914979757085,0.44144144144144143
pure_top_k,1.0,1.0,30,14,0.5,0.0,0.0,1.0,0.0,0.0,0.06712019167840476,43.52539712730732,1.0,1.0,0.08,0.0,0.04,
pure_top_k,1.0,1.0,30,15,0.98,0.96,0.5,0.963681434185782,0.9984615384615384,0.0,0.4557786983437836,42.95256328523351,14.8,1.0,0.76,0.6717455679954599,0.22371967654986524,0.4421965317919075
pure_top_k,1.0,1.0,30,16,0.22,0.2,0.39,1.0,0.96,0.0,0.4012762641813606,43.75824852967255,8.0,1.0,0.48,0.46338709322726357,0.13656387665198239,0.18316831683168316
pure_top_k,1.0,1.0,30,17,0.0,0.0,0.27,0.9847841826789195,1.0,0.0,0.41446364083327353,43.81402419287825,13.56,1.0,0.76,0.44891601786487684,0.168141592920354,0.2802547770700637
pure_top_k,1.0,1.0,30,18,0.6,0.2,0.45,0.9583050640416494,0.84,0.0,0.725967015735805,43.54854950420493,17.52,0.8,1.0,0.8858872208611395,0.40376569037656906,0.7152317880794702
pure_top_k,1.0,1.0,30,19,0.92,0.92,0.25,0.9976470588235294,0.04,0.0,0.06288105800747867,43.893690395955076,1.64,1.0,0.16,0.15645833333333334,0.4146341463414634,1.0
pure_top_k,1.0,1.0,30,20,0.58,0.36,0.61,0.9277019840806747,0.9969999999999999,0.0,0.4906136367842555,43.777384132784825,18.04,0.96,0.88,0.6257526272630306,0.22958057395143489,0.42757009345794394
pure_top_k,1.0,1.0,30,21,0.12,0.0,0.44,0.964886494516835,1.0,0.0,0.6413199636340141,43.58541353047064,18.64,0.96,1.0,0.741811899675383,0.226215644820296,0.49776785714285715
pure_top_k,1.0,1.0,30,22,0.26,0.0,0.27,0.888314685991716,0.9910936345819549,0.0,1.0743291066493839,43.68303146352459,31.92,0.16,1.0,0.6437535961262336,0.20398009950248755,0.40821566110397944
pure_top_k,1.0,1.0,30,23,0.2,0.0,0.15,0.9977777777777778,0.96,0.0,0.3147431400232017,42.83890158791359,6.04,0.96,1.0,0.9149788568106135,0.5093167701863354,0.6397058823529411
pure_top_k,1.0,1.0,30,24,0.0,0.0,0.32,0.9440184405400518,0.9987878787878788,0.0,0.6197259894479066,40.92275617130979,18.08,0.92,0.92,0.7613757185101544,0.31221719457013575,0.5683453237410072
pure_top_k,1.0,1.0,30,25,0.8,0.6,0.65,1.0,1.0,0.0,0.22659168091602616,39.15082919211826,4.88,1.0,0.68,0.6699923687423688,0.21311475409836064,0.41237113402061853
pure_top_k,1.0,1.0,30,26,0.92,0.92,0.72,0.9248013141392452,0.9902592415635894,0.0016,0.8131953936722129,39.80980317950962,19.08,0.56,0.92,0.6733239409905439,0.1510791366906475,0.35969868173258
pure_top_k,1.0,1.0,30,27,0.38,0.12,0.22,1.0,0.8,0.0,0.19125607034191489,39.53814360496332,5.2,1.0,0.8,0.8468093600013105,0.23846153846153847,0.44761904761904764
pure_top_k,1.0,1.0,30,28,0.0,0.0,0.25,0.8936418800041518,0.9971428571428572,0.0,0.8443422475550324,39.1415011975718,17.2,0.88,0.92,0.6645415401586214,0.16043956043956045,0.29069767441860467
pure_top_k,1.0,1.0,30,29,0.42,0.0,0.31,0.9526474534874353,0.96,0.0,1.205899666287005,38.08078618749072,33.04,0.24,1.0,0.8098402283104071,0.27995255041518385,0.5819070904645477
pure_top_k,1.0,1.0,30,30,0.16,0.0,0.35,0.98,0.9927272727272728,0.0,0.5123831654898823,38.68117622897762,10.6,1.0,1.0,0.694488802819176,0.3358208955223881,0.48559670781893005
pure_top_k,1.0,1.0,30,31,0.04,0.04,0.01,1.0,0.08,0.0,0.05871281876228746,37.71768294065834,1.08,1.0,0.16,0.35555555555555557,0.18518518518518517,1.0
pure_top_k,1.0,1.0,30,32,0.06,0.0,0.51,0.9766992673992675,0.9973333333333333,0.0,0.6180832121893763,38.51071489076478,12.0,0.92,1.0,0.710983798883687,0.2993421052631579,0.5232974910394266
pure_top_k,1.0,1.0,30,33,0.7,0.4,0.69,0.9414372294372293,1.0,0.0,0.4675163655914366,38.22235348422888,9.0,1.0,0.88,0.47981345751198695,0.15555555555555556,0.3
pure_top_k,1.0,1.0,30,34,0.2,0.2,0.4,1.0,0.4,0.0,0.12457559694536027,38.582857162291305,2.4,1.0,0.16,0.5922222222222222,0.2,0.2857142857142857
pure_top_k,1.0,1.0,30,35,1.0,1.0,0.5,0.9721316274876916,0.9983333333333333,0.0,0.6227419178653508,38.86964209784147,16.72,1.0,0.56,0.4124247397820201,0.11961722488038277,0.20610687022900764
pure_top_k,1.0,1.0,30,36,0.56,0.56,0.34,0.9916666666666666,0.9974193548387098,0.001333333333333332,0.43705164356157183,38.8391471973461,13.6,0.96,0.84,0.5299014125398714,0.14772727272727273,0.2415902140672783
pure_top_k,1.0,1.0,30,37,0.5,0.0,0.04,0.9914845938375351,1.0,0.0,0.3665670706797391,38.73031756594299,12.04,1.0,0.24,0.21993685613333683,0.1390728476821192,0.18772563176895307
pure_top_k,1.0,1.0,30,38,0.5,0.0,0.45,0.9915917065390749,1.0,0.0,0.4263281993474811,39.38703448647064,14.0,1.0,0.6,0.5533301468743795,0.20728291316526612,0.3253012048192771
pure_top_k,1.0,1.0,30,39,0.82,0.68,0.39,0.9949047619047618,1.0,0.0,0.4466679932642728,38.888101911321684,13.24,1.0,0.64,0.6702996660329135,0.29003021148036257,0.5294117647058824
pure_top_k,1.0,1.0,30,40,0.7,0.44,0.53,0.9655904537398168,1.0,0.0,0.7198133799713105,39.48091473704215,23.0,0.84,1.0,0.7735373428891088,0.30887372013651876,0.5918003565062389
pure_top_k,1.0,1.0,30,41,1.0,1.0,0.25,1.0,0.0,0.0,0.07307108694687481,39.40049408728341,1.0,1.0,0.08,0.0,0.04,
pure_top_k,1.0,1.0,30,42,0.0,0.0,0.0,1.0,1.0,0.0,0.1018015816621482,39.344183747486575,2.0,1.0,0.04,0.0,0.04,0.04
pure_top_k,1.0,1.0,30,43,0.84,0.68,0.55,0.9899949723479137,0.72,0.0,0.4486458291485906,38.69716072468386,9.0,0.96,0.52,0.6721245432866702,0.27631578947368424,0.4187192118226601
pure_top_k,1.0,1.0,30,44,1.0,1.0,0.3,0.9932867132867134,0.08,0.0,0.12552546417340632,38.47436112064708,3.28,1.0,0.16,0.14975000000000002,0.4878048780487805,0.8245614035087719
pure_top_k,1.0,1.0,30,45,0.48,0.28,0.45,0.8844454255991664,0.9977067977067976,0.0,1.1273168391548096,37.75661770521038,33.0,0.44,1.0,0.7497987467057214,0.21919431279620852,0.4945054945054945
pure_top_k,1.0,1.0,30,46,1.0,1.0,0.68,1.0,1.0,0.0,0.40647806561551986,39.00789870538479,13.56,1.0,0.48,0.19760302686076678,0.07079646017699115,0.09554140127388536
pure_top_k,1.0,1.0,30,47,0.52,0.2,0.53,0.9138732660452976,0.9967243589743591,0.0,0.8273999212589115,38.464431715351964,25.2,0.92,1.0,0.7911947971222262,0.27804107424960506,0.6299342105263158
pure_top_k,1.0,1.0,30,48,0.44,0.0,0.05,1.0,1.0,0.0,0.21216707727871836,36.21303159250649,2.92,1.0,0.24,0.41102116402116406,0.1643835616438356,0.2708333333333333
pure_top_k,1.0,1.0,30,49,0.04,0.04,0.01,1.0,0.0,0.0,0.07719496202655132,36.593594958791336,1.0,1.0,0.12,0.08,0.08,
pure_top_k,1.5,1.0,10,0,0.96,0.92,0.65,0.9755211531412904,0.9989189189189189,0.0,0.48773091367445887,42.90221036243739,16.52,1.0,1.0,0.7293811220113524,0.20286396181384247,0.4543147208121827
pure_top_k,1.5,1.0,10,1,0.18,0.0,0.24,0.9836666666666667,1.0,0.0,0.2572011352982372,42.85280902547785,6.68,1.0,0.96,0.7965385450797788,0.32941176470588235,0.6551724137931034
pure_top_k,1.5,1.0,10,2,0.58,0.32,0.39,0.9913985569985571,1.0,0.0,0.38333968712948263,43.817639384886654,13.2,1.0,1.0,0.9297682891316956,0.5194029850746269,0.867741935483871
pure_top_k,1.5,1.0,10,3,0.42,0.28,0.26,0.9808930905695612,1.0,0.0,0.3416715141199529,43.80349157232536,9.6,0.96,0.92,0.7831782016714132,0.3185483870967742,0.5739910313901345
pure_top_k,1.5,1.0,10,4,0.0,0.0,0.25,0.995,0.48,0.0,0.0831643734220415,43.7507590257179,1.84,1.0,0.24,0.3332380952380952,0.15217391304347827,0.3333333333333333
pure_top_k,1.5,1.0,10,5,0.02,0.0,0.03,0.9941176470588234,0.92,0.0,0.12448583555407819,43.6449123275635,3.68,1.0,0.24,0.41196090894644843,0.39361702127659576,0.6086956521739131
pure_top_k,1.5,1.0,10,6,0.28,0.12,0.31,0.9690069490739498,0.7186666666666668,0.0,0.40059397008270026,43.630883094465815,14.08,0.92,0.8,0.841699374562113,0.327683615819209,0.6139817629179332
pure_top_k,1.5,1.0,10,7,0.08,0.0,0.47,0.933467880329106,0.9894986787446589,0.0049444444444444405,0.6198758263885975,43.73936017726344,20.6,0.96,1.0,0.7661017656772104,0.2644320297951583,0.607421875
pure_top_k,1.5,1.0,10,8,0.06,0.04,0.07,0.9885701357466065,0.12,0.0,0.15046580039896068,43.679238243111705,3.56,0.92,0.16,0.2247195402983889,0.5851063829787234,0.927536231884058
pure_top_k,1.5,1.0,10,9,0.0,0.0,0.0,1.0,0.0,0.0,0.060333043280988895,43.785625398613746,1.0,1.0,0.08,0.0,0.04,
pure_top_k,1.5,1.0,10,10,1.0,1.0,0.69,0.9578626161571004,1.0,0.0,0.7518288702983409,43.78537798361769,27.0,0.92,1.0,0.671697248338194,0.18556701030927836,0.3944954128440367
pure_top_k,1.5,1.0,10,11,0.0,0.0,0.33,0.9800422625190428,0.44,0.0,0.27333127888850867,43.622472009148495,8.24,1.0,0.44,0.5520545524511334,0.16055045871559634,0.31088082901554404
pure_top_k,1.5,1.0,10,12,0.44,0.16,0.48,0.960243400277883,0.9184,0.0,0.6212356238719076,43.78621118547574,16.8,0.84,1.0,0.8837682587004198,0.3556581986143187,0.6421568627450981
pure_top_k,1.5,1.0,10,13,0.32,0.0,0.27,0.9827067026540712,0.9573333333333334,0.0,0.24374399951659143,43.813708212423215,8.2,1.0,0.76,0.8317720877944776,0.33658536585365856,0.6111111111111112
pure_top_k,1.5,1.0,10,14,0.5,0.0,0.0,1.0,0.0,0.0,0.059339081309735725,43.811547041113066,1.0,1.0,0.08,0.0,0.04,
pure_top_k,1.5,1.0,10,15,0.96,0.92,0.51,0.981156843156843,1.0,0.0,0.5011249213851988,43.69514450993343,16.36,1.0,0.76,0.6792052536792959,0.2396088019559902,0.4661458333333333
pure_top_k,1.5,1.0,10,16,0.24,0.24,0.46,0.9852380952380951,0.7507692307692309,0.0066666666666666645,0.43751363502815366,43.127310331761464,7.32,1.0,0.72,0.6991784192227758,0.19339622641509435,0.25668449197860965
pure_top_k,1.5,1.0,10,17,0.0,0.0,0.28,0.9814631129104814,1.0,0.0,0.46080822295509277,43.51273851436351,13.08,0.96,0.84,0.5125965341675167,0.19090909090909092,0.36721311475409835
pure_top_k,1.5,1.0,10,18,0.68,0.36,0.52,0.9587222288529773,0.9586666666666668,0.0,0.6296987944189459,42.072031064792135,19.84,1.0,1.0,0.8287707230852369,0.34911242603550297,0.6576763485477178
pure_top_k,1.5,1.0,10,19,0.82,0.8,0.31,0.9942995169082125,0.2,0.0,0.16350230500102042,43.74373045416385,5.28,1.0,0.28,0.3558004515758459,0.45112781954887216,0.7314814814814815
pure_top_k,1.5,1.0,10,20,0.6,0.32,0.6,0.9451190396381801,0.9986666666666667,0.0,0.5271668726205826,43.77918377278385,18.96,1.0,0.96,0.6734924317892416,0.24217118997912318,0.46255506607929514
pure_top_k,1.5,1.0,10,21,0.12,0.0,0.48,0.9672609330718863,1.0,0.0,0.632502558361739,43.607489997773165,18.12,0.96,1.0,0.7146846339782508,0.22149122807017543,0.5150812064965197
pure_top_k,1.5,1.0,10,22,0.28,0.0,0.28,0.9424536316331286,0.995758425772451,0.0,1.0023444546665996,43.18729631386405,28.28,0.4,1.0,0.7300474852006122,0.2527932960893855,0.5296671490593343
pure_top_k,1.5,1.0,10,23,0.22,0.0,0.16,0.9928484848484849,1.0,0.0,0.2960615770798177,43.52238078636422,6.84,1.0,1.0,0.9405649974897617,0.559322033898305,0.7368421052631579
pure_top_k,1.5,1.0,10,24,0.02,0.0,0.32,0.9283513871140859,0.996094276094276,0.0,0.7148153003677726,38.37944629433517,20.0,0.84,1.0,0.8348283284523071,0.38571428571428573,0.7161290322580646
pure_top_k,1.5,1.0,10,25,0.68,0.36,0.55,1.0,1.0,0.0,0.2155908781569451,38.082006145216035,4.48,1.0,0.92,0.7539356846856846,0.24107142857142858,0.5517241379310345
pure_top_k,1.5,1.0,10,26,0.88,0.88,0.75,0.9004037800744037,0.9372279942279943,0.006720815416467581,0.8782419545389711,38.85146232606618,20.88,0.68,0.92,0.7350764391562543,0.20333333333333334,0.47304347826086957
pure_top_k,1.5,1.0,10,27,0.34,0.0,0.19,0.9966666666666667,0.8,0.0,0.21363945428282016,39.44489719495936,4.8,1.0,0.8,0.8669927654116274,0.3467741935483871,0.5858585858585859
pure_top_k,1.5,1.0,10,28,0.02,0.0,0.27,0.9133708970767794,1.0,0.0,0.8878626560140401,38.73457496285762,18.4,0.88,1.0,0.778289472112669,0.3305785123966942,0.5098039215686274
pure_top_k,1.5,1.0,10,29,0.46,0.0,0.23,0.94508570625982,0.9987878787878788,0.0,1.1729249396640808,38.507437760600695,32.44,0.28,1.0,0.8209442678956287,0.291866028708134,0.6202219482120839
pure_top_k,1.5,1.0,10,30,0.22,0.0,0.33,1.0,1.0,0.0,0.45890868205577134,39.286920629848105,9.88,1.0,1.0,0.7759483928273491,0.3588709677419355,0.5919282511210763
pure_top_k,1.5,1.0,10,31,0.16,0.16,0.04,1.0,0.16,0.0,0.057547301612794366,38.92911834794962,1.16,1.0,0.16,0.41,0.1724137931034483,0.25
pure_top_k,1.5,1.0,10,32,0.16,0.0,0.55,0.9713823591867069,0.9978947368421052,0.0,0.6499588572699576,37.9092976285244,13.0,0.92,1.0,0.754623419523944,0.3569230769230769,0.6166666666666667
pure_top_k,1.5,1.0,10,33,0.72,0.44,0.65,0.9622013928100884,1.0,0.0,0.5022817129641771,38.46908882412641,10.12,1.0,0.88,0.5437541383660706,0.20866141732283464,0.3624454148471616
pure_top_k,1.5,1.0,10,34,0.32,0.28,0.39,0.9972413793103447,0.52,0.0,0.2165328183118254,38.783819365470556,4.88,1.0,0.4,0.7386342867727861,0.4098360655737705,0.5979381443298969
pure_top_k,1.5,1.0,10,35,1.0,1.0,0.5,0.9823373015873017,0.9983333333333334,0.0,0.6000962790753692,38.95020408819692,15.88,1.0,0.64,0.4803238241178989,0.1708542713567839,0.29222520107238603
pure_top_k,1.5,1.0,10,36,0.22,0.2,0.32,0.9848440834527792,0.9981818181818182,0.0,0.45150962736457584,40.03028090271834,14.16,0.96,0.92,0.5854342556533716,0.16483516483516483,0.3274336283185841
pure_top_k,1.5,1.0,10,37,0.5,0.0,0.03,0.9750280112044817,1.0,0.0,0.37060928349383176,39.57107471483417,12.36,1.0,0.6,0.535718926377553,0.18269230769230768,0.3170731707317073
pure_top_k,1.5,1.0,10,38,0.5,0.0,0.43,0.991,0.96,0.0,0.45307987125590443,39.70522787478784,13.8,1.0,0.88,0.7299437676108002,0.3409090909090909,0.5321100917431193
pure_top_k,1.5,1.0,10,39,0.7,0.52,0.52,0.9872934472934474,1.0,0.0,0.5514591894298791,39.782910735403725,16.96,1.0,0.96,0.8015627440169669,0.27230046948356806,0.5985037406483791
pure_top_k,1.5,1.0,10,40,0.72,0.48,0.52,0.9591189386894972,0.9944891640866874,0.0010810810810810761,0.6599165704846383,39.56373240692016,22.28,0.96,1.0,0.8315727644122998,0.3244206773618538,0.6958955223880597
pure_top_k,1.5,1.0,10,41,1.0,1.0,0.27,1.0,0.12,0.0,0.09786116749979552,37.87210915574663,1.8,1.0,0.2,0.19694481444481446,0.34782608695652173,0.9523809523809523
pure_top_k,1.5,1.0,10,42,0.12,0.12,0.03,1.0,1.0,0.0,0.11069791970774528,38.497647000938116,2.0,1.0,0.08,0.22,0.08,0.08
pure_top_k,1.5,1.0,10,43,0.82,0.64,0.5,0.9788982138219166,0.6783333333333335,0.0,0.6050329876039178,38.268645943212746,14.08,0.88,0.76,0.8023178374341727,0.3081232492997199,0.6445783132530121
pure_top_k,1.5,1.0,10,44,1.0,1.0,0.29,0.9918954248366013,0.11757575757575758,0.00125,0.15496264846064148,39.40015143517148,4.04,1.0,0.2,0.2150165814165814,0.5098039215686274,0.8571428571428571
pure_top_k,1.5,1.0,10,45,0.5,0.28,0.44,0.9152916885178882,0.9988571428571429,0.0,0.9863443851750344,37.938989255868115,30.44,0.72,1.0,0.7487456638863783,0.24254215304798962,0.5361930294906166
pure_top_k,1.5,1.0,10,46,1.0,1.0,0.72,0.9964,1.0,0.0,0.48188658128492534,37.9873792161828,14.72,1.0,0.76,0.387915834237732,0.13793103448275862,0.2159090909090909
pure_top_k,1.5,1.0,10,47,0.58,0.2,0.46,0.9454636025194848,0.9960372960372961,0.0,0.7505729557480663,37.15423284980059,21.16,0.88,1.0,0.8640627615025571,0.34146341463414637,0.7244094488188977
pure_top_k,1.5,1.0,10,48,0.38,0.0,0.06,1.0,1.0,0.0,0.221570621561259,36.66155025088688,3.24,1.0,0.4,0.5615740740740741,0.13580246913580246,0.21428571428571427
pure_top_k,1.5,1.0,10,49,0.12,0.12,0.07,0.988235294117647,0.0775,0.0,0.11123443557880815,37.59081079612045,2.28,1.0,0.2,0.2289473684210526,0.3684210526315789,0.75
pure_top_k,1.5,1.0,15,0,0.96,0.92,0.67,0.9724339581986641,1.0,0.0,0.5221838160604239,43.59425821877091,17.08,0.92,1.0,0.7400918269263859,0.2334096109839817,0.4854368932038835
pure_top_k,1.5,1.0,15,1,0.28,0.0,0.25,0.995,1.0,0.0,0.279219977222383,43.804683135490976,8.08,1.0,1.0,0.7670426265694082,0.3316831683168317,0.6214689265536724
pure_top_k,1.5,1.0,15,2,0.52,0.24,0.36,0.9831457546120387,0.9990000000000001,0.0,0.4562133067287505,43.66692844119955,15.76,0.92,1.0,0.9374445834870585,0.5063291139240507,0.8324324324324325
pure_top_k,1.5,1.0,15,3,0.26,0.16,0.27,0.9630526656006532,1.0,0.0,0.33698083492927255,43.270734327316916,10.84,1.0,0.72,0.7206661652686908,0.29304029304029305,0.5725806451612904
pure_top_k,1.5,1.0,15,4,0.02,0.0,0.22,0.995,0.52,0.0,0.08380215414799747,43.45852953734746,1.76,1.0,0.32,0.46428571428571436,0.22727272727272727,0.3684210526315789
pure_top_k,1.5,1.0,15,5,0.0,0.0,0.02,1.0,0.92,0.0,0.08875489275902507,43.68399488288389,2.44,1.0,0.2,0.2428888888888889,0.2903225806451613,0.40540540540540543
pure_top_k,1.5,1.0,15,6,0.28,0.08,0.28,0.980123973727422,0.7952380952380952,0.001739130434782604,0.4068101701233536,43.74147162652742,12.92,0.92,0.88,0.8222419762924854,0.3213213213213213,0.5616883116883117
pure_top_k,1.5,1.0,15,7,0.08,0.0,0.45,0.9547794534423117,0.9566666666666666,0.001739130434782604,0.6102246892079711,43.782193411577865,18.84,0.96,1.0,0.8095415111143662,0.2982456140350877,0.6782786885245902
pure_top_k,1.5,1.0,15,8,0.1,0.04,0.1,0.9893333333333334,0.28,0.0,0.21839860243722792,43.78964687873684,7.0,0.88,0.32,0.45309841521695016,0.5568181818181818,0.8874172185430463
pure_top_k,1.5,1.0,15,9,0.0,0.0,0.0,1.0,0.0,0.0,0.06303339847363527,43.79323828858153,1.0,1.0,0.08,0.0,0.04,
pure_top_k,1.5,1.0,15,10,0.96,0.92,0.69,0.9568885390086634,1.0,0.0,0.726314262971282,43.794503268696005,26.28,0.96,1.0,0.7132418406089236,0.212443095599393,0.4952681388012618
pure_top_k,1.5,1.0,15,11,0.0,0.0,0.3,0.9766081013406361,0.44,0.0,0.2672242801822722,43.646732584142136,8.2,1.0,0.48,0.5481487087808038,0.16666666666666666,0.28272251308900526
pure_top_k,1.5,1.0,15,12,0.44,0.12,0.5,0.9797809246309247,0.88,0.0,0.6382137392833829,43.749735918499816,17.4,0.88,1.0,0.8720312323782153,0.378021978021978,0.6534883720930232
pure_top_k,1.5,1.0,15,13,0.34,0.0,0.3,0.9942857142857143,1.0,0.0,0.271013369243592,43.5368972560852,8.84,1.0,0.96,0.8507817662060796,0.2972972972972973,0.5634517766497462
pure_top_k,1.5,1.0,15,14,0.5,0.0,0.0,1.0,0.0,0.0,0.06297551699914035,43.82713453231759,1.0,1.0,0.08,0.0,0.04,
pure_top_k,1.5,1.0,15,15,0.94,0.88,0.57,0.9664282374799538,0.9969187675070029,0.0,0.6037266963813454,42.46644384914806,18.84,0.96,0.88,0.7537310316883359,0.2552742616033755,0.5211581291759465
pure_top_k,1.5,1.0,15,16,0.08,0.08,0.31,1.0,1.0,0.0,0.40197007372044025,43.78606530956943,8.32,1.0,0.56,0.4223304495498768,0.12017167381974249,0.16826923076923078
pure_top_k,1.5,1.0,15,17,0.02,0.0,0.3,0.9783244225226322,1.0,0.0,0.5066383955534548,42.70967436490825,14.2,0.96,0.96,0.5601329624991648,0.24930747922437674,0.4375
pure_top_k,1.5,1.0,15,18,0.62,0.28,0.47,0.9493448630222824,0.9984615384615384,0.0,0.6480170377809554,43.52830354387328,20.12,0.92,1.0,0.877647505515065,0.3798449612403101,0.7617107942973523
pure_top_k,1.5,1.0,15,19,0.84,0.8,0.32,0.9950666666666667,0.2382608695652174,0.0,0.17525037014856934,43.740832620055855,4.84,1.0,0.36,0.46815483824086435,0.6097560975609756,0.9285714285714286
pure_top_k,1.5,1.0,15,20,0.56,0.4,0.61,0.9354474043744099,0.9930819964349377,0.0,0.5149352398328483,43.57375602772871,18.64,0.96,1.0,0.7403944914181415,0.267515923566879,0.5426008968609866
pure_top_k,1.5,1.0,15,21,0.14,0.0,0.49,0.9664037746567159,1.0,0.0,0.6079919192008674,43.56882002513519,17.16,1.0,1.0,0.7391537733909321,0.22119815668202766,0.5061124694376528
pure_top_k,1.5,1.0,15,22,0.3,0.0,0.28,0.9136136946275722,0.9927229918994626,0.0,1.0539625893998892,43.54390585157491,31.12,0.32,1.0,0.7208274228831731,0.2770012706480305,0.5236220472440944
pure_top_k,1.5,1.0,15,23,0.18,0.0,0.16,1.0,0.92,0.0,0.22077593808993698,43.71643606888149,3.92,1.0,0.92,0.9302320457320457,0.5045045045045045,0.6162790697674418
pure_top_k,1.5,1.0,15,24,0.06,0.0,0.21,0.987218487394958,0.92,0.0,0.4339146913122386,39.430047313841484,9.6,0.96,1.0,0.8774992300289535,0.5177865612648221,0.7368421052631579
pure_top_k,1.5,1.0,15,25,0.68,0.36,0.56,0.9781111111111112,0.995,0.0,0.25396222944371405,38.79150644445509,5.16,1.0,1.0,0.8175736393236394,0.2727272727272727,0.6728971962616822
pure_top_k,1.5,1.0,15,26,0.96,0.96,0.78,0.9174441235367087,0.9870588586728839,0.0,0.8452581593301147,39.93062588033501,21.32,0.64,1.0,0.7291969874949988,0.20297029702970298,0.48709122203098104
pure_top_k,1.5,1.0,15,27,0.48,0.16,0.19,1.0,0.76,0.0,0.1811404090933501,39.41092297788954,4.0,1.0,0.88,0.927359465397004,0.45544554455445546,0.75
pure_top_k,1.5,1.0,15,28,0.06,0.0,0.24,0.9169033937510718,1.0,0.0,0.9384501960966736,39.410659027807654,19.4,0.72,1.0,0.8302487940850577,0.38058252427184464,0.6081632653061224
pure_top_k,1.5,1.0,15,29,0.38,0.04,0.32,0.9392497039128296,0.9990243902439024,0.0,1.1862394925765694,38.03646533586689,32.76,0.28,1.0,0.8608290061479564,0.3712574850299401,0.7382716049382716
pure_top_k,1.5,1.0,15,30,0.14,0.0,0.33,0.986313725490196,0.9971428571428572,0.0,0.5307770009059459,37.68190836644449,10.6,1.0,1.0,0.7060649991478145,0.35580524344569286,0.5537190082644629
pure_top_k,1.5,1.0,15,31,0.04,0.04,0.01,1.0,0.04,0.0,0.05447638775221999,38.949654115991336,1.04,1.0,0.16,0.2966666666666667,0.19230769230769232,1.0
pure_top_k,1.5,1.0,15,32,0.24,0.08,0.53,0.9704616755793226,1.0,0.0,0.6859171229973435,38.979168678361596,13.84,0.92,1.0,0.8143320622222162,0.38920454545454547,0.6788990825688074
pure_top_k,1.5,1.0,15,33,0.66,0.32,0.63,0.965689183365654,0.96,0.0,0.49101707329973576,38.556896854208716,8.92,1.0,1.0,0.6706061241263601,0.32051282051282054,0.4688995215311005
pure_top_k,1.5,1.0,15,34,0.22,0.16,0.33,1.0,0.52,0.0,0.13876354363746934,37.78617981643793,2.56,1.0,0.4,0.8392592592592594,0.390625,0.46153846153846156
pure_top_k,1.5,1.0,15,35,1.0,1.0,0.56,0.9716475058122656,0.9984000000000001,0.0,0.6492435934953391,38.6048884737268,17.52,1.0,0.72,0.5140447873094683,0.13470319634703196,0.2397094430992736
pure_top_k,1.5,1.0,15,36,0.38,0.36,0.38,0.9737250977855096,1.0,0.0,0.5182470260653644,39.57318517257812,16.12,1.0,0.92,0.645618422387433,0.18990384615384615,0.42710997442455245
pure_top_k,1.5,1.0,15,37,0.5,0.0,0.06,0.958824303232999,1.0,0.0,0.43740045571699737,38.25027959351071,13.4,1.0,0.6,0.5263481803391113,0.1976401179941003,0.34394904458598724
pure_top_k,1.5,1.0,15,38,0.54,0.08,0.45,0.9924296675191816,1.0,0.0,0.4138635255303234,39.722880188674466,13.68,1.0,0.92,0.7246032751573712,0.3162393162393162,0.5153374233128835
pure_top_k,1.5,1.0,15,39,0.64,0.4,0.48,0.9848661654135339,1.0,0.0,0.5676766907982528,38.835439119690456,16.2,0.96,1.0,0.8273857819520796,0.3154034229828851,0.6432291666666666
pure_top_k,1.5,1.0,15,40,0.66,0.32,0.42,0.978697940947941,1.0,0.0,0.5943564239889383,38.400092459149846,18.44,0.96,1.0,0.8261152177004872,0.3468950749464668,0.6900452488687783
pure_top_k,1.5,1.0,15,41,1.0,1.0,0.29,1.0,0.12,0.0,0.10257679048925634,38.18451261978074,2.04,1.0,0.2,0.17981038569273863,0.34615384615384615,0.7407407407407407
pure_top_k,1.5,1.0,15,42,0.06,0.04,0.01,1.0,1.0,0.0,0.10737197155132887,38.546780259784946,2.04,1.0,0.16,0.22916666666666666,0.1568627450980392,0.19230769230769232
pure_top_k,1.5,1.0,15,43,0.76,0.52,0.4,0.9863034690799397,0.5585185185185185,0.0,0.41784875430166724,38.50473124252597,7.92,1.0,0.64,0.7598062347236444,0.34146341463414637,0.5611111111111111
pure_top_k,1.5,1.0,15,44,1.0,1.0,0.3,0.9942857142857143,0.24,0.0,0.18290124604478478,38.61488699526853,4.76,1.0,0.32,0.384539806921089,0.4380165289256198,0.71875
pure_top_k,1.5,1.0,15,45,0.48,0.16,0.43,0.8954121599606372,0.9967788702525544,0.0,1.0853215562645346,39.077641790852965,32.84,0.36,1.0,0.7576915086964057,0.24523809523809523,0.5656441717791411
pure_top_k,1.5,1.0,15,46,1.0,1.0,0.7,0.9980952380952381,1.0,0.0,0.45368401375599204,38.42298439586343,14.6,1.0,0.68,0.33475255339744975,0.12602739726027398,0.18235294117647058
pure_top_k,1.5,1.0,15,47,0.46,0.12,0.45,0.9425366097691495,1.0,0.0,0.729727687947452,38.729373384511426,22.08,0.92,1.0,0.8652645779773398,0.34408602150537637,0.7617260787992496
pure_top_k,1.5,1.0,15,48,0.42,0.0,0.04,1.0,0.96,0.0,0.21949647850356993,37.084122330674106,3.12,1.0,0.44,0.7283350168350169,0.21518987341772153,0.2962962962962963
pure_top_k,1.5,1.0,15,49,0.0,0.0,0.01,1.0,0.04,0.0,0.07732491176575416,38.037513062116254,1.2,1.0,0.12,0.06400000000000002,0.16666666666666666,1.0
pure_top_k,1.5,1.0,20,0,0.98,0.96,0.69,0.9785012025012025,1.0,0.0,0.5257149805687368,43.66435515275462,17.64,1.0,1.0,0.765213538189686,0.25055432372505543,0.5446009389671361
pure_top_k,1.5,1.0,20,1,0.26,0.0,0.24,0.9864339643903538,1.0,0.0,0.3426974453404546,43.74695961953748,10.52,0.96,0.96,0.8438585932585986,0.41353383458646614,0.7925311203319502
pure_top_k,1.5,1.0,20,2,0.68,0.4,0.43,0.9885616605616606,1.0,0.0,0.4401349624898285,43.80779543249622,14.44,0.96,1.0,0.9293622375503577,0.5013623978201635,0.8596491228070176
pure_top_k,1.5,1.0,20,3,0.36,0.16,0.27,0.9656168406756643,1.0,0.0,0.43230498689226804,43.768385964366246,13.44,0.92,0.92,0.839210669770431,0.3742690058479532,0.7003154574132492
pure_top_k,1.5,1.0,20,4,0.0,0.0,0.25,0.9913636363636364,0.64,0.0,0.09635156238451596,43.55661788712583,2.4,1.0,0.32,0.3861428571428572,0.16666666666666666,0.2857142857142857
pure_top_k,1.5,1.0,20,5,0.04,0.0,0.05,1.0,0.96,0.0,0.1364530688617378,43.62389080057132,3.8,1.0,0.24,0.31756325690805826,0.37755102040816324,0.547945205479452
pure_top_k,1.5,1.0,20,6,0.24,0.0,0.35,0.96266093432032,0.8357635467980296,0.00097560975609756,0.593937454270199,43.67025652298782,18.0,0.8,0.92,0.8142017200794665,0.31905781584582443,0.6153846153846154
pure_top_k,1.5,1.0,20,7,0.06,0.0,0.45,0.932442511278059,0.9925563909774436,0.002562562562562556,0.6962633393984288,43.723995888623634,22.64,0.88,1.0,0.7873532748794361,0.2733446519524618,0.6578014184397163
pure_top_k,1.5,1.0,20,8,0.2,0.04,0.17,0.9697406851091063,0.32,0.0,0.40577443010173736,43.82645741141177,12.32,0.72,0.4,0.5806758590563345,0.4588607594936709,0.8178694158075601
pure_top_k,1.5,1.0,20,9,0.0,0.0,0.02,0.9955555555555555,0.04,0.0,0.09518116006627675,43.736353379921844,2.04,1.0,0.12,0.07666666666666666,0.47058823529411764,1.0
pure_top_k,1.5,1.0,20,10,0.9,0.84,0.71,0.9428879722279733,1.0,0.0,0.830623831609264,43.379021513232466,28.16,0.8,1.0,0.6905432076058495,0.21368715083798884,0.45007235890014474
pure_top_k,1.5,1.0,20,11,0.04,0.04,0.28,0.983784446032124,0.28,0.0,0.226860222350806,43.23703716301794,5.64,1.0,0.4,0.4656954256040944,0.18,0.296
pure_top_k,1.5,1.0,20,12,0.46,0.2,0.5,0.9781415790518687,0.88,0.0,0.6399600494652986,43.83729732555903,15.36,0.88,1.0,0.8889230639811899,0.36893203883495146,0.6304909560723514
pure_top_k,1.5,1.0,20,13,0.32,0.0,0.26,0.9855672514619883,0.9955555555555555,0.0,0.2755527754686773,43.69249500232546,8.72,1.0,0.8,0.7929526189696413,0.2968036529680365,0.5103092783505154
pure_top_k,1.5,1.0,20,14,0.5,0.0,0.0,1.0,0.0,0.0,0.06721581615507599,43.45250598188974,1.0,1.0,0.08,0.0,0.04,
pure_top_k,1.5,1.0,20,15,0.88,0.76,0.6,0.966788065898296,0.96,0.0,0.6778522704821079,41.75575318103304,19.68,0.96,0.96,0.7621449163839304,0.23943661971830985,0.5233050847457628
pure_top_k,1.5,1.0,20,16,0.08,0.04,0.31,0.9866666666666666,0.9085714285714286,0.009230769230769228,0.44374489536508915,42.50041542769276,7.4,1.0,0.68,0.605218063813265,0.17674418604651163,0.22105263157894736
pure_top_k,1.5,1.0,20,17,0.02,0.0,0.33,0.9500036630036629,1.0,0.0,0.5165825903974474,43.66201067374721,16.88,1.0,0.96,0.6451230959372238,0.28368794326241137,0.5251256281407035
pure_top_k,1.5,1.0,20,18,0.7,0.4,0.44,0.968530837558888,1.0,0.0,0.5942617127671838,43.066117534201794,19.52,0.88,1.0,0.8611059049570459,0.37349397590361444,0.7061310782241015
pure_top_k,1.5,1.0,20,19,0.76,0.72,0.3,0.9754720430107529,0.23741935483870968,0.001333333333333332,0.2239075915887952,43.7775536679203,7.48,0.96,0.36,0.47668776018721093,0.4263157894736842,0.7696969696969697
pure_top_k,1.5,1.0,20,20,0.76,0.6,0.68,0.9448082970907039,0.9965567765567767,0.0,0.4985102935973555,43.75612389821342,17.44,1.0,1.0,0.7195198308664391,0.22573363431151242,0.4880382775119617
pure_top_k,1.5,1.0,20,21,0.22,0.0,0.46,0.9515084071390095,0.9975,0.0,0.6488016031589359,43.779090772635115,18.88,0.92,1.0,0.7295698009999468,0.2588726513569937,0.5220264317180616
pure_top_k,1.5,1.0,20,22,0.36,0.04,0.28,0.9287349578915987,0.995719696969697,0.0,1.0049688752368093,43.633886906798736,28.56,0.36,1.0,0.7426992208263726,0.26141078838174275,0.5214899713467048
pure_top_k,1.5,1.0,20,23,0.28,0.0,0.14,0.9918092566619916,0.9986666666666667,0.0,0.2656266505084932,43.807869392365845,6.12,1.0,0.92,0.9518805859708258,0.575,0.7703703703703704
pure_top_k,1.5,1.0,20,24,0.06,0.0,0.21,0.9784309764309765,0.92,0.0,0.36818721001036464,39.92785547842649,9.44,1.0,0.96,0.8729049852130267,0.463519313304721,0.6346153846153846
pure_top_k,1.5,1.0,20,25,0.74,0.52,0.59,0.9880000000000001,1.0,0.0,0.2825105586927384,39.60652216221543,6.4,1.0,1.0,0.7596878861878862,0.36942675159235666,0.6590909090909091
pure_top_k,1.5,1.0,20,26,0.88,0.88,0.57,0.9166295441370697,0.9865650793650795,0.00468660968660968,0.7093359147012234,39.62866314740195,19.2,0.76,0.88,0.6695739621857824,0.19731800766283525,0.48490945674044267
pure_top_k,1.5,1.0,20,27,0.4,0.04,0.14,0.9973333333333333,0.84,0.0,0.20730386548675597,39.51779536642844,5.92,1.0,0.88,0.8644617044748623,0.2684563758389262,0.46774193548387094
pure_top_k,1.5,1.0,20,28,0.02,0.0,0.22,0.9274164351021505,1.0,0.0,0.8745019715558737,39.93335295749526,19.16,0.84,1.0,0.8303904853213391,0.3645418326693227,0.5765199161425576
pure_top_k,1.5,1.0,20,29,0.38,0.0,0.3,0.9552177313224228,0.9588571428571429,0.0,1.2224744341056795,36.84241916295273,30.6,0.2,1.0,0.8462968644316987,0.358974358974359,0.6993377483443709
pure_top_k,1.5,1.0,20,30,0.16,0.0,0.27,0.9900584795321637,0.9952941176470589,0.0,0.5479202729370445,38.929414664785874,11.72,1.0,1.0,0.8292860616026614,0.46688741721854304,0.7003610108303249
pure_top_k,1.5,1.0,20,31,0.0,0.0,0.0,1.0,0.04,0.0,0.0644125533290207,35.98230190613599,1.04,1.0,0.16,0.41,0.19230769230769232,1.0
pure_top_k,1.5,1.0,20,32,0.22,0.0,0.46,0.98414652014652,1.0,0.0,0.6847275706287473,38.69511724112195,13.44,0.92,1.0,0.8800564255662329,0.4738372093023256,0.7210031347962382
pure_top_k,1.5,1.0,20,33,0.66,0.32,0.66,0.9385318903318904,1.0,0.0,0.5753471880406141,38.14778916374193,11.6,0.96,0.96,0.5980416412903997,0.3287671232876712,0.4943820224719101
pure_top_k,1.5,1.0,20,34,0.48,0.48,0.55,1.0,0.68,0.0,0.18405940430238843,37.96586334931997,4.68,1.0,0.36,0.7654697679132462,0.28205128205128205,0.33695652173913043
pure_top_k,1.5,1.0,20,35,1.0,1.0,0.49,0.9814402854963495,1.0,0.0,0.608997180853039,38.67328461449866,16.44,1.0,0.6,0.48639499167926337,0.1386861313868613,0.22279792746113988
pure_top_k,1.5,1.0,20,36,0.44,0.4,0.43,0.9808789859263544,1.0,0.0,0.5175233427807688,40.02659233794368,17.2,0.96,0.96,0.6647031358929474,0.2072892938496583,0.46618357487922707
pure_top_k,1.5,1.0,20,37,0.5,0.0,0.05,0.979639826839827,1.0,0.0,0.39141039725393056,39.24798431546451,12.96,1.0,0.64,0.45371391648269127,0.1743119266055046,0.31456953642384106
pure_top_k,1.5,1.0,20,38,0.54,0.08,0.42,0.9884382284382285,1.0,0.0,0.4611777844000608,39.94513819346202,14.0,0.96,0.88,0.708790084443427,0.29362880886426596,0.4791666666666667
pure_top_k,1.5,1.0,20,39,0.72,0.52,0.49,0.9749909659238523,1.0,0.0,0.5593696792330592,39.2141663323971,17.28,0.96,1.0,0.8116621035597689,0.3002309468822171,0.6151960784313726
pure_top_k,1.5,1.0,20,40,0.76,0.52,0.54,0.9509715262019046,0.99875,0.0,0.7480890333559365,39.710475805398666,25.24,0.84,1.0,0.8376981702886492,0.3270440251572327,0.6873977086743044
pure_top_k,1.5,1.0,20,41,0.98,0.96,0.26,1.0,0.16,0.0,0.10109031036496159,38.830222317453575,1.56,1.0,0.24,0.2392407407407407,0.275,0.6666666666666666
pure_top_k,1.5,1.0,20,42,0.0,0.0,0.0,1.0,1.0,0.0,0.11268425688147542,38.141815630786105,2.04,1.0,0.16,0.22916666666666666,0.1568627450980392,0.19230769230769232
pure_top_k,1.5,1.0,20,43,0.84,0.68,0.57,0.9701712175586416,0.8388235294117646,0.0,0.6246221159957349,38.41042210197848,14.6,0.88,0.84,0.783752883647946,0.27371273712737126,0.6075581395348837
pure_top_k,1.5,1.0,20,44,1.0,1.0,0.35,0.9864224334224335,0.2,0.0,0.23172273221425704,38.17837289471051,6.48,0.96,0.28,0.34152051648707726,0.3939393939393939,0.6928571428571428
pure_top_k,1.5,1.0,20,45,0.44,0.16,0.47,0.918754536676091,0.9978662873399716,0.0,1.0320163676980882,39.0213873332917,30.88,0.6,1.0,0.7618801320282216,0.26136363636363635,0.5984354628422425
pure_top_k,1.5,1.0,20,46,1.0,1.0,0.71,0.9947826086956522,0.9981818181818182,0.0,0.4600566574279219,38.443845078607076,14.8,1.0,0.72,0.356397824877519,0.129973474801061,0.1875
pure_top_k,1.5,1.0,20,47,0.42,0.08,0.42,0.9324715321357615,0.9894343434343434,0.0,0.768885595863685,37.563453738985736,21.12,0.88,1.0,0.8576096637783216,0.332089552238806,0.7084148727984344
pure_top_k,1.5,1.0,20,48,0.4,0.0,0.08,1.0,0.96,0.0,0.275777180287987,36.89672059636403,3.6,1.0,0.48,0.6565537240537241,0.23404255319148937,0.37681159420289856
pure_top_k,1.5,1.0,20,49,0.16,0.16,0.07,1.0,0.04,0.0,0.08109707595780488,35.34087615177626,1.16,1.0,0.2,0.2875,0.1724137931034483,1.0
pure_top_k,1.5,1.0,25,0,0.92,0.84,0.65,0.9673585526437187,0.998,0.0,0.5733247300982476,42.58402514079152,15.68,0.88,1.0,0.7931173206475739,0.28095238095238095,0.5316455696202531
pure_top_k,1.5,1.0,25,1,0.28,0.0,0.23,0.9866056166056167,0.96,0.0,0.25001471682451665,43.79028910490656,8.04,1.0,0.96,0.8267717074637231,0.4306930693069307,0.7062146892655368
pure_top_k,1.5,1.0,25,2,0.6,0.28,0.33,0.9824786324786325,1.0,0.0,0.31457605712115766,43.87416837343771,10.0,1.0,1.0,0.9391066958655523,0.4881889763779528,0.8471615720524017
pure_top_k,1.5,1.0,25,3,0.24,0.08,0.23,0.9634300445930881,0.9561290322580644,0.001333333333333332,0.3766830267570913,43.64766847088929,12.0,0.96,0.92,0.7851702859556149,0.3256578947368421,0.6057347670250897
pure_top_k,1.5,1.0,25,4,0.0,0.0,0.25,0.995,0.52,0.0,0.08592992825433608,43.74927954844767,1.76,1.0,0.16,0.4104761904761905,0.18181818181818182,0.3684210526315789
pure_top_k,1.5,1.0,25,5,0.1,0.04,0.05,0.9984000000000001,0.96,0.0,0.10510215772315856,43.73987627690919,2.92,1.0,0.32,0.40833333333333344,0.47297297297297297,0.6326530612244898
pure_top_k,1.5,1.0,25,6,0.3,0.08,0.36,0.9664806567701305,0.7952941176470588,0.0025,0.5517273290175945,43.248098218880486,17.12,0.8,0.84,0.7899088548084522,0.30068337129840544,0.5748792270531401
pure_top_k,1.5,1.0,25,7,0.0,0.0,0.45,0.9258012645814854,0.9958095238095238,0.0,0.6382078098598868,43.58840012792878,21.44,1.0,1.0,0.7709451263464971,0.24640287769784172,0.591337099811676
pure_top_k,1.5,1.0,25,8,0.4,0.28,0.33,0.9639667237736473,0.5175,0.0,0.5140081874839961,43.7163458901603,15.44,0.76,0.56,0.7268762902258743,0.369620253164557,0.7135135135135136
pure_top_k,1.5,1.0,25,9,0.0,0.0,0.0,1.0,0.0,0.0,0.06009330166503783,43.93070724809614,1.0,1.0,0.08,0.0,0.04,
pure_top_k,1.5,1.0,25,10,0.84,0.72,0.65,0.9487914455397393,0.9967460317460318,0.0,0.757507001599297,43.7152335740428,25.68,0.88,1.0,0.7248250316203032,0.21592649310872894,0.4554140127388535
pure_top_k,1.5,1.0,25,11,0.02,0.0,0.38,0.974889984979499,0.52,0.0,0.3471860898751766,43.62652627629644,10.8,1.0,0.56,0.6257556267301418,0.18947368421052632,0.3269230769230769
pure_top_k,1.5,1.0,25,12,0.28,0.08,0.48,0.9785660431029788,0.96,0.0,0.6578188104368746,43.7806198938494,18.04,0.88,1.0,0.8751109200997181,0.4051172707889126,0.704954954954955
pure_top_k,1.5,1.0,25,13,0.26,0.0,0.34,0.959955377955378,0.9526666666666667,0.0,0.35225298019126056,42.95481241315035,11.72,1.0,0.96,0.8499478566169995,0.3400673400673401,0.5992647058823529
pure_top_k,1.5,1.0,25,14,0.52,0.04,0.01,1.0,0.04,0.0,0.07405670648440714,43.74734727732798,1.28,1.0,0.12,0.07111111111111111,0.2727272727272727,1.0
pure_top_k,1.5,1.0,25,15,0.9,0.8,0.55,0.9664465348025989,1.0,0.0,0.5453553255088628,43.7339220734245,17.2,1.0,0.88,0.7314738640226822,0.25517241379310346,0.5195121951219512
pure_top_k,1.5,1.0,25,16,0.12,0.12,0.38,1.0,0.88,0.0,0.40783153239637615,43.76057384901642,6.96,1.0,0.72,0.5968914063519327,0.21844660194174756,0.27624309392265195
pure_top_k,1.5,1.0,25,17,0.0,0.0,0.28,0.9656243054094716,0.9969230769230769,0.0,0.4842754936031997,43.34145522523512,15.4,0.96,0.96,0.5511927685725868,0.26424870466321243,0.5013850415512465
pure_top_k,1.5,1.0,25,18,0.64,0.28,0.41,0.968811398988465,1.0,0.0,0.6328282813262195,43.3262050551136,17.96,0.88,1.0,0.8894058513206194,0.4017278617710583,0.7328767123287672
pure_top_k,1.5,1.0,25,19,0.76,0.76,0.35,0.9943452380952381,0.24,0.0,0.2089500642288476,43.65370632073487,5.76,0.96,0.36,0.4747658276945337,0.5405405405405406,0.8130081300813008
pure_top_k,1.5,1.0,25,20,0.66,0.44,0.6,0.961058623832308,0.99875,0.0,0.5281099654268473,42.56291462769867,17.28,1.0,1.0,0.7495138492506279,0.28798185941043086,0.5480769230769231
pure_top_k,1.5,1.0,25,21,0.18,0.0,0.45,0.9416811821502358,1.0,0.0,0.6191080177947879,42.43945982487694,15.24,0.96,1.0,0.7719244692002574,0.28426395939086296,0.5663956639566395
pure_top_k,1.5,1.0,25,22,0.3,0.0,0.29,0.9249989546184177,0.9951866673976206,0.0,1.029794493848458,43.73933073085082,28.24,0.4,1.0,0.7512995512450762,0.27385892116182575,0.5214899713467048
pure_top_k,1.5,1.0,25,23,0.24,0.0,0.13,0.9909730848861283,0.92,0.0,0.26881116720847786,43.45275771755391,6.32,1.0,1.0,0.9473847865779984,0.5153374233128835,0.6666666666666666
pure_top_k,1.5,1.0,25,24,0.1,0.0,0.2,0.97863247122424,0.84,0.0,0.4315337687544525,39.650492017439575,11.24,0.92,1.0,0.9027933693867964,0.5126353790613718,0.7738095238095238
pure_top_k,1.5,1.0,25,25,0.68,0.44,0.58,1.0,1.0,0.0,0.24697892407886685,39.51774324085879,5.28,1.0,0.96,0.8087967495467495,0.3533834586466165,0.6851851851851852
pure_top_k,1.5,1.0,25,26,0.92,0.92,0.74,0.9218375634330588,0.9486484552484552,0.0019047619047619041,0.7907022857200354,39.27252670110031,18.6,0.68,1.0,0.7211399623110879,0.19925512104283055,0.482421875
pure_top_k,1.5,1.0,25,27,0.3,0.0,0.18,1.0,0.92,0.0,0.2507842685934156,39.60378264607945,7.24,1.0,0.88,0.8463360706219941,0.20994475138121546,0.3782051282051282
pure_top_k,1.5,1.0,25,28,0.04,0.0,0.23,0.9157423649412096,1.0,0.0,0.8767097476590425,39.26952999846645,18.36,0.84,0.96,0.8138939580488875,0.33539094650205764,0.544468546637744
pure_top_k,1.5,1.0,25,29,0.48,0.08,0.29,0.9449591345311587,1.0,0.0,1.1743077713623642,37.764036349116985,31.6,0.24,1.0,0.8728952120613278,0.3802469135802469,0.7656050955414013
pure_top_k,1.5,1.0,25,30,0.26,0.0,0.32,0.9941666666666665,1.0,0.0,0.5102885834034532,37.967518666870745,10.24,1.0,1.0,0.8509484383629757,0.4600760456273764,0.680672268907563
pure_top_k,1.5,1.0,25,31,0.0,0.0,0.0,1.0,0.04,0.0,0.057640228141099176,37.68218507763263,1.04,1.0,0.16,0.23,0.19230769230769232,1.0
pure_top_k,1.5,1.0,25,32,0.22,0.08,0.53,0.9777212460741873,0.9978947368421052,0.0,0.7774733305256813,38.20973215397029,15.16,0.88,1.0,0.8337945543235056,0.4623376623376623,0.6972222222222222
pure_top_k,1.5,1.0,25,33,0.66,0.32,0.61,0.9559255189255188,1.0,0.0,0.5586754443962128,38.11201224549343,10.64,1.0,1.0,0.6240902629778418,0.2962962962962963,0.45714285714285713
pure_top_k,1.5,1.0,25,34,0.14,0.12,0.23,1.0,0.4,0.0,0.1271350017841905,39.555359555639534,2.44,1.0,0.48,0.8123529577147999,0.5409836065573771,0.7222222222222222
pure_top_k,1.5,1.0,25,35,1.0,1.0,0.55,0.9613189618924173,0.9965942028985506,0.0,0.6516065148822964,38.707794633322294,17.56,1.0,0.76,0.558062425508538,0.1340909090909091,0.24819277108433735
pure_top_k,1.5,1.0,25,36,0.5,0.4,0.47,0.9631164669516332,0.9933193548387098,0.002623655913978492,0.563588698329404,39.313421561214135,17.8,0.88,0.96,0.6639250697172562,0.18872017353579176,0.41284403669724773
pure_top_k,1.5,1.0,25,37,0.5,0.0,0.04,0.976456140350877,0.9982608695652173,0.0,0.41783897499553857,38.61688904652371,13.04,1.0,0.76,0.5472441752511059,0.2298507462686567,0.3935483870967742
pure_top_k,1.5,1.0,25,38,0.54,0.08,0.43,0.9930952380952381,1.0,0.0,0.4297375718969852,38.61055911075876,12.96,1.0,0.88,0.7578770317273115,0.3323262839879154,0.5522875816993464
pure_top_k,1.5,1.0,25,39,0.74,0.6,0.5,0.9855080884028254,0.99875,0.0,0.5712255537509918,39.659593875612934,16.32,1.0,1.0,0.8411692680213724,0.34951456310679613,0.7054263565891473
pure_top_k,1.5,1.0,25,40,0.64,0.32,0.48,0.9699267497310977,1.0,0.0,0.7257843454554677,39.700637810020886,22.08,0.84,1.0,0.8549321736124216,0.37742504409171074,0.7324723247232472
pure_top_k,1.5,1.0,25,41,1.0,1.0,0.28,1.0,0.16,0.0,0.1006928587518632,37.655650402117566,2.08,1.0,0.24,0.24067008318478908,0.4716981132075472,0.9642857142857143
pure_top_k,1.5,1.0,25,42,0.08,0.04,0.04,0.9973333333333333,1.0,0.0,0.12977472923696037,38.63319186540307,2.56,1.0,0.24,0.31203174603174605,0.3125,0.46153846153846156
pure_top_k,1.5,1.0,25,43,0.86,0.72,0.52,0.9764954756883684,0.6788571428571428,0.0,0.5411610807292163,38.854788702918746,11.2,0.92,0.68,0.7743033154820448,0.33098591549295775,0.5868725868725869
pure_top_k,1.5,1.0,25,44,1.0,1.0,0.27,1.0,0.12,0.0,0.11288911369629201,37.85115649042603,2.48,1.0,0.2,0.20765942028985507,0.36507936507936506,0.7105263157894737
pure_top_k,1.5,1.0,25,45,0.44,0.16,0.42,0.8898263320837403,0.9977777777777778,0.0,1.1139506090898066,39.08638815068378,31.56,0.32,1.0,0.8052270672876339,0.2959309494451295,0.6501272264631043
pure_top_k,1.5,1.0,25,46,1.0,1.0,0.71,0.9954285714285714,1.0,0.0,0.4413318112120032,38.977322325465146,14.44,1.0,0.68,0.32376499274474213,0.10899182561307902,0.16374269005847952
pure_top_k,1.5,1.0,25,47,0.48,0.12,0.43,0.9383996520530637,0.9984000000000001,0.0,0.7099450641777366,37.27454209169716,21.32,0.92,1.0,0.8453429934209858,0.3414179104477612,0.7671232876712328
pure_top_k,1.5,1.0,25,48,0.44,0.0,0.06,1.0,0.96,0.0,0.21985467320308089,38.94515599570984,3.48,1.0,0.56,0.705400432900433,0.19540229885057472,0.3225806451612903
pure_top_k,1.5,1.0,25,49,0.08,0.08,0.03,0.9971428571428572,0.04,0.0,0.09693661621771749,33.508399745306384,1.52,1.0,0.2,0.221025641025641,0.3684210526315789,1.0
pure_top_k,1.5,1.0,30,0,0.92,0.84,0.6,0.9755181719463589,0.96,0.0,0.511532766437158,43.670160591154655,15.64,0.96,1.0,0.78785353021205,0.25980392156862747,0.5221932114882507
pure_top_k,1.5,1.0,30,1,0.28,0.04,0.27,0.990955710955711,0.96,0.0,0.34704404580406845,43.773520255102085,9.48,0.96,0.96,0.8276731826864777,0.4403292181069959,0.7339449541284404
pure_top_k,1.5,1.0,30,2,0.66,0.4,0.42,0.9902242041372475,1.0,0.0,0.4172309146169573,43.80255549762298,12.64,1.0,1.0,0.9323504990988264,0.5077399380804953,0.8523489932885906
pure_top_k,1.5,1.0,30,3,0.36,0.16,0.27,0.9737256804315629,1.0,0.0,0.37702204963192343,43.82653080791047,12.72,0.96,0.96,0.8230749504929369,0.3198757763975155,0.6430976430976431
pure_top_k,1.5,1.0,30,4,0.0,0.0,0.25,0.99,0.6,0.0,0.09256301242858168,43.59549206385257,2.08,1.0,0.24,0.3883333333333333,0.15384615384615385,0.25925925925925924
pure_top_k,1.5,1.0,30,5,0.0,0.0,0.01,1.0,0.84,0.0,0.09600881872698663,43.7381784867662,2.28,1.0,0.24,0.4147008547008547,0.32786885245901637,0.4444444444444444
pure_top_k,1.5,1.0,30,6,0.36,0.2,0.36,0.9713568887253098,0.8,0.0,0.49357744502834977,43.736634004486085,16.8,0.92,0.88,0.8594638398747094,0.33726415094339623,0.656641604010025
pure_top_k,1.5,1.0,30,7,0.1,0.0,0.44,0.9479177666323446,0.99875,0.0,0.5994681472238154,43.69978281777432,19.88,1.0,1.0,0.7576928233509143,0.28239845261121854,0.6361788617886179
pure_top_k,1.5,1.0,30,8,0.2,0.16,0.2,0.9844117400625939,0.39878787878787875,0.0,0.29312321531586344,43.668422736251905,8.88,0.88,0.44,0.5997534215301662,0.49777777777777776,0.83
pure_top_k,1.5,1.0,30,9,0.0,0.0,0.0,1.0,0.0,0.0,0.06461609851568932,43.94856436473842,1.0,1.0,0.08,0.0,0.04,
pure_top_k,1.5,1.0,30,10,0.68,0.56,0.59,0.9719539562515171,1.0,0.0,0.6598423120938242,43.76277696617924,23.16,0.84,1.0,0.783446753683287,0.25900514579759865,0.5340501792114696
pure_top_k,1.5,1.0,30,11,0.0,0.0,0.29,0.9849156072685485,0.44,0.0,0.2571372326463461,42.84290324983775,7.52,1.0,0.4,0.554732321325541,0.17,0.2742857142857143
pure_top_k,1.5,1.0,30,12,0.44,0.2,0.51,0.985905787975437,0.96,0.0,0.5845897542964668,43.75721118174429,16.16,0.96,1.0,0.8714026784194906,0.3738095238095238,0.6987341772151898
pure_top_k,1.5,1.0,30,13,0.34,0.04,0.31,0.9852592592592592,0.96,0.0,0.35627061950974165,43.67737397685737,10.88,1.0,1.0,0.841395294472804,0.29347826086956524,0.5537848605577689
pure_top_k,1.5,1.0,30,14,0.5,0.0,0.0,1.0,0.0,0.0,0.06402906627394256,43.725136134083066,1.0,1.0,0.08,0.0,0.04,
pure_top_k,1.5,1.0,30,15,0.92,0.84,0.49,0.9716490796859623,1.0,0.0,0.49885535970330236,43.27795321731324,16.12,1.0,0.76,0.7377061557680163,0.2678132678132678,0.5340314136125655
pure_top_k,1.5,1.0,30,16,0.02,0.0,0.33,0.9966666666666666,0.8,0.0,0.4282093312125653,41.798080376388135,7.08,0.96,0.64,0.5407861454993808,0.16019417475728157,0.20441988950276244
pure_top_k,1.5,1.0,30,17,0.0,0.0,0.32,0.9793617804101045,0.9978378378378377,0.0,0.45238224538974464,43.641091886151635,14.08,0.96,0.88,0.5152413878454319,0.2215909090909091,0.40978593272171254
pure_top_k,1.5,1.0,30,18,0.7,0.44,0.41,0.9575276393749632,0.9588235294117646,0.0,0.5702748042438179,43.44915389142941,18.88,0.92,1.0,0.8716135218475817,0.3670103092783505,0.7152173913043478
pure_top_k,1.5,1.0,30,19,0.8,0.8,0.29,0.9959595959595959,0.2,0.0,0.18015013297088436,43.718371412131916,4.76,0.96,0.36,0.4197467070542013,0.5609756097560976,0.8775510204081632
pure_top_k,1.5,1.0,30,20,0.58,0.32,0.6,0.9340020536629232,0.9882034632034632,0.005714285714285716,0.5163026516046375,43.77502681027911,17.44,0.96,0.96,0.6919658118321106,0.24774774774774774,0.5107398568019093
pure_top_k,1.5,1.0,30,21,0.2,0.0,0.41,0.9661759074855848,0.96,0.0,0.6430626734998077,43.6778548571926,15.96,0.96,1.0,0.8073544483669954,0.30170316301703165,0.5803108808290155
pure_top_k,1.5,1.0,30,22,0.26,0.0,0.27,0.9276308336330584,0.9961666666666668,0.0,1.0274185799062252,43.181237790738244,29.32,0.4,1.0,0.7561611986241301,0.28975741239892183,0.5523012552301255
pure_top_k,1.5,1.0,30,23,0.26,0.0,0.12,1.0,0.88,0.0,0.2135120164602994,43.705403792503105,4.2,1.0,0.92,0.9496712192799149,0.5727272727272728,0.6352941176470588
pure_top_k,1.5,1.0,30,24,0.14,0.0,0.25,0.9787053830227742,0.9563636363636364,0.0019047619047619041,0.4829383660852909,39.26461870691021,12.0,0.96,1.0,0.9064125573514673,0.4782608695652174,0.7883211678832117
pure_top_k,1.5,1.0,30,25,0.8,0.6,0.64,1.0,1.0,0.0,0.2142425961792469,39.8403907436575,4.76,1.0,0.96,0.7686380193880195,0.2857142857142857,0.6170212765957447
pure_top_k,1.5,1.0,30,26,0.96,0.96,0.69,0.9263851287920255,0.9420171080515908,0.004738461538461536,0.8366815899312496,39.796718197942965,19.24,0.52,0.92,0.7025404807612105,0.184070796460177,0.44074074074074077
pure_top_k,1.5,1.0,30,27,0.34,0.08,0.28,0.9942857142857143,0.916923076923077,0.0,0.2176847694534808,39.46354334882276,5.4,1.0,0.96,0.8377426754886876,0.27941176470588236,0.5585585585585585
pure_top_k,1.5,1.0,30,28,0.06,0.0,0.19,0.9133961778181167,0.9969714285714286,0.0,0.9644894589670002,39.70524513778853,21.48,0.72,1.0,0.8702565038694438,0.413854351687389,0.6561338289962825
pure_top_k,1.5,1.0,30,29,0.4,0.0,0.25,0.9500277958611134,1.0,0.0,1.1055646687746048,38.59733170618572,30.28,0.36,1.0,0.8625121506310012,0.3764404609475032,0.6970899470899471
pure_top_k,1.5,1.0,30,30,0.3,0.0,0.23,0.992,0.9955555555555555,0.0,0.4566492777597159,38.481133652597535,8.76,1.0,1.0,0.8609130112049964,0.4801762114537445,0.693069306930693
pure_top_k,1.5,1.0,30,31,0.0,0.0,0.0,1.0,0.08,0.0,0.06200154447928066,37.61993964922787,1.08,1.0,0.12,0.4533333333333333,0.14814814814814814,0.5
pure_top_k,1.5,1.0,30,32,0.28,0.0,0.41,0.9855137844611529,1.0,0.0,0.6470327986497432,38.23324270494728,12.12,0.88,1.0,0.8589456301492373,0.483974358974359,0.7317073170731707
pure_top_k,1.5,1.0,30,33,0.64,0.28,0.7,0.9607245564892624,0.9987878787878788,0.0,0.5423158101271838,38.19427015473003,11.0,0.96,0.96,0.6045527156048102,0.3104693140794224,0.4880952380952381
pure_top_k,1.5,1.0,30,34,0.54,0.48,0.54,1.0,0.84,0.0,0.24831039465963842,37.52681108144759,6.0,1.0,0.48,0.8396638524181653,0.34,0.432
pure_top_k,1.5,1.0,30,35,1.0,1.0,0.47,0.9746208924069704,1.0,0.0,0.6043054626695812,38.14964826589824,15.8,1.0,0.56,0.45013625200306234,0.12878787878787878,0.2398921832884097
pure_top_k,1.5,1.0,30,36,0.56,0.48,0.4,0.9654136842074224,0.9958571428571429,0.0,0.5257712733186781,39.69145972674269,16.76,0.96,1.0,0.6945459787326554,0.2069767441860465,0.5061728395061729
pure_top_k,1.5,1.0,30,37,0.5,0.0,0.02,0.990752688172043,1.0,0.0,0.38117542731575665,39.69911558350056,12.6,1.0,0.56,0.4831738117914779,0.22327044025157233,0.3651877133105802
pure_top_k,1.5,1.0,30,38,0.5,0.0,0.36,0.9837320587642197,1.0,0.0,0.5097445882856846,39.15769579877861,15.76,1.0,1.0,0.7935469633362224,0.3886138613861386,0.6147757255936676
pure_top_k,1.5,1.0,30,39,0.64,0.44,0.47,0.9736548058657593,0.98875,0.010322580645161289,0.604689827663824,39.332029374154374,17.36,0.84,1.0,0.8091755199165142,0.29931972789115646,0.6298076923076923
pure_top_k,1.5,1.0,30,40,0.68,0.4,0.53,0.9532820666576218,0.9989473684210526,0.0,0.7328540197666734,39.447605459925896,24.08,0.88,1.0,0.8554393796542962,0.3474714518760196,0.7312925170068028
pure_top_k,1.5,1.0,30,41,0.98,0.96,0.25,1.0,0.12,0.0,0.0901499538403004,39.48484298195023,1.68,1.0,0.2,0.19063247863247867,0.3023255813953488,0.7777777777777778
pure_top_k,1.5,1.0,30,42,0.06,0.0,0.0,0.9942857142857143,1.0,0.0,0.1111206141952425,38.49679256838718,2.2,1.0,0.16,0.20555555555555557,0.18181818181818182,0.26666666666666666
pure_top_k,1.5,1.0,30,43,0.82,0.64,0.54,0.9651677914914184,0.7965151515151514,0.0,0.5590063974540681,39.13280127510489,12.52,0.92,0.88,0.8192115345622623,0.31230283911671924,0.5856164383561644
pure_top_k,1.5,1.0,30,44,1.0,1.0,0.3,0.9883174603174604,0.2,0.0,0.15045323400758204,38.93527582412462,4.04,1.0,0.28,0.33195712681079553,0.4215686274509804,0.7662337662337663
pure_top_k,1.5,1.0,30,45,0.38,0.16,0.44,0.8944869184054993,0.9978947368421052,0.0,1.1564403392188252,39.097912578118404,34.72,0.36,1.0,0.7438662773075487,0.24157303370786518,0.5549132947976878
pure_top_k,1.5,1.0,30,46,1.0,1.0,0.7,0.9966666666666666,1.0,0.0,0.4370262296870351,39.061299966869726,13.76,1.0,0.88,0.3783346958339218,0.1048158640226629,0.15853658536585366
pure_top_k,1.5,1.0,30,47,0.46,0.12,0.43,0.9658184720629929,1.0,0.0,0.7471189593151212,38.707432232047566,21.8,0.84,1.0,0.8506549077723787,0.3641304347826087,0.7628083491461101
pure_top_k,1.5,1.0,30,48,0.4,0.0,0.06,1.0,1.0,0.0,0.22899856548756362,38.24796601616746,3.64,1.0,0.56,0.6838869833869834,0.29347826086956524,0.43283582089552236
pure_top_k,1.5,1.0,30,49,0.12,0.12,0.04,0.996,0.04,0.0,0.09203471664339301,36.99905386188723,1.36,1.0,0.2,0.286,0.2777777777777778,0.9090909090909091
pure_top_p,0.1,0.6,0,0,1.0,1.0,0.5,1.0,1.0,0.0,0.4160942696593702,43.261674624377804,14.0,1.0,0.04,0.0,0.04,0.04
pure_top_p,0.1,0.6,0,1,0.0,0.0,0.25,1.0,1.0,0.0,0.18410409861244253,43.45392329817909,6.0,1.0,0.08,0.1666666666666667,0.04,0.048
pure_top_p,0.1,0.6,0,2,0.5,0.0,0.25,1.0,1.0,0.0,0.2754346297495067,43.567692245942716,9.0,1.0,0.04,0.0,0.04,0.04
pure_top_p,0.1,0.6,0,3,0.0,0.0,0.25,1.0,1.0,0.0,0.18473162119276818,43.309889871323634,6.0,1.0,0.04,0.0,0.04,0.04
pure_top_p,0.1,0.6,0,4,0.0,0.0,0.25,1.0,1.0,0.0,0.09190924127586181,43.521275328404656,2.0,1.0,0.04,0.0,0.04,0.04
pure_top_p,0.1,0.6,0,5,0.0,0.0,0.0,1.0,1.0,0.0,0.06899053036235267,43.48429939693463,2.0,1.0,0.04,0.0,0.04,0.04
pure_top_p,0.1,0.6,0,6,0.98,0.96,0.74,0.9583333333333333,1.0,0.0,0.6214577473513782,43.447186319223995,24.0,1.0,0.04,0.0,0.03666666666666667,0.04
pure_top_p,0.1,0.6,0,7,0.0,0.0,0.46,0.9771428571428572,1.0,0.0,0.5209025487583131,43.354630209118625,15.6,1.0,0.12,0.34008281573498966,0.05336426914153132,0.07389162561576355
pure_top_p,0.1,0.6,0,8,0.0,0.0,0.0,1.0,0.0,0.0,0.0459834820311516,43.49553127674235,1.0,1.0,0.04,0.0,0.04,
pure_top_p,0.1,0.6,0,9,0.0,0.0,0.0,1.0,0.0,0.0,0.06908296187408265,43.42985786003757,1.0,1.0,0.04,0.0,0.04,
pure_top_p,0.1,0.6,0,10,1.0,1.0,0.75,0.9615384615384615,1.0,0.0,0.7177187775820494,43.20253409491219,26.0,1.0,0.04,0.0,0.038461538461538464,0.04
pure_top_p,0.1,0.6,0,11,0.0,0.0,0.25,1.0,0.0,0.0,0.0691079304181039,43.413879817181524,1.0,1.0,0.04,0.0,0.04,
pure_top_p,0.1,0.6,0,12,0.5,0.0,0.5,1.0,1.0,0.0,0.4132140694092959,43.561012241231744,13.0,1.0,0.04,0.0,0.04,0.04
pure_top_p,0.1,0.6,0,13,0.5,0.0,0.25,1.0,1.0,0.0,0.13816842683590946,43.425703931931615,4.0,1.0,0.04,0.0,0.04,0.04
pure_top_p,0.1,0.6,0,14,0.5,0.0,0.0,1.0,0.0,0.0,0.06909845626913008,43.41743933768694,1.0,1.0,0.04,0.0,0.04,
pure_top_p,0.1,0.6,0,15,1.0,1.0,0.25,1.0,1.0,0.0,0.18404552176594727,43.46798741684741,6.0,1.0,0.04,0.0,0.04,0.04
pure_top_p,0.1,0.6,0,16,0.0,0.0,0.25,1.0,1.0,0.0,0.399966087192297,42.528995443345885,8.0,1.0,0.04,0.0,0.04,0.04
pure_top_p,0.1,0.6,0,17,0.0,0.0,0.25,1.0,1.0,0.0,0.5058549761027098,43.49094894398265,18.0,1.0,0.04,0.0,0.03777777777777778,0.04
pure_top_p,0.1,0.6,0,18,1.0,1.0,0.75,0.8249999999999998,1.0,0.0,1.1070252454373986,43.36239390468855,40.0,0.0,0.04,0.0,0.033,0.04
pure_top_p,0.1,0.6,0,19,1.0,1.0,0.25,1.0,0.0,0.0,0.04600344895385202,43.48059256933597,1.0,1.0,0.04,0.0,0.04,
pure_top_p,0.1,0.6,0,20,0.5,0.0,0.5,1.0,1.0,0.0,0.2985196729376912,43.54840088919592,11.0,1.0,0.08,0.12833333333333333,0.04363636363636364,0.056
pure_top_p,0.1,0.6,0,21,0.0,0.0,0.27,1.0,1.0,0.0,0.5282499587535858,43.54049484492566,14.0,1.0,0.04,0.0,0.04,0.04
pure_top_p,0.1,0.6,0,22,0.5,0.0,0.25,0.9032258064516127,1.0,0.0,1.111811257218942,43.183473589768454,31.0,0.0,0.04,0.0,0.03483870967741935,0.04
pure_top_p,0.1,0.6,0,23,0.5,0.0,0.25,1.0,1.0,0.0,0.16069672551006076,43.56095618574243,3.0,1.0,0.04,0.0,0.04,0.04
pure_top_p,0.1,0.6,0,24,0.0,0.0,0.5,0.8648648648648648,1.0,0.0,1.1036682836152614,43.491455889995585,37.0,0.0,0.04,0.0,0.034444444444444444,0.04
pure_top_p,0.1,0.6,0,25,1.0,1.0,0.75,1.0,1.0,0.0,0.22943803136236965,39.24706261755488,5.0,1.0,0.04,0.0,0.04,0.04
pure_top_p,0.1,0.6,0,26,1.0,1.0,0.87,0.8909523809523808,0.9815384615384616,0.0,1.2257903844024987,39.17260057815931,27.52,0.0,0.08,0.21666666666666667,0.04363636363636364,0.0525
pure_top_p,0.1,0.6,0,27,0.0,0.0,0.25,1.0,1.0,0.0,0.20404724138788877,39.22380850722791,5.0,1.0,0.04,0.0,0.04,0.04
pure_top_p,0.1,0.6,0,28,0.0,0.0,0.25,0.8888888888888888,1.0,0.0,0.9895653171744198,39.427174940816954,18.0,1.0,0.04,0.0,0.03428571428571429,0.04
pure_top_p,0.1,0.6,0,29,0.5,0.0,0.25,0.972972972972973,1.0,0.0,1.2313099968992174,39.01449408613838,37.0,0.0,0.04,0.0,0.03891891891891892,0.04
pure_top_p,0.1,0.6,0,30,0.0,0.0,0.25,1.0,1.0,0.0,0.3451826453860849,38.0639853688156,7.0,1.0,0.04,0.0,0.04,0.04
pure_top_p,0.1,0.6,0,31,0.0,0.0,0.0,1.0,0.0,0.0,0.05130569024011487,39.06777255936272,1.0,1.0,0.04,0.0,0.04,
pure_top_p,0.1,0.6,0,32,0.0,0.0,0.5,1.0,1.0,0.0,0.4965100645646453,38.330180064118935,10.0,1.0,0.04,0.0,0.04,0.04
pure_top_p,0.1,0.6,0,33,0.5,0.0,0.75,1.0,1.0,0.0,0.41420676860027017,36.43029627723976,8.0,1.0,0.04,0.0,0.04,0.04
pure_top_p,0.1,0.6,0,34,0.0,0.0,0.25,1.0,0.0,0.0,0.10518398679792877,38.20360989752843,1.0,1.0,0.04,0.0,0.04,
pure_top_p,0.1,0.6,0,35,1.0,1.0,0.25,1.0,1.0,0.0,0.46713908880017696,38.60134851045625,11.0,1.0,0.04,0.0,0.04,0.04
pure_top_p,0.1,0.6,0,36,1.0,1.0,0.25,1.0,1.0,0.0,0.3535781545843929,39.60795011874835,12.0,1.0,0.04,0.0,0.04,0.04
pure_top_p,0.1,0.6,0,37,0.5,0.0,0.0,1.0,1.0,0.0,0.3322282219026238,39.161037909640505,11.0,1.0,0.04,0.0,0.04,0.04
pure_top_p,0.1,0.6,0,38,0.5,0.0,0.5,1.0,1.0,0.0,0.4216607091296464,37.98633937559975,14.0,1.0,0.04,0.0,0.04,0.04
pure_top_p,0.1,0.6,0,39,1.0,1.0,0.25,1.0,1.0,0.0,0.28132847872562705,39.11872124648693,8.0,1.0,0.04,0.0,0.04,0.04
pure_top_p,0.1,0.6,0,40,0.5,0.0,0.25,0.9333333333333332,1.0,0.0,0.4451813446637243,38.22445973710358,15.0,1.0,0.04,0.0,0.037333333333333336,0.04
pure_top_p,0.1,0.6,0,41,1.0,1.0,0.25,1.0,0.0,0.0,0.07929835507646199,38.14430388114858,1.0,1.0,0.04,0.0,0.04,
pure_top_p,0.1,0.6,0,42,0.0,0.0,0.0,1.0,1.0,0.0,0.10726882423274216,37.41384218628916,2.0,1.0,0.04,0.0,0.04,0.04
pure_top_p,0.1,0.6,0,43,1.0,1.0,0.75,1.0,1.0,0.0,0.4429240883607417,38.46272586020712,9.0,1.0,0.04,0.0,0.04,0.04
pure_top_p,0.1,0.6,0,44,1.0,1.0,0.25,1.0,0.0,0.0,0.05109196280129249,39.28406495431393,1.0,1.0,0.04,0.0,0.04,
pure_top_p,0.1,0.6,0,45,0.0,0.0,0.25,0.9565217391304348,1.0,0.0,0.793721363125369,37.84366072534706,23.0,1.0,0.04,0.0,0.03833333333333333,0.04
pure_top_p,0.1,0.6,0,46,1.0,1.0,0.75,1.0,1.0,0.0,0.41291312166489663,38.808578421816414,14.0,1.0,0.04,0.0,0.04,0.04
pure_top_p,0.1,0.6,0,47,0.78,0.56,0.64,0.9349122807017544,1.0,0.0,0.9666583358962089,36.83356644128375,29.64,1.0,0.12,0.4229658605974395,0.06342780026990553,0.0893854748603352
pure_top_p,0.1,0.6,0,48,0.5,0.0,0.0,1.0,1.0,0.0,0.13655440645292397,36.827444452359686,2.0,1.0,0.04,0.0,0.04,0.04
pure_top_p,0.1,0.6,0,49,0.0,0.0,0.0,1.0,0.0,0.0,0.076883231466636,39.067578927517594,1.0,1.0,0.04,0.0,0.04,
pure_top_p,0.1,0.8,0,0,1.0,1.0,0.5,1.0,1.0,0.0,0.4131609329301864,43.56673590270166,14.0,1.0,0.04,0.0,0.04,0.04
pure_top_p,0.1,0.8,0,1,0.0,0.0,0.25,1.0,1.0,0.0,0.18394322840496893,43.49185430659108,6.0,1.0,0.08,0.1666666666666667,0.04,0.048
pure_top_p,0.1,0.8,0,2,0.5,0.0,0.25,1.0,1.0,0.0,0.27894004005938766,43.04775580916112,9.0,1.0,0.04,0.0,0.04,0.04
pure_top_p,0.1,0.8,0,3,0.0,0.0,0.25,1.0,1.0,0.0,0.18541190853342415,43.159481344898985,6.0,1.0,0.08,0.10857142857142857,0.04666666666666667,0.056
pure_top_p,0.1,0.8,0,4,0.0,0.0,0.25,1.0,1.0,0.0,0.09201377301476893,43.47202410819189,2.0,1.0,0.04,0.0,0.04,0.04
pure_top_p,0.1,0.8,0,5,0.0,0.0,0.0,1.0,1.0,0.0,0.0690001382026821,43.47828970797708,2.0,1.0,0.04,0.0,0.04,0.04
pure_top_p,0.1,0.8,0,6,0.58,0.56,0.64,0.9118421052631579,1.0,0.0,0.7871531042456626,43.43995404586897,29.6,1.0,0.08,0.3194444444444444,0.04864864864864865,0.06573426573426573
pure_top_p,0.1,0.8,0,7,0.0,0.0,0.38,0.9776623376623377,1.0,0.0,0.5062596199754625,42.84320783331296,14.56,1.0,0.16,0.4153764930721452,0.0798004987531172,0.1276595744680851
pure_top_p,0.1,0.8,0,8,0.0,0.0,0.0,1.0,0.0,0.0,0.04597116808407005,43.50579611294058,1.0,1.0,0.04,0.0,0.04,
pure_top_p,0.1,0.8,0,9,0.0,0.0,0.0,1.0,0.0,0.0,0.06883384316228326,43.58368752913227,1.0,1.0,0.04,0.0,0.04,
pure_top_p,0.1,0.8,0,10,1.0,1.0,0.75,0.9615384615384615,1.0,0.0,0.7147742195334286,43.37463537505285,26.0,1.0,0.04,0.0,0.038461538461538464,0.04
pure_top_p,0.1,0.8,0,11,0.0,0.0,0.25,1.0,0.0,0.0,0.06895708156749603,43.505527654874506,1.0,1.0,0.04,0.0,0.04,
pure_top_p,0.1,0.8,0,12,0.5,0.0,0.5,1.0,1.0,0.0,0.4137132156267762,43.50851899680105,13.0,1.0,0.04,0.0,0.04,0.04
pure_top_p,0.1,0.8,0,13,0.5,0.0,0.25,1.0,1.0,0.0,0.13831265754066405,43.38103459825813,4.0,1.0,0.04,0.0,0.04,0.04
pure_top_p,0.1,0.8,0,14,0.5,0.0,0.0,1.0,0.0,0.0,0.06907242786139246,43.434331949739374,1.0,1.0,0.04,0.0,0.04,
pure_top_p,0.1,0.8,0,15,1.0,1.0,0.25,1.0,1.0,0.0,0.1837423070892691,43.539528214757304,6.0,1.0,0.04,0.0,0.04,0.04
pure_top_p,0.1,0.8,0,16,0.0,0.0,0.25,1.0,1.0,0.0,0.39057951541617514,43.52536594733376,8.0,1.0,0.04,0.0,0.04,0.04
pure_top_p,0.1,0.8,0,17,0.0,0.0,0.25,1.0,1.0,0.0,0.5069977268110961,43.39774470253289,18.0,1.0,0.04,0.0,0.03777777777777778,0.04
pure_top_p,0.1,0.8,0,18,1.0,1.0,0.75,0.8267073170731707,1.0,0.0,1.1355102523509413,42.29803009835714,40.4,0.0,0.08,0.04285714285714287,0.034653465346534656,0.0416243654822335
pure_top_p,0.1,0.8,0,19,1.0,1.0,0.25,1.0,0.0,0.0,0.045852067880332435,43.618724575668715,1.0,1.0,0.04,0.0,0.04,
pure_top_p,0.1,0.8,0,20,0.5,0.0,0.5,1.0,1.0,0.0,0.2992257232777774,43.44630087683838,11.0,1.0,0.08,0.12833333333333333,0.04363636363636364,0.056
pure_top_p,0.1,0.8,0,21,0.0,0.0,0.31,0.9822624434389141,1.0,0.0,0.52653934199363,43.529521574570296,13.92,1.0,0.12,0.1890612745098039,0.0603448275862069,0.07430340557275542
pure_top_p,0.1,0.8,0,22,0.4,0.0,0.25,0.8907301760323908,0.988901515151515,0.0,1.1142506526596845,42.668637325361296,32.04,0.2,0.24,0.3335358701592098,0.06741573033707865,0.0979381443298969
pure_top_p,0.1,0.8,0,23,0.5,0.0,0.25,1.0,1.0,0.0,0.16099363164976235,43.48391363785037,3.0,1.0,0.04,0.0,0.04,0.04
pure_top_p,0.1,0.8,0,24,0.0,0.0,0.4,0.8948647478647479,1.0,0.0,0.9852996632549912,39.08433196359167,27.28,0.8,0.24,0.4274343055684623,0.06046511627906977,0.08225806451612903
pure_top_p,0.1,0.8,0,25,1.0,1.0,0.75,1.0,1.0,0.0,0.24019531262107185,37.50122723537208,5.0,1.0,0.04,0.0,0.04,0.04
pure_top_p,0.1,0.8,0,26,1.0,1.0,0.83,0.891231746031746,0.9875641025641027,0.0,1.2127348416112362,39.4945295931532,27.6,0.04,0.12,0.19016283524904212,0.04495747266099635,0.05513784461152882
pure_top_p,0.1,0.8,0,27,0.0,0.0,0.25,1.0,1.0,0.0,0.2036565091833472,39.29764299916687,5.0,1.0,0.04,0.0,0.04,0.04
pure_top_p,0.1,0.8,0,28,0.0,0.0,0.25,0.8888888888888888,1.0,0.0,0.9944133477285504,39.23756845688892,18.0,1.0,0.04,0.0,0.03428571428571429,0.04
pure_top_p,0.1,0.8,0,29,0.5,0.0,0.25,0.972972972972973,1.0,0.0,1.2421736884769052,38.69067430138626,37.0,0.0,0.04,0.0,0.03891891891891892,0.04
pure_top_p,0.1,0.8,0,30,0.0,0.0,0.25,1.0,1.0,0.0,0.3338131960108876,38.98651347653141,7.0,1.0,0.04,0.0,0.04,0.04
pure_top_p,0.1,0.8,0,31,0.0,0.0,0.0,1.0,0.0,0.0,0.05169523621909315,38.77682102116298,1.0,1.0,0.04,0.0,0.04,
pure_top_p,0.1,0.8,0,32,0.0,0.0,0.5,1.0,1.0,0.0,0.49568674637936055,38.369896468442356,10.0,1.0,0.04,0.0,0.04,0.04
pure_top_p,0.1,0.8,0,33,0.5,0.0,0.75,1.0,1.0,0.0,0.39249787146225573,38.276752616332644,8.0,1.0,0.04,0.0,0.04,0.04
pure_top_p,0.1,0.8,0,34,0.0,0.0,0.25,1.0,0.0,0.0,0.10137389968149359,39.51443137209909,1.0,1.0,0.04,0.0,0.04,
pure_top_p,0.1,0.8,0,35,1.0,1.0,0.25,1.0,1.0,0.0,0.4744865347445011,38.22748271654544,11.0,1.0,0.04,0.0,0.04,0.04
pure_top_p,0.1,0.8,0,36,1.0,1.0,0.25,1.0,1.0,0.0,0.35269016749225557,39.70973983502864,12.0,1.0,0.04,0.0,0.04,0.04
pure_top_p,0.1,0.8,0,37,0.5,0.0,0.0,1.0,1.0,0.0,0.3380603195168078,38.5007356627448,11.0,1.0,0.04,0.0,0.04,0.04
pure_top_p,0.1,0.8,0,38,0.5,0.0,0.5,1.0,1.0,0.0,0.40623564762994646,39.401491789021364,14.0,1.0,0.04,0.0,0.04,0.04
pure_top_p,0.1,0.8,0,39,1.0,1.0,0.25,1.0,1.0,0.0,0.2824811672233045,38.97640501096917,8.0,1.0,0.04,0.0,0.04,0.04
pure_top_p,0.1,0.8,0,40,0.5,0.0,0.25,0.9333333333333332,1.0,0.0,0.42733300175517797,39.792686836796136,15.0,1.0,0.04,0.0,0.037333333333333336,0.04
pure_top_p,0.1,0.8,0,41,1.0,1.0,0.25,1.0,0.0,0.0,0.07709879445843393,38.950330458808274,1.0,1.0,0.04,0.0,0.04,
pure_top_p,0.1,0.8,0,42,0.0,0.0,0.0,1.0,1.0,0.0,0.10273651631548997,38.998269837966994,2.0,1.0,0.04,0.0,0.04,0.04
pure_top_p,0.1,0.8,0,43,0.9,0.8,0.6,1.0,0.8,0.0,0.38256868693977597,38.89361351703273,7.4,1.0,0.08,0.29629629629629634,0.04864864864864865,0.05
pure_top_p,0.1,0.8,0,44,1.0,1.0,0.25,1.0,0.0,0.0,0.05976539802737529,38.85448636916988,1.0,1.0,0.08,0.0,0.04,
pure_top_p,0.1,0.8,0,45,0.06,0.0,0.28,0.9433484631310718,1.0,0.0,0.8275582758057862,38.955496202307636,25.04,0.92,0.2,0.3118898632301485,0.09104938271604938,0.1332263242375602
pure_top_p,0.1,0.8,0,46,1.0,1.0,0.75,1.0,1.0,0.0,0.4219489881303161,38.02058146654577,14.0,1.0,0.04,0.0,0.04,0.04
pure_top_p,0.1,0.8,0,47,0.9,0.8,0.7,0.9473823447507658,1.0,0.0,0.957925930377096,38.18746371624189,30.32,1.0,0.28,0.42590454925242227,0.07631578947368421,0.12108843537414966
pure_top_p,0.1,0.8,0,48,0.5,0.0,0.0,1.0,1.0,0.0,0.13349403735250231,37.523256861987356,2.0,1.0,0.04,0.0,0.04,0.04
pure_top_p,0.1,0.8,0,49,0.0,0.0,0.0,1.0,0.0,0.0,0.08343720230273899,36.47771998487315,1.0,1.0,0.04,0.0,0.04,
pure_top_p,0.1,0.9,0,0,1.0,1.0,0.5,1.0,1.0,0.0,0.41877046349458397,43.01383193748139,14.0,1.0,0.04,0.0,0.04,0.04
pure_top_p,0.1,0.9,0,1,0.0,0.0,0.25,1.0,1.0,0.0,0.18394436818547547,43.49163252555011,6.0,1.0,0.08,0.16000000000000006,0.04,0.048
pure_top_p,0.1,0.9,0,2,0.5,0.0,0.25,1.0,1.0,0.0,0.2753683199826628,43.57806292623648,9.0,1.0,0.04,0.0,0.04,0.04
pure_top_p,0.1,0.9,0,3,0.0,0.0,0.25,1.0,1.0,0.0,0.18403012253344053,43.471621199935946,6.0,1.0,0.08,0.08,0.04666666666666667,0.056
pure_top_p,0.1,0.9,0,4,0.0,0.0,0.25,1.0,1.0,0.0,0.09242825187742706,43.28636936529013,2.0,1.0,0.04,0.0,0.04,0.04
pure_top_p,0.1,0.9,0,5,0.0,0.0,0.0,1.0,1.0,0.0,0.06919415058568117,43.357992466575745,2.0,1.0,0.04,0.0,0.04,0.04
pure_top_p,0.1,0.9,0,6,0.64,0.56,0.64,0.9343184885290148,1.0,0.0,0.7498917299136519,43.0627952841313,28.0,0.92,0.16,0.3008095238095238,0.08166189111747851,0.1188707280832095
pure_top_p,0.1,0.9,0,7,0.02,0.0,0.45,0.9648816908581616,1.0,0.0,0.5622789883613586,42.59438318244129,16.72,1.0,0.32,0.5007383307293751,0.11428571428571428,0.19767441860465115
pure_top_p,0.1,0.9,0,8,0.0,0.0,0.0,1.0,0.0,0.0,0.046078088283538765,43.40615858083782,1.0,1.0,0.04,0.0,0.04,
pure_top_p,0.1,0.9,0,9,0.0,0.0,0.0,1.0,0.0,0.0,0.06875464219599957,43.63371672592916,1.0,1.0,0.04,0.0,0.04,
pure_top_p,0.1,0.9,0,10,1.0,1.0,0.75,0.9615384615384615,1.0,0.0,0.7125594460498541,43.5060298331229,26.0,1.0,0.04,0.0,0.038461538461538464,0.04
pure_top_p,0.1,0.9,0,11,0.0,0.0,0.25,1.0,0.0,0.0,0.06890523257665332,43.53851172406675,1.0,1.0,0.04,0.0,0.04,
pure_top_p,0.1,0.9,0,12,0.5,0.0,0.5,1.0,1.0,0.0,0.41543459470383826,43.33499339821754,13.0,1.0,0.04,0.0,0.04,0.04
pure_top_p,0.1,0.9,0,13,0.5,0.0,0.25,1.0,1.0,0.0,0.13808812434785064,43.451350014672386,4.0,1.0,0.04,0.0,0.04,0.04
pure_top_p,0.1,0.9,0,14,0.5,0.0,0.0,1.0,0.0,0.0,0.0690116383694112,43.47601959458532,1.0,1.0,0.04,0.0,0.04,
pure_top_p,0.1,0.9,0,15,1.0,1.0,0.25,1.0,1.0,0.0,0.18370283503085372,43.5487222521873,6.0,1.0,0.04,0.0,0.04,0.04
pure_top_p,0.1,0.9,0,16,0.0,0.0,0.25,1.0,1.0,0.0,0.40736142634414135,41.74875747727545,8.0,1.0,0.04,0.0,0.04,0.04
pure_top_p,0.1,0.9,0,17,0.0,0.0,0.25,1.0,1.0,0.0,0.5151205442845821,42.73317296931892,18.0,1.0,0.04,0.0,0.03777777777777778,0.04
pure_top_p,0.1,0.9,0,18,1.0,1.0,0.75,0.8256829268292682,1.0,0.0,1.119756141314283,42.88748755935477,40.16,0.0,0.08,0.02400000000000001,0.0348605577689243,0.04187946884576098
pure_top_p,0.1,0.9,0,19,1.0,1.0,0.25,1.0,0.0,0.0,0.04591503586620088,43.55913494094344,1.0,1.0,0.04,0.0,0.04,
pure_top_p,0.1,0.9,0,20,0.5,0.0,0.5,1.0,1.0,0.0,0.2986639550048858,43.527365395085546,11.0,1.0,0.08,0.13,0.04363636363636364,0.056
pure_top_p,0.1,0.9,0,21,0.0,0.0,0.31,0.9822624434389141,1.0,0.0,0.5270095893181861,43.490710607000366,13.92,1.0,0.12,0.18906127450980392,0.0603448275862069,0.07430340557275542
pure_top_p,0.1,0.9,0,22,0.46,0.0,0.25,0.8965124202173537,0.9938257575757575,0.0,1.1160497785545886,42.95370129511444,31.56,0.08,0.16,0.17821781086297217,0.059569074778200254,0.08115183246073299
pure_top_p,0.1,0.9,0,23,0.5,0.0,0.25,1.0,1.0,0.0,0.1608519927319139,43.51846628153763,3.0,1.0,0.04,0.0,0.04,0.04
pure_top_p,0.1,0.9,0,24,0.0,0.0,0.39,0.8818058968058967,1.0,0.0,0.963542944258079,38.92607141394411,26.96,0.64,0.2,0.41631167242933825,0.061806656101426306,0.08250825082508251
pure_top_p,0.1,0.9,0,25,1.0,1.0,0.75,1.0,1.0,0.0,0.2294503861200064,39.252448373165464,5.0,1.0,0.04,0.0,0.04,0.04
pure_top_p,0.1,0.9,0,26,0.96,0.92,0.81,0.8901650793650794,0.9871794871794873,0.0,1.210648246575147,39.25560295852791,27.36,0.16,0.2,0.2233428666036138,0.04895960832313342,0.06439393939393939
pure_top_p,0.1,0.9,0,27,0.0,0.0,0.25,1.0,1.0,0.0,0.20417931482195847,39.200313975754504,5.0,1.0,0.04,0.0,0.04,0.04
pure_top_p,0.1,0.9,0,28,0.0,0.0,0.25,0.8888888888888888,1.0,0.0,0.9830760472547263,39.677528723362215,18.0,1.0,0.04,0.0,0.03428571428571429,0.04
pure_top_p,0.1,0.9,0,29,0.5,0.0,0.25,0.972972972972973,1.0,0.0,1.2520870286598802,38.35867507294633,37.0,0.0,0.04,0.0,0.03891891891891892,0.04
pure_top_p,0.1,0.9,0,30,0.0,0.0,0.25,1.0,1.0,0.0,0.34175463441759346,38.11036390933133,7.0,1.0,0.04,0.0,0.04,0.04
pure_top_p,0.1,0.9,0,31,0.0,0.0,0.0,1.0,0.0,0.0,0.051779537042602845,38.69456751659131,1.0,1.0,0.04,0.0,0.04,
pure_top_p,0.1,0.9,0,32,0.0,0.0,0.5,1.0,1.0,0.0,0.49830843686126175,38.29236048035967,10.0,1.0,0.04,0.0,0.04,0.04
pure_top_p,0.1,0.9,0,33,0.5,0.0,0.75,1.0,1.0,0.0,0.3910785869974643,38.41518986480237,8.0,1.0,0.04,0.0,0.04,0.04
pure_top_p,0.1,0.9,0,34,0.0,0.0,0.25,1.0,0.0,0.0,0.1020607314072549,39.23172525066147,1.0,1.0,0.04,0.0,0.04,
pure_top_p,0.1,0.9,0,35,1.0,1.0,0.25,1.0,1.0,0.0,0.4691575000900775,38.44502183145873,11.0,1.0,0.04,0.0,0.04,0.04
pure_top_p,0.1,0.9,0,36,1.0,1.0,0.25,1.0,1.0,0.0,0.35383608045987786,39.575996224882836,12.0,1.0,0.04,0.0,0.04,0.04
pure_top_p,0.1,0.9,0,37,0.5,0.0,0.0,1.0,1.0,0.0,0.33283346115611495,39.09267519017575,11.0,1.0,0.04,0.0,0.04,0.04
pure_top_p,0.1,0.9,0,38,0.5,0.0,0.5,1.0,1.0,0.0,0.41125414493493734,38.93157063857758,14.0,1.0,0.04,0.0,0.04,0.04
pure_top_p,0.1,0.9,0,39,1.0,1.0,0.25,1.0,1.0,0.0,0.2816510057728738,39.09179146415611,8.0,1.0,0.04,0.0,0.04,0.04
pure_top_p,0.1,0.9,0,40,0.5,0.0,0.25,0.9333333333333332,1.0,0.0,0.43381378551013766,39.212082089815645,15.0,1.0,0.04,0.0,0.037333333333333336,0.04
pure_top_p,0.1,0.9,0,41,1.0,1.0,0.25,1.0,0.0,0.0,0.07886617020703847,38.2537068902077,1.0,1.0,0.04,0.0,0.04,
pure_top_p,0.1,0.9,0,42,0.0,0.0,0.0,1.0,1.0,0.0,0.10282593452371654,38.948812057343616,2.0,1.0,0.04,0.0,0.04,0.04
pure_top_p,0.1,0.9,0,43,0.76,0.52,0.39,1.0,0.52,0.0,0.3007941235229373,38.96027337097718,5.16,1.0,0.08,0.4622222222222222,0.06976744186046512,0.07692307692307693
pure_top_p,0.1,0.9,0,44,1.0,1.0,0.25,1.0,0.0,0.0,0.05547412827610966,38.50282306984988,1.0,1.0,0.08,0.0,0.04,
pure_top_p,0.1,0.9,0,45,0.12,0.08,0.29,0.9403074122279519,1.0,0.0,0.8200554848834872,38.12100298492353,24.48,0.96,0.24,0.3167150698433136,0.10236220472440945,0.15737704918032788
pure_top_p,0.1,0.9,0,46,1.0,1.0,0.75,1.0,1.0,0.0,0.4124782300274819,38.86164316313851,14.0,1.0,0.04,0.0,0.04,0.04
pure_top_p,0.1,0.9,0,47,0.78,0.6,0.65,0.9361842142894774,0.9988235294117647,0.0,0.9276149201299995,37.81729738727408,28.96,1.0,0.32,0.5098006392664964,0.09917355371900827,0.15549215406562053
pure_top_p,0.1,0.9,0,48,0.5,0.0,0.0,1.0,1.0,0.0,0.14843393586575981,34.998499039977865,2.0,1.0,0.04,0.0,0.04,0.04
pure_top_p,0.1,0.9,0,49,0.0,0.0,0.0,1.0,0.0,0.0,0.07541477099061009,39.82892922656878,1.0,1.0,0.04,0.0,0.04,
pure_top_p,0.1,0.95,0,0,1.0,1.0,0.5,1.0,1.0,0.0,0.414277959568426,43.45072270915139,14.0,1.0,0.04,0.0,0.04,0.04
pure_top_p,0.1,0.95,0,1,0.0,0.0,0.25,1.0,1.0,0.0,0.18493513962253924,43.260651207174845,6.0,1.0,0.08,0.17111111111111113,0.04,0.048
pure_top_p,0.1,0.95,0,2,0.5,0.0,0.25,1.0,1.0,0.0,0.27537510307505725,43.576992780217445,9.0,1.0,0.04,0.0,0.04,0.04
pure_top_p,0.1,0.95,0,3,0.0,0.0,0.25,1.0,1.0,0.0,0.18384020459838207,43.51609797999035,6.0,1.0,0.08,0.12,0.04666666666666667,0.056
pure_top_p,0.1,0.95,0,4,0.0,0.0,0.25,1.0,1.0,0.0,0.092058428004384,43.45177112258638,2.0,1.0,0.04,0.0,0.04,0.04
pure_top_p,0.1,0.95,0,5,0.0,0.0,0.0,1.0,1.0,0.0,0.06903545731678601,43.45603938140356,2.0,1.0,0.04,0.0,0.04,0.04
pure_top_p,0.1,0.95,0,6,0.58,0.44,0.61,0.938582995951417,1.0,0.0,0.7461209670640528,43.41966170837729,28.04,0.88,0.16,0.30990476190476185,0.08166189111747851,0.1188707280832095
pure_top_p,0.1,0.95,0,7,0.04,0.0,0.44,0.9586505729564553,1.0,0.0,0.5545649131573737,43.49052778377838,16.84,1.0,0.4,0.562398232761017,0.11842105263157894,0.20649651972157773
pure_top_p,0.1,0.95,0,8,0.0,0.0,0.0,1.0,0.0,0.0,0.04602943266741928,43.45179275053654,1.0,1.0,0.04,0.0,0.04,
pure_top_p,0.1,0.95,0,9,0.0,0.0,0.0,1.0,0.0,0.0,0.06891914105042812,43.53026590906098,1.0,1.0,0.04,0.0,0.04,
pure_top_p,0.1,0.95,0,10,1.0,1.0,0.75,0.9615384615384615,1.0,0.0,0.7246493062376976,42.80456708458227,26.0,1.0,0.04,0.0,0.038461538461538464,0.04
pure_top_p,0.1,0.95,0,11,0.0,0.0,0.35,0.9913043478260869,0.2,0.0,0.1972789661306888,43.578772715516216,5.4,1.0,0.08,0.3194444444444445,0.16551724137931034,0.2
pure_top_p,0.1,0.95,0,12,0.5,0.0,0.5,1.0,1.0,0.0,0.4136746945604682,43.512748068764175,13.0,1.0,0.04,0.0,0.04,0.04
pure_top_p,0.1,0.95,0,13,0.5,0.0,0.25,1.0,1.0,0.0,0.138359802076593,43.367900639592435,4.0,1.0,0.04,0.0,0.04,0.04
pure_top_p,0.1,0.95,0,14,0.5,0.0,0.0,1.0,0.0,0.0,0.06899597752839323,43.48095242868027,1.0,1.0,0.04,0.0,0.04,
pure_top_p,0.1,0.95,0,15,1.0,1.0,0.25,1.0,1.0,0.0,0.18364676748402414,43.56246767818947,6.0,1.0,0.04,0.0,0.04,0.04
pure_top_p,0.1,0.95,0,16,0.0,0.0,0.25,1.0,1.0,0.0,0.39212564448826015,43.361202459888744,8.0,1.0,0.04,0.0,0.04,0.04
pure_top_p,0.1,0.95,0,17,0.0,0.0,0.25,1.0,1.0,0.0,0.51285515348427,42.92231564313879,18.0,1.0,0.04,0.0,0.03777777777777778,0.04
pure_top_p,0.1,0.95,0,18,1.0,1.0,0.75,0.8255121951219512,1.0,0.0,1.1161902364064007,43.02091263844977,40.12,0.0,0.08,0.018857142857142864,0.03489531405782652,0.041922290388548056
pure_top_p,0.1,0.95,0,19,1.0,1.0,0.25,1.0,0.0,0.0,0.04588373946025963,43.58890712318101,1.0,1.0,0.04,0.0,0.04,
pure_top_p,0.1,0.95,0,20,0.5,0.0,0.5,1.0,1.0,0.0,0.29916962021030485,43.453969629074166,11.0,1.0,0.08,0.12833333333333333,0.04363636363636364,0.056
pure_top_p,0.1,0.95,0,21,0.0,0.0,0.33,0.9821684981684982,1.0,0.0,0.5300449268240481,43.174034910659465,13.88,1.0,0.2,0.19171725064294723,0.05763688760806916,0.09627329192546584
pure_top_p,0.1,0.95,0,22,0.42,0.0,0.25,0.893953682443753,0.9938636363636363,0.0,1.1322018979117274,42.04111376171084,31.92,0.16,0.36,0.36675972394193884,0.07894736842105263,0.11901681759379043
pure_top_p,0.1,0.95,0,23,0.5,0.0,0.25,1.0,1.0,0.0,0.16145490642637012,43.37113715210553,3.0,1.0,0.04,0.0,0.04,0.04
pure_top_p,0.1,0.95,0,24,0.0,0.0,0.39,0.9020070464264012,1.0,0.0,1.0020828526746481,38.70972538742691,27.76,0.8,0.28,0.47136841752250896,0.0791476407914764,0.11392405063291139
pure_top_p,0.1,0.95,0,25,1.0,1.0,0.75,1.0,1.0,0.0,0.22720046529546373,39.63542890784847,5.0,1.0,0.04,0.0,0.04,0.04
pure_top_p,0.1,0.95,0,26,1.0,1.0,0.86,0.8887777777777778,0.9822352285395765,0.0,1.2259984549228102,38.57335458068578,27.04,0.24,0.24,0.235324730126123,0.04926108374384237,0.06480304955527319
pure_top_p,0.1,0.95,0,27,0.02,0.0,0.25,1.0,1.0,0.0,0.19947150279767809,39.314173744604176,4.92,1.0,0.08,0.06857142857142857,0.056910569105691054,0.061224489795918366
pure_top_p,0.1,0.95,0,28,0.0,0.0,0.25,0.8907936507936508,1.0,0.0,0.984215061571449,38.525170184438174,17.52,1.0,0.12,0.09347063310450036,0.045275590551181105,0.057971014492753624
pure_top_p,0.1,0.95,0,29,0.5,0.0,0.26,0.9712641673931997,1.0,0.0,1.236820987360552,38.838583818437925,36.52,0.0,0.12,0.07783101851851851,0.05027322404371585,0.05730337078651685
pure_top_p,0.1,0.95,0,30,0.0,0.0,0.25,1.0,1.0,0.0,0.3390102449990809,38.444953846839184,7.0,1.0,0.04,0.0,0.04,0.04
pure_top_p,0.1,0.95,0,31,0.0,0.0,0.0,1.0,0.0,0.0,0.053192840674892015,37.81083919551935,1.0,1.0,0.04,0.0,0.04,
pure_top_p,0.1,0.95,0,32,0.0,0.0,0.5,1.0,1.0,0.0,0.49033764478750524,38.781732843559524,10.0,1.0,0.04,0.0,0.04,0.04
pure_top_p,0.1,0.95,0,33,0.5,0.0,0.75,1.0,1.0,0.0,0.40111298580653965,37.44520766771396,8.0,1.0,0.04,0.0,0.04,0.04
pure_top_p,0.1,0.95,0,34,0.12,0.12,0.34,1.0,0.12,0.0,0.12116645997390148,37.86079464490304,1.72,1.0,0.08,0.22,0.18604651162790697,0.3333333333333333
pure_top_p,0.1,0.95,0,35,1.0,1.0,0.25,1.0,1.0,0.0,0.47088096424005926,38.26109818474168,11.0,1.0,0.04,0.0,0.04,0.04
pure_top_p,0.1,0.95,0,36,1.0,1.0,0.25,1.0,1.0,0.0,0.35938143625855445,38.998763791457435,12.0,1.0,0.04,0.0,0.04,0.04
pure_top_p,0.1,0.95,0,37,0.5,0.0,0.0,1.0,1.0,0.0,0.33712008959613743,38.59192533463711,11.0,1.0,0.04,0.0,0.04,0.04
pure_top_p,0.1,0.95,0,38,0.5,0.0,0.5,1.0,1.0,0.0,0.41032299417071044,39.03853627930841,14.0,1.0,0.04,0.0,0.04,0.04
pure_top_p,0.1,0.95,0,39,1.0,1.0,0.25,1.0,1.0,0.0,0.28169725645333527,39.084634949303336,8.0,1.0,0.04,0.0,0.04,0.04
pure_top_p,0.1,0.95,0,40,0.5,0.0,0.27,0.9386666666666666,1.0,0.0,0.4410114744026214,38.401020725764226,14.92,1.0,0.08,0.05411764705882351,0.045576407506702415,0.05172413793103448
pure_top_p,0.1,0.95,0,41,1.0,1.0,0.25,1.0,0.0,0.0,0.07707987861707803,38.98064196619547,1.0,1.0,0.04,0.0,0.04,
pure_top_p,0.1,0.95,0,42,0.0,0.0,0.0,1.0,1.0,0.0,0.10485061494633552,38.29420455983659,2.0,1.0,0.04,0.0,0.04,0.04
pure_top_p,0.1,0.95,0,43,0.86,0.72,0.54,1.0,0.72,0.0,0.36215791060589253,38.28958077682179,6.76,1.0,0.08,0.3733333333333334,0.05325443786982249,0.05555555555555555
pure_top_p,0.1,0.95,0,44,1.0,1.0,0.25,1.0,0.0,0.0,0.05450500589795406,39.72175456672319,1.0,1.0,0.08,0.0,0.04,
pure_top_p,0.1,0.95,0,45,0.1,0.04,0.28,0.9438971173753782,1.0,0.0,0.8254676921293139,38.516289906282985,24.56,0.92,0.24,0.32147233715380197,0.09733124018838304,0.1503267973856209
pure_top_p,0.1,0.95,0,46,1.0,1.0,0.75,1.0,1.0,0.0,0.4312254004459828,37.14702950347676,14.0,1.0,0.04,0.0,0.04,0.04
pure_top_p,0.1,0.95,0,47,0.74,0.6,0.65,0.9314300736932316,0.996474358974359,0.0,0.9537433459796012,36.844501841231015,28.92,0.96,0.44,0.5244799499388014,0.10482758620689656,0.18428571428571427
pure_top_p,0.1,0.95,0,48,0.5,0.0,0.0,1.0,1.0,0.0,0.13242147263139484,37.845537449729825,2.0,1.0,0.04,0.0,0.04,0.04
pure_top_p,0.1,0.95,0,49,0.0,0.0,0.0,1.0,0.0,0.0,0.08307616255246097,36.219649493185095,1.0,1.0,0.04,0.0,0.04,
pure_top_p,0.3,0.6,0,0,1.0,1.0,0.5,1.0,1.0,0.0,0.41532766128890214,43.34153708579654,14.0,1.0,0.04,0.0,0.04,0.04
pure_top_p,0.3,0.6,0,1,0.0,0.0,0.25,1.0,1.0,0.0,0.18452828126028176,43.35809210049479,6.0,1.0,0.08,0.16666666666666669,0.04,0.048
pure_top_p,0.3,0.6,0,2,0.6,0.2,0.32,1.0,1.0,0.0,0.3261563849821687,43.54624278188804,10.8,1.0,0.12,0.43666666666666665,0.1,0.10204081632653061
pure_top_p,0.3,0.6,0,3,0.0,0.0,0.25,1.0,1.0,0.0,0.18435496808029705,43.39465466468715,6.0,1.0,0.08,0.14285714285714285,0.04666666666666667,0.056
pure_top_p,0.3,0.6,0,4,0.0,0.0,0.25,1.0,1.0,0.0,0.09207608514465387,43.44248860961759,2.0,1.0,0.04,0.0,0.04,0.04
pure_top_p,0.3,0.6,0,5,0.0,0.0,0.0,1.0,1.0,0.0,0.06898719899356362,43.48644561199078,2.0,1.0,0.04,0.0,0.04,0.04
pure_top_p,0.3,0.6,0,6,0.76,0.76,0.69,0.9300877192982456,1.0,0.0,0.753341147666797,41.4591002582472,27.28,1.0,0.12,0.2438134142545907,0.054252199413489736,0.0745814307458143
pure_top_p,0.3,0.6,0,7,0.0,0.0,0.41,0.9923809523809524,1.0,0.0,0.457340348707512,42.362673493997946,12.32,1.0,0.12,0.312512077294686,0.06686046511627906,0.09404388714733543
pure_top_p,0.3,0.6,0,8,0.0,0.0,0.0,1.0,0.0,0.0,0.04590332597494122,43.57042456908256,1.0,1.0,0.04,0.0,0.04,
pure_top_p,0.3,0.6,0,9,0.0,0.0,0.0,1.0,0.0,0.0,0.06892708118073637,43.52525940613406,1.0,1.0,0.04,0.0,0.04,
pure_top_p,0.3,0.6,0,10,1.0,1.0,0.75,0.9615384615384615,1.0,0.0,0.716736726872623,43.26185240778691,26.0,1.0,0.04,0.0,0.038461538461538464,0.04
pure_top_p,0.3,0.6,0,11,0.0,0.0,0.25,1.0,0.0,0.0,0.06903607808053491,43.45820812835512,1.0,1.0,0.04,0.0,0.04,
pure_top_p,0.3,0.6,0,12,0.5,0.0,0.5,1.0,1.0,0.0,0.4138500437047333,43.49429104946398,13.0,1.0,0.04,0.0,0.04,0.04
pure_top_p,0.3,0.6,0,13,0.5,0.0,0.25,1.0,1.0,0.0,0.14001743146218357,42.86696520226984,4.0,1.0,0.04,0.0,0.04,0.04
pure_top_p,0.3,0.6,0,14,0.5,0.0,0.0,1.0,0.0,0.0,0.06898800766095516,43.487654658780095,1.0,1.0,0.04,0.0,0.04,
pure_top_p,0.3,0.6,0,15,1.0,1.0,0.25,1.0,1.0,0.0,0.18469214978627857,43.320504946265345,6.0,1.0,0.04,0.0,0.04,0.04
pure_top_p,0.3,0.6,0,16,0.0,0.0,0.25,1.0,1.0,0.0,0.3907782934978604,43.50315857019972,8.0,1.0,0.04,0.0,0.04,0.04
pure_top_p,0.3,0.6,0,17,0.0,0.0,0.25,1.0,1.0,0.0,0.5073646853677929,43.36529271343731,18.0,1.0,0.04,0.0,0.03777777777777778,0.04
pure_top_p,0.3,0.6,0,18,1.0,1.0,0.75,0.8267073170731707,1.0,0.0,1.113732669306919,43.107500746724924,40.4,0.0,0.08,0.04285714285714287,0.034653465346534656,0.0416243654822335
pure_top_p,0.3,0.6,0,19,1.0,1.0,0.25,1.0,0.0,0.0,0.046060118684545105,43.42251755549778,1.0,1.0,0.04,0.0,0.04,
pure_top_p,0.3,0.6,0,20,0.5,0.0,0.5,1.0,1.0,0.0,0.3051714182458818,42.633918189082266,11.0,1.0,0.08,0.125,0.04363636363636364,0.056
pure_top_p,0.3,0.6,0,21,0.0,0.0,0.25,1.0,1.0,0.0,0.5290408778749406,43.4750474814081,14.0,1.0,0.04,0.0,0.04,0.04
pure_top_p,0.3,0.6,0,22,0.34,0.0,0.25,0.8896438382714801,0.988939393939394,0.0,1.1126750598289072,42.702482001001755,32.48,0.24,0.28,0.39909732136152787,0.06896551724137931,0.10165184243964422
pure_top_p,0.3,0.6,0,23,0.5,0.0,0.25,1.0,1.0,0.0,0.1614473726134747,43.36551902682069,3.0,1.0,0.04,0.0,0.04,0.04
pure_top_p,0.3,0.6,0,24,0.0,0.0,0.38,0.8976167076167075,1.0,0.0,0.8796469259262085,41.92824126252334,26.04,0.72,0.2,0.44705903429770527,0.06372549019607843,0.08517887563884156
pure_top_p,0.3,0.6,0,25,1.0,1.0,0.75,1.0,1.0,0.0,0.23213799501769242,38.780680034968476,5.0,1.0,0.04,0.0,0.04,0.04
pure_top_p,0.3,0.6,0,26,1.0,1.0,0.9,0.8904761904761905,0.9769230769230769,0.0,1.2232788281515241,39.24376606959077,27.4,0.0,0.08,0.20833333333333334,0.04363636363636364,0.0525
pure_top_p,0.3,0.6,0,27,0.0,0.0,0.25,1.0,1.0,0.0,0.20884620388038452,38.35709949572354,5.0,1.0,0.04,0.0,0.04,0.04
pure_top_p,0.3,0.6,0,28,0.0,0.0,0.25,0.8888888888888888,1.0,0.0,0.9858341759163887,39.5659570152527,18.0,1.0,0.04,0.0,0.03428571428571429,0.04
pure_top_p,0.3,0.6,0,29,0.5,0.0,0.25,0.972972972972973,1.0,0.0,1.3321954933553934,36.2031801212921,37.0,0.0,0.04,0.0,0.03891891891891892,0.04
pure_top_p,0.3,0.6,0,30,0.0,0.0,0.25,1.0,1.0,0.0,0.3405023051053286,38.2511321135597,7.0,1.0,0.04,0.0,0.04,0.04
pure_top_p,0.3,0.6,0,31,0.0,0.0,0.0,1.0,0.0,0.0,0.054362246897071566,36.93322869252832,1.0,1.0,0.04,0.0,0.04,
pure_top_p,0.3,0.6,0,32,0.0,0.0,0.5,1.0,1.0,0.0,0.4961209163721651,37.9837231138898,9.84,1.0,0.12,0.11657142857142856,0.056910569105691054,0.058823529411764705
pure_top_p,0.3,0.6,0,33,0.5,0.0,0.75,1.0,1.0,0.0,0.4059547555912286,37.28624983679439,8.0,1.0,0.04,0.0,0.04,0.04
pure_top_p,0.3,0.6,0,34,0.0,0.0,0.25,1.0,0.0,0.0,0.10325364288873967,38.868826175797246,1.0,1.0,0.04,0.0,0.04,
pure_top_p,0.3,0.6,0,35,1.0,1.0,0.25,1.0,1.0,0.0,0.4655144264176488,38.72107403320655,11.0,1.0,0.04,0.0,0.04,0.04
pure_top_p,0.3,0.6,0,36,1.0,1.0,0.25,1.0,1.0,0.0,0.3518514214735478,39.80046054124184,12.0,1.0,0.04,0.0,0.04,0.04
pure_top_p,0.3,0.6,0,37,0.5,0.0,0.0,1.0,1.0,0.0,0.3343683576211333,38.917606890657375,11.0,1.0,0.04,0.0,0.04,0.04
pure_top_p,0.3,0.6,0,38,0.5,0.0,0.5,1.0,1.0,0.0,0.41148155224509536,38.92345060151304,14.0,1.0,0.04,0.0,0.04,0.04
pure_top_p,0.3,0.6,0,39,1.0,1.0,0.25,1.0,1.0,0.0,0.28342537590302525,38.85494267018632,8.0,1.0,0.04,0.0,0.04,0.04
pure_top_p,0.3,0.6,0,40,0.5,0.0,0.25,0.9333333333333332,1.0,0.0,0.43196852115914225,39.372391776200786,15.0,1.0,0.04,0.0,0.037333333333333336,0.04
pure_top_p,0.3,0.6,0,41,1.0,1.0,0.25,1.0,0.0,0.0,0.07666096596047278,39.188011844280624,1.0,1.0,0.04,0.0,0.04,
pure_top_p,0.3,0.6,0,42,0.0,0.0,0.0,1.0,1.0,0.0,0.10741575023159382,37.35325784697654,2.0,1.0,0.04,0.0,0.04,0.04
pure_top_p,0.3,0.6,0,43,0.78,0.56,0.42,1.0,0.56,0.0,0.3147561570536345,38.6431315347915,5.48,1.0,0.08,0.45629629629629637,0.06569343065693431,0.07142857142857142
pure_top_p,0.3,0.6,0,44,1.0,1.0,0.25,1.0,0.0,0.0,0.06134155585430559,39.686463337407865,1.0,1.0,0.08,0.0,0.04,
pure_top_p,0.3,0.6,0,45,0.1,0.0,0.3,0.9463411371237459,1.0,0.0,0.87442333153449,38.539272064526976,26.04,0.8,0.16,0.32117225427888757,0.0874074074074074,0.12615384615384614
pure_top_p,0.3,0.6,0,46,1.0,1.0,0.75,1.0,1.0,0.0,0.41689850910566745,38.423293647775445,14.0,1.0,0.04,0.0,0.04,0.04
pure_top_p,0.3,0.6,0,47,0.9,0.8,0.7,0.9329528802850037,1.0,0.0,0.9668638140242547,38.10848465526992,30.32,1.0,0.24,0.4564711729855009,0.07470511140235911,0.12059620596205962
pure_top_p,0.3,0.6,0,48,0.5,0.0,0.0,1.0,1.0,0.0,0.14866793413646515,34.95436091414208,2.0,1.0,0.04,0.0,0.04,0.04
pure_top_p,0.3,0.6,0,49,0.0,0.0,0.0,1.0,0.0,0.0,0.08159511053934689,36.99610664992722,1.0,1.0,0.04,0.0,0.04,
pure_top_p,0.3,0.8,0,0,1.0,1.0,0.5,1.0,1.0,0.0,0.4153499502222985,43.339275664035625,14.0,1.0,0.04,0.0,0.04,0.04
pure_top_p,0.3,0.8,0,1,0.0,0.0,0.25,1.0,1.0,0.0,0.18388756185770028,43.50496144509971,6.0,1.0,0.08,0.16666666666666669,0.04,0.048
pure_top_p,0.3,0.8,0,2,0.52,0.04,0.26,1.0,1.0,0.0,0.2771205145679414,43.44135671101234,8.96,1.0,0.24,0.3965514616102851,0.14732142857142858,0.18090452261306533
pure_top_p,0.3,0.8,0,3,0.0,0.0,0.25,1.0,1.0,0.0,0.18414025418460367,43.44522447910076,6.0,1.0,0.08,0.14666666666666667,0.04666666666666667,0.056
pure_top_p,0.3,0.8,0,4,0.0,0.0,0.25,1.0,1.0,0.0,0.09212013849988576,43.42191441389432,2.0,1.0,0.04,0.0,0.04,0.04
pure_top_p,0.3,0.8,0,5,0.0,0.0,0.0,1.0,1.0,0.0,0.06914029258303339,43.39066356810428,2.0,1.0,0.04,0.0,0.04,0.04
pure_top_p,0.3,0.8,0,6,0.4,0.12,0.57,0.9391197286355181,1.0,0.0,0.8968189949542285,43.3432052164746,32.56,0.64,0.48,0.5244465821594644,0.09653465346534654,0.14687100893997446
pure_top_p,0.3,0.8,0,7,0.0,0.0,0.42,0.9615788133435192,1.0,0.0,0.5296986334677786,42.73533005504939,15.08,1.0,0.24,0.5217228211997722,0.10551558752997602,0.16326530612244897
pure_top_p,0.3,0.8,0,8,0.0,0.0,0.0,1.0,0.0,0.0,0.045972111299633946,43.505189143931396,1.0,1.0,0.04,0.0,0.04,
pure_top_p,0.3,0.8,0,9,0.0,0.0,0.0,1.0,0.0,0.0,0.06912221209146079,43.40517952326319,1.0,1.0,0.04,0.0,0.04,
pure_top_p,0.3,0.8,0,10,1.0,1.0,0.75,0.9615384615384615,1.0,0.0,0.7139009969960898,43.4248834368469,26.0,1.0,0.08,0.03948717948717946,0.04,0.0432
pure_top_p,0.3,0.8,0,11,0.0,0.0,0.39,0.9845835324096194,0.32,0.0,0.2595666022971272,43.4561335605369,7.56,1.0,0.16,0.4465457875457876,0.12315270935960591,0.16292134831460675
pure_top_p,0.3,0.8,0,12,0.5,0.0,0.5,1.0,1.0,0.0,0.4140877867396921,43.469205732039654,13.0,1.0,0.04,0.0,0.04,0.04
pure_top_p,0.3,0.8,0,13,0.42,0.0,0.25,1.0,1.0,0.0,0.17879316121339794,43.3984013614288,5.76,1.0,0.08,0.20533333333333334,0.10416666666666667,0.11764705882352941
pure_top_p,0.3,0.8,0,14,0.5,0.0,0.0,1.0,0.0,0.0,0.06898395163938398,43.49045980363353,1.0,1.0,0.04,0.0,0.04,
pure_top_p,0.3,0.8,0,15,1.0,1.0,0.25,1.0,1.0,0.0,0.1840070687234401,43.47719787713131,6.0,1.0,0.04,0.0,0.04,0.04
pure_top_p,0.3,0.8,0,16,0.0,0.0,0.25,1.0,1.0,0.0,0.3920649854838848,43.36722933342676,8.0,1.0,0.04,0.0,0.04,0.04
pure_top_p,0.3,0.8,0,17,0.0,0.0,0.25,1.0,1.0,0.0,0.49696714159101246,43.463038795885105,17.6,1.0,0.08,0.019607843137254905,0.038636363636363635,0.04096385542168675
pure_top_p,0.3,0.8,0,18,0.78,0.56,0.54,0.8967025443533787,1.0,0.0,0.9079332992434501,41.48506224398319,31.28,0.44,0.36,0.4589247603982049,0.07662835249042145,0.11345646437994723
pure_top_p,0.3,0.8,0,19,1.0,1.0,0.25,1.0,0.0,0.0,0.0461907743196934,43.309218416449276,1.0,1.0,0.04,0.0,0.04,
pure_top_p,0.3,0.8,0,20,0.5,0.0,0.5,1.0,1.0,0.0,0.30009863668121395,43.33143248926642,11.0,1.0,0.08,0.13,0.04363636363636364,0.056
pure_top_p,0.3,0.8,0,21,0.0,0.0,0.43,0.970599062702004,1.0,0.0,0.5464925013668835,43.402776319607156,15.08,1.0,0.6,0.4703927370542141,0.15384615384615385,0.26988636363636365
pure_top_p,0.3,0.8,0,22,0.34,0.0,0.26,0.8868661832144459,0.9903008021390375,0.0,1.0835775164980441,43.48550221950846,32.76,0.32,0.64,0.48156031779223135,0.09558823529411764,0.15423514538558786
pure_top_p,0.3,0.8,0,23,0.5,0.0,0.25,1.0,1.0,0.0,0.1613685833662748,43.3853885283429,3.0,1.0,0.04,0.0,0.04,0.04
pure_top_p,0.3,0.8,0,24,0.0,0.0,0.32,0.9148095609742668,1.0,0.0,0.9010909545142204,39.739785949098234,25.8,0.88,0.48,0.5799812922021972,0.1076158940397351,0.16753022452504318
pure_top_p,0.3,0.8,0,25,1.0,1.0,0.75,1.0,1.0,0.0,0.2296841714531183,39.20029371692755,5.0,1.0,0.08,0.12666666666666668,0.048,0.05
pure_top_p,0.3,0.8,0,26,1.0,1.0,0.83,0.885215873015873,0.9771875387092777,0.0,1.2048795810621231,39.47446875590682,26.88,0.16,0.48,0.35026446584804644,0.061274509803921566,0.10493046776232617
pure_top_p,0.3,0.8,0,27,0.12,0.0,0.25,1.0,1.0,0.0,0.2110025323741138,39.34771843400344,5.96,1.0,0.16,0.5236984126984127,0.1342281879194631,0.1532258064516129
pure_top_p,0.3,0.8,0,28,0.0,0.0,0.25,0.8878991596638655,1.0,0.0,0.947763161631301,39.673896460342306,17.48,1.0,0.16,0.1980190347410027,0.04572564612326044,0.060669456066945605
pure_top_p,0.3,0.8,0,29,0.46,0.0,0.26,0.9655732186510175,1.0,0.0,1.2293527704197913,38.81406399903651,35.32,0.08,0.32,0.3581259320267812,0.1038374717832957,0.16144018583042974
pure_top_p,0.3,0.8,0,30,0.0,0.0,0.25,1.0,1.0,0.0,0.3418149685114622,38.11410749945969,7.0,1.0,0.04,0.0,0.04,0.04
pure_top_p,0.3,0.8,0,31,0.0,0.0,0.0,1.0,0.0,0.0,0.05259317638352509,38.07701432059553,1.0,1.0,0.04,0.0,0.04,
pure_top_p,0.3,0.8,0,32,0.0,0.0,0.5,0.987170868347339,1.0,0.0,0.5397032077610493,38.30842236542258,10.92,1.0,0.24,0.2519296811213478,0.10622710622710622,0.14112903225806453
pure_top_p,0.3,0.8,0,33,0.5,0.0,0.75,1.0,1.0,0.0,0.38736271352507173,38.78452355659691,8.0,1.0,0.04,0.0,0.04,0.04
pure_top_p,0.3,0.8,0,34,0.16,0.16,0.37,1.0,0.16,0.0,0.12349027387797828,38.760625029170626,1.96,1.0,0.12,0.28444444444444444,0.20408163265306123,0.375
pure_top_p,0.3,0.8,0,35,1.0,1.0,0.25,1.0,1.0,0.0,0.4768850619159639,37.93206355901516,11.0,1.0,0.04,0.0,0.04,0.04
pure_top_p,0.3,0.8,0,36,1.0,1.0,0.25,1.0,1.0,0.0,0.35387557654641566,39.574504278571645,12.0,1.0,0.04,0.0,0.04,0.04
pure_top_p,0.3,0.8,0,37,0.5,0.0,0.0,1.0,1.0,0.0,0.3423751546163112,38.014238955164025,11.0,1.0,0.04,0.0,0.04,0.04
pure_top_p,0.3,0.8,0,38,0.5,0.0,0.5,1.0,1.0,0.0,0.4211133286729455,38.03792016021712,14.0,1.0,0.04,0.0,0.04,0.04
pure_top_p,0.3,0.8,0,39,1.0,1.0,0.25,1.0,1.0,0.0,0.28779401326552034,38.288721550636254,8.0,1.0,0.04,0.0,0.04,0.04
pure_top_p,0.3,0.8,0,40,0.56,0.12,0.32,0.9514185463659147,1.0,0.0,0.4416026171762496,38.9229960281219,15.0,1.0,0.24,0.28813788652830247,0.072,0.1
pure_top_p,0.3,0.8,0,41,1.0,1.0,0.25,1.0,0.0,0.0,0.0766559082176536,39.178685750479175,1.0,1.0,0.04,0.0,0.04,
pure_top_p,0.3,0.8,0,42,0.0,0.0,0.0,1.0,1.0,0.0,0.10471002627164122,38.30677621339595,2.0,1.0,0.04,0.0,0.04,0.04
pure_top_p,0.3,0.8,0,43,0.8,0.6,0.45,1.0,0.6,0.0,0.320660494081676,38.783518523537715,5.64,1.0,0.12,0.48659259259259263,0.07092198581560284,0.09482758620689655
pure_top_p,0.3,0.8,0,44,1.0,1.0,0.25,1.0,0.0,0.0,0.06387628116644914,38.78961646175028,1.0,1.0,0.08,0.0,0.04,
pure_top_p,0.3,0.8,0,45,0.4,0.28,0.46,0.9233146574983025,1.0,0.0,0.9102151452749968,38.77399071135558,28.68,0.88,0.64,0.6305690801693904,0.13096862210095497,0.24152542372881355
pure_top_p,0.3,0.8,0,46,1.0,1.0,0.75,1.0,1.0,0.0,0.42066645578481254,38.12396936659678,14.0,1.0,0.04,0.0,0.04,0.04
pure_top_p,0.3,0.8,0,47,0.76,0.6,0.66,0.923503137887893,0.9989743589743589,0.0,0.9302428103610874,37.64221951044475,29.08,0.92,0.72,0.5369084881247767,0.12225274725274725,0.2332859174964438
pure_top_p,0.3,0.8,0,48,0.5,0.0,0.0,1.0,1.0,0.0,0.1429331970028579,35.71115320145706,2.0,1.0,0.04,0.0,0.04,0.04
pure_top_p,0.3,0.8,0,49,0.0,0.0,0.0,1.0,0.0,0.0,0.07889712342061098,38.07599878750527,1.0,1.0,0.04,0.0,0.04,
pure_top_p,0.3,0.9,0,0,1.0,1.0,0.5,1.0,1.0,0.0,0.4191677745617926,42.96056016430218,14.0,1.0,0.04,0.0,0.04,0.04
pure_top_p,0.3,0.9,0,1,0.0,0.0,0.25,1.0,1.0,0.0,0.18697771321982137,43.42864534171638,6.0,1.0,0.12,0.23396825396825402,0.04666666666666667,0.064
pure_top_p,0.3,0.9,0,2,0.54,0.08,0.28,1.0,1.0,0.0,0.2903202120400965,43.53518093125922,9.44,1.0,0.2,0.46096965042126337,0.1694915254237288,0.1943127962085308
pure_top_p,0.3,0.9,0,3,0.0,0.0,0.25,1.0,1.0,0.0,0.18425985315814608,43.41713620560249,6.0,1.0,0.12,0.1834126984126984,0.06,0.08
pure_top_p,0.3,0.9,0,4,0.0,0.0,0.25,1.0,1.0,0.0,0.0921482999809086,43.40850283622747,2.0,1.0,0.04,0.0,0.04,0.04
pure_top_p,0.3,0.9,0,5,0.0,0.0,0.0,1.0,1.0,0.0,0.06914709256961939,43.38836785380001,2.0,1.0,0.04,0.0,0.04,0.04
pure_top_p,0.3,0.9,0,6,0.42,0.24,0.57,0.9211344102962978,0.9985714285714287,0.0,0.8802224069088698,43.104088621157345,32.08,0.72,0.56,0.5304904817803834,0.10664993726474278,0.172279792746114
pure_top_p,0.3,0.9,0,7,0.04,0.0,0.46,0.9453329209769108,1.0,0.0,0.6093080791272223,42.96125752319871,18.64,1.0,0.52,0.6126926683741746,0.11752988047808766,0.21593291404612158
pure_top_p,0.3,0.9,0,8,0.0,0.0,0.0,1.0,0.0,0.0,0.04610676391981538,43.3831402754133,1.0,1.0,0.04,0.0,0.04,
pure_top_p,0.3,0.9,0,9,0.0,0.0,0.0,1.0,0.0,0.0,0.06877278626896438,43.62211748257135,1.0,1.0,0.04,0.0,0.04,
pure_top_p,0.3,0.9,0,10,1.0,1.0,0.75,0.9615384615384615,1.0,0.0,0.713511551823467,43.44734204338604,26.0,1.0,0.08,0.016923076923076912,0.04,0.0432
pure_top_p,0.3,0.9,0,11,0.0,0.0,0.37,0.9801688166905558,0.36,0.0,0.26336874485947187,42.915295254796746,7.64,1.0,0.16,0.48410103785103786,0.12195121951219512,0.16111111111111112
pure_top_p,0.3,0.9,0,12,0.44,0.0,0.49,1.0,1.0,0.0,0.4446669687051326,43.44699740528862,14.08,1.0,0.2,0.16626001285071748,0.08522727272727272,0.09785932721712538
pure_top_p,0.3,0.9,0,13,0.42,0.0,0.25,0.9973333333333333,1.0,0.0,0.1967414202727377,43.50246772232269,6.36,1.0,0.16,0.48267418546365914,0.12578616352201258,0.15671641791044777
pure_top_p,0.3,0.9,0,14,0.5,0.0,0.0,1.0,0.0,0.0,0.06914449962787325,43.39210510059673,1.0,1.0,0.04,0.0,0.04,
pure_top_p,0.3,0.9,0,15,1.0,1.0,0.25,1.0,1.0,0.0,0.18509066403843455,43.23083571279463,6.0,1.0,0.04,0.0,0.04,0.04
pure_top_p,0.3,0.9,0,16,0.0,0.0,0.25,1.0,1.0,0.0,0.39152890056371686,43.42004138448914,8.0,1.0,0.04,0.0,0.04,0.04
pure_top_p,0.3,0.9,0,17,0.0,0.0,0.25,0.9715662344266462,1.0,0.0,0.5318017143569886,42.21985112635187,17.92,1.0,0.32,0.1723803346362237,0.06696428571428571,0.09456264775413711
pure_top_p,0.3,0.9,0,18,0.76,0.56,0.55,0.9043296455081911,0.9989743589743589,0.0,0.9139014131948352,41.50460281115993,31.68,0.48,0.64,0.5800618961015394,0.12830188679245283,0.22467532467532467
pure_top_p,0.3,0.9,0,19,1.0,1.0,0.25,1.0,0.0,0.0,0.04591174505650992,43.56211838092291,1.0,1.0,0.04,0.0,0.04,
pure_top_p,0.3,0.9,0,20,0.52,0.04,0.51,0.9961904761904762,1.0,0.0,0.3088288481067866,43.52215513041749,11.32,1.0,0.16,0.2513568457686105,0.08480565371024736,0.13565891472868216
pure_top_p,0.3,0.9,0,21,0.02,0.0,0.42,0.9698212549977256,1.0,0.0,0.534596278918907,43.04514246436374,14.84,1.0,0.64,0.45139023569522424,0.1320754716981132,0.2514450867052023
pure_top_p,0.3,0.9,0,22,0.26,0.0,0.25,0.8818407033839705,0.9902943086325439,0.0,1.0738168791681528,43.47115939069918,32.36,0.32,0.76,0.4849418992598847,0.10630407911001236,0.17346938775510204
pure_top_p,0.3,0.9,0,23,0.5,0.0,0.25,1.0,1.0,0.0,0.16493914916180072,42.478366092695225,3.0,1.0,0.04,0.0,0.04,0.04
pure_top_p,0.3,0.9,0,24,0.0,0.0,0.39,0.907453204946207,1.0,0.0,0.8785256292019039,43.337527306589934,27.0,0.88,0.72,0.6074012871293037,0.1426332288401254,0.2707993474714519
pure_top_p,0.3,0.9,0,25,1.0,1.0,0.75,1.0,1.0,0.0,0.23367245797999203,38.569249985771016,5.0,1.0,0.08,0.09333333333333335,0.048,0.05
pure_top_p,0.3,0.9,0,26,1.0,1.0,0.85,0.8801486365486366,0.9780056766488551,0.0,1.2266319861169905,38.59833090446124,27.04,0.2,0.52,0.31290754732360226,0.06242350061199511,0.11237373737373738
pure_top_p,0.3,0.9,0,27,0.16,0.04,0.26,1.0,1.0,0.0,0.17417936340905726,39.550732339764885,4.44,1.0,0.16,0.38333333333333336,0.08108108108108109,0.09302325581395349
pure_top_p,0.3,0.9,0,28,0.0,0.0,0.25,0.883342670401494,1.0,0.0,0.8951314845681191,39.58548661081832,16.76,1.0,0.2,0.34161875043339573,0.048728813559322036,0.06711409395973154
pure_top_p,0.3,0.9,0,29,0.44,0.0,0.34,0.961136647702767,1.0,0.0,1.253505744729191,37.64364908322704,34.24,0.16,0.64,0.500316205361341,0.1127906976744186,0.1844311377245509
pure_top_p,0.3,0.9,0,30,0.04,0.0,0.32,0.98,1.0,0.0,0.3872195915877819,37.62824216189874,7.76,1.0,0.16,0.16244444444444447,0.061855670103092786,0.07692307692307693
pure_top_p,0.3,0.9,0,31,0.0,0.0,0.0,1.0,0.0,0.0,0.052379955584183284,38.4563211830405,1.0,1.0,0.04,0.0,0.04,
pure_top_p,0.3,0.9,0,32,0.0,0.0,0.56,0.9869982648930018,1.0,0.0,0.5558278098609298,37.449947127206066,11.12,1.0,0.32,0.44367155064415803,0.1366906474820144,0.17786561264822134
pure_top_p,0.3,0.9,0,33,0.5,0.0,0.75,1.0,1.0,0.0,0.39224975273013113,38.32648287291452,8.0,1.0,0.04,0.0,0.04,0.04
pure_top_p,0.3,0.9,0,34,0.28,0.28,0.46,1.0,0.28,0.0,0.13930767690762874,38.68292027009349,2.68,1.0,0.12,0.4288888888888889,0.14925373134328357,0.21428571428571427
pure_top_p,0.3,0.9,0,35,1.0,1.0,0.25,1.0,1.0,0.0,0.46877630801871417,38.627092110738474,11.0,1.0,0.04,0.0,0.04,0.04
pure_top_p,0.3,0.9,0,36,0.96,0.96,0.27,1.0,1.0,0.0,0.35447153265587983,39.74089884373746,12.0,1.0,0.12,0.11043233082706767,0.06622516556291391,0.07942238267148015
pure_top_p,0.3,0.9,0,37,0.5,0.0,0.0,1.0,1.0,0.0,0.3304814781900495,39.35822679943781,11.0,1.0,0.04,0.0,0.04,0.04
pure_top_p,0.3,0.9,0,38,0.5,0.0,0.5,1.0,1.0,0.0,0.4230615405458957,37.85849863290911,14.0,1.0,0.04,0.0,0.04,0.04
pure_top_p,0.3,0.9,0,39,1.0,1.0,0.25,1.0,1.0,0.0,0.2851618870720267,38.62702754597857,8.0,1.0,0.04,0.0,0.04,0.04
pure_top_p,0.3,0.9,0,40,0.52,0.04,0.28,0.9523663003663003,1.0,0.0,0.41692086040973664,39.74568468158143,14.52,1.0,0.32,0.278118455700386,0.08264462809917356,0.09467455621301775
pure_top_p,0.3,0.9,0,41,1.0,1.0,0.25,1.0,0.0,0.0,0.07767256124876436,38.65203858428358,1.0,1.0,0.04,0.0,0.04,
pure_top_p,0.3,0.9,0,42,0.0,0.0,0.0,1.0,1.0,0.0,0.10662183515727516,37.627984123428384,2.0,1.0,0.04,0.0,0.04,0.04
pure_top_p,0.3,0.9,0,43,0.76,0.52,0.39,0.9969230769230769,0.52,0.0,0.30421715178526937,38.433622477501125,5.12,1.0,0.16,0.5127777777777777,0.109375,0.1553398058252427
pure_top_p,0.3,0.9,0,44,1.0,1.0,0.25,1.0,0.0,0.0,0.061062716897577,38.73641515190295,1.0,1.0,0.08,0.0,0.04,
pure_top_p,0.3,0.9,0,45,0.3,0.2,0.4,0.9421409347081158,1.0,0.0,0.8481348979659379,37.637032016539386,25.6,0.84,0.64,0.5914028852978916,0.14437689969604864,0.2717219589257504
pure_top_p,0.3,0.9,0,46,1.0,1.0,0.75,1.0,1.0,0.0,0.41720707309432326,38.42412208070364,14.0,1.0,0.04,0.0,0.04,0.04
pure_top_p,0.3,0.9,0,47,0.7,0.64,0.66,0.9214354295345006,0.9965622690317812,0.0,1.0332731962017716,37.096696819967065,31.44,0.92,0.72,0.5462248220967882,0.13164556962025317,0.265359477124183
pure_top_p,0.3,0.9,0,48,0.5,0.0,0.0,1.0,1.0,0.0,0.14053543260321016,36.17766468287551,2.0,1.0,0.04,0.0,0.04,0.04
pure_top_p,0.3,0.9,0,49,0.0,0.0,0.0,1.0,0.0,0.0,0.08907106826081869,34.81013299684258,1.0,1.0,0.04,0.0,0.04,
pure_top_p,0.3,0.95,0,0,1.0,1.0,0.51,1.0,1.0,0.0,0.42959962761960924,42.2027772808994,14.12,1.0,0.08,0.022222222222222223,0.05099150141643059,0.054878048780487805
pure_top_p,0.3,0.95,0,1,0.0,0.0,0.25,1.0,1.0,0.0,0.1851160048972815,43.219272120002636,6.0,1.0,0.08,0.17333333333333337,0.04,0.048
pure_top_p,0.3,0.95,0,2,0.52,0.04,0.29,0.9973333333333333,1.0,0.0,0.32687977792695166,40.877825172043664,10.12,1.0,0.32,0.5244443420332098,0.18181818181818182,0.24561403508771928
pure_top_p,0.3,0.95,0,3,0.0,0.0,0.25,1.0,1.0,0.0,0.18389604142867025,43.29400405719493,5.96,1.0,0.16,0.22345238095238093,0.06040268456375839,0.08870967741935484
pure_top_p,0.3,0.95,0,4,0.0,0.0,0.25,1.0,0.88,0.0,0.08918831709772344,43.50096149445836,1.88,1.0,0.08,0.11,0.0425531914893617,0.045454545454545456
pure_top_p,0.3,0.95,0,5,0.0,0.0,0.0,1.0,1.0,0.0,0.06915650351904329,43.38015614833388,2.0,1.0,0.04,0.0,0.04,0.04
pure_top_p,0.3,0.95,0,6,0.54,0.36,0.61,0.916539951873079,0.9943024843024844,0.002361111111111108,0.8679889306053519,42.82309550293398,31.28,0.8,0.64,0.5324257502543278,0.11810012836970475,0.1883289124668435
pure_top_p,0.3,0.95,0,7,0.02,0.0,0.45,0.9530828511357925,1.0,0.0,0.5990024065040052,42.29435040281029,17.92,1.0,0.76,0.5716281796531736,0.13347022587268995,0.2619047619047619
pure_top_p,0.3,0.95,0,8,0.0,0.0,0.0,1.0,0.0,0.0,0.046175392763689115,43.31742515174209,1.0,1.0,0.04,0.0,0.04,
pure_top_p,0.3,0.95,0,9,0.0,0.0,0.0,1.0,0.0,0.0,0.06947854131460186,43.2121568694052,1.0,1.0,0.04,0.0,0.04,
pure_top_p,0.3,0.95,0,10,1.0,1.0,0.75,0.9580260480260481,1.0,0.0,0.7295310469157994,43.47966088385225,26.56,1.0,0.24,0.1735740275256404,0.058734939759036146,0.07981220657276995
pure_top_p,0.3,0.95,0,11,0.0,0.0,0.29,0.9881456707543664,0.2,0.0,0.17134805584326387,42.473202731858336,4.4,1.0,0.16,0.3234472934472935,0.20512820512820512,0.32608695652173914
pure_top_p,0.3,0.95,0,12,0.38,0.0,0.49,1.0,1.0,0.0,0.4561741604749113,43.49404830667238,14.6,1.0,0.28,0.31239540973388896,0.11232876712328767,0.1411764705882353
pure_top_p,0.3,0.95,0,13,0.4,0.0,0.25,1.0,1.0,0.0,0.19711068764328954,43.4240820569441,6.52,1.0,0.24,0.4898811142442856,0.1901840490797546,0.2391304347826087
pure_top_p,0.3,0.95,0,14,0.5,0.0,0.0,1.0,0.0,0.0,0.06924549111165103,43.328403516880755,1.0,1.0,0.04,0.0,0.04,
pure_top_p,0.3,0.95,0,15,1.0,1.0,0.25,1.0,1.0,0.0,0.18524676591157913,43.19853335429599,6.0,1.0,0.04,0.0,0.04,0.04
pure_top_p,0.3,0.95,0,16,0.0,0.0,0.25,1.0,1.0,0.0,0.41107755484990777,41.363661055409494,8.0,1.0,0.04,0.0,0.04,0.04
pure_top_p,0.3,0.95,0,17,0.0,0.0,0.25,0.9866666666666667,1.0,0.0,0.4946660690754652,43.50312132306366,17.28,1.0,0.2,0.12694736842105264,0.05324074074074074,0.07125307125307126
pure_top_p,0.3,0.95,0,18,0.78,0.56,0.58,0.8897949244693057,0.996019656019656,0.001111111111111108,0.931387102631852,42.90093332461042,33.04,0.44,0.76,0.6366083247888051,0.16284680337756333,0.2947761194029851
pure_top_p,0.3,0.95,0,19,1.0,1.0,0.25,1.0,0.0,0.0,0.04595363066531713,43.52260889434306,1.0,1.0,0.04,0.0,0.04,
pure_top_p,0.3,0.95,0,20,0.56,0.12,0.54,0.9877460317460318,1.0,0.0,0.3396116565261036,43.45252165638703,12.36,1.0,0.28,0.37978277338665684,0.1189710610932476,0.1958041958041958
pure_top_p,0.3,0.95,0,21,0.08,0.0,0.45,0.9666184400992586,1.0,0.0,0.5339954004064202,43.44993842048478,14.56,1.0,0.72,0.5216270473667824,0.1506849315068493,0.2647058823529412
pure_top_p,0.3,0.95,0,22,0.28,0.0,0.26,0.8966399369131817,0.9950354349951124,0.0,1.1076348147448152,43.1609347859743,32.68,0.12,0.84,0.5004563260189812,0.11779141104294479,0.19367088607594937
pure_top_p,0.3,0.95,0,23,0.48,0.0,0.25,0.9945454545454545,1.0,0.0,0.18223872409202155,43.443511996925096,3.76,1.0,0.08,0.08,0.23404255319148937,0.3333333333333333
pure_top_p,0.3,0.95,0,24,0.0,0.0,0.33,0.9196628516846036,1.0,0.0,0.8790481900703162,39.3144033611014,24.96,0.96,0.68,0.6468489030522467,0.16040955631399317,0.2905525846702317
pure_top_p,0.3,0.95,0,25,0.98,0.96,0.74,1.0,1.0,0.0,0.228462772835046,38.92758557941703,4.92,1.0,0.12,0.15746031746031747,0.06504065040650407,0.07142857142857142
pure_top_p,0.3,0.95,0,26,0.96,0.96,0.85,0.8914622816039695,0.9745979325022804,0.0,1.0782382988743484,39.39680815580437,24.0,0.48,0.68,0.4217577286342175,0.07534246575342465,0.13900709219858157
pure_top_p,0.3,0.95,0,27,0.2,0.0,0.23,1.0,1.0,0.0,0.17672376082278787,39.55407926537308,4.56,1.0,0.2,0.5588518518518519,0.19298245614035087,0.23595505617977527
pure_top_p,0.3,0.95,0,28,0.0,0.0,0.26,0.8907539258127493,1.0,0.0,0.9193252117279918,38.56695243737908,16.96,0.96,0.32,0.4162928519262716,0.09473684210526316,0.12666666666666668
pure_top_p,0.3,0.95,0,29,0.46,0.0,0.37,0.9616607233840435,1.0,0.0,1.1831708165537567,39.37804384375865,33.24,0.28,0.96,0.5665913274800813,0.1394517282479142,0.25184275184275184
pure_top_p,0.3,0.95,0,30,0.04,0.0,0.3,0.992,1.0,0.0,0.377671622838825,38.5993340197527,7.56,1.0,0.16,0.1425103785103785,0.08465608465608465,0.11585365853658537
pure_top_p,0.3,0.95,0,31,0.0,0.0,0.0,1.0,0.0,0.0,0.051552251260727606,38.844190079721464,1.0,1.0,0.04,0.0,0.04,
pure_top_p,0.3,0.95,0,32,0.0,0.0,0.51,0.9623095771101963,1.0,0.0,0.5900878871697932,37.39154957820078,11.6,1.0,0.52,0.4153189424473342,0.1413793103448276,0.20754716981132076
pure_top_p,0.3,0.95,0,33,0.5,0.0,0.75,1.0,1.0,0.0,0.4005185536108911,37.50596827923497,8.0,1.0,0.04,0.0,0.04,0.04
pure_top_p,0.3,0.95,0,34,0.28,0.28,0.46,1.0,0.28,0.0,0.14840560670942066,36.53598618886105,2.68,1.0,0.08,0.42,0.11940298507462686,0.14285714285714285
pure_top_p,0.3,0.95,0,35,1.0,1.0,0.25,1.0,1.0,0.0,0.467551354598254,38.54532152287442,11.0,1.0,0.04,0.0,0.04,0.04
pure_top_p,0.3,0.95,0,36,0.84,0.84,0.29,1.0,1.0,0.0,0.38897302575409415,38.42986368446197,12.76,1.0,0.2,0.1440626984126984,0.08125,0.10508474576271186
pure_top_p,0.3,0.95,0,37,0.5,0.0,0.0,1.0,1.0,0.0,0.3369572101719677,38.61265077520272,11.0,1.0,0.04,0.0,0.04,0.04
pure_top_p,0.3,0.95,0,38,0.5,0.0,0.5,1.0,1.0,0.0,0.4220885411184281,37.94939553750917,14.0,1.0,0.08,0.02044444444444444,0.04285714285714286,0.046153846153846156
pure_top_p,0.3,0.95,0,39,1.0,1.0,0.25,1.0,1.0,0.0,0.2921843781508505,38.5335511531469,8.24,1.0,0.12,0.11121212121212119,0.06310679611650485,0.08287292817679558
pure_top_p,0.3,0.95,0,40,0.54,0.08,0.33,0.9505064102564101,1.0,0.0,0.49065967082045975,37.256718713688585,16.04,1.0,0.24,0.2824063209990913,0.10723192019950124,0.1356382978723404
pure_top_p,0.3,0.95,0,41,1.0,1.0,0.25,1.0,0.0,0.0,0.07696851328946645,39.06317796802764,1.0,1.0,0.04,0.0,0.04,
pure_top_p,0.3,0.95,0,42,0.0,0.0,0.0,1.0,1.0,0.0,0.10224673062562939,39.16648198445539,2.0,1.0,0.04,0.0,0.04,0.04
pure_top_p,0.3,0.95,0,43,0.86,0.72,0.54,0.9969230769230769,0.72,0.0,0.3657864144165069,38.21834546723753,6.84,1.0,0.16,0.4305555555555555,0.08187134502923976,0.1095890410958904
pure_top_p,0.3,0.95,0,44,1.0,1.0,0.25,1.0,0.0,0.0,0.06746932230889793,38.04485691931418,1.0,1.0,0.08,0.0,0.04,
pure_top_p,0.3,0.95,0,45,0.36,0.2,0.45,0.9213650869873216,1.0,0.0,0.9162765722256154,38.68569325068141,29.16,0.8,0.76,0.6036126951561829,0.13458950201884254,0.26740947075208915
pure_top_p,0.3,0.95,0,46,1.0,1.0,0.75,1.0,1.0,0.0,0.42274507789872584,37.89583779736517,14.0,1.0,0.04,0.0,0.04,0.04
pure_top_p,0.3,0.95,0,47,0.62,0.52,0.62,0.9417518045939098,0.9978479196556671,0.0,0.9914146045502276,35.53908248518975,29.0,0.92,0.76,0.5863142634473049,0.136986301369863,0.27092198581560284
pure_top_p,0.3,0.95,0,48,0.5,0.0,0.0,1.0,1.0,0.0,0.13801659674383696,36.70137506314049,2.0,1.0,0.04,0.0,0.04,0.04
pure_top_p,0.3,0.95,0,49,0.0,0.0,0.0,1.0,0.0,0.0,0.07810110490769144,38.50993790708131,1.0,1.0,0.04,0.0,0.04,
pure_top_p,0.7,0.6,0,0,1.0,1.0,0.5,1.0,1.0,0.0,0.42903698969632387,41.97374739643559,14.0,1.0,0.04,0.0,0.04,0.04
pure_top_p,0.7,0.6,0,1,0.0,0.0,0.25,1.0,1.0,0.0,0.18659155770204958,43.51898282166574,6.0,1.0,0.12,0.23047619047619047,0.04666666666666667,0.064
pure_top_p,0.7,0.6,0,2,0.5,0.0,0.27,1.0,1.0,0.0,0.2897439253050834,43.620778671267146,9.52,1.0,0.16,0.5611851481851482,0.12605042016806722,0.15492957746478872
pure_top_p,0.7,0.6,0,3,0.0,0.0,0.25,1.0,1.0,0.0,0.19357377846725277,41.353317503707295,6.0,1.0,0.12,0.2122222222222222,0.06,0.08
pure_top_p,0.7,0.6,0,4,0.0,0.0,0.25,1.0,1.0,0.0,0.09163987071253356,43.64926842344118,2.0,1.0,0.04,0.0,0.04,0.04
pure_top_p,0.7,0.6,0,5,0.0,0.0,0.0,1.0,1.0,0.0,0.06877765322104093,43.61893851141679,2.0,1.0,0.04,0.0,0.04,0.04
pure_top_p,0.7,0.6,0,6,0.6,0.6,0.65,0.8840195082300345,0.9977777777777778,0.0,0.8252420007809996,42.81281582152233,30.72,1.0,0.28,0.41535779233016157,0.06380208333333333,0.09690444145356662
pure_top_p,0.7,0.6,0,7,0.04,0.0,0.47,0.9380960784313728,1.0,0.0,0.6127427618019283,43.53804964017817,19.08,1.0,0.52,0.5932512105299134,0.10852713178294573,0.19144602851323828
pure_top_p,0.7,0.6,0,8,0.0,0.0,0.0,1.0,0.0,0.0,0.04584061224944885,43.62975230171366,1.0,1.0,0.04,0.0,0.04,
pure_top_p,0.7,0.6,0,9,0.0,0.0,0.0,1.0,0.0,0.0,0.0687516491487622,43.63607319895726,1.0,1.0,0.04,0.0,0.04,
pure_top_p,0.7,0.6,0,10,1.0,1.0,0.75,0.9620879120879121,1.0,0.0,0.7248003270570189,43.59991501743529,26.4,1.0,0.12,0.15900252525252523,0.05,0.06299212598425197
pure_top_p,0.7,0.6,0,11,0.0,0.0,0.35,0.9789966555183947,0.36,0.0,0.25169118140824137,43.37356151624983,7.32,1.0,0.12,0.48303418803418813,0.1218274111675127,0.14534883720930233
pure_top_p,0.7,0.6,0,12,0.5,0.0,0.5,1.0,1.0,0.0,0.4132391234952956,43.56598050395271,13.0,1.0,0.04,0.0,0.04,0.04
pure_top_p,0.7,0.6,0,13,0.4,0.0,0.25,1.0,1.0,0.0,0.20349876720458268,43.4112435289307,6.72,1.0,0.2,0.569171802054155,0.125,0.16783216783216784
pure_top_p,0.7,0.6,0,14,0.5,0.0,0.0,1.0,0.0,0.0,0.06895859071984883,43.5073191489494,1.0,1.0,0.04,0.0,0.04,
pure_top_p,0.7,0.6,0,15,1.0,1.0,0.25,1.0,1.0,0.0,0.1910187445767223,41.90252111973591,6.0,1.0,0.04,0.0,0.04,0.04
pure_top_p,0.7,0.6,0,16,0.0,0.0,0.25,1.0,1.0,0.0,0.39287391359917817,43.28208546258436,8.0,1.0,0.04,0.0,0.04,0.04
pure_top_p,0.7,0.6,0,17,0.0,0.0,0.25,1.0,1.0,0.0,0.5109360345732421,43.07536135714111,18.0,1.0,0.04,0.0,0.03777777777777778,0.04
pure_top_p,0.7,0.6,0,18,0.66,0.44,0.48,0.936896265052876,1.0,0.0,0.6686483599990606,43.385152352852835,23.92,0.68,0.44,0.6138355074853953,0.1254180602006689,0.19720767888307156
pure_top_p,0.7,0.6,0,19,1.0,1.0,0.25,1.0,0.0,0.0,0.04595821626484391,43.52500914417384,1.0,1.0,0.04,0.0,0.04,
pure_top_p,0.7,0.6,0,20,0.5,0.0,0.5,1.0,1.0,0.0,0.29801533292047677,43.62201713345359,11.0,1.0,0.08,0.12833333333333333,0.04363636363636364,0.056
pure_top_p,0.7,0.6,0,21,0.04,0.0,0.48,0.963730819694522,1.0,0.0,0.6050123378727585,43.118047444004354,18.32,1.0,0.76,0.6066860966281069,0.1462882096069869,0.29330254041570436
pure_top_p,0.7,0.6,0,22,0.34,0.0,0.25,0.8869985149350128,0.9912343260188087,0.0,1.092480311356485,43.261993479784806,32.72,0.2,0.8,0.4773302470710094,0.11439114391143912,0.18781725888324874
pure_top_p,0.7,0.6,0,23,0.5,0.0,0.25,1.0,1.0,0.0,0.16053322876803575,43.6055947906898,3.0,1.0,0.04,0.0,0.04,0.04
pure_top_p,0.7,0.6,0,24,0.0,0.0,0.3,0.9403283991370948,1.0,0.0,0.756554646184668,38.966612027659146,20.04,0.92,0.68,0.711870556081107,0.19957983193277312,0.3348115299334812
pure_top_p,0.7,0.6,0,25,1.0,1.0,0.75,1.0,1.0,0.0,0.23350288965739302,38.58566470998654,5.0,1.0,0.08,0.16000000000000006,0.048,0.05
pure_top_p,0.7,0.6,0,26,1.0,1.0,0.91,0.8884891774891774,0.9673690962821396,0.0,1.1789335263893008,39.59420572867251,26.08,0.32,0.4,0.2931638204605186,0.05875,0.1032258064516129
pure_top_p,0.7,0.6,0,27,0.08,0.0,0.25,1.0,1.0,0.0,0.21779550065286452,39.698487968485175,6.12,1.0,0.16,0.4595820105820106,0.13071895424836602,0.1484375
pure_top_p,0.7,0.6,0,28,0.0,0.0,0.25,0.8987301587301586,1.0,0.0,0.928575987322256,39.11787294465187,16.72,1.0,0.12,0.15731502669717773,0.047619047619047616,0.0611353711790393
pure_top_p,0.7,0.6,0,29,0.42,0.0,0.3,0.9517992714800115,1.0,0.0,1.2283853105828166,38.51147695210119,33.36,0.16,0.72,0.5712880630253208,0.11411764705882353,0.19393939393939394
pure_top_p,0.7,0.6,0,30,0.04,0.0,0.36,0.992,1.0,0.0,0.5344370624423027,38.06990790833014,8.56,1.0,0.24,0.30463662263662267,0.07476635514018691,0.10052910052910052
pure_top_p,0.7,0.6,0,31,0.0,0.0,0.0,1.0,0.0,0.0,0.05140758363530036,39.00345859237746,1.0,1.0,0.04,0.0,0.04,
pure_top_p,0.7,0.6,0,32,0.0,0.0,0.5,0.967314552114552,1.0,0.0,0.5606711454037577,38.557440671957735,11.44,0.96,0.52,0.45983765323748266,0.13986013986013987,0.19540229885057472
pure_top_p,0.7,0.6,0,33,0.5,0.0,0.75,1.0,1.0,0.0,0.3895363961067051,38.56541018463696,8.0,1.0,0.04,0.0,0.04,0.04
pure_top_p,0.7,0.6,0,34,0.52,0.52,0.64,1.0,0.52,0.0,0.17132041022181507,38.73118260280816,4.12,1.0,0.08,0.52,0.07766990291262135,0.07692307692307693
pure_top_p,0.7,0.6,0,35,1.0,1.0,0.25,1.0,1.0,0.0,0.4574587291479111,39.37411279721375,11.0,1.0,0.04,0.0,0.04,0.04
pure_top_p,0.7,0.6,0,36,0.88,0.88,0.25,1.0,1.0,0.0,0.35237733972258867,39.62064252508429,11.76,1.0,0.12,0.24047619047619045,0.06688963210702341,0.07664233576642336
pure_top_p,0.7,0.6,0,37,0.5,0.0,0.0,1.0,1.0,0.0,0.3335794793348759,39.00413481045339,11.0,1.0,0.04,0.0,0.04,0.04
pure_top_p,0.7,0.6,0,38,0.5,0.0,0.5,1.0,1.0,0.0,0.42199643961153926,37.95429654540283,14.0,1.0,0.04,0.0,0.04,0.04
pure_top_p,0.7,0.6,0,39,1.0,1.0,0.25,1.0,1.0,0.0,0.29038284307345746,37.91529315528567,8.0,1.0,0.04,0.0,0.04,0.04
pure_top_p,0.7,0.6,0,40,0.6,0.2,0.37,0.9497659960177122,1.0,0.0,0.4643438898772001,39.359926762100315,15.96,1.0,0.32,0.3097661256523149,0.08521303258145363,0.12299465240641712
pure_top_p,0.7,0.6,0,41,1.0,1.0,0.25,1.0,0.0,0.0,0.07565541821531947,39.7027434028429,1.0,1.0,0.04,0.0,0.04,
pure_top_p,0.7,0.6,0,42,0.0,0.0,0.0,1.0,1.0,0.0,0.10356679084710774,38.6641845375513,2.0,1.0,0.04,0.0,0.04,0.04
pure_top_p,0.7,0.6,0,43,0.7,0.4,0.3,1.0,0.4,0.0,0.26656699939630923,38.89899369783616,4.2,1.0,0.08,0.44444444444444436,0.08571428571428572,0.1
pure_top_p,0.7,0.6,0,44,1.0,1.0,0.25,1.0,0.0,0.0,0.07220351024530824,37.36897699746697,1.0,1.0,0.08,0.0,0.04,
pure_top_p,0.7,0.6,0,45,0.58,0.4,0.52,0.9368300180054737,1.0,0.0,0.9389502319693566,37.62566295157278,28.64,0.8,0.8,0.6698943755895252,0.13760217983651227,0.2468265162200282
pure_top_p,0.7,0.6,0,46,1.0,1.0,0.75,1.0,1.0,0.0,0.41735326788388194,38.38073201914453,14.0,1.0,0.04,0.0,0.04,0.04
pure_top_p,0.7,0.6,0,47,0.68,0.6,0.66,0.8988931236042396,0.9932661546399936,0.0,1.0615818078815937,36.68651420070266,31.76,0.84,0.92,0.614423315966346,0.15181932245922208,0.31088082901554404
pure_top_p,0.7,0.6,0,48,0.5,0.0,0.0,1.0,1.0,0.0,0.15105972115881738,33.99413789026132,2.0,1.0,0.04,0.0,0.04,0.04
pure_top_p,0.7,0.6,0,49,0.0,0.0,0.0,1.0,0.0,0.0,0.07606821563094851,39.51157232113214,1.0,1.0,0.04,0.0,0.04,
pure_top_p,0.7,0.8,0,0,0.98,0.96,0.56,0.990811965811966,1.0,0.0,0.386799760311842,43.634617716812954,13.24,1.0,0.44,0.5074026983388046,0.10810810810810811,0.17207792207792208
pure_top_p,0.7,0.8,0,1,0.0,0.0,0.25,1.0,1.0,0.0,0.1989300174545496,43.633492207418115,6.32,1.0,0.36,0.3874835257335258,0.12025316455696203,0.18045112781954886
pure_top_p,0.7,0.8,0,2,0.64,0.32,0.35,0.9837575757575757,1.0,0.0,0.3495720173884183,43.59689211617715,11.6,1.0,0.68,0.8471729204246848,0.2935153583617747,0.45149253731343286
pure_top_p,0.7,0.8,0,3,0.0,0.0,0.25,1.0,1.0,0.0,0.1826877082046121,43.57104747572491,5.96,1.0,0.16,0.22345238095238093,0.06040268456375839,0.08870967741935484
pure_top_p,0.7,0.8,0,4,0.0,0.0,0.25,1.0,0.64,0.0,0.08359401848167178,43.535849437869956,1.64,1.0,0.08,0.24,0.04878048780487805,0.0625
pure_top_p,0.7,0.8,0,5,0.0,0.0,0.0,1.0,1.0,0.0,0.06889831664972002,43.54270921327088,2.0,1.0,0.04,0.0,0.04,0.04
pure_top_p,0.7,0.8,0,6,0.62,0.44,0.61,0.8905171954750902,0.998048780487805,0.001,0.8673385942541063,43.140239480320325,32.44,0.76,0.88,0.5786393648594674,0.12039312039312039,0.22686945500633712
pure_top_p,0.7,0.8,0,7,0.0,0.0,0.45,0.9642029859881522,1.0,0.0,0.4967062630876899,43.576848572777635,15.12,1.0,0.72,0.5764089202509769,0.16097560975609757,0.3168831168831169
pure_top_p,0.7,0.8,0,8,0.0,0.0,0.0,1.0,0.0,0.0,0.045901734028011516,43.5714855261439,1.0,1.0,0.04,0.0,0.04,
pure_top_p,0.7,0.8,0,9,0.0,0.0,0.0,1.0,0.0,0.0,0.06889368041418488,43.54733235490087,1.0,1.0,0.04,0.0,0.04,
pure_top_p,0.7,0.8,0,10,1.0,1.0,0.75,0.9473878213616811,1.0,0.0,0.7776900528557599,43.568496757787734,28.64,1.0,0.76,0.3063705381224175,0.08659217877094973,0.14616497829232997
pure_top_p,0.7,0.8,0,11,0.0,0.0,0.31,0.9724000637044117,0.44,0.0,0.2636245036870241,43.48641278000132,7.92,1.0,0.2,0.5221346153846154,0.11904761904761904,0.16756756756756758
pure_top_p,0.7,0.8,0,12,0.42,0.16,0.53,0.990540184453228,1.0,0.0,0.5574421120341867,43.62964937394651,18.44,1.0,0.48,0.5726073206445089,0.14316702819956617,0.19954128440366972
pure_top_p,0.7,0.8,0,13,0.34,0.0,0.26,0.9946666666666667,1.0,0.0,0.24619690919294954,43.543596747490575,8.52,1.0,0.36,0.7008007543767909,0.1643192488262911,0.24468085106382978
pure_top_p,0.7,0.8,0,14,0.5,0.0,0.0,1.0,0.0,0.0,0.07113057628273961,42.19653534961361,1.0,1.0,0.04,0.0,0.04,
pure_top_p,0.7,0.8,0,15,1.0,1.0,0.25,1.0,1.0,0.0,0.19890990305691955,42.82038920988343,6.52,1.0,0.12,0.1543939393939394,0.0736196319018405,0.08695652173913043
pure_top_p,0.7,0.8,0,16,0.0,0.0,0.25,1.0,1.0,0.0,0.41369594978168606,41.89373913489681,8.08,1.0,0.12,0.1107171717171717,0.05286343612334802,0.06435643564356436
pure_top_p,0.7,0.8,0,17,0.0,0.0,0.29,0.9589001443001444,1.0,0.0,0.5326296308916062,43.06161285497842,17.68,1.0,0.56,0.3790265388832446,0.10180995475113122,0.16786570743405277
pure_top_p,0.7,0.8,0,18,0.58,0.16,0.38,0.9313363070602395,0.9989743589743589,0.0,0.6541886881645769,43.377702108076754,22.76,0.84,0.72,0.7442219655761632,0.21043478260869566,0.43636363636363634
pure_top_p,0.7,0.8,0,19,1.0,1.0,0.25,1.0,0.0,0.0,0.04582620413973922,43.64414564427232,1.0,1.0,0.04,0.0,0.04,
pure_top_p,0.7,0.8,0,20,0.52,0.16,0.54,0.9387837145044776,0.9962424242424243,0.0,0.4384921393077821,43.505430683564875,15.92,1.0,0.64,0.5358312312250333,0.13784461152882205,0.26737967914438504
pure_top_p,0.7,0.8,0,21,0.08,0.0,0.42,0.9668036334036336,1.0,0.0,0.5772489430289716,43.366664560382354,17.2,1.0,0.84,0.5599410019691098,0.1531322505800464,0.32019704433497537
pure_top_p,0.7,0.8,0,22,0.34,0.0,0.25,0.8982971946304269,0.992737560745151,0.0,1.083389888657257,43.07072834423064,31.56,0.36,0.96,0.5204083993310693,0.12010113780025285,0.21671018276762402
pure_top_p,0.7,0.8,0,23,0.34,0.0,0.19,1.0,1.0,0.0,0.20587490525096655,43.53533987881137,4.12,1.0,0.44,0.6857737360678536,0.25,0.2988505747126437
pure_top_p,0.7,0.8,0,24,0.0,0.0,0.34,0.9422887518904253,1.0,0.0,0.7734704435057939,39.5200842649704,21.32,0.96,0.96,0.7468030514972,0.26640926640926643,0.49290060851926976
pure_top_p,0.7,0.8,0,25,0.96,0.92,0.73,1.0,1.0,0.0,0.23002173081971705,39.534470750001354,5.04,1.0,0.28,0.24785714285714286,0.0873015873015873,0.15841584158415842
pure_top_p,0.7,0.8,0,26,0.88,0.88,0.7,0.9153059245993543,0.9816568040654997,0.0016666666666666642,0.8430195576604456,39.51392521836642,19.96,0.64,0.72,0.6064921427024305,0.1076923076923077,0.22678571428571428
pure_top_p,0.7,0.8,0,27,0.32,0.04,0.21,1.0,1.0,0.0,0.16585992883890863,39.42410843330159,4.16,1.0,0.36,0.7079841269841269,0.23076923076923078,0.3291139240506329
pure_top_p,0.7,0.8,0,28,0.0,0.0,0.26,0.9067152194211018,1.0,0.0,0.8202566734049469,39.72259149195115,15.72,0.96,0.32,0.5064111300236452,0.10185185185185185,0.1375921375921376
pure_top_p,0.7,0.8,0,29,0.48,0.08,0.41,0.9478108517834911,1.0,0.0,1.2021960724424572,38.12710343073847,32.24,0.32,1.0,0.7297688932335716,0.18879415347137637,0.3806532663316583
pure_top_p,0.7,0.8,0,30,0.06,0.0,0.33,0.9781818181818182,0.988,0.0,0.4182991280313581,38.89722805350812,8.16,1.0,0.4,0.2937390942390942,0.09313725490196079,0.13966480446927373
pure_top_p,0.7,0.8,0,31,0.0,0.0,0.0,1.0,0.0,0.0,0.06170444169081744,34.175440085323295,1.0,1.0,0.04,0.0,0.04,
pure_top_p,0.7,0.8,0,32,0.0,0.0,0.54,0.962383116883117,1.0,0.0,0.5253815840184689,38.93750277268765,10.76,1.0,0.8,0.5117559193248384,0.14869888475836432,0.2581967213114754
pure_top_p,0.7,0.8,0,33,0.6,0.2,0.75,0.973111111111111,1.0,0.0,0.43708972916007044,38.66076228093663,8.72,1.0,0.16,0.17496969696969694,0.05963302752293578,0.08290155440414508
pure_top_p,0.7,0.8,0,34,0.44,0.44,0.58,1.0,0.44,0.0,0.16950011726468803,37.72858132624537,3.64,1.0,0.12,0.5548148148148149,0.10989010989010989,0.13636363636363635
pure_top_p,0.7,0.8,0,35,1.0,1.0,0.25,1.0,1.0,0.0,0.4656273798644543,38.6850044872084,11.0,1.0,0.08,0.06999999999999998,0.04363636363636364,0.048
pure_top_p,0.7,0.8,0,36,0.76,0.76,0.29,0.9973333333333333,1.0,0.0,0.37063067914918063,39.30643305659639,12.28,1.0,0.28,0.3617683529777183,0.08653846153846154,0.1254355400696864
pure_top_p,0.7,0.8,0,37,0.5,0.0,0.0,1.0,1.0,0.0,0.32902638424187897,39.534623220330666,11.0,1.0,0.04,0.0,0.04,0.04
pure_top_p,0.7,0.8,0,38,0.5,0.0,0.5,1.0,1.0,0.0,0.42376046444289384,37.7852766569333,14.0,1.0,0.08,0.04444444444444443,0.04285714285714286,0.046153846153846156
pure_top_p,0.7,0.8,0,39,0.98,0.96,0.26,0.9984615384615384,1.0,0.0,0.30554535816423595,39.71882883344453,9.04,1.0,0.12,0.20805555555555558,0.1504424778761062,0.1890547263681592
pure_top_p,0.7,0.8,0,40,0.66,0.32,0.41,0.9579479818427187,1.0,0.0,0.4957469660695642,39.08774171126232,16.84,1.0,0.68,0.5068004716869199,0.14014251781472684,0.20454545454545456
pure_top_p,0.7,0.8,0,41,1.0,1.0,0.25,1.0,0.0,0.0,0.07841611639596517,38.40171176017763,1.0,1.0,0.04,0.0,0.04,
pure_top_p,0.7,0.8,0,42,0.0,0.0,0.0,1.0,1.0,0.0,0.10809471623040733,37.08438174144144,2.0,1.0,0.04,0.0,0.04,0.04
pure_top_p,0.7,0.8,0,43,0.84,0.68,0.51,0.99,0.68,0.0,0.35223140069283543,39.2717580241411,6.72,1.0,0.24,0.49081429681429684,0.08928571428571429,0.1258741258741259
pure_top_p,0.7,0.8,0,44,1.0,1.0,0.25,1.0,0.0,0.0,0.06534900141879912,38.52719412341983,1.0,1.0,0.08,0.0,0.04,
pure_top_p,0.7,0.8,0,45,0.54,0.44,0.48,0.9422858047736214,1.0,0.0,0.8501493098121137,38.92928001597692,27.24,0.84,0.8,0.6412739812952104,0.1484149855907781,0.30792227204783257
pure_top_p,0.7,0.8,0,46,1.0,1.0,0.75,1.0,1.0,0.0,0.41818580605089667,38.3477181936382,14.0,1.0,0.04,0.0,0.04,0.04
pure_top_p,0.7,0.8,0,47,0.68,0.52,0.65,0.8896262729606071,0.9949718574108819,0.001052631578947364,1.0132634406443686,38.98212624476884,33.44,0.76,1.0,0.5874931587744813,0.14114832535885166,0.31319358816276205
pure_top_p,0.7,0.8,0,48,0.5,0.0,0.0,1.0,1.0,0.0,0.1288170731347054,38.8747092745792,2.0,1.0,0.04,0.0,0.04,0.04
pure_top_p,0.7,0.8,0,49,0.0,0.0,0.0,1.0,0.0,0.0,0.07899991752579805,38.235951957447284,1.0,1.0,0.04,0.0,0.04,
pure_top_p,0.7,0.9,0,0,0.98,0.96,0.67,0.974542518351214,1.0,0.0,0.5086958748940379,43.22189165934519,17.4,1.0,0.84,0.5533250262180499,0.10933940774487472,0.1956521739130435
pure_top_p,0.7,0.9,0,1,0.1,0.0,0.25,1.0,1.0,0.0,0.20740110980346793,43.581010296730426,6.64,1.0,0.52,0.48521185894715313,0.1566265060240964,0.2695035460992908
pure_top_p,0.7,0.9,0,2,0.54,0.12,0.31,1.0,1.0,0.0,0.2948644812777638,43.68140416370044,9.8,1.0,0.76,0.789294484682462,0.24489795918367346,0.39090909090909093
pure_top_p,0.7,0.9,0,3,0.0,0.0,0.25,1.0,1.0,0.0,0.20380713600665323,40.825488575784284,6.2,1.0,0.24,0.4172849557849558,0.09032258064516129,0.12307692307692308
pure_top_p,0.7,0.9,0,4,0.0,0.0,0.25,1.0,0.8,0.0,0.08788348925299937,43.26504303533859,1.8,1.0,0.08,0.16666666666666666,0.044444444444444446,0.05
pure_top_p,0.7,0.9,0,5,0.0,0.0,0.0,1.0,1.0,0.0,0.06878823264501985,43.61223597905134,2.0,1.0,0.04,0.0,0.04,0.04
pure_top_p,0.7,0.9,0,6,0.26,0.08,0.44,0.9247033405199352,0.9941854636591478,0.00390243902439024,0.7957464416138827,43.58493910657964,29.16,0.68,0.8,0.6485186418851212,0.17006802721088435,0.3591549295774648
pure_top_p,0.7,0.9,0,7,0.02,0.0,0.44,0.9360391350365035,1.0,0.0,0.6098968666698784,43.61676152050735,19.44,1.0,1.0,0.6413544886845532,0.16475095785440613,0.4164989939637827
pure_top_p,0.7,0.9,0,8,0.06,0.04,0.06,0.9924675324675326,0.07804878048780488,0.0,0.10851228564977643,43.482148991878155,3.48,0.96,0.12,0.1561904761904762,0.5747126436781609,0.9032258064516129
pure_top_p,0.7,0.9,0,9,0.0,0.0,0.0,1.0,0.0,0.0,0.06867052062414582,43.68703908520047,1.0,1.0,0.04,0.0,0.04,
pure_top_p,0.7,0.9,0,10,1.0,1.0,0.74,0.9498368397533283,0.997948717948718,0.0,0.8063885147403925,43.5479666596531,29.6,1.0,0.88,0.49300963345977056,0.11216216216216217,0.22377622377622378
pure_top_p,0.7,0.9,0,11,0.0,0.0,0.33,0.9701481127568085,0.52,0.0,0.31999981988221404,43.61398563028526,9.88,1.0,0.24,0.5421263736263736,0.09541984732824428,0.14767932489451477
pure_top_p,0.7,0.9,0,12,0.4,0.0,0.5,0.9939899749373433,1.0,0.0,0.5201136870589107,43.601999106367295,16.96,1.0,0.4,0.3956402450925264,0.12264150943396226,0.16040100250626566
pure_top_p,0.7,0.9,0,13,0.32,0.0,0.26,1.0,1.0,0.0,0.23648161169141532,42.58963426163661,7.84,1.0,0.44,0.7247526300836807,0.22448979591836735,0.30994152046783624
pure_top_p,0.7,0.9,0,14,0.5,0.0,0.0,1.0,0.0,0.0,0.06758439322933552,43.22984248203327,1.0,1.0,0.08,0.0,0.04,
pure_top_p,0.7,0.9,0,15,1.0,1.0,0.4,0.9940852130325815,1.0,0.0,0.3418569292873144,42.33647234945399,10.4,1.0,0.44,0.516217500876307,0.18846153846153846,0.3021276595744681
pure_top_p,0.7,0.9,0,16,0.0,0.0,0.25,1.0,1.0,0.0,0.3972189022134989,43.31406055701687,8.0,1.0,0.08,0.06666666666666665,0.044444444444444446,0.045
pure_top_p,0.7,0.9,0,17,0.0,0.0,0.28,0.9748918754104514,1.0,0.0,0.48562295734882355,43.57634646005586,16.68,1.0,0.48,0.3065847809825667,0.07655502392344497,0.12213740458015267
pure_top_p,0.7,0.9,0,18,0.62,0.28,0.5,0.9431781804640264,0.9957461489088576,0.001,0.8096107062138617,42.32155687172738,27.72,0.8,1.0,0.7902374940991477,0.2611190817790531,0.5282738095238095
pure_top_p,0.7,0.9,0,19,1.0,1.0,0.25,1.0,0.0,0.0,0.045909956889227,43.56788496790733,1.0,1.0,0.04,0.0,0.04,
pure_top_p,0.7,0.9,0,20,0.68,0.36,0.61,0.9676384714708698,1.0,0.0,0.39646454209461807,43.31322513371279,14.44,1.0,0.76,0.5391908546597104,0.16298342541436464,0.31750741839762614
pure_top_p,0.7,0.9,0,21,0.08,0.0,0.5,0.9688966722302256,0.9986666666666667,0.0,0.5992409632261843,43.65255636355456,18.0,1.0,0.96,0.6527178952596491,0.18888888888888888,0.35058823529411764
pure_top_p,0.7,0.9,0,22,0.32,0.0,0.26,0.8950582394623351,0.9904034003630778,0.0,1.0746033230144532,43.2064804162267,31.4,0.16,1.0,0.5807772577612245,0.16326530612244897,0.2977602108036891
pure_top_p,0.7,0.9,0,23,0.34,0.0,0.17,1.0,1.0,0.0,0.22119991397485136,43.05075354537201,4.6,1.0,0.52,0.740094591682827,0.2540983606557377,0.30927835051546393
pure_top_p,0.7,0.9,0,24,0.0,0.0,0.29,0.9547223455505325,1.0,0.0,0.7084969055932016,37.67622825953083,18.36,0.92,0.88,0.7442984845218416,0.289237668161435,0.5463182897862233
pure_top_p,0.7,0.9,0,25,0.9,0.8,0.7,1.0,1.0,0.0,0.2342604440730065,38.972084963717904,5.0,1.0,0.44,0.4870264550264551,0.112,0.22
pure_top_p,0.7,0.9,0,26,0.96,0.96,0.69,0.9101008593551612,0.9801963357093791,0.0,0.9409644280187786,39.13225185804222,21.4,0.44,0.84,0.6002459669500125,0.109717868338558,0.24469820554649266
pure_top_p,0.7,0.9,0,27,0.2,0.0,0.21,1.0,1.0,0.0,0.19024636437185108,39.62296308754092,4.92,1.0,0.44,0.6721693121693122,0.21138211382113822,0.2857142857142857
pure_top_p,0.7,0.9,0,28,0.0,0.0,0.27,0.918203548085901,1.0,0.0,0.8075289770867675,39.55236719583494,15.8,0.96,0.52,0.5645094694839976,0.1258741258741259,0.17574257425742573
pure_top_p,0.7,0.9,0,29,0.46,0.0,0.29,0.963706998003373,1.0,0.0,1.169689384624362,37.91746781392701,33.0,0.36,1.0,0.7278950355413875,0.20239520958083831,0.4074074074074074
pure_top_p,0.7,0.9,0,30,0.08,0.0,0.37,0.9757272727272728,0.996,0.0,0.49173014289699496,37.940074496416784,8.8,1.0,0.64,0.3593015698898052,0.12272727272727273,0.2205128205128205
pure_top_p,0.7,0.9,0,31,0.0,0.0,0.0,1.0,0.0,0.0,0.05134223541244859,39.065009338447595,1.0,1.0,0.04,0.0,0.04,
pure_top_p,0.7,0.9,0,32,0.04,0.0,0.56,0.974224335119072,1.0,0.0,0.6348404262494296,39.195239855776336,13.24,0.92,0.88,0.5987774219479072,0.21148036253776434,0.34967320261437906
pure_top_p,0.7,0.9,0,33,0.6,0.2,0.7,0.9671414141414141,1.0,0.0,0.4169592112116516,39.02867028742575,8.36,1.0,0.36,0.25523587523587526,0.06698564593301436,0.11413043478260869
pure_top_p,0.7,0.9,0,34,0.32,0.32,0.49,1.0,0.6,0.0,0.13548501587472853,39.40246328390341,3.2,1.0,0.16,0.7088888888888889,0.15,0.18181818181818182
pure_top_p,0.7,0.9,0,35,1.0,1.0,0.37,0.9913333333333333,1.0,0.0,0.5405204241443425,38.072824074368675,13.4,1.0,0.28,0.25394384304708484,0.08955223880597014,0.13870967741935483
pure_top_p,0.7,0.9,0,36,0.52,0.52,0.38,0.9921333333333334,1.0,0.0,0.4127463886607438,39.8177575422843,13.92,1.0,0.64,0.5423171137398771,0.1327683615819209,0.25227963525835867
pure_top_p,0.7,0.9,0,37,0.5,0.0,0.0,0.9838095238095238,1.0,0.0,0.34297020561993125,38.74373350692611,11.28,1.0,0.16,0.19133699633699636,0.06028368794326241,0.08171206225680934
pure_top_p,0.7,0.9,0,38,0.5,0.0,0.5,0.989090909090909,1.0,0.0,0.41146113476715984,38.08750667472781,13.64,1.0,0.12,0.18444444444444444,0.05571847507331378,0.06645569620253164
pure_top_p,0.7,0.9,0,39,0.88,0.84,0.29,0.9985185185185185,1.0,0.0,0.35251551955007016,38.540215234443984,10.28,1.0,0.28,0.415991932729967,0.19455252918287938,0.27586206896551724
pure_top_p,0.7,0.9,0,40,0.68,0.36,0.42,0.9620795147139976,1.0,0.0,0.5494230470899493,39.991818329004246,18.8,1.0,0.72,0.5407474326423135,0.19957537154989385,0.33183856502242154
pure_top_p,0.7,0.9,0,41,1.0,1.0,0.25,1.0,0.0,0.0,0.07749285202473398,38.27728272832742,1.0,1.0,0.08,0.0,0.04,
pure_top_p,0.7,0.9,0,42,0.0,0.0,0.0,1.0,1.0,0.0,0.10358608724549409,38.68333948991079,2.0,1.0,0.04,0.0,0.04,0.04
pure_top_p,0.7,0.9,0,43,0.68,0.36,0.27,1.0,0.36,0.0,0.25659825778566303,38.438482289736974,3.76,1.0,0.12,0.4424444444444444,0.10638297872340426,0.15942028985507245
pure_top_p,0.7,0.9,0,44,1.0,1.0,0.25,1.0,0.0,0.0,0.06368809504434463,38.72306743673045,1.0,1.0,0.08,0.0,0.04,
pure_top_p,0.7,0.9,0,45,0.48,0.32,0.52,0.928766269339891,0.9989189189189189,0.0,0.9289403134025633,38.95586832399173,29.44,0.8,0.96,0.67211834973256,0.16555407209612816,0.35359116022099446
pure_top_p,0.7,0.9,0,46,1.0,1.0,0.75,1.0,1.0,0.0,0.4105133508145809,39.03311936523194,14.0,1.0,0.12,0.05502777777777778,0.05142857142857143,0.055384615384615386
pure_top_p,0.7,0.9,0,47,0.66,0.44,0.59,0.8802375621638859,0.9945545112781954,0.0,0.9996078690886497,38.346679237579764,31.96,0.84,1.0,0.6375262781435659,0.1560549313358302,0.3427835051546392
pure_top_p,0.7,0.9,0,48,0.5,0.0,0.0,1.0,1.0,0.0,0.12943167640827594,38.706033385137346,2.0,1.0,0.04,0.0,0.04,0.04
pure_top_p,0.7,0.9,0,49,0.0,0.0,0.0,1.0,0.0,0.0,0.07805200784467158,36.954217649989545,1.0,1.0,0.08,0.0,0.04,
pure_top_p,0.7,0.95,0,0,0.94,0.88,0.68,0.9733736515201046,1.0,0.0,0.4929576643928886,43.43991274569957,17.12,1.0,0.84,0.5487673028684585,0.11778290993071594,0.21323529411764705
pure_top_p,0.7,0.95,0,1,0.06,0.0,0.25,0.9973333333333333,1.0,0.0,0.23223743039183314,43.573273994461886,7.32,1.0,0.6,0.5856231537497018,0.20218579234972678,0.36075949367088606
pure_top_p,0.7,0.95,0,2,0.54,0.16,0.34,0.9893137254901961,1.0,0.0,0.3490288615319878,43.668604575486725,11.96,1.0,0.96,0.8390380731038841,0.3377926421404682,0.5474452554744526
pure_top_p,0.7,0.95,0,3,0.08,0.04,0.25,0.9957894736842106,1.0,0.0,0.20555919562466443,43.585094971354955,6.76,1.0,0.44,0.4599308947895904,0.17751479289940827,0.2847222222222222
pure_top_p,0.7,0.95,0,4,0.0,0.0,0.25,1.0,0.64,0.0,0.08340149172581729,43.643236138533354,1.64,1.0,0.08,0.24,0.04878048780487805,0.0625
pure_top_p,0.7,0.95,0,5,0.0,0.0,0.0,1.0,1.0,0.0,0.06885412520729002,43.57069292024828,2.0,1.0,0.04,0.0,0.04,0.04
pure_top_p,0.7,0.95,0,6,0.5,0.32,0.58,0.9061282615816162,0.995571504518873,0.0010810810810810761,0.907955756643787,43.419116534531675,32.48,0.72,1.0,0.6380549300155687,0.15121951219512195,0.31572327044025156
pure_top_p,0.7,0.95,0,7,0.04,0.0,0.42,0.9676891150129541,0.9959899749373434,0.0010810810810810761,0.5715820975601673,43.466958939302856,17.92,0.96,0.88,0.6783668740359761,0.2150313152400835,0.45594713656387664
pure_top_p,0.7,0.95,0,8,0.04,0.0,0.04,0.9906072874493926,0.07891891891891892,0.0,0.12096393522806465,43.61451228717324,3.48,0.96,0.12,0.15615942028985508,0.5402298850574713,0.9032258064516129
pure_top_p,0.7,0.95,0,9,0.0,0.0,0.0,1.0,0.0,0.0,0.06414194731041784,43.646033021316114,1.0,1.0,0.08,0.0,0.04,
pure_top_p,0.7,0.95,0,10,1.0,1.0,0.75,0.9449750108120264,1.0,0.0,0.8210601072944701,43.55315409775701,30.04,0.96,0.92,0.4529011095224012,0.11584553928095873,0.21349862258953167
pure_top_p,0.7,0.95,0,11,0.0,0.0,0.29,0.9644391357434836,0.52,0.0,0.27360569388605654,43.511620153436795,8.4,1.0,0.24,0.5324392234174843,0.11607142857142858,0.1658291457286432
pure_top_p,0.7,0.95,0,12,0.34,0.08,0.47,0.9925627705627705,1.0,0.0,0.5075068665947765,43.57208964440303,15.8,1.0,0.68,0.6560203809000508,0.1875,0.296
pure_top_p,0.7,0.95,0,13,0.28,0.0,0.28,0.9859503105590062,0.96,0.0,0.2933913298230618,43.52611760449302,10.48,1.0,0.72,0.7363490410089185,0.20912547528517111,0.3403361344537815
pure_top_p,0.7,0.95,0,14,0.5,0.0,0.0,1.0,0.0,0.0,0.06520845168270167,43.55316263638808,1.0,1.0,0.08,0.0,0.04,
pure_top_p,0.7,0.95,0,15,1.0,1.0,0.33,0.9878397435897436,1.0,0.0,0.3019278976973146,43.566962545502726,10.08,1.0,0.28,0.4013058422818425,0.21031746031746032,0.3524229074889868
pure_top_p,0.7,0.95,0,16,0.04,0.04,0.3,1.0,0.92,0.0,0.3869822907075286,43.622289145593996,7.44,1.0,0.16,0.19583333333333333,0.0660377358490566,0.06417112299465241
pure_top_p,0.7,0.95,0,17,0.0,0.0,0.26,0.9539568368918887,1.0,0.0,0.4961459633521736,43.07976559821939,16.72,1.0,0.68,0.40060376733963354,0.10287081339712918,0.17302798982188294
pure_top_p,0.7,0.95,0,18,0.66,0.36,0.47,0.9580084305445087,0.9987096774193549,0.0,0.6738355177640915,41.92504776804171,23.4,0.96,0.88,0.7805378831931029,0.27843803056027167,0.5585106382978723
pure_top_p,0.7,0.95,0,19,1.0,1.0,0.25,1.0,0.0,0.0,0.04581688215024764,43.65222944440746,1.0,1.0,0.04,0.0,0.04,
pure_top_p,0.7,0.95,0,20,0.66,0.36,0.6,0.9527723855092276,0.9939899749373433,0.0,0.3995636245422065,43.55393053209852,14.52,1.0,0.76,0.5301261332947642,0.1557377049180328,0.2932551319648094
pure_top_p,0.7,0.95,0,21,0.1,0.0,0.47,0.9692738217546402,1.0,0.0,0.5768374881986529,43.53997661329335,16.76,1.0,1.0,0.6485359755314226,0.16152019002375298,0.36363636363636365
pure_top_p,0.7,0.95,0,22,0.36,0.0,0.29,0.8941500471393162,0.9897710876442801,0.0,1.1352271941211074,41.48262137751175,31.92,0.12,1.0,0.5745206925798241,0.14912280701754385,0.2897800776196636
pure_top_p,0.7,0.95,0,23,0.34,0.0,0.18,1.0,1.0,0.0,0.21240371227264404,43.4822225148016,4.24,1.0,0.48,0.6702076420311714,0.27522935779816515,0.3333333333333333
pure_top_p,0.7,0.95,0,24,0.0,0.0,0.29,0.9394047631682783,1.0,0.0,0.6995261005777865,38.31704426949025,18.96,0.96,0.96,0.7537116506507221,0.3131991051454139,0.5355450236966824
pure_top_p,0.7,0.95,0,25,0.92,0.84,0.71,1.0,1.0,0.0,0.2271829984989017,38.84822238776548,4.88,1.0,0.48,0.4596640211640212,0.13934426229508196,0.30927835051546393
pure_top_p,0.7,0.95,0,26,0.96,0.96,0.76,0.8930532845132545,0.9719295921469835,0.004799999999999996,1.0764957360643894,39.3408836493412,23.16,0.32,1.0,0.5560629336507225,0.09596662030598054,0.22910662824207492
pure_top_p,0.7,0.95,0,27,0.24,0.08,0.23,1.0,0.92,0.0,0.1793386331852525,39.20572185483704,4.48,1.0,0.44,0.6284270152505447,0.21428571428571427,0.3103448275862069
pure_top_p,0.7,0.95,0,28,0.0,0.0,0.25,0.9214939309056956,1.0,0.0,0.7836167770344764,39.77569784572635,15.64,1.0,0.48,0.5629725829315804,0.1187648456057007,0.18181818181818182
pure_top_p,0.7,0.95,0,29,0.44,0.04,0.34,0.9484532270797402,0.9959971811134603,0.0,1.2773086291272193,35.987150874183115,34.52,0.28,1.0,0.7616192783148757,0.21232876712328766,0.4371327849588719
pure_top_p,0.7,0.95,0,30,0.1,0.0,0.39,0.970047619047619,0.9871328671328672,0.0033333333333333322,0.5330086121242493,37.80444591069661,9.52,1.0,0.72,0.41770464829288356,0.13865546218487396,0.2535211267605634
pure_top_p,0.7,0.95,0,31,0.0,0.0,0.0,1.0,0.0,0.0,0.05246763432398434,38.17129790779727,1.0,1.0,0.04,0.0,0.04,
pure_top_p,0.7,0.95,0,32,0.06,0.0,0.56,0.9778613053613054,1.0,0.0,0.6491974291950464,37.5114816404151,12.72,0.92,0.88,0.6264710748268174,0.2641509433962264,0.39590443686006827
pure_top_p,0.7,0.95,0,33,0.64,0.28,0.75,0.9592525252525254,1.0,0.0,0.48941952735185623,37.58181876371067,9.36,1.0,0.32,0.20765850815850817,0.05555555555555555,0.0861244019138756
pure_top_p,0.7,0.95,0,34,0.32,0.32,0.49,1.0,0.52,0.0,0.14256713411770758,38.58818833392058,3.2,1.0,0.16,0.666060606060606,0.175,0.21818181818181817
pure_top_p,0.7,0.95,0,35,1.0,1.0,0.35,0.9923460825977989,1.0,0.0,0.5175626753922552,38.38017646993294,12.84,1.0,0.32,0.29548379277727105,0.09968847352024922,0.16216216216216217
pure_top_p,0.7,0.95,0,36,0.84,0.84,0.32,1.0,1.0,0.0,0.3686001077853143,38.57064381205707,11.96,1.0,0.72,0.45560473911480104,0.10561056105610561,0.17625899280575538
pure_top_p,0.7,0.95,0,37,0.5,0.0,0.0,0.9866666666666666,1.0,0.0,0.33881202635355295,38.896860656985,11.16,1.0,0.12,0.16444444444444442,0.053763440860215055,0.07086614173228346
pure_top_p,0.7,0.95,0,38,0.5,0.0,0.49,0.9906773618538324,1.0,0.0,0.41462221670895816,38.460098492466706,13.92,1.0,0.2,0.14528785403050107,0.06321839080459771,0.08978328173374613
pure_top_p,0.7,0.95,0,39,0.88,0.76,0.32,0.9963561076604555,1.0,0.0,0.35965739481151104,39.883142539794065,10.96,1.0,0.36,0.4528794731949599,0.18248175182481752,0.3132530120481928
pure_top_p,0.7,0.95,0,40,0.68,0.36,0.45,0.9555109140582823,1.0,0.0,0.5669393626321108,39.468213244459655,19.44,1.0,0.84,0.5650367703565696,0.17695473251028807,0.29718004338394793
pure_top_p,0.7,0.95,0,41,1.0,1.0,0.25,1.0,0.0,0.0,0.07569441672414537,39.161458740543644,1.0,1.0,0.08,0.0,0.04,
pure_top_p,0.7,0.95,0,42,0.0,0.0,0.0,1.0,1.0,0.0,0.10639745769090947,37.74494056983346,2.0,1.0,0.04,0.0,0.04,0.04
pure_top_p,0.7,0.95,0,43,0.78,0.56,0.43,0.9930049261083744,0.56,0.0,0.35858405774459245,38.94135176730983,7.44,1.0,0.32,0.588909967767439,0.22580645161290322,0.33540372670807456
pure_top_p,0.7,0.95,0,44,1.0,1.0,0.25,1.0,0.0,0.0,0.06315623701550063,38.64992268219337,1.0,1.0,0.08,0.0,0.04,
pure_top_p,0.7,0.95,0,45,0.6,0.44,0.51,0.9195704193384708,1.0,0.0,0.9712765589635819,37.94282668258087,30.2,0.68,1.0,0.7087138098396332,0.18276762402088773,0.3900134952766532
pure_top_p,0.7,0.95,0,46,1.0,1.0,0.75,1.0,1.0,0.0,0.4153506604861468,38.51423071409349,13.96,1.0,0.12,0.026597222222222217,0.045845272206303724,0.05246913580246913
pure_top_p,0.7,0.95,0,47,0.72,0.52,0.59,0.9094117591983445,0.9967386759581882,0.001176470588235292,0.8715806338936091,38.734492794481724,27.68,0.88,0.96,0.7016350470410174,0.1968390804597701,0.43219076005961254
pure_top_p,0.7,0.95,0,48,0.44,0.0,0.03,1.0,1.0,0.0,0.1666712740063667,38.231028771329626,2.48,1.0,0.08,0.14666666666666667,0.0967741935483871,0.13513513513513514
pure_top_p,0.7,0.95,0,49,0.0,0.0,0.0,1.0,0.0,0.0,0.0832612757198512,36.10555120214476,1.0,1.0,0.08,0.0,0.04,
pure_top_p,1.0,0.6,0,0,1.0,1.0,0.65,0.9709890109890109,1.0,0.0,0.4114603920467198,42.195304341557886,13.72,1.0,0.6,0.5823000404452888,0.10315186246418338,0.16049382716049382
pure_top_p,1.0,0.6,0,1,0.06,0.0,0.25,1.0,1.0,0.0,0.2088874514494091,42.69935880592298,6.4,1.0,0.32,0.3861582491582492,0.1,0.15555555555555556
pure_top_p,1.0,0.6,0,2,0.68,0.36,0.35,0.996,1.0,0.0,0.3423259726073593,41.43560610401856,10.68,1.0,0.6,0.8176327142387004,0.2536764705882353,0.3684210526315789
pure_top_p,1.0,0.6,0,3,0.0,0.0,0.25,1.0,1.0,0.0,0.18890537247993047,43.43784553335013,6.16,1.0,0.2,0.33328971028971033,0.09090909090909091,0.11627906976744186
pure_top_p,1.0,0.6,0,4,0.0,0.0,0.25,1.0,1.0,0.0,0.09181056747213001,43.56814603882597,2.0,1.0,0.04,0.0,0.04,0.04
pure_top_p,1.0,0.6,0,5,0.0,0.0,0.0,1.0,1.0,0.0,0.06880797634832557,43.59981203858267,2.0,1.0,0.04,0.0,0.04,0.04
pure_top_p,1.0,0.6,0,6,0.58,0.44,0.61,0.8901706607313099,0.9985714285714287,0.0,0.8608114900626243,42.97060092251013,31.92,0.84,0.72,0.5557062924270169,0.13032581453634084,0.23285899094437257
pure_top_p,1.0,0.6,0,7,0.04,0.0,0.45,0.9397714012330382,1.0,0.0,0.568993140719831,43.55370047895028,18.36,1.0,0.84,0.6371869017287786,0.15605749486652978,0.3398268398268398
pure_top_p,1.0,0.6,0,8,0.0,0.0,0.0,1.0,0.0,0.0,0.045918540498241726,43.560255038674974,1.0,1.0,0.04,0.0,0.04,
pure_top_p,1.0,0.6,0,9,0.0,0.0,0.0,1.0,0.0,0.0,0.0688929909933358,43.549346314179864,1.0,1.0,0.04,0.0,0.04,
pure_top_p,1.0,0.6,0,10,1.0,1.0,0.75,0.9577087115908028,1.0,0.0,0.8141735736653208,41.568347337459265,28.28,1.0,0.6,0.3652589953568995,0.08628005657708628,0.15395894428152493
pure_top_p,1.0,0.6,0,11,0.0,0.0,0.29,0.9622352285395763,0.56,0.0,0.29665658895857633,43.284516201679025,9.16,1.0,0.2,0.5379344322344324,0.11475409836065574,0.1643835616438356
pure_top_p,1.0,0.6,0,12,0.46,0.08,0.54,0.975873165290863,1.0,0.0,0.5828135542292148,43.45722796648095,19.52,1.0,0.6,0.6034024038672088,0.1680327868852459,0.2548596112311015
pure_top_p,1.0,0.6,0,13,0.18,0.0,0.25,0.9866666666666666,1.0,0.0,0.2988178661093116,43.26613162771079,10.76,1.0,0.24,0.5668860898160434,0.08178438661710037,0.10245901639344263
pure_top_p,1.0,0.6,0,14,0.5,0.0,0.0,1.0,0.0,0.0,0.06873145751655098,43.65036048836762,1.0,1.0,0.04,0.0,0.04,
pure_top_p,1.0,0.6,0,15,1.0,1.0,0.25,1.0,1.0,0.0,0.18670125899836415,42.87996357271108,6.0,1.0,0.04,0.0,0.04,0.04
pure_top_p,1.0,0.6,0,16,0.0,0.0,0.25,1.0,1.0,0.0,0.3998170683067292,43.52073230285285,8.04,1.0,0.12,0.1148282828282828,0.05309734513274336,0.06467661691542288
pure_top_p,1.0,0.6,0,17,0.0,0.0,0.3,0.9520095338098434,1.0,0.0,0.530551700014621,43.65394337881608,17.56,1.0,0.68,0.4061870148193341,0.11389521640091116,0.18840579710144928
pure_top_p,1.0,0.6,0,18,0.64,0.28,0.47,0.9321469488667188,0.9969731081926204,0.0,0.6799292256776244,42.95693114241248,24.08,0.84,0.8,0.7637309092911625,0.23754152823920266,0.48180242634315423
pure_top_p,1.0,0.6,0,19,1.0,1.0,0.25,1.0,0.0,0.0,0.04581237989477808,43.657586861095794,1.0,1.0,0.04,0.0,0.04,
pure_top_p,1.0,0.6,0,20,0.5,0.12,0.55,0.9374735597111288,0.9963333333333333,0.0,0.4528082642797381,43.429343670787794,16.72,1.0,0.4,0.4068577609924401,0.11961722488038277,0.20610687022900764
pure_top_p,1.0,0.6,0,21,0.06,0.0,0.44,0.971384584261055,1.0,0.0,0.5786143865343183,43.62710932717968,17.12,1.0,0.8,0.5831335438079944,0.17906976744186046,0.35555555555555557
pure_top_p,1.0,0.6,0,22,0.34,0.0,0.27,0.8923237422283912,0.9926341283988342,0.0,1.0981623440422117,43.42442155591752,34.08,0.08,0.92,0.49269734072721433,0.11971830985915492,0.2067714631197098
pure_top_p,1.0,0.6,0,23,0.48,0.0,0.17,1.0,1.0,0.0,0.16154137235134836,43.59176709837392,3.0,1.0,0.2,0.3656666666666667,0.10666666666666667,0.14
pure_top_p,1.0,0.6,0,24,0.0,0.0,0.29,0.9528903305067525,1.0,0.0,0.7150027488172054,38.06090108691235,17.92,0.92,0.76,0.7159800913897256,0.2336448598130841,0.40694789081885857
pure_top_p,1.0,0.6,0,25,0.96,0.92,0.73,1.0,1.0,0.0,0.24929399777203798,38.44765771155807,5.28,1.0,0.2,0.3823095238095238,0.08333333333333333,0.12149532710280374
pure_top_p,1.0,0.6,0,26,1.0,1.0,0.83,0.8769638553017863,0.9661749040009908,0.0,1.2279377257172017,38.23632051346683,26.4,0.28,0.48,0.3590445450125067,0.06642066420664207,0.11928934010152284
pure_top_p,1.0,0.6,0,27,0.16,0.0,0.25,1.0,1.0,0.0,0.20219488392584026,39.521861462543214,5.8,1.0,0.16,0.579957671957672,0.13793103448275862,0.15833333333333333
pure_top_p,1.0,0.6,0,28,0.0,0.0,0.25,0.9030812324929972,1.0,0.0,0.7849342789035291,39.534705026086826,14.76,1.0,0.32,0.5528669250202095,0.08020050125313283,0.12299465240641712
pure_top_p,1.0,0.6,0,29,0.42,0.0,0.32,0.9521897010324584,1.0,0.0,1.2008448481559753,38.85760750367758,34.36,0.2,0.96,0.6734970652717063,0.17939814814814814,0.3361144219308701
pure_top_p,1.0,0.6,0,30,0.14,0.0,0.34,1.0,1.0,0.0,0.45803746197372674,38.40677737639017,8.36,1.0,0.4,0.36935120435120433,0.1179245283018868,0.1657754010695187
pure_top_p,1.0,0.6,0,31,0.0,0.0,0.0,1.0,0.0,0.0,0.050978909553959915,39.29767819725267,1.0,1.0,0.04,0.0,0.04,
pure_top_p,1.0,0.6,0,32,0.0,0.0,0.54,0.984031868131868,1.0,0.0,0.5886041226610541,38.77494933750782,11.84,0.96,0.8,0.5747223458241741,0.26174496644295303,0.358974358974359
pure_top_p,1.0,0.6,0,33,0.5,0.0,0.75,1.0,1.0,0.0,0.3910925266519189,38.42462806426224,8.0,1.0,0.04,0.0,0.04,0.04
pure_top_p,1.0,0.6,0,34,0.44,0.44,0.58,1.0,0.44,0.0,0.16185983111150556,38.45468587711163,3.64,1.0,0.12,0.5577777777777778,0.10989010989010989,0.13636363636363635
pure_top_p,1.0,0.6,0,35,1.0,1.0,0.25,1.0,1.0,0.0,0.461730769444257,39.02940027568522,11.0,1.0,0.04,0.0,0.04,0.04
pure_top_p,1.0,0.6,0,36,0.8,0.8,0.29,0.9971428571428572,1.0,0.0,0.368025738177821,39.4520803472255,12.32,1.0,0.24,0.26430175867017974,0.07692307692307693,0.10452961672473868
pure_top_p,1.0,0.6,0,37,0.5,0.0,0.0,1.0,1.0,0.0,0.33442747151479124,38.921083544392985,11.0,1.0,0.04,0.0,0.04,0.04
pure_top_p,1.0,0.6,0,38,0.5,0.0,0.5,1.0,1.0,0.0,0.4069824146758765,39.33752456887712,14.0,1.0,0.08,0.06399999999999999,0.04285714285714286,0.046153846153846156
pure_top_p,1.0,0.6,0,39,1.0,1.0,0.25,1.0,1.0,0.0,0.28139797163195907,39.12396705337357,8.0,1.0,0.04,0.0,0.04,0.04
pure_top_p,1.0,0.6,0,40,0.6,0.2,0.36,0.9664722336487042,1.0,0.0,0.45885067531839013,38.92681359324301,15.6,1.0,0.56,0.40862507682515203,0.1076923076923077,0.1506849315068493
pure_top_p,1.0,0.6,0,41,1.0,1.0,0.25,1.0,0.0,0.0,0.07718134853988884,38.91078870799917,1.0,1.0,0.04,0.0,0.04,
pure_top_p,1.0,0.6,0,42,0.0,0.0,0.0,1.0,1.0,0.0,0.10806222795508798,37.19559787338273,2.0,1.0,0.04,0.0,0.04,0.04
pure_top_p,1.0,0.6,0,43,0.74,0.48,0.36,1.0,0.48,0.0,0.28566174721345305,38.466461310324945,4.52,1.0,0.12,0.4894074074074074,0.08849557522123894,0.125
pure_top_p,1.0,0.6,0,44,1.0,1.0,0.25,1.0,0.0,0.0,0.06251045632176097,39.277073250069556,1.0,1.0,0.08,0.0,0.04,
pure_top_p,1.0,0.6,0,45,0.44,0.32,0.47,0.9342542731866714,0.9970284237726098,0.0,0.9369328124914318,38.66551336253952,28.72,0.8,0.96,0.6354145840221612,0.14709851551956815,0.2905027932960894
pure_top_p,1.0,0.6,0,46,1.0,1.0,0.75,1.0,1.0,0.0,0.4137328156735748,38.724406893112025,14.0,1.0,0.04,0.0,0.04,0.04
pure_top_p,1.0,0.6,0,47,0.64,0.48,0.62,0.879274199033166,0.9901853726548847,0.001176470588235292,1.039034242061898,38.611970940054256,33.04,0.72,0.96,0.6537963722717072,0.17149758454106281,0.36239103362391034
pure_top_p,1.0,0.6,0,48,0.5,0.0,0.0,1.0,1.0,0.0,0.14711226979270575,35.41110862995626,2.0,1.0,0.04,0.0,0.04,0.04
pure_top_p,1.0,0.6,0,49,0.0,0.0,0.0,1.0,0.0,0.0,0.0789441167749464,38.10333523402095,1.0,1.0,0.04,0.0,0.04,
pure_top_p,1.0,0.8,0,0,0.94,0.88,0.69,0.9697181964742606,1.0,0.0,0.5421649046987295,43.4968272651524,19.04,1.0,0.92,0.5299790405169046,0.11041666666666666,0.2153846153846154
pure_top_p,1.0,0.8,0,1,0.12,0.0,0.25,1.0,1.0,0.0,0.23386321673169733,42.92523053278858,7.0,1.0,0.76,0.6205739818603595,0.1657142857142857,0.3
pure_top_p,1.0,0.8,0,2,0.58,0.24,0.34,0.9811814501288185,1.0,0.0,0.36170538280159237,43.68228870804514,12.0,1.0,0.92,0.8797291462052425,0.3609271523178808,0.5992779783393501
pure_top_p,1.0,0.8,0,3,0.04,0.0,0.24,1.0,1.0,0.0,0.18894669980742038,43.18569521725776,6.08,1.0,0.24,0.3143283383283383,0.11842105263157894,0.1732283464566929
pure_top_p,1.0,0.8,0,4,0.0,0.0,0.25,1.0,0.6,0.0,0.08355684544891115,43.109005243369204,1.6,1.0,0.08,0.25,0.05,0.06666666666666667
pure_top_p,1.0,0.8,0,5,0.0,0.0,0.0,1.0,1.0,0.0,0.0688144054356962,43.595648635188894,2.0,1.0,0.04,0.0,0.04,0.04
pure_top_p,1.0,0.8,0,6,0.36,0.24,0.5,0.9265812160974339,0.9933833225597931,0.0023885918003565,0.7640572154149413,43.54341026797293,27.76,0.88,0.92,0.6552303797326884,0.15691868758915833,0.3210059171597633
pure_top_p,1.0,0.8,0,7,0.1,0.0,0.48,0.9434700509891101,0.9953703703703703,0.001538461538461536,0.5937891709432006,43.15647352834986,18.92,0.96,0.88,0.6549030356723412,0.2125984251968504,0.4554865424430642
pure_top_p,1.0,0.8,0,8,0.0,0.0,0.0,1.0,0.0,0.0,0.04594707734882828,43.536515272908765,1.0,1.0,0.04,0.0,0.04,
pure_top_p,1.0,0.8,0,9,0.0,0.0,0.0,1.0,0.0,0.0,0.06854369801469141,43.768567540460936,1.0,1.0,0.04,0.0,0.04,
pure_top_p,1.0,0.8,0,10,1.0,1.0,0.73,0.9485906140021169,0.998048780487805,0.0,0.8488100570812821,42.31362955340173,30.2,0.92,1.0,0.4657917256498672,0.10463576158940398,0.1863013698630137
pure_top_p,1.0,0.8,0,11,0.0,0.0,0.29,0.9785836385836387,0.32,0.0,0.20157308410853148,43.319081639179295,5.68,1.0,0.2,0.4426455468846774,0.16,0.248
pure_top_p,1.0,0.8,0,12,0.4,0.16,0.5,0.9842141441615126,0.96,0.0,0.5487188899703324,43.60918253615159,16.92,0.96,0.76,0.7242242853524453,0.20745920745920746,0.33663366336633666
pure_top_p,1.0,0.8,0,13,0.32,0.0,0.28,0.9980952380952381,1.0,0.0,0.2222844382934272,43.54542614790431,7.52,1.0,0.6,0.7739148116803367,0.2127659574468085,0.3312883435582822
pure_top_p,1.0,0.8,0,14,0.5,0.0,0.0,1.0,0.0,0.0,0.06878600542433556,43.61512698310984,1.0,1.0,0.04,0.0,0.04,
pure_top_p,1.0,0.8,0,15,1.0,1.0,0.45,0.9680318761698072,1.0,0.0,0.399907871298492,43.559481147071544,13.28,1.0,0.52,0.5636939887757481,0.14457831325301204,0.247557003257329
pure_top_p,1.0,0.8,0,16,0.0,0.0,0.25,1.0,1.0,0.0,0.41702926793135703,41.543842359235335,8.12,1.0,0.12,0.11545454545454545,0.05263157894736842,0.06403940886699508
pure_top_p,1.0,0.8,0,17,0.0,0.0,0.3,0.9571657939642887,1.0,0.0,0.5026183322165161,43.15885188625835,16.16,1.0,0.8,0.46208239548376295,0.12623762376237624,0.21635883905013192
pure_top_p,1.0,0.8,0,18,0.72,0.44,0.48,0.9326462042395807,0.9959420583810829,0.001,0.7267766935564578,42.6780635892716,25.76,0.88,0.92,0.7931093551508757,0.279320987654321,0.5585874799357945
pure_top_p,1.0,0.8,0,19,1.0,1.0,0.25,1.0,0.0,0.0,0.04570942114107307,43.754764720237844,1.0,1.0,0.04,0.0,0.04,
pure_top_p,1.0,0.8,0,20,0.62,0.28,0.6,0.932076858813701,0.9982608695652173,0.0,0.41569563138298693,43.516336476747426,15.24,1.0,0.6,0.48537536379513996,0.12860892388451445,0.24157303370786518
pure_top_p,1.0,0.8,0,21,0.1,0.0,0.44,0.9631598964642443,1.0,0.0,0.5736533993575722,43.354488697189524,16.44,1.0,0.88,0.5958075302630573,0.1630170316301703,0.31088082901554404
pure_top_p,1.0,0.8,0,22,0.26,0.0,0.28,0.8971672668471891,0.9895752351097178,0.0,1.0636894442141056,43.58366581173069,31.32,0.32,1.0,0.589806890522466,0.19745222929936307,0.36973684210526314
pure_top_p,1.0,0.8,0,23,0.22,0.0,0.16,0.9966666666666666,1.0,0.0,0.2731730800680816,43.16178505523781,6.04,1.0,0.8,0.8853075866613127,0.44936708860759494,0.5639097744360902
pure_top_p,1.0,0.8,0,24,0.0,0.0,0.28,0.9585847766331638,0.9971282051282051,0.0,0.6002651022840291,39.632725158087,16.48,0.92,0.92,0.7322184394086653,0.28388746803069054,0.4972677595628415
pure_top_p,1.0,0.8,0,25,0.92,0.84,0.71,1.0,1.0,0.0,0.2328224155120551,39.642712656596544,5.12,1.0,0.6,0.5151071428571429,0.1484375,0.3106796116504854
pure_top_p,1.0,0.8,0,26,1.0,1.0,0.76,0.8881928328489339,0.9820758657190441,0.0016,1.0342910683900117,39.27479589418472,23.36,0.4,0.96,0.5555118773362583,0.09103840682788052,0.19174041297935104
pure_top_p,1.0,0.8,0,27,0.2,0.0,0.18,1.0,1.0,0.0,0.20970016332343216,39.48534546469615,5.28,1.0,0.4,0.7272073054367946,0.19696969696969696,0.2803738317757009
pure_top_p,1.0,0.8,0,28,0.0,0.0,0.28,0.9080166268259575,1.0,0.0,0.9074352038092911,39.757309973139016,19.12,0.76,0.76,0.600455061435084,0.1650485436893204,0.2693877551020408
pure_top_p,1.0,0.8,0,29,0.4,0.0,0.28,0.960943253785192,1.0,0.0,1.2280065350979568,37.92928886039533,33.32,0.16,1.0,0.7443711916696193,0.21759809750297265,0.44362745098039214
pure_top_p,1.0,0.8,0,30,0.1,0.0,0.37,0.995,1.0,0.0,0.4884157992526889,38.542281681553526,9.04,1.0,0.72,0.4608287766012224,0.17903930131004367,0.29411764705882354
pure_top_p,1.0,0.8,0,31,0.0,0.0,0.0,1.0,0.0,0.0,0.05118665288202459,39.154681679104534,1.0,1.0,0.04,0.0,0.04,
pure_top_p,1.0,0.8,0,32,0.02,0.0,0.55,0.9792786324786324,1.0,0.0,0.6875685401819647,38.87436794661012,14.16,0.8,0.96,0.7099446704185901,0.28370786516853935,0.48338368580060426
pure_top_p,1.0,0.8,0,33,0.68,0.36,0.75,0.9340644910644912,1.0,0.0,0.48604156530462206,38.47202444968796,9.36,1.0,0.4,0.3048986106486107,0.08974358974358974,0.12440191387559808
pure_top_p,1.0,0.8,0,34,0.56,0.56,0.67,1.0,0.64,0.0,0.16999146435409784,39.39839179251254,4.44,1.0,0.16,0.6444444444444444,0.10810810810810811,0.11627906976744186
pure_top_p,1.0,0.8,0,35,1.0,1.0,0.47,0.9782695533299652,1.0,0.0,0.5962162672448903,38.73344116372611,15.8,1.0,0.48,0.418951099498071,0.10126582278481013,0.15675675675675677
pure_top_p,1.0,0.8,0,36,0.48,0.48,0.28,1.0,1.0,0.0,0.3790607868041843,39.78720268967808,12.64,1.0,0.48,0.5166473810162059,0.10526315789473684,0.18456375838926176
pure_top_p,1.0,0.8,0,37,0.5,0.0,0.01,0.970952380952381,1.0,0.0,0.35434864574111996,38.22457331364356,11.52,1.0,0.2,0.24265567765567767,0.0625,0.08745247148288973
pure_top_p,1.0,0.8,0,38,0.5,0.0,0.49,1.0,1.0,0.0,0.43779491931200026,36.83965126011753,14.12,1.0,0.16,0.17433535353535354,0.09348441926345609,0.10975609756097561
pure_top_p,1.0,0.8,0,39,0.82,0.64,0.34,0.9984000000000001,1.0,0.0,0.3936378140002489,38.85727780862932,11.8,1.0,0.44,0.5803882860180807,0.16610169491525423,0.26666666666666666
pure_top_p,1.0,0.8,0,40,0.56,0.12,0.38,0.945244490453186,1.0,0.0,0.4986539604701102,39.479607942578156,17.08,1.0,0.76,0.49342709009521857,0.18501170960187355,0.2935323383084577
pure_top_p,1.0,0.8,0,41,1.0,1.0,0.25,1.0,0.0,0.0,0.07018918547779317,38.53517304641584,1.0,1.0,0.08,0.0,0.04,
pure_top_p,1.0,0.8,0,42,0.0,0.0,0.0,1.0,1.0,0.0,0.10727556940168138,37.42080383321571,2.0,1.0,0.04,0.0,0.04,0.04
pure_top_p,1.0,0.8,0,43,0.76,0.52,0.41,0.983992079590457,0.5575757575757576,0.00125,0.3853842552844435,38.96002441796272,7.88,1.0,0.4,0.6401749555843748,0.2663316582914573,0.47126436781609193
pure_top_p,1.0,0.8,0,44,1.0,1.0,0.25,1.0,0.0,0.0,0.058729572063311884,39.56991382355667,1.0,1.0,0.08,0.0,0.04,
pure_top_p,1.0,0.8,0,45,0.62,0.4,0.47,0.9270737857037926,0.9987878787878788,0.0,1.006130079207942,38.37626718015406,31.2,0.8,0.96,0.7056430082970176,0.17402269861286254,0.3619791666666667
pure_top_p,1.0,0.8,0,46,1.0,1.0,0.75,1.0,1.0,0.0,0.41453277694061397,38.748255594913964,14.04,1.0,0.16,0.07464869281045751,0.05413105413105413,0.05828220858895705
pure_top_p,1.0,0.8,0,47,0.56,0.24,0.51,0.9214269093805781,0.9925634948174897,0.0,0.7853365979529917,39.009579458749926,25.32,0.92,1.0,0.7318424249928199,0.21036106750392464,0.47549019607843135
pure_top_p,1.0,0.8,0,48,0.5,0.0,0.0,1.0,1.0,0.0,0.13115809048525987,38.190173121838555,2.0,1.0,0.04,0.0,0.04,0.04
pure_top_p,1.0,0.8,0,49,0.0,0.0,0.0,1.0,0.0,0.0,0.07902360041625794,35.47708368508741,1.0,1.0,0.08,0.0,0.04,
pure_top_p,1.0,0.9,0,0,0.98,0.96,0.69,0.9679898369915532,1.0,0.0,0.5576992101967335,43.61194635304002,19.28,1.0,0.96,0.6245299184229433,0.1483739837398374,0.32119914346895073
pure_top_p,1.0,0.9,0,1,0.24,0.0,0.25,0.9866666666666667,1.0,0.0,0.21563733469694854,43.210660831151245,6.64,1.0,0.8,0.5897461427461428,0.1566265060240964,0.2695035460992908
pure_top_p,1.0,0.9,0,2,0.64,0.32,0.36,0.988313725490196,1.0,0.0,0.3469036622345448,43.70367255726157,11.84,1.0,1.0,0.9361778652529248,0.42567567567567566,0.7011070110701108
pure_top_p,1.0,0.9,0,3,0.2,0.08,0.2,0.9921531100478469,1.0,0.0,0.22844984980300065,43.602375667909946,7.08,1.0,0.6,0.6420990850936503,0.20903954802259886,0.34868421052631576
pure_top_p,1.0,0.9,0,4,0.0,0.0,0.25,1.0,0.6,0.0,0.08261965179815885,43.57657109587883,1.6,1.0,0.08,0.25,0.05,0.06666666666666667
pure_top_p,1.0,0.9,0,5,0.0,0.0,0.0,1.0,1.0,0.0,0.06879057369194921,43.61075491090436,2.0,1.0,0.04,0.0,0.04,0.04
pure_top_p,1.0,0.9,0,6,0.62,0.52,0.56,0.9131074285294234,0.9154550625128102,0.0,0.7447263796441257,43.07139046111924,27.24,0.92,0.92,0.7033494280234701,0.170767004341534,0.3843843843843844
pure_top_p,1.0,0.9,0,7,0.04,0.0,0.46,0.9469881218884315,1.0,0.0,0.6024962948635221,42.342679311459776,19.24,1.0,1.0,0.6828785617986188,0.2046783625730994,0.45491803278688525
pure_top_p,1.0,0.9,0,8,0.2,0.16,0.16,0.9772364165407643,0.23764705882352943,0.0,0.24058044311590485,43.582982696938046,7.52,0.92,0.28,0.4203756517938834,0.45263157894736844,0.7575757575757576
pure_top_p,1.0,0.9,0,9,0.0,0.0,0.0,1.0,0.0,0.0,0.06521735239773985,43.57246844823715,1.0,1.0,0.08,0.0,0.04,
pure_top_p,1.0,0.9,0,10,0.94,0.92,0.73,0.9392653519297076,0.9976140350877194,0.0,0.7881658232025802,43.6422718493056,28.64,0.92,1.0,0.5346968797312974,0.1340782122905028,0.2575976845151954
pure_top_p,1.0,0.9,0,11,0.0,0.0,0.27,0.9858679882209294,0.24,0.0,0.18971717630513013,41.94174081950951,4.92,1.0,0.28,0.36723666254626003,0.17054263565891473,0.25
pure_top_p,1.0,0.9,0,12,0.42,0.16,0.51,0.9844610027653508,0.96,0.0,0.5437300599459559,43.35615575409006,17.8,1.0,0.92,0.7080859475055754,0.22098214285714285,0.37825059101654845
pure_top_p,1.0,0.9,0,13,0.28,0.0,0.28,0.9958730158730159,0.92,0.0,0.24634141378104688,43.671331283064646,8.44,1.0,0.64,0.7567441206479996,0.24644549763033174,0.3817204301075269
pure_top_p,1.0,0.9,0,14,0.5,0.0,0.0,1.0,0.0,0.0,0.06694393598474557,43.62100723663333,1.0,1.0,0.08,0.0,0.04,
pure_top_p,1.0,0.9,0,15,0.98,0.96,0.33,0.9904,0.9976470588235294,0.0,0.27903810535557566,43.168894196769145,9.4,1.0,0.28,0.40696713064963336,0.225531914893617,0.35714285714285715
pure_top_p,1.0,0.9,0,16,0.08,0.08,0.35,1.0,0.84,0.0,0.3927487880736589,43.09277663147852,7.08,1.0,0.32,0.4126689976689976,0.10294117647058823,0.11173184357541899
pure_top_p,1.0,0.9,0,17,0.0,0.0,0.32,0.9725479082321188,1.0,0.0,0.4833234273735434,43.369731051008465,15.04,1.0,0.88,0.4904777793446607,0.15425531914893617,0.28774928774928776
pure_top_p,1.0,0.9,0,18,0.64,0.28,0.48,0.9469990763835644,0.9574285714285715,0.0,0.5770407056901604,43.52869800405234,18.64,0.96,1.0,0.8155893629373494,0.29896907216494845,0.5369565217391304
pure_top_p,1.0,0.9,0,19,1.0,1.0,0.25,1.0,0.0,0.0,0.04579054812900719,43.67753497322464,1.0,1.0,0.04,0.0,0.04,
pure_top_p,1.0,0.9,0,20,0.6,0.28,0.6,0.9497202705038457,0.9964661654135338,0.0,0.42349068039096893,43.6446901070871,15.72,1.0,0.76,0.585186241643688,0.17258883248730963,0.3523035230352303
pure_top_p,1.0,0.9,0,21,0.06,0.0,0.47,0.9567885199767552,1.0,0.0,0.6402698689419776,43.358620237995865,19.04,1.0,1.0,0.6400667659332786,0.16981132075471697,0.3584070796460177
pure_top_p,1.0,0.9,0,22,0.34,0.0,0.29,0.8896569579704563,0.9900520358020358,0.0,1.0640940434858204,43.452889851904594,32.08,0.28,1.0,0.6221827509481282,0.17843866171003717,0.34398976982097185
pure_top_p,1.0,0.9,0,23,0.24,0.0,0.17,0.9945454545454545,1.0,0.0,0.23643959539942436,43.63692778641338,5.2,1.0,0.72,0.8689142443956686,0.42105263157894735,0.5555555555555556
pure_top_p,1.0,0.9,0,24,0.0,0.0,0.3,0.9536076394620536,1.0,0.0,0.634045679345727,39.85575368195457,17.52,0.96,1.0,0.7675950343822118,0.344578313253012,0.6102564102564103
pure_top_p,1.0,0.9,0,25,0.9,0.8,0.71,1.0,1.0,0.0,0.24874422541819513,39.36644324662397,5.4,1.0,0.6,0.5996746031746032,0.15555555555555556,0.3
pure_top_p,1.0,0.9,0,26,0.96,0.96,0.73,0.9094826604144534,0.9753850869326132,0.00148148148148148,0.8977690079994499,39.8516279019743,21.12,0.52,1.0,0.6284189054895506,0.112,0.265
pure_top_p,1.0,0.9,0,27,0.28,0.0,0.16,1.0,0.92,0.0,0.20738993939943604,38.93057550810469,5.28,1.0,0.6,0.7929856463053059,0.19696969696969696,0.3177570093457944
pure_top_p,1.0,0.9,0,28,0.02,0.0,0.25,0.9014648423471953,0.9871794871794873,0.006969696969696968,0.8730799764301628,39.448653804310766,17.16,0.92,0.84,0.6863236449101853,0.2052401746724891,0.3348729792147806
pure_top_p,1.0,0.9,0,29,0.36,0.0,0.3,0.9569957121784324,1.0,0.0,1.1621285880450158,38.917762427312475,32.84,0.32,1.0,0.7922736129641739,0.2583732057416268,0.5030826140567201
pure_top_p,1.0,0.9,0,30,0.2,0.0,0.38,0.9766666666666667,0.9963636363636365,0.0,0.5471704454999418,38.18348624813208,10.52,1.0,0.96,0.502263598285324,0.25190839694656486,0.3924050632911392
pure_top_p,1.0,0.9,0,31,0.0,0.0,0.0,1.0,0.0,0.0,0.053633589604869435,38.10864613125618,1.0,1.0,0.08,0.08,0.08,
pure_top_p,1.0,0.9,0,32,0.04,0.0,0.52,0.9677184482184482,1.0,0.0,0.6828726648446173,39.17009353292362,13.6,0.88,0.96,0.7277911648567915,0.34202898550724636,0.55
pure_top_p,1.0,0.9,0,33,0.64,0.28,0.72,0.9409523809523809,1.0,0.0,0.5024902145843952,37.19543311083566,9.44,1.0,0.64,0.3237144546200274,0.1059322033898305,0.1943127962085308
pure_top_p,1.0,0.9,0,34,0.24,0.24,0.4,1.0,0.52,0.0,0.1254763188399374,38.83578863181548,2.64,1.0,0.2,0.6783333333333333,0.19696969696969696,0.2682926829268293
pure_top_p,1.0,0.9,0,35,1.0,1.0,0.54,0.9702930891516165,1.0,0.0,0.6296509279776364,38.29384266522583,16.92,1.0,0.6,0.4641206919588959,0.1182033096926714,0.18592964824120603
pure_top_p,1.0,0.9,0,36,0.54,0.52,0.37,0.9688263349553672,0.9896720430107527,0.005336299592139407,0.5329264894779772,40.090246854459764,16.68,0.84,0.88,0.6374188653904166,0.16397228637413394,0.3284313725490196
pure_top_p,1.0,0.9,0,37,0.5,0.0,0.0,0.9833333333333333,1.0,0.0,0.3494833026546985,37.80852902202122,11.2,1.0,0.16,0.17257631257631256,0.05357142857142857,0.07450980392156863
pure_top_p,1.0,0.9,0,38,0.52,0.04,0.48,0.9920915032679738,1.0,0.0,0.4248591164685786,38.42692796271239,14.04,1.0,0.48,0.4337191360249638,0.14084507042253522,0.21818181818181817
pure_top_p,1.0,0.9,0,39,0.88,0.76,0.37,1.0,1.0,0.0,0.3933030625991523,38.90422004986226,11.68,1.0,0.56,0.6679935693970538,0.2465753424657534,0.449438202247191
pure_top_p,1.0,0.9,0,40,0.64,0.28,0.43,0.9484993714839379,0.9927272727272728,0.0038095238095238082,0.5316373238246888,39.8222696648561,17.88,1.0,0.92,0.5992165757664218,0.22,0.3811764705882353
pure_top_p,1.0,0.9,0,41,1.0,1.0,0.25,1.0,0.0,0.0,0.07495147730223829,37.90240575214174,1.0,1.0,0.08,0.0,0.04,
pure_top_p,1.0,0.9,0,42,0.0,0.0,0.0,1.0,1.0,0.0,0.10423048826865848,38.56624204960481,2.0,1.0,0.04,0.0,0.04,0.04
pure_top_p,1.0,0.9,0,43,0.74,0.48,0.38,0.9933333333333333,0.52,0.0,0.3041331452690065,39.447090075784594,5.32,1.0,0.36,0.554688801938802,0.1791044776119403,0.25688073394495414
pure_top_p,1.0,0.9,0,44,1.0,1.0,0.25,1.0,0.0,0.0,0.06847329130396243,38.823534638314314,1.0,1.0,0.08,0.0,0.04,
pure_top_p,1.0,0.9,0,45,0.64,0.44,0.53,0.9074310346234494,0.9977978883861237,0.0,1.0365157730784267,39.08983226252635,31.76,0.56,1.0,0.703419350697051,0.19306930693069307,0.4495530012771392
pure_top_p,1.0,0.9,0,46,1.0,1.0,0.74,1.0,1.0,0.0,0.4107863564789295,38.82540857104027,13.92,1.0,0.2,0.0891086990351696,0.05172413793103448,0.058823529411764705
pure_top_p,1.0,0.9,0,47,0.66,0.44,0.53,0.9081852386514229,0.9968676368676368,0.0,0.8801104526221752,36.89172935697633,25.68,0.88,1.0,0.7419189594270762,0.2127329192546584,0.4781906300484653
pure_top_p,1.0,0.9,0,48,0.46,0.0,0.06,1.0,1.0,0.0,0.20911134963855146,37.30292764816666,2.96,1.0,0.12,0.30920634920634926,0.0945945945945946,0.14285714285714285
pure_top_p,1.0,0.9,0,49,0.0,0.0,0.0,1.0,0.0,0.0,0.06913498743437226,38.52016571500242,1.0,1.0,0.08,0.0,0.04,
pure_top_p,1.0,0.95,0,0,0.98,0.96,0.67,0.9840772946859903,1.0,0.0,0.44370662632398306,43.634222185230946,15.28,1.0,0.92,0.6529063771865494,0.15064935064935064,0.2777777777777778
pure_top_p,1.0,0.95,0,1,0.26,0.0,0.25,0.980750700280112,0.9975,0.0,0.23623555041849614,42.999787264430324,7.64,1.0,0.76,0.6316949271517383,0.225130890052356,0.42771084337349397
pure_top_p,1.0,0.95,0,2,0.52,0.32,0.4,0.9786202686202685,1.0,0.0,0.38253855594433844,43.60292745328241,12.96,1.0,1.0,0.9061984058097092,0.4570552147239264,0.760797342192691
pure_top_p,1.0,0.95,0,3,0.18,0.08,0.2,0.9914285714285714,0.9985185185185185,0.0,0.21154950380325319,43.493328881012346,6.96,1.0,0.56,0.6137539954811695,0.25142857142857145,0.43333333333333335
pure_top_p,1.0,0.95,0,4,0.0,0.0,0.25,1.0,0.84,0.0,0.0880538550112396,43.60802108792714,1.84,1.0,0.08,0.14,0.043478260869565216,0.047619047619047616
pure_top_p,1.0,0.95,0,5,0.0,0.0,0.0,1.0,1.0,0.0,0.06883637744933363,43.581871391572015,2.0,1.0,0.04,0.0,0.04,0.04
pure_top_p,1.0,0.95,0,6,0.28,0.12,0.4,0.9493599063246121,0.8681453409911183,0.006315789473684208,0.6055192878656089,42.50951965488164,21.0,0.8,0.84,0.6850790712540774,0.224105461393597,0.4683794466403162
pure_top_p,1.0,0.95,0,7,0.04,0.0,0.49,0.9416824977388714,1.0,0.0,0.6206783079355955,41.512221824630224,18.44,0.96,0.92,0.6905076619222903,0.2129817444219067,0.5
pure_top_p,1.0,0.95,0,8,0.14,0.12,0.11,0.9939555555555556,0.16,0.0,0.1820606883987784,43.399950245717626,5.32,1.0,0.2,0.29391092215171094,0.4444444444444444,0.6818181818181818
pure_top_p,1.0,0.95,0,9,0.0,0.0,0.0,1.0,0.0,0.0,0.061286477148532824,43.73618255846567,1.0,1.0,0.08,0.0,0.04,
pure_top_p,1.0,0.95,0,10,1.0,1.0,0.74,0.9436939438429982,1.0,0.0,0.7773474183864891,43.582483157813186,28.44,1.0,1.0,0.4767649338000791,0.12061711079943899,0.25
pure_top_p,1.0,0.95,0,11,0.0,0.0,0.29,0.985757817062165,0.32,0.0,0.20926031875424084,43.53632413127125,6.04,1.0,0.28,0.4582357062327651,0.1875,0.31851851851851853
pure_top_p,1.0,0.95,0,12,0.42,0.12,0.5,0.9845011388393742,0.92,0.0,0.5872720535565168,43.66943030642034,17.04,1.0,0.96,0.8298773614079166,0.2857142857142857,0.4735576923076923
pure_top_p,1.0,0.95,0,13,0.28,0.0,0.27,0.9890756302521008,0.96,0.0,0.25445793744176626,43.42666442746232,8.56,1.0,0.68,0.7542508485496213,0.27102803738317754,0.43386243386243384
pure_top_p,1.0,0.95,0,14,0.5,0.0,0.0,1.0,0.0,0.0,0.06733740771189328,42.81467328667083,1.0,1.0,0.08,0.0,0.04,
pure_top_p,1.0,0.95,0,15,0.98,0.96,0.43,0.985550380054728,1.0,0.0,0.4088556454051286,42.37718211335186,13.0,1.0,0.56,0.5936556084832095,0.22699386503067484,0.4119601328903654
pure_top_p,1.0,0.95,0,16,0.0,0.0,0.27,1.0,0.96,0.0,0.3875449466332793,43.55838196902792,7.36,1.0,0.24,0.221,0.06698564593301436,0.07065217391304347
pure_top_p,1.0,0.95,0,17,0.0,0.0,0.29,0.964011365311675,0.99875,0.0,0.4743303122743964,43.29155909812892,14.96,1.0,0.88,0.5141548153172463,0.1675531914893617,0.31339031339031337
pure_top_p,1.0,0.95,0,18,0.68,0.36,0.52,0.938055345385397,0.9569187675070029,0.0,0.7416791232675314,41.99595584043816,23.08,0.84,1.0,0.8397160179618176,0.33783783783783783,0.689594356261023
pure_top_p,1.0,0.95,0,19,0.88,0.88,0.28,0.9968,0.12,0.0,0.1087341871205717,43.63922717026259,3.24,1.0,0.2,0.2268776683087028,0.4444444444444444,0.7678571428571429
pure_top_p,1.0,0.95,0,20,0.7,0.48,0.63,0.9719211923342358,1.0,0.0,0.3951398881338537,43.61302541724091,14.56,1.0,0.88,0.6551802886919332,0.19452054794520549,0.37058823529411766
pure_top_p,1.0,0.95,0,21,0.14,0.0,0.41,0.9670036083079562,1.0,0.0,0.5508293981477618,43.55647063375646,15.48,1.0,0.96,0.6607787807270242,0.18863049095607234,0.3867403314917127
pure_top_p,1.0,0.95,0,22,0.34,0.0,0.27,0.914265517634241,0.9944596774193548,0.0,1.0796726692747325,43.42027573650981,31.08,0.2,1.0,0.6738734623468174,0.22929936305732485,0.4328947368421053
pure_top_p,1.0,0.95,0,23,0.28,0.0,0.14,0.9983333333333334,0.96,0.0,0.2438113721366971,43.63879431091206,5.28,1.0,0.88,0.9187336675020886,0.5447761194029851,0.6697247706422018
pure_top_p,1.0,0.95,0,24,0.06,0.0,0.29,0.9523420242881439,0.9973333333333333,0.0,0.5596605895925313,43.31674987987876,17.0,0.96,1.0,0.8105088865162545,0.36496350364963503,0.6450777202072538
pure_top_p,1.0,0.95,0,25,0.92,0.84,0.73,1.0,1.0,0.0,0.230894629554823,39.490893588089726,5.08,1.0,0.68,0.4918544973544974,0.14960629921259844,0.35294117647058826
pure_top_p,1.0,0.95,0,26,0.92,0.92,0.76,0.8844972718047469,0.9814495890582847,0.0,1.0695187534857542,39.338530561325264,24.84,0.36,1.0,0.6034359946784104,0.1105121293800539,0.2803347280334728
pure_top_p,1.0,0.95,0,27,0.32,0.04,0.22,1.0,0.96,0.0,0.1980847414303571,39.37522921564603,4.88,1.0,0.72,0.8160728325146483,0.2459016393442623,0.4639175257731959
pure_top_p,1.0,0.95,0,28,0.0,0.0,0.27,0.9142733867439748,1.0,0.0,0.8726292711682617,39.34001926206195,17.56,0.88,0.76,0.6408251212798397,0.18277310924369747,0.29711751662971175
pure_top_p,1.0,0.95,0,29,0.44,0.0,0.28,0.9575214262835359,0.99875,0.0,1.1486283089127391,39.260423335680834,32.68,0.36,1.0,0.8079774206104716,0.2829736211031175,0.5822002472187886
pure_top_p,1.0,0.95,0,30,0.14,0.0,0.36,0.9916666666666667,1.0,0.0,0.5312776190321893,37.88949979571452,10.56,1.0,0.88,0.56801493619313,0.2696629213483146,0.43388429752066116
pure_top_p,1.0,0.95,0,31,0.0,0.0,0.0,1.0,0.0,0.0,0.05901158154942092,36.184584812947634,1.0,1.0,0.08,0.22,0.08,
pure_top_p,1.0,0.95,0,32,0.02,0.0,0.45,0.9790703933747412,1.0,0.0,0.6973149134032428,38.07210670551456,12.76,0.92,1.0,0.7466430154632204,0.41839762611275966,0.6153846153846154
pure_top_p,1.0,0.95,0,33,0.62,0.24,0.71,0.9471289821289821,1.0,0.0,0.5210557429026812,37.56176631263363,10.04,1.0,0.84,0.4389083997465072,0.1746031746031746,0.2643171806167401
pure_top_p,1.0,0.95,0,34,0.44,0.36,0.45,1.0,0.72,0.0,0.15132895492017265,40.028410360136206,3.84,1.0,0.4,0.8352887205387205,0.3020833333333333,0.36619718309859156
pure_top_p,1.0,0.95,0,35,1.0,1.0,0.41,0.9933275362318841,1.0,0.0,0.5568462273292244,38.787151511091594,14.28,1.0,0.36,0.37341351997438954,0.10644257703081232,0.15963855421686746
pure_top_p,1.0,0.95,0,36,0.58,0.56,0.38,0.9925,0.9974193548387098,0.001333333333333332,0.4310375936795026,39.19774814819394,13.72,0.96,0.76,0.5668414843326384,0.1501416430594901,0.2682926829268293
pure_top_p,1.0,0.95,0,37,0.5,0.0,0.0,0.9833333333333333,1.0,0.0,0.34354026449844244,38.47422974682183,11.2,1.0,0.16,0.18274725274725276,0.05357142857142857,0.07450980392156863
pure_top_p,1.0,0.95,0,38,0.54,0.08,0.5,0.9916577540106951,1.0,0.0,0.403664018008858,38.81508682760221,13.52,1.0,0.32,0.32813657547016684,0.10029498525073746,0.1464968152866242
pure_top_p,1.0,0.95,0,39,0.78,0.6,0.39,0.9908080808080808,1.0,0.0,0.4873678733687848,38.16638165413205,14.64,1.0,0.76,0.7108872666999917,0.28610354223433243,0.5380116959064327
pure_top_p,1.0,0.95,0,40,0.62,0.28,0.45,0.9533872417438044,1.0,0.0,0.6128880398254841,39.51814105410189,20.28,0.96,1.0,0.6982509316423,0.25486381322957197,0.4785276073619632
pure_top_p,1.0,0.95,0,41,1.0,1.0,0.25,1.0,0.0,0.0,0.0718899769429117,38.695933614467954,1.0,1.0,0.08,0.0,0.04,
pure_top_p,1.0,0.95,0,42,0.0,0.0,0.0,1.0,1.0,0.0,0.10694533069618042,37.63730992181961,2.0,1.0,0.04,0.0,0.04,0.04
pure_top_p,1.0,0.95,0,43,0.78,0.56,0.43,0.9851282051282052,0.552,0.004210526315789472,0.42029288889840244,38.69955866185495,8.32,1.0,0.4,0.6507402447855719,0.2361111111111111,0.38219895287958117
pure_top_p,1.0,0.95,0,44,1.0,1.0,0.25,1.0,0.0,0.0,0.06002090359106654,39.41188869138782,1.0,1.0,0.08,0.0,0.04,
pure_top_p,1.0,0.95,0,45,0.64,0.48,0.54,0.9042721505042595,0.9988888888888888,0.0,1.008024412272498,38.40931957662578,31.6,0.76,1.0,0.6979645546749541,0.18341708542713567,0.42153047989623865
pure_top_p,1.0,0.95,0,46,1.0,1.0,0.73,1.0,1.0,0.0,0.4122371226269752,38.942781649797794,13.88,1.0,0.24,0.14164717348927872,0.06571428571428571,0.08
pure_top_p,1.0,0.95,0,47,0.48,0.2,0.51,0.9312990243674456,0.9965139675484502,0.0,0.7655351516231894,38.69912813904889,22.32,0.92,1.0,0.8084054895574664,0.26902654867256637,0.6074074074074074
pure_top_p,1.0,0.95,0,48,0.4,0.0,0.08,1.0,1.0,0.0,0.24607033528387542,35.259207148786324,3.28,1.0,0.24,0.4102380952380953,0.10975609756097561,0.15789473684210525
pure_top_p,1.0,0.95,0,49,0.0,0.0,0.0,1.0,0.0,0.0,0.07073347599245604,37.91614794658539,1.0,1.0,0.08,0.0,0.04,
pure_top_p,1.5,0.6,0,0,0.98,0.96,0.71,0.9542990285077242,1.0,0.0,0.4688478474132717,42.83109587029034,16.0,1.0,1.0,0.698271033346669,0.18627450980392157,0.3629242819843342
pure_top_p,1.5,0.6,0,1,0.24,0.0,0.24,1.0,1.0,0.0,0.24848727699369189,43.614884351718544,7.72,1.0,0.8,0.641612037400737,0.20618556701030927,0.34911242603550297
pure_top_p,1.5,0.6,0,2,0.58,0.28,0.41,0.9775455486542444,1.0,0.0,0.4339560762327164,43.3353109644539,13.12,0.96,1.0,0.9198992018209178,0.44610778443113774,0.7152103559870551
pure_top_p,1.5,0.6,0,3,0.18,0.0,0.19,1.0,1.0,0.0,0.23955932863987978,43.572739264584705,7.84,1.0,0.52,0.6023146454278336,0.22959183673469388,0.3684210526315789
pure_top_p,1.5,0.6,0,4,0.0,0.0,0.25,1.0,0.56,0.0,0.08208844343200321,43.39705660507926,1.56,1.0,0.08,0.25666666666666665,0.05128205128205128,0.07142857142857142
pure_top_p,1.5,0.6,0,5,0.0,0.0,0.0,1.0,1.0,0.0,0.06885644685477015,43.570933261701455,2.0,1.0,0.04,0.0,0.04,0.04
pure_top_p,1.5,0.6,0,6,0.28,0.12,0.36,0.9441365617604655,0.8333466554085749,0.00125,0.5877493746113032,43.36942853608024,19.92,0.84,0.8,0.7860280300445273,0.25296442687747034,0.4677754677754678
pure_top_p,1.5,0.6,0,7,0.04,0.0,0.5,0.9436125385345872,0.9961206896551724,0.0012903225806451598,0.6337520317174494,43.465567194815115,21.08,1.0,1.0,0.6887303094182506,0.2177858439201452,0.5076045627376425
pure_top_p,1.5,0.6,0,8,0.0,0.0,0.0,1.0,0.0,0.0,0.0458246462140232,43.646999292448164,1.0,1.0,0.04,0.0,0.04,
pure_top_p,1.5,0.6,0,9,0.0,0.0,0.0,1.0,0.0,0.0,0.06859003450721497,43.738453026421446,1.0,1.0,0.04,0.0,0.04,
pure_top_p,1.5,0.6,0,10,0.92,0.88,0.71,0.9420903060783177,0.999047619047619,0.0,0.7820922099333256,43.54490911047001,28.44,0.92,0.96,0.5819021778658859,0.15988779803646563,0.2819767441860465
pure_top_p,1.5,0.6,0,11,0.0,0.0,0.37,0.9623117269204227,0.64,0.0,0.3734547266364098,43.45300331850294,11.72,1.0,0.36,0.5473888463924695,0.09646302250803858,0.13986013986013987
pure_top_p,1.5,0.6,0,12,0.46,0.32,0.48,0.9754184704184703,0.9582608695652174,0.0,0.5384933046158403,43.41633652741861,15.4,1.0,0.88,0.8219476424136067,0.27638190954773867,0.38873994638069703
pure_top_p,1.5,0.6,0,13,0.3,0.0,0.3,0.9884761904761905,0.92,0.0,0.2692196196503937,43.53261568386531,8.84,1.0,0.64,0.7738219079384344,0.19909502262443438,0.33163265306122447
pure_top_p,1.5,0.6,0,14,0.5,0.0,0.0,1.0,0.0,0.0,0.06882777344435448,43.58740251476306,1.0,1.0,0.04,0.0,0.04,
pure_top_p,1.5,0.6,0,15,1.0,1.0,0.43,0.9786762910292321,0.9984615384615384,0.0,0.39284990148618815,42.98904808294501,12.68,1.0,0.44,0.5610967721125935,0.21766561514195584,0.3732876712328767
pure_top_p,1.5,0.6,0,16,0.04,0.04,0.32,1.0,0.88,0.0,0.39778569848276674,43.6445238374874,7.36,1.0,0.24,0.374949494949495,0.09004739336492891,0.0967741935483871
pure_top_p,1.5,0.6,0,17,0.0,0.0,0.3,0.9694224682259008,1.0,0.0,0.4987643381487578,43.62276082702123,16.04,1.0,0.96,0.5546893731053039,0.22332506203473945,0.3968253968253968
pure_top_p,1.5,0.6,0,18,0.68,0.36,0.41,0.9465255440659192,0.955,0.0,0.7527362319640816,42.016475995527024,22.48,0.72,0.96,0.8436699572212393,0.39145299145299145,0.7142857142857143
pure_top_p,1.5,0.6,0,19,1.0,1.0,0.25,1.0,0.0,0.0,0.04600451574660833,43.48021260727691,1.0,1.0,0.04,0.0,0.04,
pure_top_p,1.5,0.6,0,20,0.46,0.16,0.55,0.9311348509863683,1.0,0.0,0.5238201017584652,43.07079515196596,19.36,0.96,0.92,0.5798099699646146,0.17695473251028807,0.33405639913232105
pure_top_p,1.5,0.6,0,21,0.08,0.0,0.46,0.9650478189671738,1.0,0.0,0.6450508309435099,43.13134779755783,18.52,0.96,1.0,0.7014568759798817,0.202991452991453,0.43340857787810383
pure_top_p,1.5,0.6,0,22,0.34,0.0,0.25,0.9061935277673254,0.9969185185185185,0.0,1.0661394656822085,43.59716599308152,32.4,0.24,1.0,0.5671220360814905,0.18316831683168316,0.3116219667943806
pure_top_p,1.5,0.6,0,23,0.3,0.0,0.06,1.0,0.96,0.0,0.2962539024092257,43.273576090584996,5.6,1.0,1.0,0.9880422657254178,0.7515923566878981,0.8636363636363636
pure_top_p,1.5,0.6,0,24,0.06,0.0,0.19,0.9830546880020563,1.0,0.0,0.45237092979252336,43.02157418185413,10.96,0.92,1.0,0.9067129927081455,0.5177304964539007,0.7354085603112841
pure_top_p,1.5,0.6,0,25,0.7,0.44,0.6,1.0,1.0,0.0,0.2131567028630525,39.18604520704646,4.64,1.0,0.88,0.6712760942760944,0.2413793103448276,0.5494505494505495
pure_top_p,1.5,0.6,0,26,1.0,1.0,0.69,0.9042981705302447,0.9825748164878599,0.0033862433862433838,0.879592515276745,39.390839650693636,20.92,0.4,0.76,0.6102922482296642,0.1008130081300813,0.23389830508474577
pure_top_p,1.5,0.6,0,27,0.32,0.04,0.17,0.9925,0.8746666666666667,0.002857142857142856,0.2007497314643115,39.491652400874536,5.2,1.0,0.64,0.7957962364432954,0.19230769230769232,0.3523809523809524
pure_top_p,1.5,0.6,0,28,0.08,0.0,0.16,0.9051658613055032,0.9938620689655173,0.001428571428571428,0.8908170830272139,39.81339031960019,17.52,0.72,1.0,0.840080521359943,0.38247863247863245,0.5507900677200903
pure_top_p,1.5,0.6,0,29,0.46,0.04,0.13,0.956866206226993,0.9990000000000001,0.0,1.153003811854869,38.24930974203059,26.08,0.32,1.0,0.8999829068745703,0.44653179190751446,0.7226386806596702
pure_top_p,1.5,0.6,0,30,0.26,0.0,0.16,0.9847619047619048,0.99,0.004210526315789472,0.6220233922079206,37.69887574096003,10.68,0.88,1.0,0.9260265637676101,0.6190476190476191,0.7843866171003717
pure_top_p,1.5,0.6,0,31,0.0,0.0,0.0,1.0,0.0,0.0,0.05161771646700794,38.819250764120774,1.0,1.0,0.04,0.0,0.04,
pure_top_p,1.5,0.6,0,32,0.12,0.0,0.25,0.9789163818637503,0.9961904761904762,0.002,0.9009171469975263,38.23588229131677,12.16,0.64,1.0,0.8088820153741738,0.5766871165644172,0.7109634551495017
pure_top_p,1.5,0.6,0,33,0.64,0.28,0.66,0.9520555555555554,0.9936842105263157,0.0044444444444444444,0.6101652124989778,37.50924023267644,10.88,0.88,0.96,0.5997839458389131,0.29577464788732394,0.43243243243243246
pure_top_p,1.5,0.6,0,34,0.32,0.28,0.4,0.9963636363636365,0.67875,0.0,0.19699071500450366,38.56174964254523,4.48,1.0,0.44,0.8626665619239149,0.46017699115044247,0.5909090909090909
pure_top_p,1.5,0.6,0,35,1.0,1.0,0.43,0.9808861660079051,1.0,0.0,0.590539939859882,38.29329944553472,15.28,1.0,0.4,0.4390828725600585,0.12303664921465969,0.19327731092436976
pure_top_p,1.5,0.6,0,36,0.84,0.84,0.43,0.981,0.992258064516129,0.003999999999999996,0.530623493604362,39.836854702536186,16.08,0.88,0.6,0.5123741810481335,0.12441314553990611,0.19950124688279303
pure_top_p,1.5,0.6,0,37,0.5,0.0,0.0,1.0,1.0,0.0,0.3377269732300192,38.5294029253961,11.0,1.0,0.08,0.07999999999999997,0.04363636363636364,0.048
pure_top_p,1.5,0.6,0,38,0.52,0.04,0.5,1.0,1.0,0.0,0.39977975668385624,39.7261302758827,13.84,1.0,0.28,0.3089523808779227,0.12138728323699421,0.1557632398753894
pure_top_p,1.5,0.6,0,39,0.82,0.68,0.33,0.9984000000000001,1.0,0.0,0.4033880269620568,38.09853860163346,12.0,1.0,0.44,0.5722753694157044,0.2,0.3090909090909091
pure_top_p,1.5,0.6,0,40,0.6,0.2,0.44,0.9592284814855273,0.9988888888888888,0.0,0.6642252420820296,38.39957547394513,19.92,0.92,0.96,0.6916544149263641,0.25793650793650796,0.4154488517745303
pure_top_p,1.5,0.6,0,41,1.0,1.0,0.25,1.0,0.0,0.0,0.07340655290521676,38.78184835570686,1.0,1.0,0.08,0.0,0.04,
pure_top_p,1.5,0.6,0,42,0.0,0.0,0.0,1.0,1.0,0.0,0.10477255309000608,38.299618236374826,2.0,1.0,0.04,0.0,0.04,0.04
pure_top_p,1.5,0.6,0,43,0.76,0.52,0.4,0.9889521263050675,0.56,0.0,0.3704733702912927,38.09059995742177,7.08,1.0,0.44,0.6692607926412593,0.29444444444444445,0.4774193548387097
pure_top_p,1.5,0.6,0,44,0.98,0.96,0.31,0.9926361161524501,0.24,0.0,0.19243838425725696,39.75097795342321,4.84,1.0,0.4,0.44844286278518486,0.42276422764227645,0.6632653061224489
pure_top_p,1.5,0.6,0,45,0.44,0.2,0.47,0.9093826096402805,0.9989473684210526,0.0,1.0610151202138514,38.92134921276361,32.6,0.56,1.0,0.6998200837775033,0.19588875453446192,0.40523690773067333
pure_top_p,1.5,0.6,0,46,1.0,1.0,0.75,1.0,1.0,0.0,0.4157755340263247,38.546245387618214,14.0,1.0,0.04,0.0,0.04,0.04
pure_top_p,1.5,0.6,0,47,0.44,0.08,0.4,0.9388189112943808,0.9974901960784314,0.0,0.7286713310517371,37.58489367343865,22.2,1.0,1.0,0.8012084044630228,0.2670250896057348,0.5797373358348968
pure_top_p,1.5,0.6,0,48,0.5,0.0,0.0,1.0,1.0,0.0,0.13749821127392348,36.58127848976271,2.0,1.0,0.04,0.0,0.04,0.04
pure_top_p,1.5,0.6,0,49,0.0,0.0,0.0,1.0,0.0,0.0,0.0809970483090728,37.380169390939784,1.0,1.0,0.04,0.0,0.04,
pure_top_p,1.5,0.8,0,0,0.94,0.88,0.66,0.9697831327673836,1.0,0.0,0.5190809605736285,42.9046437105471,16.36,1.0,1.0,0.7321400876378625,0.21428571428571427,0.4379746835443038
pure_top_p,1.5,0.8,0,1,0.24,0.0,0.18,0.9921804511278196,1.0,0.0,0.35239076405763625,43.45898928658231,8.04,0.88,0.96,0.8030626601484676,0.4700460829493088,0.6614583333333334
pure_top_p,1.5,0.8,0,2,0.52,0.16,0.29,0.9770518065812185,0.96,0.0,0.5840977019909769,43.18324585660809,15.56,0.84,1.0,0.9494297955815316,0.569377990430622,0.8625954198473282
pure_top_p,1.5,0.8,0,3,0.26,0.08,0.24,0.978824420677362,1.0,0.0,0.3130783344991505,43.16543921901139,9.64,1.0,0.8,0.770659046383601,0.3170731707317073,0.5972850678733032
pure_top_p,1.5,0.8,0,4,0.0,0.0,0.25,1.0,0.68,0.0,0.08442710159346457,43.58907805335201,1.68,1.0,0.08,0.22666666666666666,0.047619047619047616,0.058823529411764705
pure_top_p,1.5,0.8,0,5,0.0,0.0,0.0,1.0,0.96,0.0,0.07261573553085322,43.51165602007696,1.96,1.0,0.12,0.15666666666666668,0.12,0.12
pure_top_p,1.5,0.8,0,6,0.32,0.0,0.24,0.9705367812767994,0.8753041046639369,0.001212121212121208,0.5890744689665735,43.14729754239134,18.12,0.8,0.92,0.8826015078603124,0.4319148936170213,0.6786516853932584
pure_top_p,1.5,0.8,0,7,0.08,0.0,0.46,0.9552307275824439,1.0,0.0,0.6596209512557835,43.33600116973871,20.12,1.0,1.0,0.7514684339759016,0.263653483992467,0.575098814229249
pure_top_p,1.5,0.8,0,8,0.2,0.16,0.14,0.9768123839009288,0.23764705882352943,0.0,0.24864837824366987,43.30544982505865,7.32,0.92,0.28,0.41986676797652406,0.43010752688172044,0.7515527950310559
pure_top_p,1.5,0.8,0,9,0.0,0.0,0.0,1.0,0.0,0.0,0.06329993605613704,43.595996052994224,1.0,1.0,0.08,0.0,0.04,
pure_top_p,1.5,0.8,0,10,0.9,0.8,0.61,0.9509066105597545,0.9990243902439024,0.0,0.8160855337325483,43.568426405906905,27.92,0.84,1.0,0.7158454434962418,0.22301136363636365,0.39911634756995584
pure_top_p,1.5,0.8,0,11,0.0,0.0,0.27,0.9757092188856895,0.4,0.0,0.2641894706804305,43.549520703730494,7.92,1.0,0.32,0.5086904495209651,0.14832535885167464,0.24456521739130435
pure_top_p,1.5,0.8,0,12,0.38,0.12,0.47,0.9656051621581034,0.96,0.0,0.8141134967561812,42.8777284847944,20.44,0.84,1.0,0.8735054875008291,0.3974358974358974,0.6238003838771593
pure_top_p,1.5,0.8,0,13,0.28,0.0,0.3,0.9904089635854342,1.0,0.0,0.32915579444728793,42.20425721948676,11.04,1.0,0.92,0.8309832586217467,0.2490974729241877,0.44047619047619047
pure_top_p,1.5,0.8,0,14,0.5,0.0,0.0,1.0,0.0,0.0,0.06416385602205987,43.63971389986343,1.0,1.0,0.08,0.0,0.04,
pure_top_p,1.5,0.8,0,15,0.92,0.84,0.45,0.9751984194644041,0.9975,0.0,0.4876807910017669,42.59697726242969,15.64,0.96,0.64,0.6624042208708225,0.25316455696202533,0.4297297297297297
pure_top_p,1.5,0.8,0,16,0.14,0.08,0.36,1.0,0.84,0.0,0.4146487095858902,43.52847224834874,6.84,0.96,0.44,0.5210690673848569,0.18592964824120603,0.20114942528735633
pure_top_p,1.5,0.8,0,17,0.02,0.0,0.34,0.9623990741284859,1.0,0.0,0.5479791632574051,43.35793108618468,15.92,0.96,1.0,0.6109470424841693,0.29584352078239606,0.5234375
pure_top_p,1.5,0.8,0,18,0.64,0.28,0.37,0.9579356948584637,0.96,0.0,0.8369694452453404,42.49477605025554,22.12,0.68,1.0,0.9223045220915778,0.4939550949913644,0.8140794223826715
pure_top_p,1.5,0.8,0,19,0.82,0.8,0.26,0.9983333333333334,0.2,0.0,0.19353888300247488,43.562620500706764,4.0,0.92,0.28,0.35792390044901184,0.4636363636363636,0.6705882352941176
pure_top_p,1.5,0.8,0,20,0.64,0.36,0.6,0.9199069825617968,0.9817235034225881,0.0012903225806451598,0.5700427775457502,43.55907410198743,19.6,1.0,1.0,0.650440726981888,0.258,0.45263157894736844
pure_top_p,1.5,0.8,0,21,0.1,0.0,0.43,0.9613371821415301,0.9540000000000001,0.004210526315789472,0.6405044517107308,43.186265321313776,15.4,0.92,1.0,0.786969914851523,0.2938271604938272,0.5868421052631579
pure_top_p,1.5,0.8,0,22,0.32,0.0,0.23,0.9263904389611222,1.0,0.0,1.0622742796409874,43.12794846398464,30.96,0.32,1.0,0.7281210541604015,0.2833333333333333,0.49801324503311256
pure_top_p,1.5,0.8,0,23,0.32,0.0,0.07,0.9945454545454545,1.0,0.0,0.3851282462943345,43.04345997479131,6.96,0.92,1.0,0.9812904959849984,0.7301587301587301,0.8475609756097561
pure_top_p,1.5,0.8,0,24,0.22,0.0,0.15,0.9724212882279817,0.9565217391304347,0.001818181818181816,0.5900577234756201,39.76077212839894,13.92,0.84,1.0,0.9134202652908683,0.49025069637883006,0.7485029940119761
pure_top_p,1.5,0.8,0,25,0.54,0.24,0.47,0.992,1.0,0.0,0.1994514169730246,39.40806018164745,4.2,1.0,0.96,0.8477908850408851,0.3619047619047619,0.75
pure_top_p,1.5,0.8,0,26,0.92,0.92,0.68,0.9035048921730724,0.9859465838509317,0.00148148148148148,0.8251203269138933,39.678833644904856,20.68,0.6,0.96,0.6511475322999029,0.13851351351351351,0.31922398589065254
pure_top_p,1.5,0.8,0,27,0.46,0.12,0.21,1.0,0.8,0.0,0.1970566025003791,39.74607985038635,5.08,1.0,0.96,0.8944265934443952,0.28125,0.5242718446601942
pure_top_p,1.5,0.8,0,28,0.28,0.04,0.1,0.9504680906815527,0.9981818181818182,0.0,0.8913473614491523,39.47552242574624,16.48,0.68,1.0,0.918645117436755,0.5605381165919282,0.7458432304038005
pure_top_p,1.5,0.8,0,29,0.48,0.04,0.13,0.9538942953149262,0.9978932968536252,0.0,1.0998444349877536,39.330531426149264,27.88,0.4,1.0,0.8843622279377477,0.4220689655172414,0.72
pure_top_p,1.5,0.8,0,30,0.4,0.0,0.07,0.9873675213675213,1.0,0.0,0.857248147604987,38.80309496563131,13.04,0.56,1.0,0.9789005625200089,0.8098958333333334,0.9442896935933147
pure_top_p,1.5,0.8,0,31,0.0,0.0,0.0,1.0,0.0,0.0,0.05470843559131021,38.11593753989942,1.0,1.0,0.08,0.15333333333333332,0.08,
pure_top_p,1.5,0.8,0,32,0.14,0.0,0.18,0.9433926273512742,0.9702260702260702,0.013930199430199419,0.8926230813935399,38.54964501901065,15.88,0.72,1.0,0.8695558104070953,0.6401869158878505,0.7915632754342432
pure_top_p,1.5,0.8,0,33,0.52,0.04,0.32,0.9771581699346404,1.0,0.0,0.7298577893525362,38.73112709468305,11.96,0.68,1.0,0.7617481898443779,0.5479876160990712,0.6879194630872483
pure_top_p,1.5,0.8,0,34,0.32,0.28,0.39,0.9978947368421052,0.56,0.0,0.23193018041551108,39.264780810309134,4.8,1.0,0.52,0.8482864758048968,0.4180327868852459,0.5670103092783505
pure_top_p,1.5,0.8,0,35,1.0,1.0,0.51,0.9792137138224095,0.9984000000000001,0.0,0.6160075103491545,38.55845125928024,16.44,1.0,0.64,0.4726230387332496,0.09975669099756691,0.17357512953367876
pure_top_p,1.5,0.8,0,36,0.48,0.48,0.4,0.9805149518001179,0.9958193548387098,0.001333333333333332,0.47750760734081266,38.9099997079247,15.2,0.96,0.88,0.6009527365103066,0.15206185567010308,0.3305785123966942
pure_top_p,1.5,0.8,0,37,0.5,0.0,0.05,0.9728571428571428,1.0,0.0,0.3570035699009895,39.46589743893002,12.04,1.0,0.32,0.3239456021032108,0.09602649006622517,0.148014440433213
pure_top_p,1.5,0.8,0,38,0.54,0.08,0.43,0.9752375904796959,1.0,0.0,0.4327799955941737,39.747417185925,14.76,1.0,0.84,0.7004479390796154,0.29333333333333333,0.4742857142857143
pure_top_p,1.5,0.8,0,39,0.54,0.24,0.48,0.9864285714285714,1.0,0.0,0.6234375336021185,38.35786063406114,17.6,0.96,0.92,0.7980707884800453,0.30112359550561796,0.5857142857142857
pure_top_p,1.5,0.8,0,40,0.64,0.32,0.48,0.9632384241774485,0.9988235294117647,0.0,0.6937107189279049,39.12656927416796,21.16,0.92,1.0,0.8049259349607011,0.33891992551210426,0.642578125
pure_top_p,1.5,0.8,0,41,0.92,0.84,0.25,1.0,0.16,0.0,0.12047466149553653,39.075839493781935,2.12,1.0,0.36,0.44993187830687836,0.45614035087719296,0.84375
pure_top_p,1.5,0.8,0,42,0.04,0.04,0.01,1.0,1.0,0.0,0.10446037163026628,39.140000185609395,2.0,1.0,0.08,0.08,0.08,0.08
pure_top_p,1.5,0.8,0,43,0.8,0.6,0.51,0.9791279771045651,0.76,0.0,0.5737118132878095,38.25715982400034,11.04,0.88,0.8,0.7642268757034915,0.312280701754386,0.55
pure_top_p,1.5,0.8,0,44,1.0,1.0,0.29,0.9934112554112553,0.2,0.0,0.16864766388200222,39.59421967629341,4.68,0.96,0.28,0.3351477306409971,0.5042016806722689,0.7872340425531915
pure_top_p,1.5,0.8,0,45,0.5,0.36,0.49,0.902371012160311,0.9947454431175362,0.0033333333333333322,1.054336775224656,38.63549100404628,31.56,0.52,1.0,0.7283506962677956,0.2247191011235955,0.49871134020618557
pure_top_p,1.5,0.8,0,46,1.0,1.0,0.72,1.0,1.0,0.0,0.42203053580597044,38.17723971682367,14.08,1.0,0.28,0.1574205857781709,0.056818181818181816,0.06422018348623854
pure_top_p,1.5,0.8,0,47,0.44,0.16,0.45,0.9479481860377001,0.9969318181818181,0.0,0.7898783732019364,37.533969549835305,22.76,1.0,1.0,0.8386799296637506,0.3356401384083045,0.7269439421338155
pure_top_p,1.5,0.8,0,48,0.4,0.0,0.06,1.0,0.96,0.0,0.2173033242393285,36.9118969344538,2.92,1.0,0.28,0.5337301587301588,0.1506849315068493,0.20833333333333334
pure_top_p,1.5,0.8,0,49,0.0,0.0,0.0,1.0,0.0,0.0,0.06703878089785571,37.67509426562642,1.0,1.0,0.08,0.0,0.04,
pure_top_p,1.5,0.9,0,0,0.86,0.72,0.59,0.9581554134243789,0.9927272727272728,0.003999999999999996,0.5975795307848603,42.50327364009942,18.28,0.96,1.0,0.7600685190923517,0.27061310782241016,0.5
pure_top_p,1.5,0.9,0,1,0.4,0.08,0.17,0.987904761904762,1.0,0.0,0.3521721562743187,43.563716247120446,8.0,0.92,1.0,0.908090978647175,0.6650943396226415,0.8716577540106952
pure_top_p,1.5,0.9,0,2,0.56,0.24,0.26,0.9955555555555555,0.96,0.0,0.4526024469919503,43.45763712464071,11.56,0.92,1.0,0.9701977632881824,0.6775244299674267,0.9397163120567376
pure_top_p,1.5,0.9,0,3,0.38,0.16,0.23,0.9719139265962795,0.9975,0.0,0.3559492435399443,43.34480265968172,11.92,1.0,0.96,0.8034959369229965,0.34105960264900664,0.6425992779783394
pure_top_p,1.5,0.9,0,4,0.0,0.0,0.25,0.995,0.64,0.0,0.08794406534172591,43.66054730835719,1.88,1.0,0.16,0.2864285714285714,0.14893617021276595,0.3181818181818182
pure_top_p,1.5,0.9,0,5,0.02,0.0,0.02,1.0,0.96,0.0,0.08437837854027745,43.615357470838646,2.44,1.0,0.2,0.2664444444444445,0.3064516129032258,0.43243243243243246
pure_top_p,1.5,0.9,0,6,0.4,0.08,0.19,0.9752046504220416,0.8273333333333334,0.007532467532467533,0.5744816997181624,43.30687816138357,11.28,0.68,0.96,0.9108380400205969,0.5913312693498453,0.7181208053691275
pure_top_p,1.5,0.9,0,7,0.1,0.0,0.42,0.9500245854193223,0.9951802656546491,0.00242424242424242,0.6754180310852825,43.215129964942854,20.36,0.96,1.0,0.8314221856031306,0.3471698113207547,0.7128712871287128
pure_top_p,1.5,0.9,0,8,0.26,0.12,0.15,0.9765801185801186,0.3965714285714286,0.001176470588235292,0.40532405490987,43.5871199071672,10.8,0.72,0.44,0.6324058870299544,0.5232974910394266,0.8503937007874016
pure_top_p,1.5,0.9,0,9,0.0,0.0,0.0,1.0,0.0,0.0,0.06410402798093853,43.687584687630554,1.0,1.0,0.08,0.0,0.04,
pure_top_p,1.5,0.9,0,10,0.92,0.84,0.64,0.9445380958443061,0.9976410256410255,0.0,0.7358162185829132,43.49832920220026,25.84,0.76,1.0,0.7409893317035932,0.24042879019908117,0.5047770700636943
pure_top_p,1.5,0.9,0,11,0.0,0.0,0.29,0.9770773905055773,0.4,0.0,0.25680940539576114,43.58168176247932,7.8,1.0,0.44,0.5071511412926789,0.14146341463414633,0.2388888888888889
pure_top_p,1.5,0.9,0,12,0.3,0.08,0.44,0.9818360208034431,0.96,0.0,0.7367472255136818,43.48481532778452,19.24,0.8,1.0,0.8815306867132597,0.44509803921568625,0.7134020618556701
pure_top_p,1.5,0.9,0,13,0.32,0.04,0.34,0.9910897435897437,1.0,0.0,0.3694057440385222,43.55197369904749,12.0,0.96,0.88,0.8362169268433629,0.32894736842105265,0.5627240143369175
pure_top_p,1.5,0.9,0,14,0.5,0.0,0.0,1.0,0.0,0.0,0.06424723740667102,43.57730899969589,1.0,1.0,0.08,0.0,0.04,
pure_top_p,1.5,0.9,0,15,0.92,0.84,0.56,0.9758062094493879,1.0,0.0,0.5885898313019424,43.334668816803095,16.64,0.92,0.84,0.7200943162445037,0.24882629107981222,0.4463840399002494
pure_top_p,1.5,0.9,0,16,0.08,0.04,0.28,0.9969230769230769,0.96,0.0,0.41682025789283217,43.57059039699896,8.24,1.0,0.64,0.46197469907375344,0.15517241379310345,0.1932367149758454
pure_top_p,1.5,0.9,0,17,0.04,0.0,0.26,0.9621144972405439,0.9914332514332515,0.0033333333333333322,0.6053356522601098,42.51878129017609,14.88,0.84,0.92,0.6415225470207291,0.3231552162849873,0.5271739130434783
pure_top_p,1.5,0.9,0,18,0.56,0.12,0.19,0.9929427329427329,0.88,0.0,0.6501727155502885,43.13465792981599,14.08,0.8,1.0,0.965942083300829,0.6303797468354431,0.9054054054054054
pure_top_p,1.5,0.9,0,19,0.72,0.68,0.32,0.9874325823519372,0.32,0.0,0.27640598562546076,43.1810631029352,8.4,0.96,0.44,0.5712755521052183,0.4481132075471698,0.7486631016042781
pure_top_p,1.5,0.9,0,20,0.72,0.48,0.64,0.9286196228342998,0.9826390689367096,0.008368368368368365,0.6262280361633747,42.55417953021821,20.16,0.88,1.0,0.7279959051077536,0.2658959537572254,0.48785425101214575
pure_top_p,1.5,0.9,0,21,0.14,0.0,0.45,0.9601805194805195,0.96,0.0,0.7623088238947093,43.20052529363703,20.24,0.88,1.0,0.8000136887862352,0.31417624521072796,0.5975855130784709
pure_top_p,1.5,0.9,0,22,0.36,0.0,0.23,0.9268187424860693,0.9903484848484848,0.0,0.9256693084537982,43.488109312254444,26.96,0.6,1.0,0.704074582400904,0.27245949926362295,0.5137614678899083
pure_top_p,1.5,0.9,0,23,0.44,0.0,0.01,0.9941687979539643,0.8781818181818182,0.0,0.38393904181197286,43.60785484082935,6.28,0.88,1.0,0.9943190760107918,0.8106508875739645,0.9513888888888888
pure_top_p,1.5,0.9,0,24,0.28,0.0,0.09,0.9799040404040403,0.8788571428571429,0.0,0.5484190581180155,39.524991159305564,9.92,0.8,1.0,0.9418176137647307,0.6762589928057554,0.8181818181818182
pure_top_p,1.5,0.9,0,25,0.64,0.28,0.53,0.9978947368421052,1.0,0.0,0.245359264947474,38.4076446140038,5.24,1.0,1.0,0.7862922837396523,0.362962962962963,0.6545454545454545
pure_top_p,1.5,0.9,0,26,0.98,0.96,0.69,0.9040071351393274,0.9905630455448967,0.00148148148148148,0.9092202440556139,39.47247613504829,22.64,0.48,1.0,0.7041609936222561,0.16589861751152074,0.3929712460063898
pure_top_p,1.5,0.9,0,27,0.4,0.16,0.19,0.9944761904761904,0.84,0.0,0.27590522057376804,39.52162793003682,6.36,0.96,0.88,0.8669071690439959,0.3333333333333333,0.5664335664335665
pure_top_p,1.5,0.9,0,28,0.42,0.0,0.02,0.9738033264980633,0.9955855855855856,0.001739130434782604,1.116930919820443,38.59445174380693,15.0,0.32,1.0,0.9715528086943523,0.7396963123644251,0.8899082568807339
pure_top_p,1.5,0.9,0,29,0.52,0.08,0.11,0.9644766437235575,0.9974193548387098,0.001333333333333332,1.1121693651750684,37.94409333652428,24.32,0.36,1.0,0.9106301426258676,0.450229709035222,0.7388535031847133
pure_top_p,1.5,0.9,0,30,0.48,0.0,0.05,0.9849988374796559,0.996,0.0,0.9033383519295604,38.250359121897276,11.88,0.52,1.0,0.9960564415482122,0.9103641456582633,0.9789156626506024
pure_top_p,1.5,0.9,0,31,0.04,0.04,0.01,1.0,0.08,0.0,0.055888169547542894,39.37829869361252,1.08,1.0,0.16,0.29555555555555557,0.18518518518518517,1.0
pure_top_p,1.5,0.9,0,32,0.26,0.0,0.05,0.9904155614500442,0.9976470588235294,0.0,1.0148029439989477,37.38842976710568,12.72,0.44,1.0,0.9230538738921681,0.7760814249363868,0.8967391304347826
pure_top_p,1.5,0.9,0,33,0.58,0.16,0.28,0.9708732149076976,1.0,0.0,0.771872670520097,38.46758841030015,13.4,0.72,1.0,0.7997296194472693,0.6027397260273972,0.7323529411764705
pure_top_p,1.5,0.9,0,34,0.5,0.4,0.51,0.9931428571428572,0.8388235294117646,0.0,0.3482460742071271,38.84915114917811,7.8,0.88,0.6,0.8657810051068937,0.44390243902439025,0.6166666666666667
pure_top_p,1.5,0.9,0,35,1.0,1.0,0.51,0.9667317962541943,0.9984000000000001,0.0,0.6375800163205713,38.34045801957576,17.12,1.0,0.64,0.46807859341701524,0.1308411214953271,0.23821339950372208
pure_top_p,1.5,0.9,0,36,0.32,0.32,0.38,0.9777749287749289,0.9936871033174114,0.001333333333333332,0.5352238162606955,39.96694906032932,16.56,0.88,0.92,0.6537957168901093,0.20229885057471264,0.4097560975609756
pure_top_p,1.5,0.9,0,37,0.5,0.0,0.03,0.9709803921568627,0.9976470588235294,0.0,0.42465963263995943,37.84060188792324,12.28,0.96,0.48,0.4764574258847604,0.1910828025477707,0.2698961937716263
pure_top_p,1.5,0.9,0,38,0.52,0.04,0.44,0.9873890746934225,1.0,0.0,0.47286814273335037,37.5941513128819,14.52,1.0,0.84,0.6866963871900658,0.3251366120218579,0.49853372434017595
pure_top_p,1.5,0.9,0,39,0.68,0.44,0.5,0.982849924344661,1.0,0.0,0.5510433705244213,39.78208232002033,15.76,0.96,0.96,0.8164467880702533,0.3167082294264339,0.6196808510638298
pure_top_p,1.5,0.9,0,40,0.64,0.28,0.4,0.9605151629334315,0.9973593073593073,0.0,0.8830096753593534,39.11461485635493,24.0,0.8,1.0,0.8749064547808314,0.4170692431561997,0.7651006711409396
pure_top_p,1.5,0.9,0,41,0.92,0.84,0.24,0.9946245059288538,0.32,0.0,0.2269239327125251,37.945911866280724,4.08,0.96,0.4,0.4928235952165754,0.6216216216216216,0.8953488372093024
pure_top_p,1.5,0.9,0,42,0.08,0.04,0.01,0.9966666666666666,0.96,0.0,0.19893421079963441,38.61642775742154,3.2,0.92,0.24,0.3144639376218324,0.5274725274725275,0.6818181818181818
pure_top_p,1.5,0.9,0,43,0.74,0.52,0.46,0.9832370066782681,0.7975757575757575,0.00125,0.6322561950515956,39.065260835796046,12.92,0.84,0.88,0.8696506055438696,0.3994082840236686,0.6613418530351438
pure_top_p,1.5,0.9,0,44,0.98,0.96,0.35,0.9880398922854167,0.3187878787878788,0.0,0.3156090374104678,38.63353155945148,6.92,0.92,0.4,0.49807954509856417,0.42162162162162165,0.65
pure_top_p,1.5,0.9,0,45,0.52,0.36,0.49,0.9112553734121621,0.9973333333333333,0.0,1.0861110822763294,38.71326916795365,29.24,0.52,1.0,0.7872248671344947,0.31084656084656087,0.6224350205198358
pure_top_p,1.5,0.9,0,46,1.0,1.0,0.7,0.9961904761904762,1.0,0.0,0.4428788781911135,37.90820291499839,14.28,1.0,0.52,0.22791437396241201,0.08055555555555556,0.11940298507462686
pure_top_p,1.5,0.9,0,47,0.52,0.2,0.42,0.9490519278612972,0.9978235294117647,0.0,0.7528292893618346,38.46935287134623,20.44,0.8,1.0,0.8703702986627663,0.3870967741935484,0.7629482071713147
pure_top_p,1.5,0.9,0,48,0.36,0.0,0.09,1.0,1.0,0.0,0.2939027613215148,37.837263261642626,4.4,1.0,0.56,0.654448754948755,0.30973451327433627,0.45454545454545453
pure_top_p,1.5,0.9,0,49,0.2,0.2,0.05,1.0,0.0,0.0,0.07543876091949638,36.745812935453415,1.0,1.0,0.16,0.3333333333333333,0.08,
pure_top_p,1.5,0.95,0,0,0.8,0.6,0.55,0.97441984247368,1.0,0.0,0.6105375531129539,43.068683319844965,17.04,0.84,1.0,0.7928555745862589,0.30734966592427615,0.5448113207547169
pure_top_p,1.5,0.95,0,1,0.4,0.04,0.18,0.9895833333333335,0.8387096774193549,0.0,0.35655098776333033,43.482256278291054,8.8,0.96,1.0,0.9113112640491382,0.6336206896551724,0.8405797101449275
pure_top_p,1.5,0.95,0,2,0.54,0.24,0.23,0.9893636363636363,1.0,0.0,0.4815440304391086,43.20208425990978,12.44,0.8,0.96,0.9628421273744777,0.6901840490797546,0.9568106312292359
pure_top_p,1.5,0.95,0,3,0.24,0.12,0.21,0.9736452647455743,0.9965217391304347,0.001818181818181816,0.38653846918605267,43.383119860218706,11.36,0.92,0.96,0.8254340414355563,0.47491638795986624,0.7518248175182481
pure_top_p,1.5,0.95,0,4,0.04,0.0,0.25,0.9889393939393939,0.67875,0.0,0.13774931320920583,43.282667792028946,3.64,1.0,0.36,0.48225965056318953,0.43478260869565216,0.7164179104477612
pure_top_p,1.5,0.95,0,5,0.02,0.0,0.02,1.0,0.92,0.0,0.11842462409287688,43.580801757168764,2.72,0.96,0.16,0.24363526570048313,0.3561643835616438,0.5208333333333334
pure_top_p,1.5,0.95,0,6,0.38,0.04,0.17,0.9888888888888888,0.92,0.0,0.48998897671699526,43.50887366721298,11.48,0.88,1.0,0.9427062935936971,0.5562913907284768,0.7870036101083032
pure_top_p,1.5,0.95,0,7,0.06,0.0,0.46,0.9351514350751673,0.9971428571428572,0.00148148148148148,0.716846787808463,42.11906138643027,22.52,0.92,1.0,0.7691730292397858,0.3011844331641286,0.6749116607773852
pure_top_p,1.5,0.95,0,8,0.24,0.12,0.17,0.9825357918488848,0.52,0.0,0.4948605376668274,43.35688064700065,13.12,0.76,0.56,0.7317720607844952,0.514792899408284,0.805111821086262
pure_top_p,1.5,0.95,0,9,0.0,0.0,0.0,1.0,0.0,0.0,0.06431390783749517,43.5281724222351,1.0,1.0,0.08,0.0,0.04,
pure_top_p,1.5,0.95,0,10,0.92,0.84,0.63,0.9577315387002181,0.96,0.0,0.8452874250616879,43.36621986312893,27.36,0.68,1.0,0.7508096419423018,0.26203966005665724,0.47283406754772395
pure_top_p,1.5,0.95,0,11,0.0,0.0,0.35,0.9767978378690454,0.64,0.0,0.3978605322819203,43.421821715197645,11.28,0.96,0.64,0.6388194979841466,0.17763157894736842,0.2974910394265233
pure_top_p,1.5,0.95,0,12,0.32,0.04,0.36,0.9745181797268754,0.9561290322580644,0.002666666666666664,0.7254024785943329,43.614218725044346,15.48,0.76,1.0,0.9126321336083603,0.49767441860465117,0.7333333333333333
pure_top_p,1.5,0.95,0,13,0.38,0.0,0.31,0.97786647099031,0.9555555555555556,0.0,0.34560495412908493,43.63340354762827,10.32,0.96,0.88,0.8635838937501962,0.37593984962406013,0.6348547717842323
pure_top_p,1.5,0.95,0,14,0.5,0.0,0.0,1.0,0.0,0.0,0.059686651555821243,43.56551728891788,1.0,1.0,0.08,0.0,0.04,
pure_top_p,1.5,0.95,0,15,0.92,0.84,0.54,0.9592170274170274,1.0,0.0,0.6406284532044083,42.96814641887112,18.28,0.88,0.92,0.7260894549585035,0.2702127659574468,0.4853932584269663
pure_top_p,1.5,0.95,0,16,0.2,0.16,0.36,0.995323076923077,0.96,0.0,0.5294486656226218,42.83803861368435,9.96,0.88,0.64,0.574276737513344,0.3003533568904594,0.3953488372093023
pure_top_p,1.5,0.95,0,17,0.1,0.0,0.25,0.9592372178904687,0.9970370370370369,0.001538461538461536,0.6398350959178061,42.57538601591422,17.48,0.84,1.0,0.7113363833782955,0.38137472283813745,0.607981220657277
pure_top_p,1.5,0.95,0,18,0.52,0.04,0.11,0.9695571191055062,0.9586666666666668,0.0,0.8414780609775334,42.39220783272599,17.28,0.68,1.0,0.9589455574722741,0.6582809224318659,0.8606194690265486
pure_top_p,1.5,0.95,0,19,0.9,0.84,0.22,0.9958333333333335,0.16,0.0,0.20688865430653092,43.46237344729145,4.08,0.92,0.24,0.2908118560746197,0.7391304347826086,0.9888888888888889
pure_top_p,1.5,0.95,0,20,0.68,0.44,0.62,0.9263822866384865,0.9917144530188008,0.0025,0.6620879747532308,43.07594368029425,22.56,0.84,1.0,0.7631952839254554,0.3130434782608696,0.5872727272727273
pure_top_p,1.5,0.95,0,21,0.18,0.0,0.36,0.9848359788359788,1.0,0.0,0.7535637378599495,43.44134576334645,17.44,0.84,1.0,0.8343885211419867,0.39740820734341253,0.6415525114155252
pure_top_p,1.5,0.95,0,22,0.46,0.0,0.09,0.9556441261353027,1.0,0.0,1.0408375817071647,43.403228681775325,25.48,0.2,1.0,0.8276237031073151,0.42255639097744363,0.6546875
pure_top_p,1.5,0.95,0,23,0.42,0.0,0.04,1.0,0.92,0.0,0.32624322682619095,43.610915195247536,5.2,0.92,1.0,0.9935549238071295,0.8766233766233766,0.937984496124031
pure_top_p,1.5,0.95,0,24,0.3,0.0,0.1,0.9807632216397073,0.8786666666666667,0.0,0.4882598043140024,39.50104401084863,9.8,0.8,1.0,0.9814026743148863,0.6781609195402298,0.8983050847457628
pure_top_p,1.5,0.95,0,25,0.58,0.28,0.4,0.9942857142857143,1.0,0.0,0.25959566821344193,39.38286330175112,5.08,1.0,1.0,0.9046356051356051,0.5,0.8785046728971962
pure_top_p,1.5,0.95,0,26,0.88,0.88,0.73,0.9044553382793855,0.986682836359598,0.003095238095238092,0.9055748145654797,39.60575151741384,22.44,0.48,1.0,0.6936989653713633,0.1527777777777778,0.4028892455858748
pure_top_p,1.5,0.95,0,27,0.38,0.04,0.17,0.9986666666666667,0.88,0.0,0.3933659701235592,38.78973172907895,7.84,0.88,1.0,0.9481375143904235,0.6018957345971564,0.7795698924731183
pure_top_p,1.5,0.95,0,28,0.34,0.0,0.06,0.9700002848340443,1.0,0.0,0.9512404235359281,39.70696514786233,16.52,0.52,1.0,0.9611177213174341,0.6666666666666666,0.8741418764302059
pure_top_p,1.5,0.95,0,29,0.44,0.0,0.11,0.9624782690315424,0.9577777777777777,0.0,1.1753648452740162,38.45054611556708,26.52,0.24,1.0,0.9176499618566728,0.5007153075822603,0.8100890207715133
pure_top_p,1.5,0.95,0,30,0.46,0.0,0.01,0.993322734499205,0.92,0.0,0.9335050107911229,38.82926991962467,13.64,0.52,1.0,0.9921589725082275,0.8933002481389578,0.9708994708994709
pure_top_p,1.5,0.95,0,31,0.08,0.08,0.03,1.0,0.12,0.0,0.06047771777957672,38.329851089417694,1.2,1.0,0.16,0.41533333333333333,0.23333333333333334,0.8
pure_top_p,1.5,0.95,0,32,0.28,0.0,0.05,0.9971428571428572,0.9985185185185185,0.0,0.956165766408667,36.86882628330292,11.08,0.52,1.0,0.9389652807427884,0.8117647058823529,0.8952380952380953
pure_top_p,1.5,0.95,0,33,0.54,0.08,0.24,0.9705489645489647,1.0,0.0,0.8905389897432179,38.50339640520647,13.76,0.56,1.0,0.7946250262078364,0.5846153846153846,0.726027397260274
pure_top_p,1.5,0.95,0,34,0.42,0.24,0.31,0.992,0.8,0.0,0.41631375277414917,38.578012656328106,7.08,0.92,0.84,0.9468370248994478,0.6302083333333334,0.8083832335329342
pure_top_p,1.5,0.95,0,35,1.0,1.0,0.46,0.9851573213393303,1.0,0.0,0.613268191255629,37.406800068287836,15.36,1.0,0.52,0.39360626197227316,0.13246753246753246,0.2361111111111111
pure_top_p,1.5,0.95,0,36,0.42,0.36,0.4,0.9794381481689666,0.9974193548387098,0.001333333333333332,0.5442934991512448,38.563867447969656,16.76,0.92,0.92,0.6576239369352098,0.19675925925925927,0.4226044226044226
pure_top_p,1.5,0.95,0,37,0.5,0.0,0.02,0.9551896551724138,0.9828571428571428,0.016296296296296295,0.4999088182300329,38.910385522840535,13.48,0.96,0.64,0.5897844153434982,0.2621082621082621,0.37423312883435583
pure_top_p,1.5,0.95,0,38,0.56,0.12,0.37,0.9894248366013072,1.0,0.0,0.46020851518027484,38.13019092351576,13.4,0.96,0.84,0.7208503188054223,0.3489736070381232,0.5379746835443038
pure_top_p,1.5,0.95,0,39,0.8,0.6,0.53,0.9813699560476172,1.0,0.0,0.7014543808996677,38.65026319390743,18.28,0.84,0.92,0.8007453110128984,0.3118279569892473,0.6181818181818182
pure_top_p,1.5,0.95,0,40,0.62,0.32,0.47,0.9640331865404383,0.9986206896551724,0.0,0.7240755544323474,39.63713908493631,23.0,0.84,1.0,0.8520236268127406,0.37372013651877134,0.7183600713012478
pure_top_p,1.5,0.95,0,41,0.84,0.68,0.18,0.990989010989011,0.48,0.0,0.3400772533658892,38.74411937556385,5.92,0.84,0.64,0.7186598200920707,0.7696969696969697,1.0
pure_top_p,1.5,0.95,0,42,0.1,0.04,0.02,0.9881136950904392,1.0,0.0,0.2902937735524029,38.53493946023594,4.56,0.88,0.36,0.5528266700619642,0.616,0.83
pure_top_p,1.5,0.95,0,43,0.72,0.44,0.45,0.9903424908424908,0.68,0.0,0.5508976844325661,38.52621881170919,11.04,0.92,0.76,0.8144039121278986,0.37894736842105264,0.65
pure_top_p,1.5,0.95,0,44,0.98,0.96,0.28,0.9942014742014743,0.12,0.0,0.18093988434411581,38.88168528060843,3.84,0.96,0.24,0.2506793098144843,0.6153846153846154,0.9240506329113924
pure_top_p,1.5,0.95,0,45,0.5,0.28,0.36,0.9090535659121274,0.9932362278244631,0.002352941176470588,1.105505478065461,37.94453650986402,29.2,0.44,1.0,0.8106197185215279,0.3373015873015873,0.6320109439124487
pure_top_p,1.5,0.95,0,46,1.0,1.0,0.69,0.9892414831545266,1.0,0.0,0.5030378225073219,38.65633660015155,15.0,0.96,0.8,0.3716791387830452,0.14583333333333334,0.22562674094707522
pure_top_p,1.5,0.95,0,47,0.42,0.16,0.43,0.9377921949395635,0.9830915750915752,0.012941176470588232,0.8304434393625706,38.21790477729281,23.6,0.76,1.0,0.8880737083416599,0.41013071895424835,0.778534923339012
pure_top_p,1.5,0.95,0,48,0.42,0.0,0.05,1.0,0.92,0.0,0.25875899313949047,37.83835808810612,3.48,0.96,0.6,0.707784484959485,0.42391304347826086,0.582089552238806
pure_top_p,1.5,0.95,0,49,0.08,0.08,0.02,0.9929411764705882,0.04,0.0,0.13149770653806625,34.88284722953891,1.64,1.0,0.16,0.22259259259259262,0.41304347826086957,1.0
